case_id,map_key,internal_chemistry_key,chain,res_seq,icode,res_name,scrsa,local_score,propensity,multiscale_persistence
asparaginase_alumoh,anionic,anionic,B,139,,LYS,1.0,0.999001,100.0,41.274
asparaginase_alumoh,anionic,anionic,A,139,,LYS,0.98605,0.985065,98.605,40.698
asparaginase_alumoh,anionic,anionic,C,139,,LYS,0.9742,0.973227,97.42,40.209
asparaginase_alumoh,anionic,anionic,C,207,,LYS,0.92926,0.928332,92.926,45.022
asparaginase_alumoh,anionic,anionic,D,139,,LYS,0.9287,0.927772,92.87,38.331
asparaginase_alumoh,anionic,anionic,A,207,,LYS,0.91987,0.918951,91.987,44.672
asparaginase_alumoh,anionic,anionic,D,207,,LYS,0.91846,0.917542,91.846,44.874
asparaginase_alumoh,anionic,anionic,B,207,,LYS,0.84856,0.847712,84.856,51.542
asparaginase_alumoh,anionic,anionic,A,26,,THR,0.84196,0.84196,84.28,34.786
asparaginase_alumoh,anionic,anionic,A,43,,LYS,0.84219,0.841349,84.219,26.454
asparaginase_alumoh,anionic,anionic,A,262,,LYS,0.81015,0.809341,81.015,52.394
asparaginase_alumoh,anionic,anionic,D,26,,THR,0.77873,0.77873,77.951,32.174
asparaginase_alumoh,anionic,anionic,B,26,,THR,0.77136,0.77136,77.213,31.869
asparaginase_alumoh,anionic,anionic,D,259,,THR,0.75631,0.75631,75.707,50.157
asparaginase_alumoh,anionic,anionic,B,262,,LYS,0.7554,0.754645,75.54,49.367
asparaginase_alumoh,anionic,anionic,B,43,,LYS,0.7418,0.741059,74.18,23.301
asparaginase_alumoh,anionic,anionic,A,314,,LYS,0.727,0.726274,72.7,35.563
asparaginase_alumoh,anionic,anionic,A,259,,THR,0.72001,0.72001,72.073,56.975
asparaginase_alumoh,anionic,anionic,A,186,,LYS,0.7207,0.71998,72.07,23.44
asparaginase_alumoh,anionic,anionic,B,314,,LYS,0.71992,0.719201,71.992,34.289
asparaginase_alumoh,anionic,anionic,C,259,,THR,0.70621,0.70621,70.692,48.908
asparaginase_alumoh,anionic,anionic,D,251,,LYS,0.69419,0.693497,69.419,42.193
asparaginase_alumoh,anionic,anionic,D,213,,LYS,0.69139,0.690699,69.139,21.717
asparaginase_alumoh,anionic,anionic,D,186,,LYS,0.69097,0.69028,69.097,22.414
asparaginase_alumoh,anionic,anionic,A,75,,THR,0.68906,0.68906,68.975,54.179
asparaginase_alumoh,anionic,anionic,C,75,,THR,0.68638,0.68638,68.707,53.539
asparaginase_alumoh,anionic,anionic,D,288,,LYS,0.68472,0.684036,68.472,21.508
asparaginase_alumoh,anionic,anionic,B,251,,LYS,0.67954,0.678861,67.954,38.395
asparaginase_alumoh,anionic,anionic,A,251,,LYS,0.67793,0.677253,67.793,38.095
asparaginase_alumoh,anionic,anionic,A,288,,LYS,0.67638,0.675704,67.638,21.246
asparaginase_alumoh,anionic,anionic,D,49,,LYS,0.67584,0.675165,67.584,26.533
asparaginase_alumoh,anionic,anionic,B,75,,THR,0.67124,0.67124,67.191,39.923
asparaginase_alumoh,anionic,anionic,B,49,,LYS,0.67161,0.670939,67.161,24.307
asparaginase_alumoh,anionic,anionic,A,213,,LYS,0.67056,0.66989,67.056,21.063
asparaginase_alumoh,anionic,anionic,C,43,,LYS,0.66664,0.665974,66.664,20.94
asparaginase_alumoh,anionic,anionic,B,259,,THR,0.65736,0.65736,65.802,52.87
asparaginase_alumoh,anionic,anionic,C,26,,THR,0.65459,0.65459,65.524,27.045
asparaginase_alumoh,anionic,anionic,C,262,,LYS,0.65355,0.652897,65.355,45.881
asparaginase_alumoh,anionic,anionic,D,75,,THR,0.65008,0.65008,65.073,53.303
asparaginase_alumoh,anionic,anionic,D,43,,LYS,0.64905,0.648402,64.905,20.387
asparaginase_alumoh,anionic,anionic,B,213,,LYS,0.6482,0.647552,64.82,20.361
asparaginase_alumoh,anionic,anionic,B,288,,LYS,0.64393,0.643287,64.393,20.226
asparaginase_alumoh,anionic,anionic,C,49,,LYS,0.64009,0.639451,64.009,22.489
asparaginase_alumoh,anionic,anionic,C,251,,LYS,0.63334,0.632707,63.334,36.489
asparaginase_alumoh,anionic,anionic,C,213,,LYS,0.62878,0.628152,62.878,19.751
asparaginase_alumoh,anionic,anionic,B,186,,LYS,0.62824,0.627612,62.824,20.479
asparaginase_alumoh,anionic,anionic,C,288,,LYS,0.62807,0.627443,62.807,19.728
asparaginase_alumoh,anionic,anionic,D,314,,LYS,0.61996,0.619341,61.996,31.391
asparaginase_alumoh,anionic,anionic,C,79,,LYS,0.60832,0.607712,60.832,25.108
asparaginase_alumoh,anionic,anionic,A,68,,THR,0.60725,0.60725,60.786,38.405
asparaginase_alumoh,anionic,anionic,A,49,,LYS,0.60068,0.60008,60.068,20.753
asparaginase_alumoh,anionic,anionic,D,29,,LYS,0.59352,0.592927,59.352,24.497
asparaginase_alumoh,anionic,anionic,D,229,,LYS,0.59156,0.590969,59.156,24.322
asparaginase_alumoh,anionic,anionic,C,19,,SER,0.58667,0.58667,58.726,78.497
asparaginase_alumoh,anionic,anionic,A,29,,LYS,0.58483,0.584246,58.483,24.138
asparaginase_alumoh,anionic,anionic,B,79,,LYS,0.5828,0.582218,58.28,24.055
asparaginase_alumoh,anionic,anionic,D,79,,LYS,0.58105,0.58047,58.105,23.982
asparaginase_alumoh,anionic,anionic,D,68,,THR,0.57631,0.57631,57.689,38.245
asparaginase_alumoh,anionic,anionic,B,68,,THR,0.57488,0.57488,57.545,36.535
asparaginase_alumoh,anionic,anionic,A,22,,LYS,0.57409,0.573516,57.409,44.34
asparaginase_alumoh,anionic,anionic,C,68,,THR,0.57055,0.57055,57.112,37.103
asparaginase_alumoh,anionic,anionic,A,172,,LYS,0.56639,0.565824,56.639,29.097
asparaginase_alumoh,anionic,anionic,C,186,,LYS,0.55974,0.559181,55.974,18.338
asparaginase_alumoh,anionic,anionic,B,192,,THR,0.55817,0.55817,55.873,31.172
asparaginase_alumoh,anionic,anionic,D,172,,LYS,0.55188,0.551329,55.188,28.715
asparaginase_alumoh,anionic,anionic,B,172,,LYS,0.54992,0.549371,54.992,28.472
asparaginase_alumoh,anionic,anionic,B,229,,LYS,0.54521,0.544665,54.521,20.629
asparaginase_alumoh,anionic,anionic,C,172,,LYS,0.5333,0.532767,53.33,28.032
asparaginase_alumoh,anionic,anionic,A,79,,LYS,0.52966,0.529131,52.966,21.861
asparaginase_alumoh,anionic,anionic,C,22,,LYS,0.5293,0.528771,52.93,70.627
asparaginase_alumoh,anionic,anionic,A,192,,THR,0.52647,0.52647,52.7,29.626
asparaginase_alumoh,anionic,anionic,D,262,,LYS,0.51916,0.518641,51.916,44.416
asparaginase_alumoh,anionic,anionic,C,229,,LYS,0.51914,0.518621,51.914,19.334
asparaginase_alumoh,anionic,anionic,C,192,,THR,0.51066,0.51066,51.117,28.972
asparaginase_alumoh,anionic,anionic,D,192,,THR,0.50999,0.50999,51.05,28.179
asparaginase_alumoh,anionic,anionic,D,206,,SER,0.50964,0.50964,51.015,56.305
asparaginase_alumoh,anionic,anionic,C,196,,LYS,0.50609,0.505584,50.609,27.612
asparaginase_alumoh,anionic,anionic,C,206,,SER,0.50355,0.50355,50.405,54.372
asparaginase_alumoh,anionic,anionic,C,29,,LYS,0.50287,0.502368,50.287,20.756
asparaginase_alumoh,anionic,anionic,D,196,,LYS,0.50279,0.502288,50.279,27.227
asparaginase_alumoh,anionic,anionic,A,206,,SER,0.5018,0.5018,50.23,54.806
asparaginase_alumoh,anionic,anionic,A,229,,LYS,0.50013,0.49963,50.013,20.291
asparaginase_alumoh,anionic,anionic,B,29,,LYS,0.49986,0.499361,49.986,20.631
asparaginase_alumoh,anionic,anionic,D,19,,SER,0.49332,0.49332,49.381,46.835
asparaginase_alumoh,anionic,anionic,C,314,,LYS,0.48536,0.484875,48.536,24.2
asparaginase_alumoh,anionic,anionic,B,206,,SER,0.48211,0.48211,48.259,51.542
asparaginase_alumoh,anionic,anionic,B,22,,LYS,0.47126,0.470789,47.126,46.132
asparaginase_alumoh,anionic,anionic,D,252,,THR,0.46583,0.46583,46.63,42.193
asparaginase_alumoh,anionic,anionic,D,22,,LYS,0.46158,0.461119,46.158,45.52
asparaginase_alumoh,anionic,anionic,B,196,,LYS,0.44693,0.446484,44.693,25.35
asparaginase_alumoh,anionic,anionic,B,19,,SER,0.44599,0.44599,44.644,37.877
asparaginase_alumoh,anionic,anionic,C,252,,THR,0.43154,0.43154,43.197,38.268
asparaginase_alumoh,anionic,anionic,B,252,,THR,0.43087,0.43087,43.13,38.395
asparaginase_alumoh,anionic,anionic,A,196,,LYS,0.42057,0.42015,42.057,23.869
asparaginase_alumoh,anionic,anionic,A,166,,THR,0.40801,0.40801,40.842,16.857
asparaginase_alumoh,anionic,anionic,D,119,,THR,0.40385,0.40385,40.425,38.519
asparaginase_alumoh,anionic,anionic,D,166,,THR,0.39939,0.39939,39.979,16.501
asparaginase_alumoh,anionic,anionic,B,119,,THR,0.39791,0.39791,39.831,36.714
asparaginase_alumoh,anionic,anionic,D,118,,SER,0.39289,0.39289,39.328,36.198
asparaginase_alumoh,anionic,anionic,A,119,,THR,0.39197,0.39197,39.236,34.373
asparaginase_alumoh,anionic,anionic,B,199,,SER,0.38929,0.38929,38.968,27.74
asparaginase_alumoh,anionic,anionic,A,252,,THR,0.38862,0.38862,38.901,38.095
asparaginase_alumoh,anionic,anionic,B,118,,SER,0.38441,0.38441,38.479,34.987
asparaginase_alumoh,anionic,anionic,A,107,,LYS,0.38103,0.380649,38.103,15.727
asparaginase_alumoh,anionic,anionic,B,107,,LYS,0.37963,0.379251,37.963,15.669
asparaginase_alumoh,anionic,anionic,A,199,,SER,0.37646,0.37646,37.684,26.443
asparaginase_alumoh,anionic,anionic,C,21,,THR,0.37474,0.37474,37.511,61.568
asparaginase_alumoh,anionic,anionic,D,199,,SER,0.37222,0.37222,37.259,27.495
asparaginase_alumoh,anionic,anionic,B,166,,THR,0.36778,0.36778,36.815,15.195
asparaginase_alumoh,anionic,anionic,D,71,,LYS,0.36392,0.363556,36.392,74.71
asparaginase_alumoh,anionic,anionic,C,118,,SER,0.36036,0.36036,36.072,31.818
asparaginase_alumoh,anionic,anionic,C,166,,THR,0.35389,0.35389,35.424,14.621
asparaginase_alumoh,anionic,anionic,C,107,,LYS,0.35411,0.353756,35.411,14.616
asparaginase_alumoh,anionic,anionic,A,19,,SER,0.35131,0.35131,35.166,47.219
asparaginase_alumoh,anionic,anionic,D,107,,LYS,0.34668,0.346334,34.668,14.309
asparaginase_alumoh,anionic,anionic,C,23,,SER,0.34631,0.34631,34.666,36.154
asparaginase_alumoh,anionic,anionic,C,119,,THR,0.32664,0.32664,32.697,56.056
asparaginase_alumoh,anionic,anionic,A,71,,LYS,0.32263,0.322308,32.263,76.103
asparaginase_alumoh,anionic,anionic,A,118,,SER,0.31227,0.31227,31.258,33.286
asparaginase_alumoh,anionic,anionic,C,72,,LYS,0.3124,0.312088,31.24,58.684
asparaginase_alumoh,anionic,anionic,B,71,,LYS,0.30973,0.309421,30.973,68.645
asparaginase_alumoh,anionic,anionic,C,199,,SER,0.30553,0.30553,30.584,24.863
asparaginase_alumoh,anionic,anionic,A,72,,LYS,0.30028,0.29998,30.028,54.179
asparaginase_alumoh,anionic,anionic,C,71,,LYS,0.29768,0.297383,29.768,74.517
asparaginase_alumoh,anionic,anionic,C,104,,LYS,0.29656,0.296264,29.656,19.294
asparaginase_alumoh,anionic,anionic,B,72,,LYS,0.29536,0.295065,29.536,52.707
asparaginase_alumoh,anionic,anionic,B,275,,THR,0.29418,0.29418,29.447,14.828
asparaginase_alumoh,anionic,anionic,D,104,,LYS,0.29355,0.293257,29.355,21.278
asparaginase_alumoh,anionic,anionic,C,275,,THR,0.29284,0.29284,29.313,16.174
asparaginase_alumoh,anionic,anionic,B,104,,LYS,0.2824,0.282118,28.24,27.74
asparaginase_alumoh,anionic,anionic,A,275,,THR,0.28163,0.28163,28.191,15.096
asparaginase_alumoh,anionic,anionic,D,275,,THR,0.28029,0.28029,28.057,13.605
asparaginase_alumoh,anionic,anionic,D,72,,LYS,0.27678,0.276503,27.678,53.303
asparaginase_alumoh,anionic,anionic,A,104,,LYS,0.26382,0.263556,26.382,20.577
asparaginase_alumoh,anionic,anionic,B,21,,THR,0.23319,0.23319,23.342,29.085
asparaginase_alumoh,anionic,anionic,A,163,,THR,0.22157,0.22157,22.179,21.253
asparaginase_alumoh,anionic,anionic,A,21,,THR,0.21805,0.21805,21.827,47.219
asparaginase_alumoh,anionic,anionic,B,153,,THR,0.20233,0.20233,20.253,8.359
asparaginase_alumoh,anionic,anionic,C,163,,THR,0.19849,0.19849,19.869,19.836
asparaginase_alumoh,anionic,anionic,B,144,,ARG,0.19633,0.196328,19.652,24.096
asparaginase_alumoh,anionic,anionic,C,144,,ARG,0.19059,0.190588,19.078,28.972
asparaginase_alumoh,anionic,anionic,A,144,,ARG,0.19059,0.190588,19.078,22.999
asparaginase_alumoh,anionic,anionic,A,153,,THR,0.18652,0.18652,18.671,7.706
asparaginase_alumoh,anionic,anionic,C,153,,THR,0.18652,0.18652,18.671,7.706
asparaginase_alumoh,anionic,anionic,B,23,,SER,0.18541,0.18541,18.56,27.111
asparaginase_alumoh,anionic,anionic,D,256,,THR,0.18259,0.18259,18.277,38.791
asparaginase_alumoh,anionic,anionic,D,21,,THR,0.17916,0.17916,17.934,52.436
asparaginase_alumoh,anionic,anionic,D,163,,THR,0.17741,0.17741,17.759,25.421
asparaginase_alumoh,anionic,anionic,D,144,,ARG,0.17206,0.172058,17.223,21.799
asparaginase_alumoh,anionic,anionic,D,153,,THR,0.17138,0.17138,17.155,7.081
asparaginase_alumoh,anionic,anionic,D,5,,THR,0.16871,0.16871,16.888,26.533
asparaginase_alumoh,anionic,anionic,B,311,,THR,0.16285,0.16285,16.301,6.728
asparaginase_alumoh,anionic,anionic,B,265,,THR,0.15808,0.15808,15.824,6.531
asparaginase_alumoh,anionic,anionic,B,195,,ARG,0.15523,0.155228,15.538,21.504
asparaginase_alumoh,anionic,anionic,D,23,,SER,0.15451,0.15451,15.466,25.435
asparaginase_alumoh,anionic,anionic,B,163,,THR,0.1524,0.1524,15.255,17.877
asparaginase_alumoh,anionic,anionic,C,195,,ARG,0.15091,0.150908,15.106,23.036
asparaginase_alumoh,anionic,anionic,C,311,,THR,0.14772,0.14772,14.787,6.103
asparaginase_alumoh,anionic,anionic,A,256,,THR,0.14571,0.14571,14.586,35.768
asparaginase_alumoh,anionic,anionic,C,161,,THR,0.14571,0.14571,14.586,28.032
asparaginase_alumoh,anionic,anionic,D,195,,ARG,0.14545,0.145449,14.559,22.769
asparaginase_alumoh,anionic,anionic,D,116,,ARG,0.14517,0.145169,14.531,5.998
asparaginase_alumoh,anionic,anionic,D,311,,THR,0.14379,0.14379,14.393,5.941
asparaginase_alumoh,anionic,anionic,D,161,,THR,0.1437,0.1437,14.384,29.481
asparaginase_alumoh,anionic,anionic,A,195,,ARG,0.14317,0.143169,14.331,19.997
asparaginase_alumoh,anionic,anionic,A,311,,THR,0.14245,0.14245,14.259,5.885
asparaginase_alumoh,anionic,anionic,D,313,,THR,0.14044,0.14044,14.058,28.41
asparaginase_alumoh,anionic,anionic,B,161,,THR,0.13977,0.13977,13.991,28.472
asparaginase_alumoh,anionic,anionic,B,116,,ARG,0.13914,0.139139,13.928,5.749
asparaginase_alumoh,anionic,anionic,A,161,,THR,0.13843,0.13843,13.857,29.097
asparaginase_alumoh,anionic,anionic,D,265,,THR,0.13767,0.13767,13.781,5.688
asparaginase_alumoh,anionic,anionic,A,265,,THR,0.137,0.137,13.714,5.66
asparaginase_alumoh,anionic,anionic,C,116,,ARG,0.13698,0.136979,13.712,5.659
asparaginase_alumoh,anionic,anionic,A,116,,ARG,0.13641,0.136409,13.655,5.636
asparaginase_alumoh,anionic,anionic,D,120,,SER,0.13557,0.13557,13.571,45.921
asparaginase_alumoh,anionic,anionic,A,313,,THR,0.1345,0.1345,13.463,31.544
asparaginase_alumoh,anionic,anionic,A,120,,SER,0.12773,0.12773,12.786,34.373
asparaginase_alumoh,anionic,anionic,A,279,,THR,0.12472,0.12472,12.484,4.632
asparaginase_alumoh,anionic,anionic,D,279,,THR,0.11878,0.11878,11.89,4.537
asparaginase_alumoh,anionic,anionic,A,23,,SER,0.11588,0.11588,11.6,28.483
asparaginase_alumoh,anionic,anionic,B,256,,THR,0.11141,0.11141,11.152,31.762
asparaginase_alumoh,anionic,anionic,B,313,,THR,0.11074,0.11074,11.085,31.216
asparaginase_alumoh,anionic,anionic,C,279,,THR,0.1069,0.1069,10.701,4.417
asparaginase_alumoh,anionic,anionic,B,120,,SER,0.1063,0.1063,10.641,36.714
asparaginase_alumoh,anionic,anionic,B,5,,THR,0.10213,0.10213,10.223,24.307
asparaginase_alumoh,anionic,anionic,C,313,,THR,0.10087,0.10087,10.097,23.062
asparaginase_alumoh,anionic,anionic,C,265,,THR,0.10012,0.10012,10.022,4.137
asparaginase_alumoh,anionic,anionic,C,256,,THR,0.09627,0.09627,9.637,33.155
asparaginase_alumoh,anionic,anionic,A,12,,THR,0.09025,0.09025,9.034,3.729
asparaginase_alumoh,anionic,anionic,C,12,,THR,0.09025,0.09025,9.034,3.729
asparaginase_alumoh,anionic,anionic,B,279,,THR,0.08908,0.08908,8.917,3.68
asparaginase_alumoh,anionic,anionic,B,12,,THR,0.08498,0.08498,8.506,3.511
asparaginase_alumoh,anionic,anionic,C,120,,SER,0.08312,0.08312,8.32,56.056
asparaginase_alumoh,anionic,anionic,C,5,,THR,0.07578,0.07578,7.586,22.489
asparaginase_alumoh,anionic,anionic,C,89,,THR,0.07444,0.07444,7.451,3.076
asparaginase_alumoh,anionic,anionic,D,12,,THR,0.07377,0.07377,7.384,3.048
asparaginase_alumoh,anionic,anionic,B,158,,ARG,0.07034,0.070339,7.041,2.906
asparaginase_alumoh,anionic,anionic,D,158,,ARG,0.06517,0.065169,6.523,2.693
asparaginase_alumoh,anionic,anionic,C,158,,ARG,0.06431,0.064309,6.437,2.657
asparaginase_alumoh,anionic,anionic,A,5,,THR,0.05997,0.05997,6.003,20.753
asparaginase_alumoh,anionic,anionic,A,158,,ARG,0.05828,0.058279,5.834,2.408
asparaginase_alumoh,anionic,anionic,A,89,,THR,0.05796,0.05796,5.802,2.395
asparaginase_alumoh,anionic,anionic,C,224,,SER,0.05658,0.05658,5.664,2.338
asparaginase_alumoh,anionic,anionic,A,183,,HIS,0.28055,0.025505,2.553,30.8
asparaginase_alumoh,anionic,anionic,C,183,,HIS,0.26451,0.024046,2.407,24.096
asparaginase_alumoh,anionic,anionic,B,183,,HIS,0.26079,0.023708,2.373,26.91
asparaginase_alumoh,anionic,anionic,D,183,,HIS,0.24846,0.022587,2.261,29.452
asparaginase_alumoh,anionic,anionic,A,197,,HIS,0.15848,0.014407,1.442,17.954
asparaginase_alumoh,anionic,anionic,B,197,,HIS,0.13051,0.011865,1.188,18.937
asparaginase_alumoh,anionic,anionic,C,197,,HIS,0.13012,0.011829,1.184,21.377
asparaginase_alumoh,anionic,anionic,D,197,,HIS,0.12384,0.011258,1.127,21.217
asparaginase_alumoh,cationic,cationic,D,209,,ASN,1.0,1.0,100.0,61.657
asparaginase_alumoh,cationic,cationic,A,18,,ASP,1.0,0.999749,99.975,42.712
asparaginase_alumoh,cationic,cationic,A,210,,GLU,0.98305,0.982659,98.266,60.172
asparaginase_alumoh,cationic,cationic,C,210,,GLU,0.97256,0.972173,97.217,60.099
asparaginase_alumoh,cationic,cationic,B,209,,ASN,0.97171,0.97171,97.171,61.155
asparaginase_alumoh,cationic,cationic,B,210,,GLU,0.96315,0.962767,96.277,61.155
asparaginase_alumoh,cationic,cationic,C,255,,ASP,0.95686,0.95662,95.662,46.928
asparaginase_alumoh,cationic,cationic,A,317,,GLN,0.95428,0.95428,95.428,73.063
asparaginase_alumoh,cationic,cationic,D,210,,GLU,0.95071,0.950332,95.033,61.657
asparaginase_alumoh,cationic,cationic,D,33,,GLU,0.94325,0.942875,94.287,56.032
asparaginase_alumoh,cationic,cationic,B,317,,GLN,0.94158,0.94158,94.158,70.688
asparaginase_alumoh,cationic,cationic,D,317,,GLN,0.93213,0.93213,93.213,68.913
asparaginase_alumoh,cationic,cationic,D,44,,ASP,0.93154,0.931306,93.131,41.193
asparaginase_alumoh,cationic,cationic,C,209,,ASN,0.9289,0.9289,92.89,60.099
asparaginase_alumoh,cationic,cationic,C,317,,GLN,0.92419,0.92419,92.419,67.663
asparaginase_alumoh,cationic,cationic,A,44,,ASP,0.92229,0.922058,92.206,38.744
asparaginase_alumoh,cationic,cationic,A,209,,ASN,0.92072,0.92072,92.072,60.172
asparaginase_alumoh,cationic,cationic,B,64,,ASP,0.9178,0.91757,91.757,44.423
asparaginase_alumoh,cationic,cationic,C,64,,ASP,0.91446,0.91423,91.423,43.619
asparaginase_alumoh,cationic,cationic,A,64,,ASP,0.90988,0.909652,90.965,42.265
asparaginase_alumoh,cationic,cationic,D,64,,ASP,0.90071,0.900484,90.048,44.672
asparaginase_alumoh,cationic,cationic,C,233,,ASP,0.89013,0.889906,88.991,24.384
asparaginase_alumoh,cationic,cationic,B,233,,ASP,0.88354,0.883318,88.332,24.521
asparaginase_alumoh,cationic,cationic,A,255,,ASP,0.88096,0.880739,88.074,44.735
asparaginase_alumoh,cationic,cationic,C,44,,ASP,0.87963,0.879409,87.941,38.671
asparaginase_alumoh,cationic,cationic,B,78,,ASP,0.87789,0.87767,87.767,34.24
asparaginase_alumoh,cationic,cationic,A,37,,ASN,0.86672,0.86672,86.672,52.315
asparaginase_alumoh,cationic,cationic,A,233,,ASP,0.85138,0.851166,85.117,22.744
asparaginase_alumoh,cationic,cationic,A,26,,THR,0.84196,0.84196,84.196,34.809
asparaginase_alumoh,cationic,cationic,B,34,,ASN,0.83777,0.83777,83.777,54.758
asparaginase_alumoh,cationic,cationic,C,33,,GLU,0.83802,0.837687,83.769,46.864
asparaginase_alumoh,cationic,cationic,C,78,,ASP,0.8359,0.83569,83.569,33.308
asparaginase_alumoh,cationic,cationic,D,200,,ASP,0.83146,0.831251,83.125,27.798
asparaginase_alumoh,cationic,cationic,D,34,,ASN,0.82952,0.82952,82.952,53.506
asparaginase_alumoh,cationic,cationic,D,263,,ASN,0.82604,0.82604,82.604,30.466
asparaginase_alumoh,cationic,cationic,A,78,,ASP,0.82148,0.821274,82.127,34.925
asparaginase_alumoh,cationic,cationic,D,143,,ASN,0.8121,0.8121,81.21,33.706
asparaginase_alumoh,cationic,cationic,B,143,,ASN,0.80964,0.80964,80.964,33.649
asparaginase_alumoh,cationic,cationic,B,18,,ASP,0.79822,0.79802,79.802,54.618
asparaginase_alumoh,cationic,cationic,B,37,,ASN,0.79512,0.79512,79.512,51.621
asparaginase_alumoh,cationic,cationic,C,200,,ASP,0.78679,0.786592,78.659,25.226
asparaginase_alumoh,cationic,cationic,C,37,,ASN,0.78311,0.78311,78.311,45.138
asparaginase_alumoh,cationic,cationic,D,26,,THR,0.77873,0.77873,77.873,29.763
asparaginase_alumoh,cationic,cationic,A,143,,ASN,0.77713,0.77713,77.713,33.846
asparaginase_alumoh,cationic,cationic,A,321,,GLN,0.77422,0.77422,77.422,64.482
asparaginase_alumoh,cationic,cationic,B,26,,THR,0.77136,0.77136,77.136,29.975
asparaginase_alumoh,cationic,cationic,D,259,,THR,0.75631,0.75631,75.631,29.682
asparaginase_alumoh,cationic,cationic,C,263,,ASN,0.7548,0.7548,75.48,23.862
asparaginase_alumoh,cationic,cationic,B,263,,ASN,0.75036,0.75036,75.036,23.721
asparaginase_alumoh,cationic,cationic,A,285,,ASP,0.7504,0.750212,75.021,26.313
asparaginase_alumoh,cationic,cationic,B,44,,ASP,0.74907,0.748882,74.888,33.484
asparaginase_alumoh,cationic,cationic,C,47,,ASN,0.74212,0.74212,74.212,43.081
asparaginase_alumoh,cationic,cationic,B,200,,ASP,0.73964,0.739454,73.945,26.072
asparaginase_alumoh,cationic,cationic,B,33,,GLU,0.73808,0.737786,73.779,49.809
asparaginase_alumoh,cationic,cationic,A,47,,ASN,0.73278,0.73278,73.278,41.466
asparaginase_alumoh,cationic,cationic,D,321,,GLN,0.73251,0.73251,73.251,66.441
asparaginase_alumoh,cationic,cationic,A,200,,ASP,0.72847,0.728287,72.829,25.517
asparaginase_alumoh,cationic,cationic,C,204,,ASP,0.7274,0.727217,72.722,28.428
asparaginase_alumoh,cationic,cationic,A,259,,THR,0.72001,0.72001,72.001,27.368
asparaginase_alumoh,cationic,cationic,B,321,,GLN,0.71795,0.71795,71.795,65.839
asparaginase_alumoh,cationic,cationic,A,33,,GLU,0.71799,0.717704,71.77,67.917
asparaginase_alumoh,cationic,cationic,D,78,,ASP,0.71583,0.71565,71.565,30.943
asparaginase_alumoh,cationic,cationic,C,321,,GLN,0.70629,0.70629,70.629,62.369
asparaginase_alumoh,cationic,cationic,C,285,,ASP,0.70641,0.706233,70.623,24.715
asparaginase_alumoh,cationic,cationic,C,259,,THR,0.70621,0.70621,70.621,25.369
asparaginase_alumoh,cationic,cationic,A,318,,GLN,0.70576,0.70576,70.576,76.17
asparaginase_alumoh,cationic,cationic,A,263,,ASN,0.70218,0.70218,70.218,22.198
asparaginase_alumoh,cationic,cationic,C,143,,ASN,0.69831,0.69831,69.831,32.66
asparaginase_alumoh,cationic,cationic,D,233,,ASP,0.69333,0.693156,69.316,19.27
asparaginase_alumoh,cationic,cationic,C,318,,GLN,0.68908,0.68908,68.908,69.993
asparaginase_alumoh,cationic,cationic,A,75,,THR,0.68906,0.68906,68.906,37.562
asparaginase_alumoh,cationic,cationic,C,75,,THR,0.68638,0.68638,68.638,36.594
asparaginase_alumoh,cationic,cationic,A,34,,ASN,0.68052,0.68052,68.052,52.315
asparaginase_alumoh,cationic,cationic,B,318,,GLN,0.6797,0.6797,67.97,73.245
asparaginase_alumoh,cationic,cationic,B,75,,THR,0.67124,0.67124,67.124,35.403
asparaginase_alumoh,cationic,cationic,D,285,,ASP,0.669,0.668832,66.883,22.785
asparaginase_alumoh,cationic,cationic,B,3,,ASN,0.66268,0.66268,66.268,44.056
asparaginase_alumoh,cationic,cationic,C,18,,ASP,0.65948,0.659314,65.931,42.401
asparaginase_alumoh,cationic,cationic,B,259,,THR,0.65736,0.65736,65.736,24.303
asparaginase_alumoh,cationic,cationic,C,26,,THR,0.65459,0.65459,65.459,23.705
asparaginase_alumoh,cationic,cationic,B,255,,ASP,0.65334,0.653176,65.318,37.792
asparaginase_alumoh,cationic,cationic,D,75,,THR,0.65008,0.65008,65.008,36.355
asparaginase_alumoh,cationic,cationic,D,81,,ASP,0.64524,0.645078,64.508,35.918
asparaginase_alumoh,cationic,cationic,C,34,,ASN,0.64471,0.64471,64.471,52.328
asparaginase_alumoh,cationic,cationic,D,318,,GLN,0.64233,0.64233,64.233,72.157
asparaginase_alumoh,cationic,cationic,B,285,,ASP,0.64008,0.639919,63.992,22.432
asparaginase_alumoh,cationic,cationic,C,3,,ASN,0.62061,0.62061,62.061,47.414
asparaginase_alumoh,cationic,cationic,A,204,,ASP,0.61784,0.617685,61.768,29.148
asparaginase_alumoh,cationic,cationic,C,81,,ASP,0.61441,0.614256,61.426,39.038
asparaginase_alumoh,cationic,cationic,D,255,,ASP,0.61125,0.611096,61.11,39.818
asparaginase_alumoh,cationic,cationic,A,81,,ASP,0.6085,0.608347,60.835,37.532
asparaginase_alumoh,cationic,cationic,A,68,,THR,0.60725,0.60725,60.725,19.197
asparaginase_alumoh,cationic,cationic,D,324,,ASN,0.60357,0.60357,60.357,47.614
asparaginase_alumoh,cationic,cationic,D,18,,ASP,0.60285,0.602699,60.27,34.649
asparaginase_alumoh,cationic,cationic,D,204,,ASP,0.59876,0.59861,59.861,25.598
asparaginase_alumoh,cationic,cationic,A,315,,ASP,0.59351,0.593361,59.336,58.287
asparaginase_alumoh,cationic,cationic,C,19,,SER,0.58667,0.58667,58.667,64.191
asparaginase_alumoh,cationic,cationic,D,47,,ASN,0.58633,0.58633,58.633,34.061
asparaginase_alumoh,cationic,cationic,B,81,,ASP,0.58617,0.586023,58.602,39.476
asparaginase_alumoh,cationic,cationic,A,3,,ASN,0.57888,0.57888,57.888,45.733
asparaginase_alumoh,cationic,cationic,B,315,,ASP,0.57709,0.576945,57.695,56.662
asparaginase_alumoh,cationic,cationic,D,68,,THR,0.57631,0.57631,57.631,18.219
asparaginase_alumoh,cationic,cationic,B,68,,THR,0.57488,0.57488,57.488,18.174
asparaginase_alumoh,cationic,cationic,C,68,,THR,0.57055,0.57055,57.055,18.037
asparaginase_alumoh,cationic,cationic,B,192,,THR,0.55817,0.55817,55.817,17.646
asparaginase_alumoh,cationic,cationic,B,47,,ASN,0.55651,0.55651,55.651,38.543
asparaginase_alumoh,cationic,cationic,D,315,,ASP,0.55343,0.553291,55.329,55.237
asparaginase_alumoh,cationic,cationic,A,237,,ASP,0.55192,0.551781,55.178,18.993
asparaginase_alumoh,cationic,cationic,D,37,,ASN,0.54411,0.54411,54.411,43.425
asparaginase_alumoh,cationic,cationic,A,325,,GLN,0.5432,0.5432,54.32,33.435
asparaginase_alumoh,cationic,cationic,B,324,,ASN,0.54081,0.54081,54.081,52.5
asparaginase_alumoh,cationic,cationic,A,192,,THR,0.52647,0.52647,52.647,16.644
asparaginase_alumoh,cationic,cationic,C,325,,GLN,0.51749,0.51749,51.749,33.961
asparaginase_alumoh,cationic,cationic,D,280,,GLN,0.51127,0.51127,51.127,31.199
asparaginase_alumoh,cationic,cationic,C,192,,THR,0.51066,0.51066,51.066,16.144
asparaginase_alumoh,cationic,cationic,D,192,,THR,0.50999,0.50999,50.999,16.123
asparaginase_alumoh,cationic,cationic,D,206,,SER,0.50964,0.50964,50.964,35.036
asparaginase_alumoh,cationic,cationic,B,204,,ASP,0.50761,0.507483,50.748,22.857
asparaginase_alumoh,cationic,cationic,D,325,,GLN,0.50461,0.50461,50.461,38.114
asparaginase_alumoh,cationic,cationic,C,206,,SER,0.50355,0.50355,50.355,38.909
asparaginase_alumoh,cationic,cationic,A,206,,SER,0.5018,0.5018,50.18,35.391
asparaginase_alumoh,cationic,cationic,A,280,,GLN,0.49434,0.49434,49.434,35.126
asparaginase_alumoh,cationic,cationic,D,19,,SER,0.49332,0.49332,49.332,40.313
asparaginase_alumoh,cationic,cationic,A,281,,ASP,0.49217,0.492046,49.205,40.561
asparaginase_alumoh,cationic,cationic,D,3,,ASN,0.49109,0.49109,49.109,43.683
asparaginase_alumoh,cationic,cationic,B,206,,SER,0.48211,0.48211,48.211,31.284
asparaginase_alumoh,cationic,cationic,C,315,,ASP,0.48194,0.481819,48.182,53.679
asparaginase_alumoh,cationic,cationic,B,280,,GLN,0.47832,0.47832,47.832,31.375
asparaginase_alumoh,cationic,cationic,B,237,,ASP,0.47251,0.472391,47.239,18.681
asparaginase_alumoh,cationic,cationic,C,280,,GLN,0.46998,0.46998,46.998,31.675
asparaginase_alumoh,cationic,cationic,D,252,,THR,0.46583,0.46583,46.583,53.476
asparaginase_alumoh,cationic,cationic,D,225,,ASP,0.46193,0.461814,46.181,29.326
asparaginase_alumoh,cationic,cationic,A,188,,ASP,0.45645,0.456335,45.634,19.513
asparaginase_alumoh,cationic,cationic,D,51,,GLU,0.45593,0.455749,45.575,23.962
asparaginase_alumoh,cationic,cationic,D,237,,ASP,0.4521,0.451986,45.199,16.88
asparaginase_alumoh,cationic,cationic,C,324,,ASN,0.44944,0.44944,44.944,52.896
asparaginase_alumoh,cationic,cationic,B,19,,SER,0.44599,0.44599,44.599,39.327
asparaginase_alumoh,cationic,cationic,C,237,,ASP,0.44293,0.442819,44.282,16.37
asparaginase_alumoh,cationic,cationic,D,60,,ASP,0.44177,0.441659,44.166,24.01
asparaginase_alumoh,cationic,cationic,C,252,,THR,0.43154,0.43154,43.154,55.254
asparaginase_alumoh,cationic,cationic,B,252,,THR,0.43087,0.43087,43.087,48.263
asparaginase_alumoh,cationic,cationic,A,24,,ASN,0.43059,0.43059,43.059,35.775
asparaginase_alumoh,cationic,cationic,A,222,,ASN,0.4301,0.4301,43.01,21.901
asparaginase_alumoh,cationic,cationic,C,281,,ASP,0.42518,0.425073,42.507,41.908
asparaginase_alumoh,cationic,cationic,B,281,,ASP,0.42518,0.425073,42.507,38.807
asparaginase_alumoh,cationic,cationic,A,312,,GLN,0.42439,0.42439,42.439,16.199
asparaginase_alumoh,cationic,cationic,A,324,,ASN,0.42414,0.42414,42.414,54.846
asparaginase_alumoh,cationic,cationic,B,138,,ASP,0.41677,0.416665,41.667,9.624
asparaginase_alumoh,cationic,cationic,A,225,,ASP,0.41602,0.415916,41.592,25.434
asparaginase_alumoh,cationic,cationic,D,222,,ASN,0.41487,0.41487,41.487,22.284
asparaginase_alumoh,cationic,cationic,C,222,,ASN,0.41487,0.41487,41.487,20.274
asparaginase_alumoh,cationic,cationic,B,312,,GLN,0.41194,0.41194,41.194,15.834
asparaginase_alumoh,cationic,cationic,C,188,,ASP,0.41179,0.411687,41.169,24.851
asparaginase_alumoh,cationic,cationic,B,60,,ASP,0.41094,0.410837,41.084,23.502
asparaginase_alumoh,cationic,cationic,B,222,,ASN,0.40962,0.40962,40.962,22.847
asparaginase_alumoh,cationic,cationic,A,166,,THR,0.40801,0.40801,40.801,30.304
asparaginase_alumoh,cationic,cationic,A,138,,ASP,0.40761,0.407508,40.751,9.413
asparaginase_alumoh,cationic,cationic,D,188,,ASP,0.4072,0.407098,40.71,25.678
asparaginase_alumoh,cationic,cationic,D,312,,GLN,0.40573,0.40573,40.573,15.937
asparaginase_alumoh,cationic,cationic,D,181,,TYR,0.40516,0.40516,40.516,29.555
asparaginase_alumoh,cationic,cationic,D,119,,THR,0.40385,0.40385,40.385,29.474
asparaginase_alumoh,cationic,cationic,B,325,,GLN,0.40193,0.40193,40.193,32.729
asparaginase_alumoh,cationic,cationic,C,60,,ASP,0.40169,0.401589,40.159,21.647
asparaginase_alumoh,cationic,cationic,D,166,,THR,0.39939,0.39939,39.939,29.869
asparaginase_alumoh,cationic,cationic,B,119,,THR,0.39791,0.39791,39.791,28.092
asparaginase_alumoh,cationic,cationic,C,138,,ASP,0.3932,0.393101,39.31,9.08
asparaginase_alumoh,cationic,cationic,D,118,,SER,0.39289,0.39289,39.289,25.014
asparaginase_alumoh,cationic,cationic,C,312,,GLN,0.39249,0.39249,39.249,14.808
asparaginase_alumoh,cationic,cationic,A,119,,THR,0.39197,0.39197,39.197,26.301
asparaginase_alumoh,cationic,cationic,B,181,,TYR,0.39187,0.39187,39.187,27.677
asparaginase_alumoh,cationic,cationic,B,188,,ASP,0.39079,0.390692,39.069,24.739
asparaginase_alumoh,cationic,cationic,B,199,,SER,0.38929,0.38929,38.929,31.955
asparaginase_alumoh,cationic,cationic,A,252,,THR,0.38862,0.38862,38.862,55.711
asparaginase_alumoh,cationic,cationic,A,181,,TYR,0.38845,0.38845,38.845,28.795
asparaginase_alumoh,cationic,cationic,A,60,,ASP,0.38586,0.385763,38.576,21.088
asparaginase_alumoh,cationic,cationic,B,118,,SER,0.38441,0.38441,38.441,24.795
asparaginase_alumoh,cationic,cationic,D,138,,ASP,0.38136,0.381264,38.126,8.806
asparaginase_alumoh,cationic,cationic,A,199,,SER,0.37646,0.37646,37.646,32.296
asparaginase_alumoh,cationic,cationic,D,289,,TYR,0.37529,0.37529,37.529,13.505
asparaginase_alumoh,cationic,cationic,C,21,,THR,0.37474,0.37474,37.474,30.393
asparaginase_alumoh,cationic,cationic,C,181,,TYR,0.37439,0.37439,37.439,28.135
asparaginase_alumoh,cationic,cationic,D,199,,SER,0.37222,0.37222,37.222,33.666
asparaginase_alumoh,cationic,cationic,D,41,,GLN,0.37173,0.37173,37.173,41.193
asparaginase_alumoh,cationic,cationic,B,166,,THR,0.36778,0.36778,36.778,26.998
asparaginase_alumoh,cationic,cationic,A,51,,GLU,0.36142,0.361276,36.128,21.354
asparaginase_alumoh,cationic,cationic,C,118,,SER,0.36036,0.36036,36.036,24.346
asparaginase_alumoh,cationic,cationic,D,281,,ASP,0.35694,0.35685,35.685,37.145
asparaginase_alumoh,cationic,cationic,B,289,,TYR,0.3556,0.3556,35.56,13.443
asparaginase_alumoh,cationic,cationic,C,166,,THR,0.35389,0.35389,35.389,29.732
asparaginase_alumoh,cationic,cationic,A,289,,TYR,0.35256,0.35256,35.256,13.742
asparaginase_alumoh,cationic,cationic,A,19,,SER,0.35131,0.35131,35.131,49.605
asparaginase_alumoh,cationic,cationic,C,167,,ASP,0.35111,0.351022,35.102,29.732
asparaginase_alumoh,cationic,cationic,C,23,,SER,0.34631,0.34631,34.631,20.326
asparaginase_alumoh,cationic,cationic,C,41,,GLN,0.34384,0.34384,34.384,35.353
asparaginase_alumoh,cationic,cationic,A,167,,ASP,0.34386,0.343774,34.377,30.304
asparaginase_alumoh,cationic,cationic,C,106,,ASP,0.33488,0.334796,33.48,30.92
asparaginase_alumoh,cationic,cationic,C,119,,THR,0.32664,0.32664,32.664,42.893
asparaginase_alumoh,cationic,cationic,D,24,,ASN,0.32415,0.32415,32.415,33.715
asparaginase_alumoh,cationic,cationic,C,289,,TYR,0.32406,0.32406,32.406,12.633
asparaginase_alumoh,cationic,cationic,B,51,,GLU,0.3196,0.319473,31.947,19.136
asparaginase_alumoh,cationic,cationic,A,52,,GLN,0.3142,0.3142,31.42,21.354
asparaginase_alumoh,cationic,cationic,D,62,,ASN,0.31307,0.31307,31.307,56.086
asparaginase_alumoh,cationic,cationic,C,52,,GLN,0.313,0.313,31.3,18.467
asparaginase_alumoh,cationic,cationic,A,118,,SER,0.31227,0.31227,31.227,23.745
asparaginase_alumoh,cationic,cationic,B,41,,GLN,0.31029,0.31029,31.029,32.251
asparaginase_alumoh,cationic,cationic,B,24,,ASN,0.30685,0.30685,30.685,57.661
asparaginase_alumoh,cationic,cationic,C,199,,SER,0.30553,0.30553,30.553,34.526
asparaginase_alumoh,cationic,cationic,D,167,,ASP,0.30521,0.305133,30.513,29.869
asparaginase_alumoh,cationic,cationic,A,41,,GLN,0.3035,0.3035,30.35,36.444
asparaginase_alumoh,cationic,cationic,D,52,,GLN,0.30221,0.30221,30.221,23.962
asparaginase_alumoh,cationic,cationic,C,24,,ASN,0.29663,0.29663,29.663,44.128
asparaginase_alumoh,cationic,cationic,C,55,,ASN,0.29604,0.29604,29.604,9.359
asparaginase_alumoh,cationic,cationic,B,275,,THR,0.29418,0.29418,29.418,21.089
asparaginase_alumoh,cationic,cationic,A,106,,ASP,0.29355,0.293476,29.348,33.424
asparaginase_alumoh,cationic,cationic,C,275,,THR,0.29284,0.29284,29.284,22.08
asparaginase_alumoh,cationic,cationic,B,62,,ASN,0.29002,0.29002,29.002,55.68
asparaginase_alumoh,cationic,cationic,B,225,,ASP,0.2887,0.288628,28.863,22.746
asparaginase_alumoh,cationic,cationic,B,52,,GLN,0.28584,0.28584,28.584,19.136
asparaginase_alumoh,cationic,cationic,A,76,,ASP,0.28354,0.283469,28.347,46.414
asparaginase_alumoh,cationic,cationic,A,275,,THR,0.28163,0.28163,28.163,21.945
asparaginase_alumoh,cationic,cationic,D,275,,THR,0.28029,0.28029,28.029,20.608
asparaginase_alumoh,cationic,cationic,C,225,,ASP,0.27362,0.273551,27.355,24.079
asparaginase_alumoh,cationic,cationic,C,51,,GLU,0.27127,0.271162,27.116,18.467
asparaginase_alumoh,cationic,cationic,B,167,,ASP,0.26713,0.267063,26.706,26.998
asparaginase_alumoh,cationic,cationic,D,76,,ASP,0.26321,0.263144,26.314,43.092
asparaginase_alumoh,cationic,cationic,C,62,,ASN,0.26268,0.26268,26.268,55.841
asparaginase_alumoh,cationic,cationic,B,106,,ASP,0.2548,0.254736,25.474,33.577
asparaginase_alumoh,cationic,cationic,D,106,,ASP,0.25414,0.254076,25.408,33.224
asparaginase_alumoh,cationic,cationic,C,74,,ASN,0.25326,0.25326,25.326,36.594
asparaginase_alumoh,cationic,cationic,C,152,,ASP,0.24555,0.245488,24.549,29.168
asparaginase_alumoh,cationic,cationic,A,55,,ASN,0.24393,0.24393,24.393,7.711
asparaginase_alumoh,cationic,cationic,D,55,,ASN,0.24339,0.24339,24.339,7.694
asparaginase_alumoh,cationic,cationic,B,74,,ASN,0.24321,0.24321,24.321,35.403
asparaginase_alumoh,cationic,cationic,D,164,,ASN,0.24029,0.24029,24.029,36.005
asparaginase_alumoh,cationic,cationic,B,55,,ASN,0.24029,0.24029,24.029,7.596
asparaginase_alumoh,cationic,cationic,D,74,,ASN,0.23675,0.23675,23.675,36.355
asparaginase_alumoh,cationic,cationic,C,164,,ASN,0.23558,0.23558,23.558,36.709
asparaginase_alumoh,cationic,cationic,B,21,,THR,0.23319,0.23319,23.319,7.372
asparaginase_alumoh,cationic,cationic,A,62,,ASN,0.22645,0.22645,22.645,53.883
asparaginase_alumoh,cationic,cationic,A,163,,THR,0.22157,0.22157,22.157,22.8
asparaginase_alumoh,cationic,cationic,B,164,,ASN,0.21917,0.21917,21.917,32.972
asparaginase_alumoh,cationic,cationic,A,21,,THR,0.21805,0.21805,21.805,17.999
asparaginase_alumoh,cationic,cationic,C,76,,ASP,0.21797,0.217915,21.792,46.04
asparaginase_alumoh,cationic,cationic,A,74,,ASN,0.21563,0.21563,21.563,37.562
asparaginase_alumoh,cationic,cationic,A,152,,ASP,0.21539,0.215336,21.534,28.676
asparaginase_alumoh,cationic,cationic,B,152,,ASP,0.21339,0.213336,21.334,30.048
asparaginase_alumoh,cationic,cationic,A,164,,ASN,0.2068,0.2068,20.68,37.431
asparaginase_alumoh,cationic,cationic,C,59,,GLN,0.20616,0.20616,20.616,24.739
asparaginase_alumoh,cationic,cationic,B,76,,ASP,0.20547,0.205418,20.542,46.139
asparaginase_alumoh,cationic,cationic,C,184,,ASN,0.20408,0.20408,20.408,11.336
asparaginase_alumoh,cationic,cationic,C,63,,ASP,0.20289,0.202839,20.284,43.619
asparaginase_alumoh,cationic,cationic,B,153,,THR,0.20233,0.20233,20.233,21.954
asparaginase_alumoh,cationic,cationic,B,298,,ASN,0.20115,0.20115,20.115,8.203
asparaginase_alumoh,cationic,cationic,A,63,,ASP,0.20089,0.20084,20.084,42.265
asparaginase_alumoh,cationic,cationic,D,152,,ASP,0.20022,0.20017,20.017,27.582
asparaginase_alumoh,cationic,cationic,D,63,,ASP,0.19956,0.19951,19.951,44.672
asparaginase_alumoh,cationic,cationic,C,163,,THR,0.19849,0.19849,19.849,22.626
asparaginase_alumoh,cationic,cationic,B,63,,ASP,0.19764,0.19759,19.759,44.423
asparaginase_alumoh,cationic,cationic,A,59,,GLN,0.19522,0.19522,19.522,24.159
asparaginase_alumoh,cationic,cationic,B,184,,ASN,0.18949,0.18949,18.949,9.654
asparaginase_alumoh,cationic,cationic,C,153,,THR,0.18652,0.18652,18.652,22.636
asparaginase_alumoh,cationic,cationic,A,153,,THR,0.18652,0.18652,18.652,20.952
asparaginase_alumoh,cationic,cationic,B,23,,SER,0.18541,0.18541,18.541,17.853
asparaginase_alumoh,cationic,cationic,A,298,,ASN,0.18356,0.18356,18.356,7.524
asparaginase_alumoh,cationic,cationic,D,256,,THR,0.18259,0.18259,18.259,49.001
asparaginase_alumoh,cationic,cationic,B,59,,GLN,0.17974,0.17974,17.974,26.593
asparaginase_alumoh,cationic,cationic,D,21,,THR,0.17916,0.17916,17.916,25.545
asparaginase_alumoh,cationic,cationic,B,236,,TYR,0.1783,0.1783,17.83,20.571
asparaginase_alumoh,cationic,cationic,D,163,,THR,0.17741,0.17741,17.741,26.81
asparaginase_alumoh,cationic,cationic,B,25,,TYR,0.17681,0.17681,17.681,68.128
asparaginase_alumoh,cationic,cationic,C,298,,ASN,0.17327,0.17327,17.327,7.199
asparaginase_alumoh,cationic,cationic,D,298,,ASN,0.17327,0.17327,17.327,7.076
asparaginase_alumoh,cationic,cationic,D,153,,THR,0.17138,0.17138,17.138,20.152
asparaginase_alumoh,cationic,cationic,D,5,,THR,0.16871,0.16871,16.871,5.334
asparaginase_alumoh,cationic,cationic,A,246,,ASN,0.16866,0.16866,16.866,5.332
asparaginase_alumoh,cationic,cationic,C,236,,TYR,0.16578,0.16578,16.578,19.24
asparaginase_alumoh,cationic,cationic,A,283,,GLU,0.1657,0.165634,16.563,17.625
asparaginase_alumoh,cationic,cationic,D,59,,GLN,0.16384,0.16384,16.384,26.914
asparaginase_alumoh,cationic,cationic,B,311,,THR,0.16285,0.16285,16.285,15.834
asparaginase_alumoh,cationic,cationic,D,25,,TYR,0.16275,0.16275,16.275,44.163
asparaginase_alumoh,cationic,cationic,A,25,,TYR,0.1601,0.1601,16.01,48.421
asparaginase_alumoh,cationic,cationic,B,265,,THR,0.15808,0.15808,15.808,19.931
asparaginase_alumoh,cationic,cationic,D,23,,SER,0.15451,0.15451,15.451,21.584
asparaginase_alumoh,cationic,cationic,B,250,,TYR,0.15398,0.15398,15.398,37.631
asparaginase_alumoh,cationic,cationic,D,250,,TYR,0.15283,0.15283,15.283,38.228
asparaginase_alumoh,cationic,cationic,B,163,,THR,0.1524,0.1524,15.24,20.608
asparaginase_alumoh,cationic,cationic,C,311,,THR,0.14772,0.14772,14.772,14.808
asparaginase_alumoh,cationic,cationic,C,246,,ASN,0.14754,0.14754,14.754,4.664
asparaginase_alumoh,cationic,cationic,A,256,,THR,0.14571,0.14571,14.571,55.212
asparaginase_alumoh,cationic,cationic,C,161,,THR,0.14571,0.14571,14.571,4.606
asparaginase_alumoh,cationic,cationic,B,320,,GLN,0.14418,0.14418,14.418,78.509
asparaginase_alumoh,cationic,cationic,D,311,,THR,0.14379,0.14379,14.379,15.937
asparaginase_alumoh,cationic,cationic,D,161,,THR,0.1437,0.1437,14.37,10.151
asparaginase_alumoh,cationic,cationic,B,151,,ASN,0.14295,0.14295,14.295,17.66
asparaginase_alumoh,cationic,cationic,A,311,,THR,0.14245,0.14245,14.245,17.92
asparaginase_alumoh,cationic,cationic,B,246,,ASN,0.14239,0.14239,14.239,4.501
asparaginase_alumoh,cationic,cationic,D,236,,TYR,0.14113,0.14113,14.113,18.75
asparaginase_alumoh,cationic,cationic,D,246,,ASN,0.14078,0.14078,14.078,4.451
asparaginase_alumoh,cationic,cationic,D,313,,THR,0.14044,0.14044,14.044,34.758
asparaginase_alumoh,cationic,cationic,B,161,,THR,0.13977,0.13977,13.977,4.419
asparaginase_alumoh,cationic,cationic,A,161,,THR,0.13843,0.13843,13.843,4.376
asparaginase_alumoh,cationic,cationic,D,265,,THR,0.13767,0.13767,13.767,44.755
asparaginase_alumoh,cationic,cationic,A,265,,THR,0.137,0.137,13.7,21.775
asparaginase_alumoh,cationic,cationic,A,320,,GLN,0.13559,0.13559,13.559,81.242
asparaginase_alumoh,cationic,cationic,D,120,,SER,0.13557,0.13557,13.557,35.137
asparaginase_alumoh,cationic,cationic,A,313,,THR,0.1345,0.1345,13.45,36.427
asparaginase_alumoh,cationic,cationic,A,236,,TYR,0.13352,0.13352,13.352,21.665
asparaginase_alumoh,cationic,cationic,B,283,,GLU,0.1314,0.131348,13.135,9.297
asparaginase_alumoh,cationic,cationic,C,130,,TYR,0.12817,0.12817,12.817,8.422
asparaginase_alumoh,cationic,cationic,C,320,,GLN,0.12804,0.12804,12.804,77.377
asparaginase_alumoh,cationic,cationic,A,120,,SER,0.12773,0.12773,12.773,26.301
asparaginase_alumoh,cationic,cationic,D,100,,ASP,0.12598,0.125948,12.595,2.909
asparaginase_alumoh,cationic,cationic,A,279,,THR,0.12472,0.12472,12.472,19.571
asparaginase_alumoh,cationic,cationic,D,320,,GLN,0.12326,0.12326,12.326,76.828
asparaginase_alumoh,cationic,cationic,A,130,,TYR,0.11907,0.11907,11.907,6.159
asparaginase_alumoh,cationic,cationic,B,130,,TYR,0.11907,0.11907,11.907,5.846
asparaginase_alumoh,cationic,cationic,D,279,,THR,0.11878,0.11878,11.878,19.918
asparaginase_alumoh,cationic,cationic,A,151,,ASN,0.11678,0.11678,11.678,16.396
asparaginase_alumoh,cationic,cationic,C,151,,ASN,0.11625,0.11625,11.625,17.332
asparaginase_alumoh,cationic,cationic,A,23,,SER,0.11588,0.11588,11.588,23.266
asparaginase_alumoh,cationic,cationic,B,256,,THR,0.11141,0.11141,11.141,44.953
asparaginase_alumoh,cationic,cationic,B,313,,THR,0.11074,0.11074,11.074,34.763
asparaginase_alumoh,cationic,cationic,D,184,,ASN,0.10807,0.10807,10.807,3.416
asparaginase_alumoh,cationic,cationic,C,326,,TYR,0.10733,0.10733,10.733,19.753
asparaginase_alumoh,cationic,cationic,C,279,,THR,0.1069,0.1069,10.69,18.237
asparaginase_alumoh,cationic,cationic,B,120,,SER,0.1063,0.1063,10.63,28.092
asparaginase_alumoh,cationic,cationic,A,124,,ASP,0.10583,0.105803,10.58,3.345
asparaginase_alumoh,cationic,cationic,C,100,,ASP,0.10498,0.104954,10.495,2.424
asparaginase_alumoh,cationic,cationic,B,5,,THR,0.10213,0.10213,10.213,3.229
asparaginase_alumoh,cationic,cationic,D,283,,GLU,0.10203,0.101989,10.199,8.814
asparaginase_alumoh,cationic,cationic,C,313,,THR,0.10087,0.10087,10.087,30.829
asparaginase_alumoh,cationic,cationic,C,265,,THR,0.10012,0.10012,10.012,17.164
asparaginase_alumoh,cationic,cationic,B,124,,ASP,0.09991,0.099885,9.988,3.158
asparaginase_alumoh,cationic,cationic,C,124,,ASP,0.09991,0.099885,9.988,3.158
asparaginase_alumoh,cationic,cationic,B,100,,ASP,0.09973,0.099705,9.97,2.303
asparaginase_alumoh,cationic,cationic,C,283,,GLU,0.09906,0.099021,9.902,34.809
asparaginase_alumoh,cationic,cationic,D,130,,TYR,0.09861,0.09861,9.861,5.03
asparaginase_alumoh,cationic,cationic,C,90,,ASP,0.09782,0.097795,9.78,11.962
asparaginase_alumoh,cationic,cationic,B,90,,ASP,0.09782,0.097795,9.78,8.774
asparaginase_alumoh,cationic,cationic,D,326,,TYR,0.09745,0.09745,9.745,19.033
asparaginase_alumoh,cationic,cationic,A,90,,ASP,0.09715,0.097126,9.713,11.074
asparaginase_alumoh,cationic,cationic,C,256,,THR,0.09627,0.09627,9.627,55.611
asparaginase_alumoh,cationic,cationic,D,151,,ASN,0.09577,0.09577,9.577,14.774
asparaginase_alumoh,cationic,cationic,C,25,,TYR,0.09524,0.09524,9.524,59.162
asparaginase_alumoh,cationic,cationic,B,326,,TYR,0.09254,0.09254,9.254,15.632
asparaginase_alumoh,cationic,cationic,D,90,,ASP,0.0919,0.091877,9.188,8.084
asparaginase_alumoh,cationic,cationic,A,326,,TYR,0.09028,0.09028,9.028,20.026
asparaginase_alumoh,cationic,cationic,A,12,,THR,0.09025,0.09025,9.025,2.853
asparaginase_alumoh,cationic,cationic,C,12,,THR,0.09025,0.09025,9.025,2.853
asparaginase_alumoh,cationic,cationic,B,279,,THR,0.08908,0.08908,8.908,17.937
asparaginase_alumoh,cationic,cationic,C,250,,TYR,0.08609,0.08609,8.609,34.731
asparaginase_alumoh,cationic,cationic,B,12,,THR,0.08498,0.08498,8.498,2.687
asparaginase_alumoh,cationic,cationic,C,120,,SER,0.08312,0.08312,8.312,42.893
asparaginase_alumoh,cationic,cationic,A,159,,ASP,0.08274,0.082719,8.272,2.615
asparaginase_alumoh,cationic,cationic,A,286,,ASP,0.08216,0.082139,8.214,37.459
asparaginase_alumoh,cationic,cationic,C,128,,ASN,0.08088,0.08088,8.088,8.422
asparaginase_alumoh,cationic,cationic,B,159,,ASP,0.07749,0.077471,7.747,2.449
asparaginase_alumoh,cationic,cationic,A,250,,TYR,0.07699,0.07699,7.699,33.933
asparaginase_alumoh,cationic,cationic,D,124,,ASP,0.07691,0.076891,7.689,2.431
asparaginase_alumoh,cationic,cationic,C,5,,THR,0.07578,0.07578,7.578,2.396
asparaginase_alumoh,cationic,cationic,A,128,,ASN,0.07574,0.07574,7.574,6.159
asparaginase_alumoh,cationic,cationic,C,286,,ASP,0.07558,0.075561,7.556,34.96
asparaginase_alumoh,cationic,cationic,C,89,,THR,0.07444,0.07444,7.444,5.445
asparaginase_alumoh,cationic,cationic,D,12,,THR,0.07377,0.07377,7.377,2.332
asparaginase_alumoh,cationic,cationic,A,100,,ASP,0.07349,0.073472,7.347,1.697
asparaginase_alumoh,cationic,cationic,A,184,,ASN,0.07248,0.07248,7.248,8.153
asparaginase_alumoh,cationic,cationic,D,175,,ASN,0.07142,0.07142,7.142,2.258
asparaginase_alumoh,cationic,cationic,B,286,,ASP,0.06966,0.069643,6.964,33.673
asparaginase_alumoh,cationic,cationic,C,159,,ASP,0.06699,0.066973,6.697,2.117
asparaginase_alumoh,cationic,cationic,D,159,,ASP,0.06699,0.066973,6.697,2.117
asparaginase_alumoh,cationic,cationic,B,128,,ASN,0.06586,0.06586,6.586,5.846
asparaginase_alumoh,cationic,cationic,C,175,,ASN,0.06144,0.06144,6.144,1.942
asparaginase_alumoh,cationic,cationic,D,128,,ASN,0.06051,0.06051,6.051,5.03
asparaginase_alumoh,cationic,cationic,A,5,,THR,0.05997,0.05997,5.997,1.896
asparaginase_alumoh,cationic,cationic,B,300,,GLN,0.05834,0.05834,5.834,5.994
asparaginase_alumoh,cationic,cationic,A,89,,THR,0.05796,0.05796,5.796,4.903
asparaginase_alumoh,cationic,cationic,C,131,,ASN,0.05737,0.05737,5.737,8.422
asparaginase_alumoh,cationic,cationic,C,224,,SER,0.05658,0.05658,5.658,10.437
asparaginase_alumoh,cationic,cationic,B,218,,TYR,0.05576,0.05576,5.576,1.288
asparaginase_alumoh,cationic,cationic,A,300,,GLN,0.05445,0.05445,5.445,5.498
asparaginase_alumoh,cationic,cationic,C,300,,GLN,0.05445,0.05445,5.445,5.26
asparaginase_alumoh,cationic,cationic,D,286,,ASP,0.05191,0.051897,5.19,34.649
asparaginase_alumoh,cationic,cationic,A,175,,ASN,0.05084,0.05084,5.084,1.607
asparaginase_alumoh,cationic,cationic,D,300,,GLN,0.05056,0.05056,5.056,5.17
asparaginase_alumoh,hydrophobic,hydrophobic,A,287,,ALA,0.78497,0.78497,100.0,45.479
asparaginase_alumoh,hydrophobic,hydrophobic,C,287,,ALA,0.77625,0.77625,98.889,45.933
asparaginase_alumoh,hydrophobic,hydrophobic,B,287,,ALA,0.75008,0.75008,95.555,45.097
asparaginase_alumoh,hydrophobic,hydrophobic,D,287,,ALA,0.70647,0.70647,90.0,43.769
asparaginase_alumoh,hydrophobic,hydrophobic,D,40,,PRO,0.58539,0.58539,74.575,37.187
asparaginase_alumoh,hydrophobic,hydrophobic,C,38,,ALA,0.56692,0.56692,72.222,66.659
asparaginase_alumoh,hydrophobic,hydrophobic,C,40,,PRO,0.52484,0.52484,66.861,54.176
asparaginase_alumoh,hydrophobic,hydrophobic,D,38,,ALA,0.51459,0.51459,65.555,47.84
asparaginase_alumoh,hydrophobic,hydrophobic,A,40,,PRO,0.5097,0.5097,64.932,32.379
asparaginase_alumoh,hydrophobic,hydrophobic,B,38,,ALA,0.50587,0.50587,64.445,52.072
asparaginase_alumoh,hydrophobic,hydrophobic,A,1,,LEU,0.47186,0.47186,60.112,43.243
asparaginase_alumoh,hydrophobic,hydrophobic,C,1,,LEU,0.46757,0.46757,59.565,41.778
asparaginase_alumoh,hydrophobic,hydrophobic,C,140,,ALA,0.46226,0.46226,58.889,36.051
asparaginase_alumoh,hydrophobic,hydrophobic,C,30,,VAL,0.46024,0.46024,58.632,29.18
asparaginase_alumoh,hydrophobic,hydrophobic,A,38,,ALA,0.45354,0.45354,57.778,53.517
asparaginase_alumoh,hydrophobic,hydrophobic,A,140,,ALA,0.45354,0.45354,57.778,35.16
asparaginase_alumoh,hydrophobic,hydrophobic,B,140,,ALA,0.44481,0.44481,56.666,35.068
asparaginase_alumoh,hydrophobic,hydrophobic,B,40,,PRO,0.44409,0.44409,56.574,28.211
asparaginase_alumoh,hydrophobic,hydrophobic,D,140,,ALA,0.41865,0.41865,53.333,36.941
asparaginase_alumoh,hydrophobic,hydrophobic,D,1,,LEU,0.41181,0.41181,52.462,42.831
asparaginase_alumoh,hydrophobic,hydrophobic,B,1,,LEU,0.40752,0.40752,51.915,41.134
asparaginase_alumoh,hydrophobic,hydrophobic,A,194,,ALA,0.40121,0.40121,51.112,18.088
asparaginase_alumoh,hydrophobic,hydrophobic,D,316,,PRO,0.39867,0.39867,50.788,25.326
asparaginase_alumoh,hydrophobic,hydrophobic,B,194,,ALA,0.39248,0.39248,49.999,18.942
asparaginase_alumoh,hydrophobic,hydrophobic,B,316,,PRO,0.38858,0.38858,49.503,24.685
asparaginase_alumoh,hydrophobic,hydrophobic,D,194,,ALA,0.38376,0.38376,48.888,18.797
asparaginase_alumoh,hydrophobic,hydrophobic,C,316,,PRO,0.38353,0.38353,48.859,24.364
asparaginase_alumoh,hydrophobic,hydrophobic,C,194,,ALA,0.37504,0.37504,47.778,17.452
asparaginase_alumoh,hydrophobic,hydrophobic,C,126,,PRO,0.36839,0.36839,46.93,36.508
asparaginase_alumoh,hydrophobic,hydrophobic,A,316,,PRO,0.36335,0.36335,46.288,23.082
asparaginase_alumoh,hydrophobic,hydrophobic,B,226,,LEU,0.36033,0.36033,45.904,39.665
asparaginase_alumoh,hydrophobic,hydrophobic,B,208,,LEU,0.34317,0.34317,43.718,13.591
asparaginase_alumoh,hydrophobic,hydrophobic,C,202,,PRO,0.34316,0.34316,43.716,13.591
asparaginase_alumoh,hydrophobic,hydrophobic,A,202,,PRO,0.33812,0.33812,43.074,13.391
asparaginase_alumoh,hydrophobic,hydrophobic,C,226,,LEU,0.33459,0.33459,42.625,39.791
asparaginase_alumoh,hydrophobic,hydrophobic,A,208,,LEU,0.33459,0.33459,42.625,13.252
asparaginase_alumoh,hydrophobic,hydrophobic,D,30,,VAL,0.33328,0.33328,42.458,21.172
asparaginase_alumoh,hydrophobic,hydrophobic,B,126,,PRO,0.33307,0.33307,42.431,33.328
asparaginase_alumoh,hydrophobic,hydrophobic,C,208,,LEU,0.3303,0.3303,42.078,13.082
asparaginase_alumoh,hydrophobic,hydrophobic,D,208,,LEU,0.3303,0.3303,42.078,13.082
asparaginase_alumoh,hydrophobic,hydrophobic,D,54,,VAL,0.32799,0.32799,41.784,26.548
asparaginase_alumoh,hydrophobic,hydrophobic,D,126,,PRO,0.31793,0.31793,40.502,32.132
asparaginase_alumoh,hydrophobic,hydrophobic,B,277,,ALA,0.31399,0.31399,40.0,12.436
asparaginase_alumoh,hydrophobic,hydrophobic,C,277,,ALA,0.31399,0.31399,40.0,12.436
asparaginase_alumoh,hydrophobic,hydrophobic,B,202,,PRO,0.31288,0.31288,39.859,12.392
asparaginase_alumoh,hydrophobic,hydrophobic,B,30,,VAL,0.31212,0.31212,39.762,19.827
asparaginase_alumoh,hydrophobic,hydrophobic,C,20,,ALA,0.30526,0.30526,38.888,24.323
asparaginase_alumoh,hydrophobic,hydrophobic,A,20,,ALA,0.30526,0.30526,38.888,22.5
asparaginase_alumoh,hydrophobic,hydrophobic,D,20,,ALA,0.30526,0.30526,38.888,22.497
asparaginase_alumoh,hydrophobic,hydrophobic,A,54,,VAL,0.30154,0.30154,38.414,26.212
asparaginase_alumoh,hydrophobic,hydrophobic,A,226,,LEU,0.30028,0.30028,38.254,38.432
asparaginase_alumoh,hydrophobic,hydrophobic,D,45,,ILE,0.29773,0.29773,37.929,18.913
asparaginase_alumoh,hydrophobic,hydrophobic,D,142,,ALA,0.29654,0.29654,37.777,30.724
asparaginase_alumoh,hydrophobic,hydrophobic,B,20,,ALA,0.29654,0.29654,37.777,16.888
asparaginase_alumoh,hydrophobic,hydrophobic,D,277,,ALA,0.29654,0.29654,37.777,11.745
asparaginase_alumoh,hydrophobic,hydrophobic,A,232,,VAL,0.29625,0.29625,37.74,29.693
asparaginase_alumoh,hydrophobic,hydrophobic,D,232,,VAL,0.29625,0.29625,37.74,28.257
asparaginase_alumoh,hydrophobic,hydrophobic,B,54,,VAL,0.29625,0.29625,37.74,18.819
asparaginase_alumoh,hydrophobic,hydrophobic,A,254,,PHE,0.29472,0.29472,37.545,19.617
asparaginase_alumoh,hydrophobic,hydrophobic,A,56,,ILE,0.29335,0.29335,37.371,18.635
asparaginase_alumoh,hydrophobic,hydrophobic,D,202,,PRO,0.2927,0.2927,37.288,11.592
asparaginase_alumoh,hydrophobic,hydrophobic,B,232,,VAL,0.29096,0.29096,37.066,27.068
asparaginase_alumoh,hydrophobic,hydrophobic,A,277,,ALA,0.28782,0.28782,36.666,11.399
asparaginase_alumoh,hydrophobic,hydrophobic,A,2,,PRO,0.28765,0.28765,36.645,43.243
asparaginase_alumoh,hydrophobic,hydrophobic,C,56,,ILE,0.28021,0.28021,35.697,17.8
asparaginase_alumoh,hydrophobic,hydrophobic,C,142,,ALA,0.2791,0.2791,35.555,31.56
asparaginase_alumoh,hydrophobic,hydrophobic,A,142,,ALA,0.2791,0.2791,35.555,31.015
asparaginase_alumoh,hydrophobic,hydrophobic,A,126,,PRO,0.27756,0.27756,35.359,28.865
asparaginase_alumoh,hydrophobic,hydrophobic,C,254,,PHE,0.2763,0.2763,35.199,17.552
asparaginase_alumoh,hydrophobic,hydrophobic,B,56,,ILE,0.27583,0.27583,35.139,17.522
asparaginase_alumoh,hydrophobic,hydrophobic,D,226,,LEU,0.27454,0.27454,34.975,37.65
asparaginase_alumoh,hydrophobic,hydrophobic,C,2,,PRO,0.27251,0.27251,34.716,41.778
asparaginase_alumoh,hydrophobic,hydrophobic,B,2,,PRO,0.27251,0.27251,34.716,41.134
asparaginase_alumoh,hydrophobic,hydrophobic,D,56,,ILE,0.27146,0.27146,34.582,17.245
asparaginase_alumoh,hydrophobic,hydrophobic,C,36,,VAL,0.2698,0.2698,34.371,62.346
asparaginase_alumoh,hydrophobic,hydrophobic,A,36,,VAL,0.26451,0.26451,33.697,53.517
asparaginase_alumoh,hydrophobic,hydrophobic,C,232,,VAL,0.26451,0.26451,33.697,27.691
asparaginase_alumoh,hydrophobic,hydrophobic,D,2,,PRO,0.26242,0.26242,33.431,42.831
asparaginase_alumoh,hydrophobic,hydrophobic,B,142,,ALA,0.26166,0.26166,33.334,30.578
asparaginase_alumoh,hydrophobic,hydrophobic,D,254,,PHE,0.26157,0.26157,33.322,17.959
asparaginase_alumoh,hydrophobic,hydrophobic,C,54,,VAL,0.24864,0.24864,31.675,20.164
asparaginase_alumoh,hydrophobic,hydrophobic,B,45,,ILE,0.24519,0.24519,31.236,15.576
asparaginase_alumoh,hydrophobic,hydrophobic,B,234,,ALA,0.24421,0.24421,31.111,33.997
asparaginase_alumoh,hydrophobic,hydrophobic,A,30,,VAL,0.24335,0.24335,31.001,15.459
asparaginase_alumoh,hydrophobic,hydrophobic,A,45,,ILE,0.22767,0.22767,29.004,14.463
asparaginase_alumoh,hydrophobic,hydrophobic,A,234,,ALA,0.21805,0.21805,27.778,32.671
asparaginase_alumoh,hydrophobic,hydrophobic,C,234,,ALA,0.21805,0.21805,27.778,30.655
asparaginase_alumoh,hydrophobic,hydrophobic,B,254,,PHE,0.21367,0.21367,27.22,15.026
asparaginase_alumoh,hydrophobic,hydrophobic,D,234,,ALA,0.20932,0.20932,26.666,32.116
asparaginase_alumoh,hydrophobic,hydrophobic,C,127,,PHE,0.20631,0.20631,26.283,31.93
asparaginase_alumoh,hydrophobic,hydrophobic,B,274,,PRO,0.20186,0.20186,25.716,12.823
asparaginase_alumoh,hydrophobic,hydrophobic,C,274,,PRO,0.20186,0.20186,25.716,12.823
asparaginase_alumoh,hydrophobic,hydrophobic,C,45,,ILE,0.2014,0.2014,25.657,12.794
asparaginase_alumoh,hydrophobic,hydrophobic,A,258,,ALA,0.2006,0.2006,25.555,19.617
asparaginase_alumoh,hydrophobic,hydrophobic,D,258,,ALA,0.19188,0.19188,24.444,17.959
asparaginase_alumoh,hydrophobic,hydrophobic,B,127,,PHE,0.19157,0.19157,24.405,30.1
asparaginase_alumoh,hydrophobic,hydrophobic,D,127,,PHE,0.18789,0.18789,23.936,37.064
asparaginase_alumoh,hydrophobic,hydrophobic,B,36,,VAL,0.18515,0.18515,23.587,52.072
asparaginase_alumoh,hydrophobic,hydrophobic,C,258,,ALA,0.18316,0.18316,23.333,11.635
asparaginase_alumoh,hydrophobic,hydrophobic,D,274,,PRO,0.18167,0.18167,23.144,11.541
asparaginase_alumoh,hydrophobic,hydrophobic,A,127,,PHE,0.17683,0.17683,22.527,23.596
asparaginase_alumoh,hydrophobic,hydrophobic,A,274,,PRO,0.17158,0.17158,21.858,10.9
asparaginase_alumoh,hydrophobic,hydrophobic,B,322,,ILE,0.17075,0.17075,21.752,6.763
asparaginase_alumoh,hydrophobic,hydrophobic,C,322,,ILE,0.16638,0.16638,21.196,6.59
asparaginase_alumoh,hydrophobic,hydrophobic,B,258,,ALA,0.16572,0.16572,21.112,15.026
asparaginase_alumoh,hydrophobic,hydrophobic,D,137,,ALA,0.15699,0.15699,19.999,16.694
asparaginase_alumoh,hydrophobic,hydrophobic,C,35,,LEU,0.15443,0.15443,19.673,62.963
asparaginase_alumoh,hydrophobic,hydrophobic,B,230,,ALA,0.14827,0.14827,18.889,63.444
asparaginase_alumoh,hydrophobic,hydrophobic,C,174,,VAL,0.14812,0.14812,18.87,9.409
asparaginase_alumoh,hydrophobic,hydrophobic,A,322,,ILE,0.14448,0.14448,18.406,5.722
asparaginase_alumoh,hydrophobic,hydrophobic,D,322,,ILE,0.14448,0.14448,18.406,5.722
asparaginase_alumoh,hydrophobic,hydrophobic,B,174,,VAL,0.14283,0.14283,18.196,9.073
asparaginase_alumoh,hydrophobic,hydrophobic,C,212,,PRO,0.1413,0.1413,18.001,5.596
asparaginase_alumoh,hydrophobic,hydrophobic,A,230,,ALA,0.13955,0.13955,17.778,63.417
asparaginase_alumoh,hydrophobic,hydrophobic,A,174,,VAL,0.13225,0.13225,16.848,8.401
asparaginase_alumoh,hydrophobic,hydrophobic,A,212,,PRO,0.13121,0.13121,16.715,5.197
asparaginase_alumoh,hydrophobic,hydrophobic,C,230,,ALA,0.13083,0.13083,16.667,62.16
asparaginase_alumoh,hydrophobic,hydrophobic,B,35,,LEU,0.12869,0.12869,16.394,58.121
asparaginase_alumoh,hydrophobic,hydrophobic,D,36,,VAL,0.12696,0.12696,16.174,47.84
asparaginase_alumoh,hydrophobic,hydrophobic,D,32,,VAL,0.12696,0.12696,16.174,15.15
asparaginase_alumoh,hydrophobic,hydrophobic,D,174,,VAL,0.12696,0.12696,16.174,8.065
asparaginase_alumoh,hydrophobic,hydrophobic,C,178,,PRO,0.12616,0.12616,16.072,8.014
asparaginase_alumoh,hydrophobic,hydrophobic,A,35,,LEU,0.1244,0.1244,15.848,53.517
asparaginase_alumoh,hydrophobic,hydrophobic,D,230,,ALA,0.12211,0.12211,15.556,62.272
asparaginase_alumoh,hydrophobic,hydrophobic,C,14,,ALA,0.12211,0.12211,15.556,36.434
asparaginase_alumoh,hydrophobic,hydrophobic,A,178,,PRO,0.12112,0.12112,15.43,7.694
asparaginase_alumoh,hydrophobic,hydrophobic,B,178,,PRO,0.12112,0.12112,15.43,7.694
asparaginase_alumoh,hydrophobic,hydrophobic,B,212,,PRO,0.12112,0.12112,15.43,4.797
asparaginase_alumoh,hydrophobic,hydrophobic,B,137,,ALA,0.11338,0.11338,14.444,12.579
asparaginase_alumoh,hydrophobic,hydrophobic,C,137,,ALA,0.11338,0.11338,14.444,12.243
asparaginase_alumoh,hydrophobic,hydrophobic,A,282,,ALA,0.11338,0.11338,14.444,4.49
asparaginase_alumoh,hydrophobic,hydrophobic,C,282,,ALA,0.11338,0.11338,14.444,4.49
asparaginase_alumoh,hydrophobic,hydrophobic,D,35,,LEU,0.11153,0.11153,14.208,55.905
asparaginase_alumoh,hydrophobic,hydrophobic,A,53,,VAL,0.11109,0.11109,14.152,19.694
asparaginase_alumoh,hydrophobic,hydrophobic,D,178,,PRO,0.11102,0.11102,14.143,7.053
asparaginase_alumoh,hydrophobic,hydrophobic,A,117,,PRO,0.10598,0.10598,13.501,6.732
asparaginase_alumoh,hydrophobic,hydrophobic,D,134,,VAL,0.1058,0.1058,13.478,16.694
asparaginase_alumoh,hydrophobic,hydrophobic,A,137,,ALA,0.10466,0.10466,13.333,13.033
asparaginase_alumoh,hydrophobic,hydrophobic,D,123,,ALA,0.10466,0.10466,13.333,11.563
asparaginase_alumoh,hydrophobic,hydrophobic,C,27,,ALA,0.10466,0.10466,13.333,6.649
asparaginase_alumoh,hydrophobic,hydrophobic,D,282,,ALA,0.10466,0.10466,13.333,4.145
asparaginase_alumoh,hydrophobic,hydrophobic,D,212,,PRO,0.10093,0.10093,12.858,3.997
asparaginase_alumoh,hydrophobic,hydrophobic,A,134,,VAL,0.10051,0.10051,12.804,13.033
asparaginase_alumoh,hydrophobic,hydrophobic,C,123,,ALA,0.09594,0.09594,12.222,11.026
asparaginase_alumoh,hydrophobic,hydrophobic,A,227,,PRO,0.09588,0.09588,12.214,39.481
asparaginase_alumoh,hydrophobic,hydrophobic,B,32,,VAL,0.09522,0.09522,12.13,18.102
asparaginase_alumoh,hydrophobic,hydrophobic,C,65,,VAL,0.09522,0.09522,12.13,6.049
asparaginase_alumoh,hydrophobic,hydrophobic,D,193,,PRO,0.09084,0.09084,11.572,18.797
asparaginase_alumoh,hydrophobic,hydrophobic,D,53,,VAL,0.08993,0.08993,11.456,19.904
asparaginase_alumoh,hydrophobic,hydrophobic,B,65,,VAL,0.08993,0.08993,11.456,5.713
asparaginase_alumoh,hydrophobic,hydrophobic,A,123,,ALA,0.08722,0.08722,11.111,9.965
asparaginase_alumoh,hydrophobic,hydrophobic,B,169,,ALA,0.08722,0.08722,11.111,8.692
asparaginase_alumoh,hydrophobic,hydrophobic,D,266,,ALA,0.08722,0.08722,11.111,5.541
asparaginase_alumoh,hydrophobic,hydrophobic,B,282,,ALA,0.08722,0.08722,11.111,3.454
asparaginase_alumoh,hydrophobic,hydrophobic,C,227,,PRO,0.08579,0.08579,10.929,41.106
asparaginase_alumoh,hydrophobic,hydrophobic,D,227,,PRO,0.08579,0.08579,10.929,35.456
asparaginase_alumoh,hydrophobic,hydrophobic,B,193,,PRO,0.08579,0.08579,10.929,18.942
asparaginase_alumoh,hydrophobic,hydrophobic,B,134,,VAL,0.08464,0.08464,10.783,12.579
asparaginase_alumoh,hydrophobic,hydrophobic,A,65,,VAL,0.08464,0.08464,10.783,5.377
asparaginase_alumoh,hydrophobic,hydrophobic,D,65,,VAL,0.08464,0.08464,10.783,5.377
asparaginase_alumoh,hydrophobic,hydrophobic,D,117,,PRO,0.08074,0.08074,10.286,5.129
asparaginase_alumoh,hydrophobic,hydrophobic,C,134,,VAL,0.07935,0.07935,10.109,12.243
asparaginase_alumoh,hydrophobic,hydrophobic,C,8,,ALA,0.0785,0.0785,10.0,9.355
asparaginase_alumoh,hydrophobic,hydrophobic,B,123,,ALA,0.0785,0.0785,10.0,8.427
asparaginase_alumoh,hydrophobic,hydrophobic,C,121,,MET,0.07763,0.07763,9.89,42.353
asparaginase_alumoh,hydrophobic,hydrophobic,D,121,,MET,0.07737,0.07737,9.856,44.061
asparaginase_alumoh,hydrophobic,hydrophobic,B,227,,PRO,0.0757,0.0757,9.644,42.248
asparaginase_alumoh,hydrophobic,hydrophobic,B,117,,PRO,0.0757,0.0757,9.644,4.809
asparaginase_alumoh,hydrophobic,hydrophobic,A,168,,VAL,0.07406,0.07406,9.435,4.705
asparaginase_alumoh,hydrophobic,hydrophobic,B,266,,ALA,0.06977,0.06977,8.888,4.432
asparaginase_alumoh,hydrophobic,hydrophobic,A,121,,MET,0.06964,0.06964,8.872,41.526
asparaginase_alumoh,hydrophobic,hydrophobic,C,53,,VAL,0.06877,0.06877,8.761,19.451
asparaginase_alumoh,hydrophobic,hydrophobic,D,168,,VAL,0.06877,0.06877,8.761,4.369
asparaginase_alumoh,hydrophobic,hydrophobic,B,108,,PRO,0.0656,0.0656,8.357,20.789
asparaginase_alumoh,hydrophobic,hydrophobic,C,193,,PRO,0.0656,0.0656,8.357,17.452
asparaginase_alumoh,hydrophobic,hydrophobic,B,8,,ALA,0.06105,0.06105,7.777,9.927
asparaginase_alumoh,hydrophobic,hydrophobic,A,266,,ALA,0.06105,0.06105,7.777,3.878
asparaginase_alumoh,hydrophobic,hydrophobic,D,108,,PRO,0.06056,0.06056,7.715,22.685
asparaginase_alumoh,hydrophobic,hydrophobic,C,39,,VAL,0.05819,0.05819,7.413,85.107
asparaginase_alumoh,hydrophobic,hydrophobic,B,168,,VAL,0.05819,0.05819,7.413,8.692
asparaginase_alumoh,hydrophobic,hydrophobic,C,108,,PRO,0.05551,0.05551,7.072,21.256
asparaginase_alumoh,hydrophobic,hydrophobic,A,193,,PRO,0.05551,0.05551,7.072,18.088
asparaginase_alumoh,hydrophobic,hydrophobic,B,121,,MET,0.05416,0.05416,6.9,38.498
asparaginase_alumoh,hydrophobic,hydrophobic,C,168,,VAL,0.0529,0.0529,6.739,3.36
asparaginase_alumoh,hydrophobic,hydrophobic,A,27,,ALA,0.05233,0.05233,6.666,3.324
asparaginase_alumoh,hydrophobic,hydrophobic,D,27,,ALA,0.05233,0.05233,6.666,3.324
asparaginase_alumoh,hydrophobic,hydrophobic,A,108,,PRO,0.05047,0.05047,6.43,20.936
asparaginase_alumoh,pi_carbon,pi_carbon,B,139,,LYS,1.0,0.999001,100.0,63.446
asparaginase_alumoh,pi_carbon,pi_carbon,A,139,,LYS,0.98605,0.985065,98.605,62.56
asparaginase_alumoh,pi_carbon,pi_carbon,C,139,,LYS,0.9742,0.973227,97.42,61.809
asparaginase_alumoh,pi_carbon,pi_carbon,C,207,,LYS,0.92926,0.928332,92.926,47.983
asparaginase_alumoh,pi_carbon,pi_carbon,D,139,,LYS,0.9287,0.927772,92.87,58.922
asparaginase_alumoh,pi_carbon,pi_carbon,A,207,,LYS,0.91987,0.918951,91.987,47.498
asparaginase_alumoh,pi_carbon,pi_carbon,D,207,,LYS,0.91846,0.917542,91.846,47.426
asparaginase_alumoh,pi_carbon,pi_carbon,B,207,,LYS,0.84856,0.847712,84.856,53.837
asparaginase_alumoh,pi_carbon,pi_carbon,A,43,,LYS,0.84219,0.841349,84.219,43.487
asparaginase_alumoh,pi_carbon,pi_carbon,A,262,,LYS,0.81015,0.809341,81.015,51.4
asparaginase_alumoh,pi_carbon,pi_carbon,B,262,,LYS,0.7554,0.754645,75.54,47.927
asparaginase_alumoh,pi_carbon,pi_carbon,B,43,,LYS,0.7418,0.741059,74.18,38.304
asparaginase_alumoh,pi_carbon,pi_carbon,A,314,,LYS,0.727,0.726274,72.7,37.539
asparaginase_alumoh,pi_carbon,pi_carbon,A,186,,LYS,0.7207,0.71998,72.07,63.543
asparaginase_alumoh,pi_carbon,pi_carbon,B,314,,LYS,0.71992,0.719201,71.992,37.174
asparaginase_alumoh,pi_carbon,pi_carbon,D,251,,LYS,0.69419,0.693497,69.419,57.265
asparaginase_alumoh,pi_carbon,pi_carbon,D,213,,LYS,0.69139,0.690699,69.139,42.995
asparaginase_alumoh,pi_carbon,pi_carbon,D,186,,LYS,0.69097,0.69028,69.097,59.618
asparaginase_alumoh,pi_carbon,pi_carbon,D,288,,LYS,0.68472,0.684036,68.472,54.754
asparaginase_alumoh,pi_carbon,pi_carbon,B,251,,LYS,0.67954,0.678861,67.954,54.092
asparaginase_alumoh,pi_carbon,pi_carbon,A,251,,LYS,0.67793,0.677253,67.793,54.218
asparaginase_alumoh,pi_carbon,pi_carbon,A,288,,LYS,0.67638,0.675704,67.638,53.149
asparaginase_alumoh,pi_carbon,pi_carbon,D,49,,LYS,0.67584,0.675165,67.584,34.898
asparaginase_alumoh,pi_carbon,pi_carbon,B,49,,LYS,0.67161,0.670939,67.161,34.679
asparaginase_alumoh,pi_carbon,pi_carbon,A,213,,LYS,0.67056,0.66989,67.056,41.526
asparaginase_alumoh,pi_carbon,pi_carbon,C,43,,LYS,0.66664,0.665974,66.664,34.423
asparaginase_alumoh,pi_carbon,pi_carbon,C,262,,LYS,0.65355,0.652897,65.355,41.465
asparaginase_alumoh,pi_carbon,pi_carbon,D,43,,LYS,0.64905,0.648402,64.905,33.514
asparaginase_alumoh,pi_carbon,pi_carbon,B,213,,LYS,0.6482,0.647552,64.82,42.686
asparaginase_alumoh,pi_carbon,pi_carbon,B,288,,LYS,0.64393,0.643287,64.393,51.63
asparaginase_alumoh,pi_carbon,pi_carbon,C,49,,LYS,0.64009,0.639451,64.009,33.052
asparaginase_alumoh,pi_carbon,pi_carbon,C,251,,LYS,0.63334,0.632707,63.334,51.434
asparaginase_alumoh,pi_carbon,pi_carbon,C,213,,LYS,0.62878,0.628152,62.878,41.037
asparaginase_alumoh,pi_carbon,pi_carbon,B,186,,LYS,0.62824,0.627612,62.824,56.422
asparaginase_alumoh,pi_carbon,pi_carbon,C,288,,LYS,0.62807,0.627443,62.807,49.181
asparaginase_alumoh,pi_carbon,pi_carbon,D,314,,LYS,0.61996,0.619341,61.996,32.012
asparaginase_alumoh,pi_carbon,pi_carbon,C,79,,LYS,0.60832,0.607712,60.832,31.411
asparaginase_alumoh,pi_carbon,pi_carbon,A,49,,LYS,0.60068,0.60008,60.068,31.017
asparaginase_alumoh,pi_carbon,pi_carbon,D,29,,LYS,0.59352,0.592927,59.352,30.647
asparaginase_alumoh,pi_carbon,pi_carbon,D,229,,LYS,0.59156,0.590969,59.156,30.546
asparaginase_alumoh,pi_carbon,pi_carbon,A,29,,LYS,0.58483,0.584246,58.483,30.198
asparaginase_alumoh,pi_carbon,pi_carbon,B,79,,LYS,0.5828,0.582218,58.28,30.094
asparaginase_alumoh,pi_carbon,pi_carbon,D,79,,LYS,0.58105,0.58047,58.105,30.003
asparaginase_alumoh,pi_carbon,pi_carbon,A,22,,LYS,0.57409,0.573516,57.409,36.423
asparaginase_alumoh,pi_carbon,pi_carbon,A,172,,LYS,0.56639,0.565824,56.639,29.246
asparaginase_alumoh,pi_carbon,pi_carbon,C,186,,LYS,0.55974,0.559181,55.974,52.312
asparaginase_alumoh,pi_carbon,pi_carbon,D,172,,LYS,0.55188,0.551329,55.188,28.497
asparaginase_alumoh,pi_carbon,pi_carbon,B,172,,LYS,0.54992,0.549371,54.992,28.396
asparaginase_alumoh,pi_carbon,pi_carbon,B,229,,LYS,0.54521,0.544665,54.521,28.153
asparaginase_alumoh,pi_carbon,pi_carbon,C,172,,LYS,0.5333,0.532767,53.33,27.538
asparaginase_alumoh,pi_carbon,pi_carbon,A,79,,LYS,0.52966,0.529131,52.966,27.35
asparaginase_alumoh,pi_carbon,pi_carbon,C,22,,LYS,0.5293,0.528771,52.93,32.254
asparaginase_alumoh,pi_carbon,pi_carbon,D,262,,LYS,0.51916,0.518641,51.916,32.938
asparaginase_alumoh,pi_carbon,pi_carbon,C,229,,LYS,0.51914,0.518621,51.914,26.806
asparaginase_alumoh,pi_carbon,pi_carbon,C,196,,LYS,0.50609,0.505584,50.609,46.206
asparaginase_alumoh,pi_carbon,pi_carbon,C,29,,LYS,0.50287,0.502368,50.287,25.966
asparaginase_alumoh,pi_carbon,pi_carbon,D,196,,LYS,0.50279,0.502288,50.279,44.918
asparaginase_alumoh,pi_carbon,pi_carbon,A,229,,LYS,0.50013,0.49963,50.013,25.825
asparaginase_alumoh,pi_carbon,pi_carbon,B,29,,LYS,0.49986,0.499361,49.986,25.811
asparaginase_alumoh,pi_carbon,pi_carbon,C,314,,LYS,0.48536,0.484875,48.536,25.062
asparaginase_alumoh,pi_carbon,pi_carbon,B,22,,LYS,0.47126,0.470789,47.126,29.899
asparaginase_alumoh,pi_carbon,pi_carbon,D,22,,LYS,0.46158,0.461119,46.158,29.285
asparaginase_alumoh,pi_carbon,pi_carbon,B,196,,LYS,0.44693,0.446484,44.693,42.63
asparaginase_alumoh,pi_carbon,pi_carbon,A,196,,LYS,0.42057,0.42015,42.057,41.974
asparaginase_alumoh,pi_carbon,pi_carbon,D,181,,TYR,0.40516,0.40516,40.557,25.731
asparaginase_alumoh,pi_carbon,pi_carbon,B,181,,TYR,0.39187,0.39187,39.226,24.887
asparaginase_alumoh,pi_carbon,pi_carbon,A,181,,TYR,0.38845,0.38845,38.884,24.67
asparaginase_alumoh,pi_carbon,pi_carbon,A,107,,LYS,0.38103,0.380649,38.103,24.175
asparaginase_alumoh,pi_carbon,pi_carbon,B,107,,LYS,0.37963,0.379251,37.963,24.086
asparaginase_alumoh,pi_carbon,pi_carbon,D,289,,TYR,0.37529,0.37529,37.567,67.277
asparaginase_alumoh,pi_carbon,pi_carbon,C,181,,TYR,0.37439,0.37439,37.476,23.777
asparaginase_alumoh,pi_carbon,pi_carbon,D,71,,LYS,0.36392,0.363556,36.392,33.083
asparaginase_alumoh,pi_carbon,pi_carbon,B,289,,TYR,0.3556,0.3556,35.596,63.438
asparaginase_alumoh,pi_carbon,pi_carbon,C,107,,LYS,0.35411,0.353756,35.411,22.467
asparaginase_alumoh,pi_carbon,pi_carbon,A,289,,TYR,0.35256,0.35256,35.291,65.304
asparaginase_alumoh,pi_carbon,pi_carbon,D,107,,LYS,0.34668,0.346334,34.668,21.995
asparaginase_alumoh,pi_carbon,pi_carbon,C,289,,TYR,0.32406,0.32406,32.438,60.429
asparaginase_alumoh,pi_carbon,pi_carbon,A,71,,LYS,0.32263,0.322308,32.263,32.165
asparaginase_alumoh,pi_carbon,pi_carbon,C,72,,LYS,0.3124,0.312088,31.24,31.502
asparaginase_alumoh,pi_carbon,pi_carbon,B,71,,LYS,0.30973,0.309421,30.973,38.39
asparaginase_alumoh,pi_carbon,pi_carbon,A,72,,LYS,0.30028,0.29998,30.028,32.165
asparaginase_alumoh,pi_carbon,pi_carbon,C,71,,LYS,0.29768,0.297383,29.768,31.502
asparaginase_alumoh,pi_carbon,pi_carbon,C,104,,LYS,0.29656,0.296264,29.656,18.815
asparaginase_alumoh,pi_carbon,pi_carbon,B,72,,LYS,0.29536,0.295065,29.536,31.244
asparaginase_alumoh,pi_carbon,pi_carbon,A,254,,PHE,0.29472,0.29472,29.501,54.218
asparaginase_alumoh,pi_carbon,pi_carbon,D,104,,LYS,0.29355,0.293257,29.355,18.624
asparaginase_alumoh,pi_carbon,pi_carbon,B,104,,LYS,0.2824,0.282118,28.24,17.917
asparaginase_alumoh,pi_carbon,pi_carbon,A,183,,HIS,0.28055,0.28055,28.083,63.543
asparaginase_alumoh,pi_carbon,pi_carbon,D,72,,LYS,0.27678,0.276503,27.678,33.083
asparaginase_alumoh,pi_carbon,pi_carbon,C,254,,PHE,0.2763,0.2763,27.658,51.434
asparaginase_alumoh,pi_carbon,pi_carbon,C,183,,HIS,0.26451,0.26451,26.477,52.312
asparaginase_alumoh,pi_carbon,pi_carbon,A,104,,LYS,0.26382,0.263556,26.382,16.738
asparaginase_alumoh,pi_carbon,pi_carbon,D,254,,PHE,0.26157,0.26157,26.183,57.265
asparaginase_alumoh,pi_carbon,pi_carbon,B,183,,HIS,0.26079,0.26079,26.105,56.422
asparaginase_alumoh,pi_carbon,pi_carbon,D,183,,HIS,0.24846,0.24846,24.871,59.618
asparaginase_alumoh,pi_carbon,pi_carbon,B,254,,PHE,0.21367,0.21367,21.388,54.092
asparaginase_alumoh,pi_carbon,pi_carbon,C,127,,PHE,0.20631,0.20631,20.652,17.289
asparaginase_alumoh,pi_carbon,pi_carbon,B,144,,ARG,0.19633,0.196328,19.652,12.469
asparaginase_alumoh,pi_carbon,pi_carbon,B,127,,PHE,0.19157,0.19157,19.176,16.056
asparaginase_alumoh,pi_carbon,pi_carbon,A,144,,ARG,0.19059,0.190588,19.078,12.104
asparaginase_alumoh,pi_carbon,pi_carbon,C,144,,ARG,0.19059,0.190588,19.078,12.104
asparaginase_alumoh,pi_carbon,pi_carbon,D,127,,PHE,0.18789,0.18789,18.808,14.809
asparaginase_alumoh,pi_carbon,pi_carbon,B,236,,TYR,0.1783,0.1783,17.848,42.686
asparaginase_alumoh,pi_carbon,pi_carbon,A,127,,PHE,0.17683,0.17683,17.701,15.294
asparaginase_alumoh,pi_carbon,pi_carbon,B,25,,TYR,0.17681,0.17681,17.699,11.229
asparaginase_alumoh,pi_carbon,pi_carbon,D,144,,ARG,0.17206,0.172058,17.223,10.927
asparaginase_alumoh,pi_carbon,pi_carbon,C,236,,TYR,0.16578,0.16578,16.595,41.037
asparaginase_alumoh,pi_carbon,pi_carbon,D,25,,TYR,0.16275,0.16275,16.291,10.336
asparaginase_alumoh,pi_carbon,pi_carbon,A,25,,TYR,0.1601,0.1601,16.026,10.168
asparaginase_alumoh,pi_carbon,pi_carbon,A,197,,HIS,0.15848,0.15848,15.864,36.748
asparaginase_alumoh,pi_carbon,pi_carbon,B,195,,ARG,0.15523,0.155228,15.538,44.091
asparaginase_alumoh,pi_carbon,pi_carbon,B,250,,TYR,0.15398,0.15398,15.413,54.092
asparaginase_alumoh,pi_carbon,pi_carbon,D,250,,TYR,0.15283,0.15283,15.298,53.749
asparaginase_alumoh,pi_carbon,pi_carbon,C,195,,ARG,0.15091,0.150908,15.106,48.51
asparaginase_alumoh,pi_carbon,pi_carbon,D,195,,ARG,0.14545,0.145449,14.559,47.326
asparaginase_alumoh,pi_carbon,pi_carbon,D,116,,ARG,0.14517,0.145169,14.531,7.503
asparaginase_alumoh,pi_carbon,pi_carbon,A,195,,ARG,0.14317,0.143169,14.331,41.509
asparaginase_alumoh,pi_carbon,pi_carbon,D,236,,TYR,0.14113,0.14113,14.127,42.995
asparaginase_alumoh,pi_carbon,pi_carbon,B,116,,ARG,0.13914,0.139139,13.928,7.192
asparaginase_alumoh,pi_carbon,pi_carbon,C,116,,ARG,0.13698,0.136979,13.712,7.08
asparaginase_alumoh,pi_carbon,pi_carbon,A,116,,ARG,0.13641,0.136409,13.655,7.051
asparaginase_alumoh,pi_carbon,pi_carbon,A,236,,TYR,0.13352,0.13352,13.365,41.526
asparaginase_alumoh,pi_carbon,pi_carbon,B,197,,HIS,0.13051,0.13051,13.064,36.644
asparaginase_alumoh,pi_carbon,pi_carbon,C,197,,HIS,0.13012,0.13012,13.025,40.373
asparaginase_alumoh,pi_carbon,pi_carbon,C,130,,TYR,0.12817,0.12817,12.83,17.289
asparaginase_alumoh,pi_carbon,pi_carbon,D,197,,HIS,0.12384,0.12384,12.396,39.765
asparaginase_alumoh,pi_carbon,pi_carbon,B,130,,TYR,0.11907,0.11907,11.919,16.056
asparaginase_alumoh,pi_carbon,pi_carbon,A,130,,TYR,0.11907,0.11907,11.919,15.294
asparaginase_alumoh,pi_carbon,pi_carbon,C,326,,TYR,0.10733,0.10733,10.744,48.51
asparaginase_alumoh,pi_carbon,pi_carbon,D,130,,TYR,0.09861,0.09861,9.871,14.809
asparaginase_alumoh,pi_carbon,pi_carbon,D,326,,TYR,0.09745,0.09745,9.755,47.326
asparaginase_alumoh,pi_carbon,pi_carbon,C,25,,TYR,0.09524,0.09524,9.534,6.049
asparaginase_alumoh,pi_carbon,pi_carbon,B,326,,TYR,0.09254,0.09254,9.263,44.091
asparaginase_alumoh,pi_carbon,pi_carbon,A,326,,TYR,0.09028,0.09028,9.037,41.509
asparaginase_alumoh,pi_carbon,pi_carbon,C,250,,TYR,0.08609,0.08609,8.618,51.434
asparaginase_alumoh,pi_carbon,pi_carbon,A,250,,TYR,0.07699,0.07699,7.707,47.901
asparaginase_alumoh,pi_carbon,pi_carbon,B,158,,ARG,0.07034,0.070339,7.041,4.467
asparaginase_alumoh,pi_carbon,pi_carbon,D,158,,ARG,0.06517,0.065169,6.523,4.139
asparaginase_alumoh,pi_carbon,pi_carbon,C,158,,ARG,0.06431,0.064309,6.437,4.084
asparaginase_alumoh,pi_carbon,pi_carbon,A,158,,ARG,0.05828,0.058279,5.834,3.701
asparaginase_alumoh,pi_carbon,pi_carbon,B,218,,TYR,0.05576,0.05576,5.582,2.882
asparaginase_alumoh,hbond_donor,hbond_donor,D,209,,ASN,1.0,1.0,100.0,61.666
asparaginase_alumoh,hbond_donor,hbond_donor,A,18,,ASP,1.0,1.0,100.0,42.718
asparaginase_alumoh,hbond_donor,hbond_donor,A,210,,GLU,0.98305,0.98305,98.305,60.182
asparaginase_alumoh,hbond_donor,hbond_donor,C,210,,GLU,0.97256,0.97256,97.256,60.109
asparaginase_alumoh,hbond_donor,hbond_donor,B,209,,ASN,0.97171,0.97171,97.171,61.165
asparaginase_alumoh,hbond_donor,hbond_donor,B,210,,GLU,0.96315,0.96315,96.315,61.165
asparaginase_alumoh,hbond_donor,hbond_donor,C,255,,ASP,0.95686,0.95686,95.686,46.933
asparaginase_alumoh,hbond_donor,hbond_donor,A,317,,GLN,0.95428,0.95428,95.428,73.056
asparaginase_alumoh,hbond_donor,hbond_donor,D,210,,GLU,0.95071,0.95071,95.071,61.666
asparaginase_alumoh,hbond_donor,hbond_donor,D,33,,GLU,0.94325,0.94325,94.325,56.041
asparaginase_alumoh,hbond_donor,hbond_donor,B,317,,GLN,0.94158,0.94158,94.158,70.68
asparaginase_alumoh,hbond_donor,hbond_donor,D,317,,GLN,0.93213,0.93213,93.213,68.906
asparaginase_alumoh,hbond_donor,hbond_donor,D,44,,ASP,0.93154,0.93154,93.154,41.199
asparaginase_alumoh,hbond_donor,hbond_donor,C,209,,ASN,0.9289,0.9289,92.89,60.109
asparaginase_alumoh,hbond_donor,hbond_donor,C,317,,GLN,0.92419,0.92419,92.419,67.656
asparaginase_alumoh,hbond_donor,hbond_donor,A,44,,ASP,0.92229,0.92229,92.229,38.75
asparaginase_alumoh,hbond_donor,hbond_donor,A,209,,ASN,0.92072,0.92072,92.072,60.182
asparaginase_alumoh,hbond_donor,hbond_donor,B,64,,ASP,0.9178,0.9178,91.78,44.429
asparaginase_alumoh,hbond_donor,hbond_donor,C,64,,ASP,0.91446,0.91446,91.446,43.625
asparaginase_alumoh,hbond_donor,hbond_donor,A,64,,ASP,0.90988,0.90988,90.988,42.272
asparaginase_alumoh,hbond_donor,hbond_donor,D,64,,ASP,0.90071,0.90071,90.071,44.678
asparaginase_alumoh,hbond_donor,hbond_donor,C,233,,ASP,0.89013,0.89013,89.013,24.386
asparaginase_alumoh,hbond_donor,hbond_donor,B,233,,ASP,0.88354,0.88354,88.354,24.522
asparaginase_alumoh,hbond_donor,hbond_donor,A,255,,ASP,0.88096,0.88096,88.096,44.74
asparaginase_alumoh,hbond_donor,hbond_donor,C,44,,ASP,0.87963,0.87963,87.963,38.676
asparaginase_alumoh,hbond_donor,hbond_donor,B,78,,ASP,0.87789,0.87789,87.789,34.247
asparaginase_alumoh,hbond_donor,hbond_donor,A,37,,ASN,0.86672,0.86672,86.672,52.314
asparaginase_alumoh,hbond_donor,hbond_donor,A,233,,ASP,0.85138,0.85138,85.138,22.746
asparaginase_alumoh,hbond_donor,hbond_donor,A,26,,THR,0.84196,0.84196,84.196,34.809
asparaginase_alumoh,hbond_donor,hbond_donor,C,33,,GLU,0.83802,0.83802,83.802,46.872
asparaginase_alumoh,hbond_donor,hbond_donor,B,34,,ASN,0.83777,0.83777,83.777,54.756
asparaginase_alumoh,hbond_donor,hbond_donor,C,78,,ASP,0.8359,0.8359,83.59,33.315
asparaginase_alumoh,hbond_donor,hbond_donor,D,200,,ASP,0.83146,0.83146,83.146,27.798
asparaginase_alumoh,hbond_donor,hbond_donor,D,34,,ASN,0.82952,0.82952,82.952,53.507
asparaginase_alumoh,hbond_donor,hbond_donor,D,263,,ASN,0.82604,0.82604,82.604,30.465
asparaginase_alumoh,hbond_donor,hbond_donor,A,78,,ASP,0.82148,0.82148,82.148,34.932
asparaginase_alumoh,hbond_donor,hbond_donor,D,143,,ASN,0.8121,0.8121,81.21,33.706
asparaginase_alumoh,hbond_donor,hbond_donor,B,143,,ASN,0.80964,0.80964,80.964,33.649
asparaginase_alumoh,hbond_donor,hbond_donor,B,18,,ASP,0.79822,0.79822,79.822,54.621
asparaginase_alumoh,hbond_donor,hbond_donor,B,37,,ASN,0.79512,0.79512,79.512,51.619
asparaginase_alumoh,hbond_donor,hbond_donor,C,200,,ASP,0.78679,0.78679,78.679,25.226
asparaginase_alumoh,hbond_donor,hbond_donor,C,37,,ASN,0.78311,0.78311,78.311,45.136
asparaginase_alumoh,hbond_donor,hbond_donor,D,26,,THR,0.77873,0.77873,77.873,29.762
asparaginase_alumoh,hbond_donor,hbond_donor,A,143,,ASN,0.77713,0.77713,77.713,33.846
asparaginase_alumoh,hbond_donor,hbond_donor,A,321,,GLN,0.77422,0.77422,77.422,64.479
asparaginase_alumoh,hbond_donor,hbond_donor,B,26,,THR,0.77136,0.77136,77.136,29.974
asparaginase_alumoh,hbond_donor,hbond_donor,D,259,,THR,0.75631,0.75631,75.631,29.68
asparaginase_alumoh,hbond_donor,hbond_donor,C,263,,ASN,0.7548,0.7548,75.48,23.861
asparaginase_alumoh,hbond_donor,hbond_donor,A,285,,ASP,0.7504,0.7504,75.04,26.319
asparaginase_alumoh,hbond_donor,hbond_donor,B,263,,ASN,0.75036,0.75036,75.036,23.72
asparaginase_alumoh,hbond_donor,hbond_donor,B,44,,ASP,0.74907,0.74907,74.907,33.488
asparaginase_alumoh,hbond_donor,hbond_donor,C,47,,ASN,0.74212,0.74212,74.212,43.079
asparaginase_alumoh,hbond_donor,hbond_donor,B,200,,ASP,0.73964,0.73964,73.964,26.072
asparaginase_alumoh,hbond_donor,hbond_donor,B,33,,GLU,0.73808,0.73808,73.808,49.816
asparaginase_alumoh,hbond_donor,hbond_donor,A,47,,ASN,0.73278,0.73278,73.278,41.464
asparaginase_alumoh,hbond_donor,hbond_donor,D,321,,GLN,0.73251,0.73251,73.251,66.438
asparaginase_alumoh,hbond_donor,hbond_donor,A,200,,ASP,0.72847,0.72847,72.847,25.518
asparaginase_alumoh,hbond_donor,hbond_donor,C,204,,ASP,0.7274,0.7274,72.74,28.428
asparaginase_alumoh,hbond_donor,hbond_donor,A,259,,THR,0.72001,0.72001,72.001,27.367
asparaginase_alumoh,hbond_donor,hbond_donor,A,33,,GLU,0.71799,0.71799,71.799,67.917
asparaginase_alumoh,hbond_donor,hbond_donor,B,321,,GLN,0.71795,0.71795,71.795,65.836
asparaginase_alumoh,hbond_donor,hbond_donor,D,78,,ASP,0.71583,0.71583,71.583,30.949
asparaginase_alumoh,hbond_donor,hbond_donor,C,285,,ASP,0.70641,0.70641,70.641,24.72
asparaginase_alumoh,hbond_donor,hbond_donor,C,321,,GLN,0.70629,0.70629,70.629,62.366
asparaginase_alumoh,hbond_donor,hbond_donor,C,259,,THR,0.70621,0.70621,70.621,25.368
asparaginase_alumoh,hbond_donor,hbond_donor,A,318,,GLN,0.70576,0.70576,70.576,76.162
asparaginase_alumoh,hbond_donor,hbond_donor,A,263,,ASN,0.70218,0.70218,70.218,22.197
asparaginase_alumoh,hbond_donor,hbond_donor,C,143,,ASN,0.69831,0.69831,69.831,32.661
asparaginase_alumoh,hbond_donor,hbond_donor,D,233,,ASP,0.69333,0.69333,69.333,19.271
asparaginase_alumoh,hbond_donor,hbond_donor,C,318,,GLN,0.68908,0.68908,68.908,69.985
asparaginase_alumoh,hbond_donor,hbond_donor,A,75,,THR,0.68906,0.68906,68.906,37.562
asparaginase_alumoh,hbond_donor,hbond_donor,C,75,,THR,0.68638,0.68638,68.638,36.594
asparaginase_alumoh,hbond_donor,hbond_donor,A,34,,ASN,0.68052,0.68052,68.052,52.314
asparaginase_alumoh,hbond_donor,hbond_donor,B,318,,GLN,0.6797,0.6797,67.97,73.238
asparaginase_alumoh,hbond_donor,hbond_donor,B,75,,THR,0.67124,0.67124,67.124,35.403
asparaginase_alumoh,hbond_donor,hbond_donor,D,285,,ASP,0.669,0.669,66.9,22.789
asparaginase_alumoh,hbond_donor,hbond_donor,B,3,,ASN,0.66268,0.66268,66.268,44.052
asparaginase_alumoh,hbond_donor,hbond_donor,C,18,,ASP,0.65948,0.65948,65.948,42.404
asparaginase_alumoh,hbond_donor,hbond_donor,B,259,,THR,0.65736,0.65736,65.736,24.302
asparaginase_alumoh,hbond_donor,hbond_donor,C,26,,THR,0.65459,0.65459,65.459,23.704
asparaginase_alumoh,hbond_donor,hbond_donor,B,255,,ASP,0.65334,0.65334,65.334,37.796
asparaginase_alumoh,hbond_donor,hbond_donor,D,75,,THR,0.65008,0.65008,65.008,36.355
asparaginase_alumoh,hbond_donor,hbond_donor,D,81,,ASP,0.64524,0.64524,64.524,35.922
asparaginase_alumoh,hbond_donor,hbond_donor,C,34,,ASN,0.64471,0.64471,64.471,52.328
asparaginase_alumoh,hbond_donor,hbond_donor,D,318,,GLN,0.64233,0.64233,64.233,72.149
asparaginase_alumoh,hbond_donor,hbond_donor,B,285,,ASP,0.64008,0.64008,64.008,22.436
asparaginase_alumoh,hbond_donor,hbond_donor,C,3,,ASN,0.62061,0.62061,62.061,47.411
asparaginase_alumoh,hbond_donor,hbond_donor,A,204,,ASP,0.61784,0.61784,61.784,29.147
asparaginase_alumoh,hbond_donor,hbond_donor,C,81,,ASP,0.61441,0.61441,61.441,39.041
asparaginase_alumoh,hbond_donor,hbond_donor,D,255,,ASP,0.61125,0.61125,61.125,39.821
asparaginase_alumoh,hbond_donor,hbond_donor,A,81,,ASP,0.6085,0.6085,60.85,37.535
asparaginase_alumoh,hbond_donor,hbond_donor,A,68,,THR,0.60725,0.60725,60.725,19.196
asparaginase_alumoh,hbond_donor,hbond_donor,D,324,,ASN,0.60357,0.60357,60.357,47.607
asparaginase_alumoh,hbond_donor,hbond_donor,D,18,,ASP,0.60285,0.60285,60.285,34.652
asparaginase_alumoh,hbond_donor,hbond_donor,D,204,,ASP,0.59876,0.59876,59.876,25.598
asparaginase_alumoh,hbond_donor,hbond_donor,A,315,,ASP,0.59351,0.59351,59.351,58.282
asparaginase_alumoh,hbond_donor,hbond_donor,C,19,,SER,0.58667,0.58667,58.667,64.193
asparaginase_alumoh,hbond_donor,hbond_donor,D,47,,ASN,0.58633,0.58633,58.633,34.059
asparaginase_alumoh,hbond_donor,hbond_donor,B,81,,ASP,0.58617,0.58617,58.617,39.479
asparaginase_alumoh,hbond_donor,hbond_donor,A,3,,ASN,0.57888,0.57888,57.888,45.73
asparaginase_alumoh,hbond_donor,hbond_donor,B,315,,ASP,0.57709,0.57709,57.709,56.657
asparaginase_alumoh,hbond_donor,hbond_donor,D,68,,THR,0.57631,0.57631,57.631,18.218
asparaginase_alumoh,hbond_donor,hbond_donor,B,68,,THR,0.57488,0.57488,57.488,18.173
asparaginase_alumoh,hbond_donor,hbond_donor,C,68,,THR,0.57055,0.57055,57.055,18.036
asparaginase_alumoh,hbond_donor,hbond_donor,B,192,,THR,0.55817,0.55817,55.817,17.645
asparaginase_alumoh,hbond_donor,hbond_donor,B,47,,ASN,0.55651,0.55651,55.651,38.541
asparaginase_alumoh,hbond_donor,hbond_donor,D,315,,ASP,0.55343,0.55343,55.343,55.232
asparaginase_alumoh,hbond_donor,hbond_donor,A,237,,ASP,0.55192,0.55192,55.192,18.994
asparaginase_alumoh,hbond_donor,hbond_donor,D,37,,ASN,0.54411,0.54411,54.411,43.423
asparaginase_alumoh,hbond_donor,hbond_donor,A,325,,GLN,0.5432,0.5432,54.32,33.433
asparaginase_alumoh,hbond_donor,hbond_donor,B,324,,ASN,0.54081,0.54081,54.081,52.498
asparaginase_alumoh,hbond_donor,hbond_donor,A,192,,THR,0.52647,0.52647,52.647,16.643
asparaginase_alumoh,hbond_donor,hbond_donor,C,325,,GLN,0.51749,0.51749,51.749,33.959
asparaginase_alumoh,hbond_donor,hbond_donor,D,280,,GLN,0.51127,0.51127,51.127,31.201
asparaginase_alumoh,hbond_donor,hbond_donor,C,192,,THR,0.51066,0.51066,51.066,16.143
asparaginase_alumoh,hbond_donor,hbond_donor,D,192,,THR,0.50999,0.50999,50.999,16.122
asparaginase_alumoh,hbond_donor,hbond_donor,D,206,,SER,0.50964,0.50964,50.964,35.039
asparaginase_alumoh,hbond_donor,hbond_donor,B,204,,ASP,0.50761,0.50761,50.761,22.857
asparaginase_alumoh,hbond_donor,hbond_donor,D,325,,GLN,0.50461,0.50461,50.461,38.112
asparaginase_alumoh,hbond_donor,hbond_donor,C,206,,SER,0.50355,0.50355,50.355,38.913
asparaginase_alumoh,hbond_donor,hbond_donor,A,206,,SER,0.5018,0.5018,50.18,35.394
asparaginase_alumoh,hbond_donor,hbond_donor,A,280,,GLN,0.49434,0.49434,49.434,35.128
asparaginase_alumoh,hbond_donor,hbond_donor,D,19,,SER,0.49332,0.49332,49.332,40.316
asparaginase_alumoh,hbond_donor,hbond_donor,A,281,,ASP,0.49217,0.49217,49.217,40.563
asparaginase_alumoh,hbond_donor,hbond_donor,D,3,,ASN,0.49109,0.49109,49.109,43.68
asparaginase_alumoh,hbond_donor,hbond_donor,B,206,,SER,0.48211,0.48211,48.211,31.287
asparaginase_alumoh,hbond_donor,hbond_donor,C,315,,ASP,0.48194,0.48194,48.194,53.674
asparaginase_alumoh,hbond_donor,hbond_donor,B,280,,GLN,0.47832,0.47832,47.832,31.377
asparaginase_alumoh,hbond_donor,hbond_donor,B,237,,ASP,0.47251,0.47251,47.251,18.681
asparaginase_alumoh,hbond_donor,hbond_donor,C,280,,GLN,0.46998,0.46998,46.998,31.677
asparaginase_alumoh,hbond_donor,hbond_donor,D,252,,THR,0.46583,0.46583,46.583,53.482
asparaginase_alumoh,hbond_donor,hbond_donor,D,225,,ASP,0.46193,0.46193,46.193,29.328
asparaginase_alumoh,hbond_donor,hbond_donor,A,188,,ASP,0.45645,0.45645,45.645,19.512
asparaginase_alumoh,hbond_donor,hbond_donor,D,51,,GLU,0.45593,0.45593,45.593,23.966
asparaginase_alumoh,hbond_donor,hbond_donor,D,237,,ASP,0.4521,0.4521,45.21,16.88
asparaginase_alumoh,hbond_donor,hbond_donor,C,324,,ASN,0.44944,0.44944,44.944,52.894
asparaginase_alumoh,hbond_donor,hbond_donor,B,19,,SER,0.44599,0.44599,44.599,39.332
asparaginase_alumoh,hbond_donor,hbond_donor,C,237,,ASP,0.44293,0.44293,44.293,16.37
asparaginase_alumoh,hbond_donor,hbond_donor,D,60,,ASP,0.44177,0.44177,44.177,24.012
asparaginase_alumoh,hbond_donor,hbond_donor,C,252,,THR,0.43154,0.43154,43.154,55.261
asparaginase_alumoh,hbond_donor,hbond_donor,B,252,,THR,0.43087,0.43087,43.087,48.268
asparaginase_alumoh,hbond_donor,hbond_donor,A,24,,ASN,0.43059,0.43059,43.059,35.777
asparaginase_alumoh,hbond_donor,hbond_donor,A,222,,ASN,0.4301,0.4301,43.01,21.9
asparaginase_alumoh,hbond_donor,hbond_donor,C,281,,ASP,0.42518,0.42518,42.518,41.91
asparaginase_alumoh,hbond_donor,hbond_donor,B,281,,ASP,0.42518,0.42518,42.518,38.808
asparaginase_alumoh,hbond_donor,hbond_donor,A,312,,GLN,0.42439,0.42439,42.439,16.197
asparaginase_alumoh,hbond_donor,hbond_donor,A,324,,ASN,0.42414,0.42414,42.414,54.84
asparaginase_alumoh,hbond_donor,hbond_donor,B,138,,ASP,0.41677,0.41677,41.677,9.625
asparaginase_alumoh,hbond_donor,hbond_donor,A,225,,ASP,0.41602,0.41602,41.602,25.436
asparaginase_alumoh,hbond_donor,hbond_donor,D,222,,ASN,0.41487,0.41487,41.487,22.283
asparaginase_alumoh,hbond_donor,hbond_donor,C,222,,ASN,0.41487,0.41487,41.487,20.273
asparaginase_alumoh,hbond_donor,hbond_donor,B,312,,GLN,0.41194,0.41194,41.194,15.832
asparaginase_alumoh,hbond_donor,hbond_donor,C,188,,ASP,0.41179,0.41179,41.179,24.853
asparaginase_alumoh,hbond_donor,hbond_donor,B,60,,ASP,0.41094,0.41094,41.094,23.504
asparaginase_alumoh,hbond_donor,hbond_donor,B,222,,ASN,0.40962,0.40962,40.962,22.846
asparaginase_alumoh,hbond_donor,hbond_donor,A,166,,THR,0.40801,0.40801,40.801,30.305
asparaginase_alumoh,hbond_donor,hbond_donor,A,138,,ASP,0.40761,0.40761,40.761,9.413
asparaginase_alumoh,hbond_donor,hbond_donor,D,188,,ASP,0.4072,0.4072,40.72,25.68
asparaginase_alumoh,hbond_donor,hbond_donor,D,312,,GLN,0.40573,0.40573,40.573,15.934
asparaginase_alumoh,hbond_donor,hbond_donor,D,181,,TYR,0.40516,0.40516,40.516,29.554
asparaginase_alumoh,hbond_donor,hbond_donor,D,119,,THR,0.40385,0.40385,40.385,29.472
asparaginase_alumoh,hbond_donor,hbond_donor,B,325,,GLN,0.40193,0.40193,40.193,32.727
asparaginase_alumoh,hbond_donor,hbond_donor,C,60,,ASP,0.40169,0.40169,40.169,21.649
asparaginase_alumoh,hbond_donor,hbond_donor,D,166,,THR,0.39939,0.39939,39.939,29.87
asparaginase_alumoh,hbond_donor,hbond_donor,B,119,,THR,0.39791,0.39791,39.791,28.091
asparaginase_alumoh,hbond_donor,hbond_donor,C,138,,ASP,0.3932,0.3932,39.32,9.081
asparaginase_alumoh,hbond_donor,hbond_donor,D,118,,SER,0.39289,0.39289,39.289,25.011
asparaginase_alumoh,hbond_donor,hbond_donor,C,312,,GLN,0.39249,0.39249,39.249,14.805
asparaginase_alumoh,hbond_donor,hbond_donor,A,119,,THR,0.39197,0.39197,39.197,26.3
asparaginase_alumoh,hbond_donor,hbond_donor,B,181,,TYR,0.39187,0.39187,39.187,27.676
asparaginase_alumoh,hbond_donor,hbond_donor,B,188,,ASP,0.39079,0.39079,39.079,24.741
asparaginase_alumoh,hbond_donor,hbond_donor,B,199,,SER,0.38929,0.38929,38.929,31.956
asparaginase_alumoh,hbond_donor,hbond_donor,A,252,,THR,0.38862,0.38862,38.862,55.719
asparaginase_alumoh,hbond_donor,hbond_donor,A,181,,TYR,0.38845,0.38845,38.845,28.794
asparaginase_alumoh,hbond_donor,hbond_donor,A,60,,ASP,0.38586,0.38586,38.586,21.091
asparaginase_alumoh,hbond_donor,hbond_donor,B,118,,SER,0.38441,0.38441,38.441,24.792
asparaginase_alumoh,hbond_donor,hbond_donor,D,138,,ASP,0.38136,0.38136,38.136,8.807
asparaginase_alumoh,hbond_donor,hbond_donor,A,199,,SER,0.37646,0.37646,37.646,32.297
asparaginase_alumoh,hbond_donor,hbond_donor,D,289,,TYR,0.37529,0.37529,37.529,13.505
asparaginase_alumoh,hbond_donor,hbond_donor,C,21,,THR,0.37474,0.37474,37.474,30.392
asparaginase_alumoh,hbond_donor,hbond_donor,C,181,,TYR,0.37439,0.37439,37.439,28.135
asparaginase_alumoh,hbond_donor,hbond_donor,D,199,,SER,0.37222,0.37222,37.222,33.667
asparaginase_alumoh,hbond_donor,hbond_donor,D,41,,GLN,0.37173,0.37173,37.173,41.199
asparaginase_alumoh,hbond_donor,hbond_donor,B,166,,THR,0.36778,0.36778,36.778,26.999
asparaginase_alumoh,hbond_donor,hbond_donor,A,51,,GLU,0.36142,0.36142,36.142,21.358
asparaginase_alumoh,hbond_donor,hbond_donor,C,118,,SER,0.36036,0.36036,36.036,24.345
asparaginase_alumoh,hbond_donor,hbond_donor,D,281,,ASP,0.35694,0.35694,35.694,37.146
asparaginase_alumoh,hbond_donor,hbond_donor,B,289,,TYR,0.3556,0.3556,35.56,13.443
asparaginase_alumoh,hbond_donor,hbond_donor,C,166,,THR,0.35389,0.35389,35.389,29.734
asparaginase_alumoh,hbond_donor,hbond_donor,A,289,,TYR,0.35256,0.35256,35.256,13.742
asparaginase_alumoh,hbond_donor,hbond_donor,A,19,,SER,0.35131,0.35131,35.131,49.611
asparaginase_alumoh,hbond_donor,hbond_donor,C,167,,ASP,0.35111,0.35111,35.111,29.734
asparaginase_alumoh,hbond_donor,hbond_donor,C,23,,SER,0.34631,0.34631,34.631,20.325
asparaginase_alumoh,hbond_donor,hbond_donor,A,167,,ASP,0.34386,0.34386,34.386,30.305
asparaginase_alumoh,hbond_donor,hbond_donor,C,41,,GLN,0.34384,0.34384,34.384,35.353
asparaginase_alumoh,hbond_donor,hbond_donor,C,106,,ASP,0.33488,0.33488,33.488,30.917
asparaginase_alumoh,hbond_donor,hbond_donor,C,119,,THR,0.32664,0.32664,32.664,42.891
asparaginase_alumoh,hbond_donor,hbond_donor,D,24,,ASN,0.32415,0.32415,32.415,33.717
asparaginase_alumoh,hbond_donor,hbond_donor,C,289,,TYR,0.32406,0.32406,32.406,12.633
asparaginase_alumoh,hbond_donor,hbond_donor,B,51,,GLU,0.3196,0.3196,31.96,19.139
asparaginase_alumoh,hbond_donor,hbond_donor,A,52,,GLN,0.3142,0.3142,31.42,21.358
asparaginase_alumoh,hbond_donor,hbond_donor,D,62,,ASN,0.31307,0.31307,31.307,56.086
asparaginase_alumoh,hbond_donor,hbond_donor,C,52,,GLN,0.313,0.313,31.3,18.47
asparaginase_alumoh,hbond_donor,hbond_donor,A,118,,SER,0.31227,0.31227,31.227,23.742
asparaginase_alumoh,hbond_donor,hbond_donor,B,41,,GLN,0.31029,0.31029,31.029,32.251
asparaginase_alumoh,hbond_donor,hbond_donor,B,24,,ASN,0.30685,0.30685,30.685,57.667
asparaginase_alumoh,hbond_donor,hbond_donor,C,199,,SER,0.30553,0.30553,30.553,34.53
asparaginase_alumoh,hbond_donor,hbond_donor,D,167,,ASP,0.30521,0.30521,30.521,29.87
asparaginase_alumoh,hbond_donor,hbond_donor,A,41,,GLN,0.3035,0.3035,30.35,36.444
asparaginase_alumoh,hbond_donor,hbond_donor,D,52,,GLN,0.30221,0.30221,30.221,23.966
asparaginase_alumoh,hbond_donor,hbond_donor,C,24,,ASN,0.29663,0.29663,29.663,44.132
asparaginase_alumoh,hbond_donor,hbond_donor,C,55,,ASN,0.29604,0.29604,29.604,9.358
asparaginase_alumoh,hbond_donor,hbond_donor,B,275,,THR,0.29418,0.29418,29.418,21.086
asparaginase_alumoh,hbond_donor,hbond_donor,A,106,,ASP,0.29355,0.29355,29.355,33.421
asparaginase_alumoh,hbond_donor,hbond_donor,C,275,,THR,0.29284,0.29284,29.284,22.076
asparaginase_alumoh,hbond_donor,hbond_donor,B,62,,ASN,0.29002,0.29002,29.002,55.681
asparaginase_alumoh,hbond_donor,hbond_donor,B,225,,ASP,0.2887,0.2887,28.87,22.747
asparaginase_alumoh,hbond_donor,hbond_donor,B,52,,GLN,0.28584,0.28584,28.584,19.139
asparaginase_alumoh,hbond_donor,hbond_donor,A,76,,ASP,0.28354,0.28354,28.354,46.413
asparaginase_alumoh,hbond_donor,hbond_donor,A,275,,THR,0.28163,0.28163,28.163,21.942
asparaginase_alumoh,hbond_donor,hbond_donor,D,275,,THR,0.28029,0.28029,28.029,20.607
asparaginase_alumoh,hbond_donor,hbond_donor,C,225,,ASP,0.27362,0.27362,27.362,24.08
asparaginase_alumoh,hbond_donor,hbond_donor,C,51,,GLU,0.27127,0.27127,27.127,18.47
asparaginase_alumoh,hbond_donor,hbond_donor,B,167,,ASP,0.26713,0.26713,26.713,26.999
asparaginase_alumoh,hbond_donor,hbond_donor,D,76,,ASP,0.26321,0.26321,26.321,43.091
asparaginase_alumoh,hbond_donor,hbond_donor,C,62,,ASN,0.26268,0.26268,26.268,55.842
asparaginase_alumoh,hbond_donor,hbond_donor,B,106,,ASP,0.2548,0.2548,25.48,33.573
asparaginase_alumoh,hbond_donor,hbond_donor,D,106,,ASP,0.25414,0.25414,25.414,33.22
asparaginase_alumoh,hbond_donor,hbond_donor,C,74,,ASN,0.25326,0.25326,25.326,36.594
asparaginase_alumoh,hbond_donor,hbond_donor,C,152,,ASP,0.24555,0.24555,24.555,29.169
asparaginase_alumoh,hbond_donor,hbond_donor,A,55,,ASN,0.24393,0.24393,24.393,7.711
asparaginase_alumoh,hbond_donor,hbond_donor,D,55,,ASN,0.24339,0.24339,24.339,7.694
asparaginase_alumoh,hbond_donor,hbond_donor,B,74,,ASN,0.24321,0.24321,24.321,35.403
asparaginase_alumoh,hbond_donor,hbond_donor,D,164,,ASN,0.24029,0.24029,24.029,36.001
asparaginase_alumoh,hbond_donor,hbond_donor,B,55,,ASN,0.24029,0.24029,24.029,7.596
asparaginase_alumoh,hbond_donor,hbond_donor,D,74,,ASN,0.23675,0.23675,23.675,36.355
asparaginase_alumoh,hbond_donor,hbond_donor,C,164,,ASN,0.23558,0.23558,23.558,36.705
asparaginase_alumoh,hbond_donor,hbond_donor,B,21,,THR,0.23319,0.23319,23.319,7.372
asparaginase_alumoh,hbond_donor,hbond_donor,A,62,,ASN,0.22645,0.22645,22.645,53.883
asparaginase_alumoh,hbond_donor,hbond_donor,A,163,,THR,0.22157,0.22157,22.157,22.799
asparaginase_alumoh,hbond_donor,hbond_donor,B,164,,ASN,0.21917,0.21917,21.917,32.968
asparaginase_alumoh,hbond_donor,hbond_donor,A,21,,THR,0.21805,0.21805,21.805,17.999
asparaginase_alumoh,hbond_donor,hbond_donor,C,76,,ASP,0.21797,0.21797,21.797,46.039
asparaginase_alumoh,hbond_donor,hbond_donor,A,74,,ASN,0.21563,0.21563,21.563,37.562
asparaginase_alumoh,hbond_donor,hbond_donor,A,152,,ASP,0.21539,0.21539,21.539,28.676
asparaginase_alumoh,hbond_donor,hbond_donor,B,152,,ASP,0.21339,0.21339,21.339,30.048
asparaginase_alumoh,hbond_donor,hbond_donor,A,164,,ASN,0.2068,0.2068,20.68,37.427
asparaginase_alumoh,hbond_donor,hbond_donor,C,59,,GLN,0.20616,0.20616,20.616,24.741
asparaginase_alumoh,hbond_donor,hbond_donor,B,76,,ASP,0.20547,0.20547,20.547,46.138
asparaginase_alumoh,hbond_donor,hbond_donor,C,184,,ASN,0.20408,0.20408,20.408,11.336
asparaginase_alumoh,hbond_donor,hbond_donor,C,63,,ASP,0.20289,0.20289,20.289,43.625
asparaginase_alumoh,hbond_donor,hbond_donor,B,153,,THR,0.20233,0.20233,20.233,21.952
asparaginase_alumoh,hbond_donor,hbond_donor,B,298,,ASN,0.20115,0.20115,20.115,8.203
asparaginase_alumoh,hbond_donor,hbond_donor,A,63,,ASP,0.20089,0.20089,20.089,42.272
asparaginase_alumoh,hbond_donor,hbond_donor,D,152,,ASP,0.20022,0.20022,20.022,27.582
asparaginase_alumoh,hbond_donor,hbond_donor,D,63,,ASP,0.19956,0.19956,19.956,44.678
asparaginase_alumoh,hbond_donor,hbond_donor,C,163,,THR,0.19849,0.19849,19.849,22.625
asparaginase_alumoh,hbond_donor,hbond_donor,B,63,,ASP,0.19764,0.19764,19.764,44.429
asparaginase_alumoh,hbond_donor,hbond_donor,A,59,,GLN,0.19522,0.19522,19.522,24.162
asparaginase_alumoh,hbond_donor,hbond_donor,B,184,,ASN,0.18949,0.18949,18.949,9.653
asparaginase_alumoh,hbond_donor,hbond_donor,C,153,,THR,0.18652,0.18652,18.652,22.634
asparaginase_alumoh,hbond_donor,hbond_donor,A,153,,THR,0.18652,0.18652,18.652,20.95
asparaginase_alumoh,hbond_donor,hbond_donor,B,23,,SER,0.18541,0.18541,18.541,17.853
asparaginase_alumoh,hbond_donor,hbond_donor,A,298,,ASN,0.18356,0.18356,18.356,7.524
asparaginase_alumoh,hbond_donor,hbond_donor,D,256,,THR,0.18259,0.18259,18.259,49.003
asparaginase_alumoh,hbond_donor,hbond_donor,B,59,,GLN,0.17974,0.17974,17.974,26.596
asparaginase_alumoh,hbond_donor,hbond_donor,D,21,,THR,0.17916,0.17916,17.916,25.544
asparaginase_alumoh,hbond_donor,hbond_donor,B,236,,TYR,0.1783,0.1783,17.83,20.573
asparaginase_alumoh,hbond_donor,hbond_donor,D,163,,THR,0.17741,0.17741,17.741,26.808
asparaginase_alumoh,hbond_donor,hbond_donor,B,25,,TYR,0.17681,0.17681,17.681,68.132
asparaginase_alumoh,hbond_donor,hbond_donor,C,298,,ASN,0.17327,0.17327,17.327,7.199
asparaginase_alumoh,hbond_donor,hbond_donor,D,298,,ASN,0.17327,0.17327,17.327,7.076
asparaginase_alumoh,hbond_donor,hbond_donor,D,153,,THR,0.17138,0.17138,17.138,20.15
asparaginase_alumoh,hbond_donor,hbond_donor,D,5,,THR,0.16871,0.16871,16.871,5.333
asparaginase_alumoh,hbond_donor,hbond_donor,A,246,,ASN,0.16866,0.16866,16.866,5.332
asparaginase_alumoh,hbond_donor,hbond_donor,C,236,,TYR,0.16578,0.16578,16.578,19.243
asparaginase_alumoh,hbond_donor,hbond_donor,A,283,,GLU,0.1657,0.1657,16.57,17.626
asparaginase_alumoh,hbond_donor,hbond_donor,D,59,,GLN,0.16384,0.16384,16.384,26.917
asparaginase_alumoh,hbond_donor,hbond_donor,B,311,,THR,0.16285,0.16285,16.285,15.832
asparaginase_alumoh,hbond_donor,hbond_donor,D,25,,TYR,0.16275,0.16275,16.275,44.163
asparaginase_alumoh,hbond_donor,hbond_donor,A,25,,TYR,0.1601,0.1601,16.01,48.42
asparaginase_alumoh,hbond_donor,hbond_donor,B,265,,THR,0.15808,0.15808,15.808,19.934
asparaginase_alumoh,hbond_donor,hbond_donor,D,23,,SER,0.15451,0.15451,15.451,21.583
asparaginase_alumoh,hbond_donor,hbond_donor,B,250,,TYR,0.15398,0.15398,15.398,37.633
asparaginase_alumoh,hbond_donor,hbond_donor,D,250,,TYR,0.15283,0.15283,15.283,38.23
asparaginase_alumoh,hbond_donor,hbond_donor,B,163,,THR,0.1524,0.1524,15.24,20.607
asparaginase_alumoh,hbond_donor,hbond_donor,C,311,,THR,0.14772,0.14772,14.772,14.805
asparaginase_alumoh,hbond_donor,hbond_donor,C,246,,ASN,0.14754,0.14754,14.754,4.664
asparaginase_alumoh,hbond_donor,hbond_donor,A,256,,THR,0.14571,0.14571,14.571,55.216
asparaginase_alumoh,hbond_donor,hbond_donor,C,161,,THR,0.14571,0.14571,14.571,4.606
asparaginase_alumoh,hbond_donor,hbond_donor,B,320,,GLN,0.14418,0.14418,14.418,78.505
asparaginase_alumoh,hbond_donor,hbond_donor,D,311,,THR,0.14379,0.14379,14.379,15.934
asparaginase_alumoh,hbond_donor,hbond_donor,D,161,,THR,0.1437,0.1437,14.37,10.151
asparaginase_alumoh,hbond_donor,hbond_donor,B,151,,ASN,0.14295,0.14295,14.295,17.661
asparaginase_alumoh,hbond_donor,hbond_donor,A,311,,THR,0.14245,0.14245,14.245,17.919
asparaginase_alumoh,hbond_donor,hbond_donor,B,246,,ASN,0.14239,0.14239,14.239,4.501
asparaginase_alumoh,hbond_donor,hbond_donor,D,236,,TYR,0.14113,0.14113,14.113,18.753
asparaginase_alumoh,hbond_donor,hbond_donor,D,246,,ASN,0.14078,0.14078,14.078,4.45
asparaginase_alumoh,hbond_donor,hbond_donor,D,313,,THR,0.14044,0.14044,14.044,34.761
asparaginase_alumoh,hbond_donor,hbond_donor,B,161,,THR,0.13977,0.13977,13.977,4.418
asparaginase_alumoh,hbond_donor,hbond_donor,A,161,,THR,0.13843,0.13843,13.843,4.376
asparaginase_alumoh,hbond_donor,hbond_donor,D,265,,THR,0.13767,0.13767,13.767,44.757
asparaginase_alumoh,hbond_donor,hbond_donor,A,265,,THR,0.137,0.137,13.7,21.778
asparaginase_alumoh,hbond_donor,hbond_donor,A,320,,GLN,0.13559,0.13559,13.559,81.238
asparaginase_alumoh,hbond_donor,hbond_donor,D,120,,SER,0.13557,0.13557,13.557,35.136
asparaginase_alumoh,hbond_donor,hbond_donor,A,313,,THR,0.1345,0.1345,13.45,36.43
asparaginase_alumoh,hbond_donor,hbond_donor,A,236,,TYR,0.13352,0.13352,13.352,21.668
asparaginase_alumoh,hbond_donor,hbond_donor,B,283,,GLU,0.1314,0.1314,13.14,9.299
asparaginase_alumoh,hbond_donor,hbond_donor,C,130,,TYR,0.12817,0.12817,12.817,8.422
asparaginase_alumoh,hbond_donor,hbond_donor,C,320,,GLN,0.12804,0.12804,12.804,77.373
asparaginase_alumoh,hbond_donor,hbond_donor,A,120,,SER,0.12773,0.12773,12.773,26.3
asparaginase_alumoh,hbond_donor,hbond_donor,D,100,,ASP,0.12598,0.12598,12.598,2.909
asparaginase_alumoh,hbond_donor,hbond_donor,A,279,,THR,0.12472,0.12472,12.472,19.57
asparaginase_alumoh,hbond_donor,hbond_donor,D,320,,GLN,0.12326,0.12326,12.326,76.824
asparaginase_alumoh,hbond_donor,hbond_donor,A,130,,TYR,0.11907,0.11907,11.907,6.158
asparaginase_alumoh,hbond_donor,hbond_donor,B,130,,TYR,0.11907,0.11907,11.907,5.846
asparaginase_alumoh,hbond_donor,hbond_donor,D,279,,THR,0.11878,0.11878,11.878,19.917
asparaginase_alumoh,hbond_donor,hbond_donor,A,151,,ASN,0.11678,0.11678,11.678,16.397
asparaginase_alumoh,hbond_donor,hbond_donor,C,151,,ASN,0.11625,0.11625,11.625,17.333
asparaginase_alumoh,hbond_donor,hbond_donor,A,23,,SER,0.11588,0.11588,11.588,23.265
asparaginase_alumoh,hbond_donor,hbond_donor,B,256,,THR,0.11141,0.11141,11.141,44.956
asparaginase_alumoh,hbond_donor,hbond_donor,B,313,,THR,0.11074,0.11074,11.074,34.766
asparaginase_alumoh,hbond_donor,hbond_donor,D,184,,ASN,0.10807,0.10807,10.807,3.416
asparaginase_alumoh,hbond_donor,hbond_donor,C,326,,TYR,0.10733,0.10733,10.733,19.752
asparaginase_alumoh,hbond_donor,hbond_donor,C,279,,THR,0.1069,0.1069,10.69,18.236
asparaginase_alumoh,hbond_donor,hbond_donor,B,120,,SER,0.1063,0.1063,10.63,28.091
asparaginase_alumoh,hbond_donor,hbond_donor,A,124,,ASP,0.10583,0.10583,10.583,3.345
asparaginase_alumoh,hbond_donor,hbond_donor,C,100,,ASP,0.10498,0.10498,10.498,2.424
asparaginase_alumoh,hbond_donor,hbond_donor,B,5,,THR,0.10213,0.10213,10.213,3.229
asparaginase_alumoh,hbond_donor,hbond_donor,D,283,,GLU,0.10203,0.10203,10.203,8.815
asparaginase_alumoh,hbond_donor,hbond_donor,C,313,,THR,0.10087,0.10087,10.087,30.831
asparaginase_alumoh,hbond_donor,hbond_donor,C,265,,THR,0.10012,0.10012,10.012,17.167
asparaginase_alumoh,hbond_donor,hbond_donor,B,124,,ASP,0.09991,0.09991,9.991,3.158
asparaginase_alumoh,hbond_donor,hbond_donor,C,124,,ASP,0.09991,0.09991,9.991,3.158
asparaginase_alumoh,hbond_donor,hbond_donor,B,100,,ASP,0.09973,0.09973,9.973,2.303
asparaginase_alumoh,hbond_donor,hbond_donor,C,283,,GLU,0.09906,0.09906,9.906,34.809
asparaginase_alumoh,hbond_donor,hbond_donor,D,130,,TYR,0.09861,0.09861,9.861,5.03
asparaginase_alumoh,hbond_donor,hbond_donor,C,90,,ASP,0.09782,0.09782,9.782,11.963
asparaginase_alumoh,hbond_donor,hbond_donor,B,90,,ASP,0.09782,0.09782,9.782,8.774
asparaginase_alumoh,hbond_donor,hbond_donor,D,326,,TYR,0.09745,0.09745,9.745,19.032
asparaginase_alumoh,hbond_donor,hbond_donor,A,90,,ASP,0.09715,0.09715,9.715,11.075
asparaginase_alumoh,hbond_donor,hbond_donor,C,256,,THR,0.09627,0.09627,9.627,55.616
asparaginase_alumoh,hbond_donor,hbond_donor,D,151,,ASN,0.09577,0.09577,9.577,14.774
asparaginase_alumoh,hbond_donor,hbond_donor,C,25,,TYR,0.09524,0.09524,9.524,59.166
asparaginase_alumoh,hbond_donor,hbond_donor,B,326,,TYR,0.09254,0.09254,9.254,15.631
asparaginase_alumoh,hbond_donor,hbond_donor,D,90,,ASP,0.0919,0.0919,9.19,8.084
asparaginase_alumoh,hbond_donor,hbond_donor,A,326,,TYR,0.09028,0.09028,9.028,20.026
asparaginase_alumoh,hbond_donor,hbond_donor,A,12,,THR,0.09025,0.09025,9.025,2.853
asparaginase_alumoh,hbond_donor,hbond_donor,C,12,,THR,0.09025,0.09025,9.025,2.853
asparaginase_alumoh,hbond_donor,hbond_donor,B,279,,THR,0.08908,0.08908,8.908,17.937
asparaginase_alumoh,hbond_donor,hbond_donor,C,250,,TYR,0.08609,0.08609,8.609,34.732
asparaginase_alumoh,hbond_donor,hbond_donor,B,12,,THR,0.08498,0.08498,8.498,2.686
asparaginase_alumoh,hbond_donor,hbond_donor,C,120,,SER,0.08312,0.08312,8.312,42.891
asparaginase_alumoh,hbond_donor,hbond_donor,A,159,,ASP,0.08274,0.08274,8.274,2.616
asparaginase_alumoh,hbond_donor,hbond_donor,A,286,,ASP,0.08216,0.08216,8.216,37.464
asparaginase_alumoh,hbond_donor,hbond_donor,C,128,,ASN,0.08088,0.08088,8.088,8.422
asparaginase_alumoh,hbond_donor,hbond_donor,B,159,,ASP,0.07749,0.07749,7.749,2.45
asparaginase_alumoh,hbond_donor,hbond_donor,A,250,,TYR,0.07699,0.07699,7.699,33.934
asparaginase_alumoh,hbond_donor,hbond_donor,D,124,,ASP,0.07691,0.07691,7.691,2.431
asparaginase_alumoh,hbond_donor,hbond_donor,C,5,,THR,0.07578,0.07578,7.578,2.396
asparaginase_alumoh,hbond_donor,hbond_donor,A,128,,ASN,0.07574,0.07574,7.574,6.158
asparaginase_alumoh,hbond_donor,hbond_donor,C,286,,ASP,0.07558,0.07558,7.558,34.964
asparaginase_alumoh,hbond_donor,hbond_donor,C,89,,THR,0.07444,0.07444,7.444,5.445
asparaginase_alumoh,hbond_donor,hbond_donor,D,12,,THR,0.07377,0.07377,7.377,2.332
asparaginase_alumoh,hbond_donor,hbond_donor,A,100,,ASP,0.07349,0.07349,7.349,1.697
asparaginase_alumoh,hbond_donor,hbond_donor,A,184,,ASN,0.07248,0.07248,7.248,8.152
asparaginase_alumoh,hbond_donor,hbond_donor,D,175,,ASN,0.07142,0.07142,7.142,2.258
asparaginase_alumoh,hbond_donor,hbond_donor,B,286,,ASP,0.06966,0.06966,6.966,33.677
asparaginase_alumoh,hbond_donor,hbond_donor,C,159,,ASP,0.06699,0.06699,6.699,2.118
asparaginase_alumoh,hbond_donor,hbond_donor,D,159,,ASP,0.06699,0.06699,6.699,2.118
asparaginase_alumoh,hbond_donor,hbond_donor,B,128,,ASN,0.06586,0.06586,6.586,5.846
asparaginase_alumoh,hbond_donor,hbond_donor,C,175,,ASN,0.06144,0.06144,6.144,1.942
asparaginase_alumoh,hbond_donor,hbond_donor,D,128,,ASN,0.06051,0.06051,6.051,5.03
asparaginase_alumoh,hbond_donor,hbond_donor,A,5,,THR,0.05997,0.05997,5.997,1.896
asparaginase_alumoh,hbond_donor,hbond_donor,B,300,,GLN,0.05834,0.05834,5.834,5.993
asparaginase_alumoh,hbond_donor,hbond_donor,A,89,,THR,0.05796,0.05796,5.796,4.903
asparaginase_alumoh,hbond_donor,hbond_donor,C,131,,ASN,0.05737,0.05737,5.737,8.422
asparaginase_alumoh,hbond_donor,hbond_donor,C,224,,SER,0.05658,0.05658,5.658,10.438
asparaginase_alumoh,hbond_donor,hbond_donor,B,218,,TYR,0.05576,0.05576,5.576,1.288
asparaginase_alumoh,hbond_donor,hbond_donor,A,300,,GLN,0.05445,0.05445,5.445,5.497
asparaginase_alumoh,hbond_donor,hbond_donor,C,300,,GLN,0.05445,0.05445,5.445,5.259
asparaginase_alumoh,hbond_donor,hbond_donor,D,286,,ASP,0.05191,0.05191,5.191,34.653
asparaginase_alumoh,hbond_donor,hbond_donor,A,175,,ASN,0.05084,0.05084,5.084,1.607
asparaginase_alumoh,hbond_donor,hbond_donor,D,300,,GLN,0.05056,0.05056,5.056,5.169
asparaginase_alumoh,hbond_acceptor,hbond_acceptor,B,139,,LYS,1.0,0.999001,100.0,41.274
asparaginase_alumoh,hbond_acceptor,hbond_acceptor,A,139,,LYS,0.98605,0.985065,98.605,40.698
asparaginase_alumoh,hbond_acceptor,hbond_acceptor,C,139,,LYS,0.9742,0.973227,97.42,40.209
asparaginase_alumoh,hbond_acceptor,hbond_acceptor,C,207,,LYS,0.92926,0.928332,92.926,45.022
asparaginase_alumoh,hbond_acceptor,hbond_acceptor,D,139,,LYS,0.9287,0.927772,92.87,38.331
asparaginase_alumoh,hbond_acceptor,hbond_acceptor,A,207,,LYS,0.91987,0.918951,91.987,44.672
asparaginase_alumoh,hbond_acceptor,hbond_acceptor,D,207,,LYS,0.91846,0.917542,91.846,44.874
asparaginase_alumoh,hbond_acceptor,hbond_acceptor,B,207,,LYS,0.84856,0.847712,84.856,51.542
asparaginase_alumoh,hbond_acceptor,hbond_acceptor,A,26,,THR,0.84196,0.84196,84.28,34.786
asparaginase_alumoh,hbond_acceptor,hbond_acceptor,A,43,,LYS,0.84219,0.841349,84.219,26.454
asparaginase_alumoh,hbond_acceptor,hbond_acceptor,A,262,,LYS,0.81015,0.809341,81.015,52.394
asparaginase_alumoh,hbond_acceptor,hbond_acceptor,D,26,,THR,0.77873,0.77873,77.951,32.174
asparaginase_alumoh,hbond_acceptor,hbond_acceptor,B,26,,THR,0.77136,0.77136,77.213,31.869
asparaginase_alumoh,hbond_acceptor,hbond_acceptor,D,259,,THR,0.75631,0.75631,75.707,50.157
asparaginase_alumoh,hbond_acceptor,hbond_acceptor,B,262,,LYS,0.7554,0.754645,75.54,49.367
asparaginase_alumoh,hbond_acceptor,hbond_acceptor,B,43,,LYS,0.7418,0.741059,74.18,23.301
asparaginase_alumoh,hbond_acceptor,hbond_acceptor,A,314,,LYS,0.727,0.726274,72.7,35.563
asparaginase_alumoh,hbond_acceptor,hbond_acceptor,A,259,,THR,0.72001,0.72001,72.073,56.975
asparaginase_alumoh,hbond_acceptor,hbond_acceptor,A,186,,LYS,0.7207,0.71998,72.07,22.638
asparaginase_alumoh,hbond_acceptor,hbond_acceptor,B,314,,LYS,0.71992,0.719201,71.992,34.289
asparaginase_alumoh,hbond_acceptor,hbond_acceptor,C,259,,THR,0.70621,0.70621,70.692,48.908
asparaginase_alumoh,hbond_acceptor,hbond_acceptor,D,251,,LYS,0.69419,0.693497,69.419,42.193
asparaginase_alumoh,hbond_acceptor,hbond_acceptor,D,213,,LYS,0.69139,0.690699,69.139,21.717
asparaginase_alumoh,hbond_acceptor,hbond_acceptor,D,186,,LYS,0.69097,0.69028,69.097,21.704
asparaginase_alumoh,hbond_acceptor,hbond_acceptor,A,75,,THR,0.68906,0.68906,68.975,54.179
asparaginase_alumoh,hbond_acceptor,hbond_acceptor,C,75,,THR,0.68638,0.68638,68.707,53.539
asparaginase_alumoh,hbond_acceptor,hbond_acceptor,D,288,,LYS,0.68472,0.684036,68.472,21.508
asparaginase_alumoh,hbond_acceptor,hbond_acceptor,B,251,,LYS,0.67954,0.678861,67.954,38.395
asparaginase_alumoh,hbond_acceptor,hbond_acceptor,A,251,,LYS,0.67793,0.677253,67.793,38.095
asparaginase_alumoh,hbond_acceptor,hbond_acceptor,A,288,,LYS,0.67638,0.675704,67.638,21.246
asparaginase_alumoh,hbond_acceptor,hbond_acceptor,D,49,,LYS,0.67584,0.675165,67.584,26.533
asparaginase_alumoh,hbond_acceptor,hbond_acceptor,B,75,,THR,0.67124,0.67124,67.191,39.923
asparaginase_alumoh,hbond_acceptor,hbond_acceptor,B,49,,LYS,0.67161,0.670939,67.161,24.307
asparaginase_alumoh,hbond_acceptor,hbond_acceptor,A,213,,LYS,0.67056,0.66989,67.056,21.063
asparaginase_alumoh,hbond_acceptor,hbond_acceptor,C,43,,LYS,0.66664,0.665974,66.664,20.94
asparaginase_alumoh,hbond_acceptor,hbond_acceptor,B,259,,THR,0.65736,0.65736,65.802,52.87
asparaginase_alumoh,hbond_acceptor,hbond_acceptor,C,26,,THR,0.65459,0.65459,65.524,27.045
asparaginase_alumoh,hbond_acceptor,hbond_acceptor,C,262,,LYS,0.65355,0.652897,65.355,45.881
asparaginase_alumoh,hbond_acceptor,hbond_acceptor,D,75,,THR,0.65008,0.65008,65.073,53.303
asparaginase_alumoh,hbond_acceptor,hbond_acceptor,D,43,,LYS,0.64905,0.648402,64.905,20.387
asparaginase_alumoh,hbond_acceptor,hbond_acceptor,B,213,,LYS,0.6482,0.647552,64.82,20.361
asparaginase_alumoh,hbond_acceptor,hbond_acceptor,B,288,,LYS,0.64393,0.643287,64.393,20.226
asparaginase_alumoh,hbond_acceptor,hbond_acceptor,C,49,,LYS,0.64009,0.639451,64.009,22.489
asparaginase_alumoh,hbond_acceptor,hbond_acceptor,C,251,,LYS,0.63334,0.632707,63.334,36.489
asparaginase_alumoh,hbond_acceptor,hbond_acceptor,C,213,,LYS,0.62878,0.628152,62.878,19.751
asparaginase_alumoh,hbond_acceptor,hbond_acceptor,B,186,,LYS,0.62824,0.627612,62.824,19.734
asparaginase_alumoh,hbond_acceptor,hbond_acceptor,C,288,,LYS,0.62807,0.627443,62.807,19.728
asparaginase_alumoh,hbond_acceptor,hbond_acceptor,D,314,,LYS,0.61996,0.619341,61.996,31.391
asparaginase_alumoh,hbond_acceptor,hbond_acceptor,C,79,,LYS,0.60832,0.607712,60.832,25.108
asparaginase_alumoh,hbond_acceptor,hbond_acceptor,A,68,,THR,0.60725,0.60725,60.786,38.405
asparaginase_alumoh,hbond_acceptor,hbond_acceptor,A,49,,LYS,0.60068,0.60008,60.068,20.753
asparaginase_alumoh,hbond_acceptor,hbond_acceptor,D,29,,LYS,0.59352,0.592927,59.352,24.497
asparaginase_alumoh,hbond_acceptor,hbond_acceptor,D,229,,LYS,0.59156,0.590969,59.156,24.322
asparaginase_alumoh,hbond_acceptor,hbond_acceptor,C,19,,SER,0.58667,0.58667,58.726,78.497
asparaginase_alumoh,hbond_acceptor,hbond_acceptor,A,29,,LYS,0.58483,0.584246,58.483,24.138
asparaginase_alumoh,hbond_acceptor,hbond_acceptor,B,79,,LYS,0.5828,0.582218,58.28,24.055
asparaginase_alumoh,hbond_acceptor,hbond_acceptor,D,79,,LYS,0.58105,0.58047,58.105,23.982
asparaginase_alumoh,hbond_acceptor,hbond_acceptor,D,68,,THR,0.57631,0.57631,57.689,38.245
asparaginase_alumoh,hbond_acceptor,hbond_acceptor,B,68,,THR,0.57488,0.57488,57.545,36.535
asparaginase_alumoh,hbond_acceptor,hbond_acceptor,A,22,,LYS,0.57409,0.573516,57.409,43.594
asparaginase_alumoh,hbond_acceptor,hbond_acceptor,C,68,,THR,0.57055,0.57055,57.112,37.103
asparaginase_alumoh,hbond_acceptor,hbond_acceptor,A,172,,LYS,0.56639,0.565824,56.639,29.097
asparaginase_alumoh,hbond_acceptor,hbond_acceptor,C,186,,LYS,0.55974,0.559181,55.974,17.582
asparaginase_alumoh,hbond_acceptor,hbond_acceptor,B,192,,THR,0.55817,0.55817,55.873,31.172
asparaginase_alumoh,hbond_acceptor,hbond_acceptor,D,172,,LYS,0.55188,0.551329,55.188,28.715
asparaginase_alumoh,hbond_acceptor,hbond_acceptor,B,172,,LYS,0.54992,0.549371,54.992,28.472
asparaginase_alumoh,hbond_acceptor,hbond_acceptor,B,229,,LYS,0.54521,0.544665,54.521,20.629
asparaginase_alumoh,hbond_acceptor,hbond_acceptor,C,172,,LYS,0.5333,0.532767,53.33,28.032
asparaginase_alumoh,hbond_acceptor,hbond_acceptor,A,79,,LYS,0.52966,0.529131,52.966,21.861
asparaginase_alumoh,hbond_acceptor,hbond_acceptor,C,22,,LYS,0.5293,0.528771,52.93,70.627
asparaginase_alumoh,hbond_acceptor,hbond_acceptor,A,192,,THR,0.52647,0.52647,52.7,29.626
asparaginase_alumoh,hbond_acceptor,hbond_acceptor,D,262,,LYS,0.51916,0.518641,51.916,44.416
asparaginase_alumoh,hbond_acceptor,hbond_acceptor,C,229,,LYS,0.51914,0.518621,51.914,19.334
asparaginase_alumoh,hbond_acceptor,hbond_acceptor,C,192,,THR,0.51066,0.51066,51.117,28.972
asparaginase_alumoh,hbond_acceptor,hbond_acceptor,D,192,,THR,0.50999,0.50999,51.05,28.179
asparaginase_alumoh,hbond_acceptor,hbond_acceptor,D,206,,SER,0.50964,0.50964,51.015,56.305
asparaginase_alumoh,hbond_acceptor,hbond_acceptor,C,196,,LYS,0.50609,0.505584,50.609,27.123
asparaginase_alumoh,hbond_acceptor,hbond_acceptor,C,206,,SER,0.50355,0.50355,50.405,54.372
asparaginase_alumoh,hbond_acceptor,hbond_acceptor,C,29,,LYS,0.50287,0.502368,50.287,20.756
asparaginase_alumoh,hbond_acceptor,hbond_acceptor,D,196,,LYS,0.50279,0.502288,50.279,26.762
asparaginase_alumoh,hbond_acceptor,hbond_acceptor,A,206,,SER,0.5018,0.5018,50.23,54.806
asparaginase_alumoh,hbond_acceptor,hbond_acceptor,A,229,,LYS,0.50013,0.49963,50.013,20.291
asparaginase_alumoh,hbond_acceptor,hbond_acceptor,B,29,,LYS,0.49986,0.499361,49.986,20.631
asparaginase_alumoh,hbond_acceptor,hbond_acceptor,D,19,,SER,0.49332,0.49332,49.381,46.835
asparaginase_alumoh,hbond_acceptor,hbond_acceptor,C,314,,LYS,0.48536,0.484875,48.536,24.2
asparaginase_alumoh,hbond_acceptor,hbond_acceptor,B,206,,SER,0.48211,0.48211,48.259,51.542
asparaginase_alumoh,hbond_acceptor,hbond_acceptor,B,22,,LYS,0.47126,0.470789,47.126,45.33
asparaginase_alumoh,hbond_acceptor,hbond_acceptor,D,252,,THR,0.46583,0.46583,46.63,42.193
asparaginase_alumoh,hbond_acceptor,hbond_acceptor,D,22,,LYS,0.46158,0.461119,46.158,44.764
asparaginase_alumoh,hbond_acceptor,hbond_acceptor,B,196,,LYS,0.44693,0.446484,44.693,24.86
asparaginase_alumoh,hbond_acceptor,hbond_acceptor,B,19,,SER,0.44599,0.44599,44.644,37.877
asparaginase_alumoh,hbond_acceptor,hbond_acceptor,C,252,,THR,0.43154,0.43154,43.197,38.268
asparaginase_alumoh,hbond_acceptor,hbond_acceptor,B,252,,THR,0.43087,0.43087,43.13,38.395
asparaginase_alumoh,hbond_acceptor,hbond_acceptor,A,196,,LYS,0.42057,0.42015,42.057,23.274
asparaginase_alumoh,hbond_acceptor,hbond_acceptor,A,166,,THR,0.40801,0.40801,40.842,16.857
asparaginase_alumoh,hbond_acceptor,hbond_acceptor,D,119,,THR,0.40385,0.40385,40.425,38.519
asparaginase_alumoh,hbond_acceptor,hbond_acceptor,D,166,,THR,0.39939,0.39939,39.979,16.501
asparaginase_alumoh,hbond_acceptor,hbond_acceptor,B,119,,THR,0.39791,0.39791,39.831,36.714
asparaginase_alumoh,hbond_acceptor,hbond_acceptor,D,118,,SER,0.39289,0.39289,39.328,36.198
asparaginase_alumoh,hbond_acceptor,hbond_acceptor,A,119,,THR,0.39197,0.39197,39.236,34.373
asparaginase_alumoh,hbond_acceptor,hbond_acceptor,B,199,,SER,0.38929,0.38929,38.968,27.74
asparaginase_alumoh,hbond_acceptor,hbond_acceptor,A,252,,THR,0.38862,0.38862,38.901,38.095
asparaginase_alumoh,hbond_acceptor,hbond_acceptor,B,118,,SER,0.38441,0.38441,38.479,34.987
asparaginase_alumoh,hbond_acceptor,hbond_acceptor,A,107,,LYS,0.38103,0.380649,38.103,15.727
asparaginase_alumoh,hbond_acceptor,hbond_acceptor,B,107,,LYS,0.37963,0.379251,37.963,15.669
asparaginase_alumoh,hbond_acceptor,hbond_acceptor,A,199,,SER,0.37646,0.37646,37.684,26.443
asparaginase_alumoh,hbond_acceptor,hbond_acceptor,C,21,,THR,0.37474,0.37474,37.511,61.568
asparaginase_alumoh,hbond_acceptor,hbond_acceptor,D,199,,SER,0.37222,0.37222,37.259,27.495
asparaginase_alumoh,hbond_acceptor,hbond_acceptor,B,166,,THR,0.36778,0.36778,36.815,15.195
asparaginase_alumoh,hbond_acceptor,hbond_acceptor,D,71,,LYS,0.36392,0.363556,36.392,74.71
asparaginase_alumoh,hbond_acceptor,hbond_acceptor,C,118,,SER,0.36036,0.36036,36.072,31.818
asparaginase_alumoh,hbond_acceptor,hbond_acceptor,C,166,,THR,0.35389,0.35389,35.424,14.621
asparaginase_alumoh,hbond_acceptor,hbond_acceptor,C,107,,LYS,0.35411,0.353756,35.411,14.616
asparaginase_alumoh,hbond_acceptor,hbond_acceptor,A,19,,SER,0.35131,0.35131,35.166,47.219
asparaginase_alumoh,hbond_acceptor,hbond_acceptor,D,107,,LYS,0.34668,0.346334,34.668,14.309
asparaginase_alumoh,hbond_acceptor,hbond_acceptor,C,23,,SER,0.34631,0.34631,34.666,36.154
asparaginase_alumoh,hbond_acceptor,hbond_acceptor,C,119,,THR,0.32664,0.32664,32.697,56.056
asparaginase_alumoh,hbond_acceptor,hbond_acceptor,A,71,,LYS,0.32263,0.322308,32.263,76.103
asparaginase_alumoh,hbond_acceptor,hbond_acceptor,A,118,,SER,0.31227,0.31227,31.258,33.286
asparaginase_alumoh,hbond_acceptor,hbond_acceptor,C,72,,LYS,0.3124,0.312088,31.24,58.684
asparaginase_alumoh,hbond_acceptor,hbond_acceptor,B,71,,LYS,0.30973,0.309421,30.973,68.645
asparaginase_alumoh,hbond_acceptor,hbond_acceptor,C,199,,SER,0.30553,0.30553,30.584,24.863
asparaginase_alumoh,hbond_acceptor,hbond_acceptor,A,72,,LYS,0.30028,0.29998,30.028,54.179
asparaginase_alumoh,hbond_acceptor,hbond_acceptor,C,71,,LYS,0.29768,0.297383,29.768,74.517
asparaginase_alumoh,hbond_acceptor,hbond_acceptor,C,104,,LYS,0.29656,0.296264,29.656,18.922
asparaginase_alumoh,hbond_acceptor,hbond_acceptor,B,72,,LYS,0.29536,0.295065,29.536,52.707
asparaginase_alumoh,hbond_acceptor,hbond_acceptor,B,275,,THR,0.29418,0.29418,29.447,14.828
asparaginase_alumoh,hbond_acceptor,hbond_acceptor,D,104,,LYS,0.29355,0.293257,29.355,20.924
asparaginase_alumoh,hbond_acceptor,hbond_acceptor,C,275,,THR,0.29284,0.29284,29.313,16.174
asparaginase_alumoh,hbond_acceptor,hbond_acceptor,B,104,,LYS,0.2824,0.282118,28.24,27.74
asparaginase_alumoh,hbond_acceptor,hbond_acceptor,A,275,,THR,0.28163,0.28163,28.191,15.096
asparaginase_alumoh,hbond_acceptor,hbond_acceptor,D,275,,THR,0.28029,0.28029,28.057,13.605
asparaginase_alumoh,hbond_acceptor,hbond_acceptor,D,72,,LYS,0.27678,0.276503,27.678,53.303
asparaginase_alumoh,hbond_acceptor,hbond_acceptor,A,104,,LYS,0.26382,0.263556,26.382,20.124
asparaginase_alumoh,hbond_acceptor,hbond_acceptor,B,21,,THR,0.23319,0.23319,23.342,29.085
asparaginase_alumoh,hbond_acceptor,hbond_acceptor,A,163,,THR,0.22157,0.22157,22.179,21.253
asparaginase_alumoh,hbond_acceptor,hbond_acceptor,A,21,,THR,0.21805,0.21805,21.827,47.219
asparaginase_alumoh,hbond_acceptor,hbond_acceptor,B,153,,THR,0.20233,0.20233,20.253,8.359
asparaginase_alumoh,hbond_acceptor,hbond_acceptor,C,163,,THR,0.19849,0.19849,19.869,19.836
asparaginase_alumoh,hbond_acceptor,hbond_acceptor,B,144,,ARG,0.19633,0.196328,19.652,23.723
asparaginase_alumoh,hbond_acceptor,hbond_acceptor,C,144,,ARG,0.19059,0.190588,19.078,28.972
asparaginase_alumoh,hbond_acceptor,hbond_acceptor,A,144,,ARG,0.19059,0.190588,19.078,22.546
asparaginase_alumoh,hbond_acceptor,hbond_acceptor,A,153,,THR,0.18652,0.18652,18.671,7.706
asparaginase_alumoh,hbond_acceptor,hbond_acceptor,C,153,,THR,0.18652,0.18652,18.671,7.706
asparaginase_alumoh,hbond_acceptor,hbond_acceptor,B,23,,SER,0.18541,0.18541,18.56,27.111
asparaginase_alumoh,hbond_acceptor,hbond_acceptor,D,256,,THR,0.18259,0.18259,18.277,38.791
asparaginase_alumoh,hbond_acceptor,hbond_acceptor,D,21,,THR,0.17916,0.17916,17.934,52.436
asparaginase_alumoh,hbond_acceptor,hbond_acceptor,D,163,,THR,0.17741,0.17741,17.759,25.421
asparaginase_alumoh,hbond_acceptor,hbond_acceptor,D,144,,ARG,0.17206,0.172058,17.223,21.445
asparaginase_alumoh,hbond_acceptor,hbond_acceptor,D,153,,THR,0.17138,0.17138,17.155,7.081
asparaginase_alumoh,hbond_acceptor,hbond_acceptor,D,5,,THR,0.16871,0.16871,16.888,26.533
asparaginase_alumoh,hbond_acceptor,hbond_acceptor,B,311,,THR,0.16285,0.16285,16.301,6.728
asparaginase_alumoh,hbond_acceptor,hbond_acceptor,B,265,,THR,0.15808,0.15808,15.824,6.531
asparaginase_alumoh,hbond_acceptor,hbond_acceptor,B,195,,ARG,0.15523,0.155228,15.538,21.131
asparaginase_alumoh,hbond_acceptor,hbond_acceptor,D,23,,SER,0.15451,0.15451,15.466,25.435
asparaginase_alumoh,hbond_acceptor,hbond_acceptor,B,163,,THR,0.1524,0.1524,15.255,17.877
asparaginase_alumoh,hbond_acceptor,hbond_acceptor,C,195,,ARG,0.15091,0.150908,15.106,22.664
asparaginase_alumoh,hbond_acceptor,hbond_acceptor,C,311,,THR,0.14772,0.14772,14.787,6.103
asparaginase_alumoh,hbond_acceptor,hbond_acceptor,A,256,,THR,0.14571,0.14571,14.586,35.768
asparaginase_alumoh,hbond_acceptor,hbond_acceptor,C,161,,THR,0.14571,0.14571,14.586,28.032
asparaginase_alumoh,hbond_acceptor,hbond_acceptor,D,195,,ARG,0.14545,0.145449,14.559,22.415
asparaginase_alumoh,hbond_acceptor,hbond_acceptor,D,116,,ARG,0.14517,0.145169,14.531,5.998
asparaginase_alumoh,hbond_acceptor,hbond_acceptor,D,311,,THR,0.14379,0.14379,14.393,5.941
asparaginase_alumoh,hbond_acceptor,hbond_acceptor,D,161,,THR,0.1437,0.1437,14.384,29.481
asparaginase_alumoh,hbond_acceptor,hbond_acceptor,A,195,,ARG,0.14317,0.143169,14.331,19.544
asparaginase_alumoh,hbond_acceptor,hbond_acceptor,A,311,,THR,0.14245,0.14245,14.259,5.885
asparaginase_alumoh,hbond_acceptor,hbond_acceptor,D,313,,THR,0.14044,0.14044,14.058,28.41
asparaginase_alumoh,hbond_acceptor,hbond_acceptor,B,161,,THR,0.13977,0.13977,13.991,28.472
asparaginase_alumoh,hbond_acceptor,hbond_acceptor,B,116,,ARG,0.13914,0.139139,13.928,5.749
asparaginase_alumoh,hbond_acceptor,hbond_acceptor,A,161,,THR,0.13843,0.13843,13.857,29.097
asparaginase_alumoh,hbond_acceptor,hbond_acceptor,D,265,,THR,0.13767,0.13767,13.781,5.688
asparaginase_alumoh,hbond_acceptor,hbond_acceptor,A,265,,THR,0.137,0.137,13.714,5.66
asparaginase_alumoh,hbond_acceptor,hbond_acceptor,C,116,,ARG,0.13698,0.136979,13.712,5.659
asparaginase_alumoh,hbond_acceptor,hbond_acceptor,A,116,,ARG,0.13641,0.136409,13.655,5.636
asparaginase_alumoh,hbond_acceptor,hbond_acceptor,D,120,,SER,0.13557,0.13557,13.571,45.921
asparaginase_alumoh,hbond_acceptor,hbond_acceptor,A,313,,THR,0.1345,0.1345,13.463,31.544
asparaginase_alumoh,hbond_acceptor,hbond_acceptor,A,120,,SER,0.12773,0.12773,12.786,34.373
asparaginase_alumoh,hbond_acceptor,hbond_acceptor,A,279,,THR,0.12472,0.12472,12.484,3.921
asparaginase_alumoh,hbond_acceptor,hbond_acceptor,D,279,,THR,0.11878,0.11878,11.89,3.735
asparaginase_alumoh,hbond_acceptor,hbond_acceptor,A,23,,SER,0.11588,0.11588,11.6,28.483
asparaginase_alumoh,hbond_acceptor,hbond_acceptor,B,256,,THR,0.11141,0.11141,11.152,31.762
asparaginase_alumoh,hbond_acceptor,hbond_acceptor,B,313,,THR,0.11074,0.11074,11.085,31.216
asparaginase_alumoh,hbond_acceptor,hbond_acceptor,C,279,,THR,0.1069,0.1069,10.701,4.417
asparaginase_alumoh,hbond_acceptor,hbond_acceptor,B,120,,SER,0.1063,0.1063,10.641,36.714
asparaginase_alumoh,hbond_acceptor,hbond_acceptor,B,5,,THR,0.10213,0.10213,10.223,24.307
asparaginase_alumoh,hbond_acceptor,hbond_acceptor,C,313,,THR,0.10087,0.10087,10.097,23.062
asparaginase_alumoh,hbond_acceptor,hbond_acceptor,C,265,,THR,0.10012,0.10012,10.022,4.137
asparaginase_alumoh,hbond_acceptor,hbond_acceptor,C,256,,THR,0.09627,0.09627,9.637,33.155
asparaginase_alumoh,hbond_acceptor,hbond_acceptor,A,12,,THR,0.09025,0.09025,9.034,3.729
asparaginase_alumoh,hbond_acceptor,hbond_acceptor,C,12,,THR,0.09025,0.09025,9.034,3.729
asparaginase_alumoh,hbond_acceptor,hbond_acceptor,B,279,,THR,0.08908,0.08908,8.917,3.68
asparaginase_alumoh,hbond_acceptor,hbond_acceptor,B,12,,THR,0.08498,0.08498,8.506,3.511
asparaginase_alumoh,hbond_acceptor,hbond_acceptor,C,120,,SER,0.08312,0.08312,8.32,56.056
asparaginase_alumoh,hbond_acceptor,hbond_acceptor,C,5,,THR,0.07578,0.07578,7.586,22.489
asparaginase_alumoh,hbond_acceptor,hbond_acceptor,C,89,,THR,0.07444,0.07444,7.451,3.076
asparaginase_alumoh,hbond_acceptor,hbond_acceptor,D,12,,THR,0.07377,0.07377,7.384,3.048
asparaginase_alumoh,hbond_acceptor,hbond_acceptor,B,158,,ARG,0.07034,0.070339,7.041,2.906
asparaginase_alumoh,hbond_acceptor,hbond_acceptor,D,158,,ARG,0.06517,0.065169,6.523,2.693
asparaginase_alumoh,hbond_acceptor,hbond_acceptor,C,158,,ARG,0.06431,0.064309,6.437,2.657
asparaginase_alumoh,hbond_acceptor,hbond_acceptor,A,5,,THR,0.05997,0.05997,6.003,20.753
asparaginase_alumoh,hbond_acceptor,hbond_acceptor,A,158,,ARG,0.05828,0.058279,5.834,2.408
asparaginase_alumoh,hbond_acceptor,hbond_acceptor,A,89,,THR,0.05796,0.05796,5.802,2.395
asparaginase_alumoh,hbond_acceptor,hbond_acceptor,C,224,,SER,0.05658,0.05658,5.664,2.338
asparaginase_alumoh,oxide,oxide,A,18,,ASP,1.0,0.999749,100.0,47.763
asparaginase_alumoh,oxide,oxide,A,210,,GLU,0.98305,0.982659,98.291,75.784
asparaginase_alumoh,oxide,oxide,C,210,,GLU,0.97256,0.972173,97.242,74.975
asparaginase_alumoh,oxide,oxide,B,210,,GLU,0.96315,0.962767,96.301,74.25
asparaginase_alumoh,oxide,oxide,C,255,,ASP,0.95686,0.95662,95.686,58.771
asparaginase_alumoh,oxide,oxide,D,210,,GLU,0.95071,0.950332,95.057,73.291
asparaginase_alumoh,oxide,oxide,D,33,,GLU,0.94325,0.942875,94.311,66.819
asparaginase_alumoh,oxide,oxide,D,44,,ASP,0.93154,0.931306,93.154,44.493
asparaginase_alumoh,oxide,oxide,A,44,,ASP,0.92229,0.922058,92.229,44.051
asparaginase_alumoh,oxide,oxide,B,64,,ASP,0.9178,0.91757,91.78,86.003
asparaginase_alumoh,oxide,oxide,C,64,,ASP,0.91446,0.91423,91.446,86.15
asparaginase_alumoh,oxide,oxide,A,64,,ASP,0.90988,0.909652,90.988,85.643
asparaginase_alumoh,oxide,oxide,D,64,,ASP,0.90071,0.900484,90.071,84.833
asparaginase_alumoh,oxide,oxide,C,233,,ASP,0.89013,0.889906,89.013,42.515
asparaginase_alumoh,oxide,oxide,B,233,,ASP,0.88354,0.883318,88.354,42.2
asparaginase_alumoh,oxide,oxide,A,255,,ASP,0.88096,0.880739,88.096,61.948
asparaginase_alumoh,oxide,oxide,C,44,,ASP,0.87963,0.879409,87.963,42.014
asparaginase_alumoh,oxide,oxide,B,78,,ASP,0.87789,0.87767,87.789,79.742
asparaginase_alumoh,oxide,oxide,A,233,,ASP,0.85138,0.851166,85.138,40.664
asparaginase_alumoh,oxide,oxide,C,33,,GLU,0.83802,0.837687,83.79,52.975
asparaginase_alumoh,oxide,oxide,C,78,,ASP,0.8359,0.83569,83.59,79.682
asparaginase_alumoh,oxide,oxide,D,200,,ASP,0.83146,0.831251,83.146,39.713
asparaginase_alumoh,oxide,oxide,A,78,,ASP,0.82148,0.821274,82.148,81.843
asparaginase_alumoh,oxide,oxide,B,18,,ASP,0.79822,0.79802,79.822,38.125
asparaginase_alumoh,oxide,oxide,C,200,,ASP,0.78679,0.786592,78.679,37.579
asparaginase_alumoh,oxide,oxide,A,285,,ASP,0.7504,0.750212,75.04,64.192
asparaginase_alumoh,oxide,oxide,B,44,,ASP,0.74907,0.748882,74.907,35.778
asparaginase_alumoh,oxide,oxide,B,200,,ASP,0.73964,0.739454,73.964,35.327
asparaginase_alumoh,oxide,oxide,B,33,,GLU,0.73808,0.737786,73.797,50.51
asparaginase_alumoh,oxide,oxide,A,200,,ASP,0.72847,0.728287,72.847,34.794
asparaginase_alumoh,oxide,oxide,C,204,,ASP,0.7274,0.727217,72.74,34.743
asparaginase_alumoh,oxide,oxide,A,33,,GLU,0.71799,0.717704,71.788,51.548
asparaginase_alumoh,oxide,oxide,D,78,,ASP,0.71583,0.71565,71.583,75.486
asparaginase_alumoh,oxide,oxide,C,285,,ASP,0.70641,0.706233,70.641,60.293
asparaginase_alumoh,oxide,oxide,D,233,,ASP,0.69333,0.693156,69.333,33.115
asparaginase_alumoh,oxide,oxide,D,285,,ASP,0.669,0.668832,66.9,55.584
asparaginase_alumoh,oxide,oxide,C,18,,ASP,0.65948,0.659314,65.948,31.499
asparaginase_alumoh,oxide,oxide,B,255,,ASP,0.65334,0.653176,65.334,44.995
asparaginase_alumoh,oxide,oxide,D,81,,ASP,0.64524,0.645078,64.524,49.749
asparaginase_alumoh,oxide,oxide,B,285,,ASP,0.64008,0.639919,64.008,54.723
asparaginase_alumoh,oxide,oxide,A,204,,ASP,0.61784,0.617685,61.784,29.51
asparaginase_alumoh,oxide,oxide,C,81,,ASP,0.61441,0.614256,61.441,47.372
asparaginase_alumoh,oxide,oxide,D,255,,ASP,0.61125,0.611096,61.125,47.129
asparaginase_alumoh,oxide,oxide,A,81,,ASP,0.6085,0.608347,60.85,46.917
asparaginase_alumoh,oxide,oxide,D,18,,ASP,0.60285,0.602699,60.285,28.794
asparaginase_alumoh,oxide,oxide,D,204,,ASP,0.59876,0.59861,59.876,28.599
asparaginase_alumoh,oxide,oxide,A,315,,ASP,0.59351,0.593361,59.351,28.348
asparaginase_alumoh,oxide,oxide,B,81,,ASP,0.58617,0.586023,58.617,45.195
asparaginase_alumoh,oxide,oxide,B,315,,ASP,0.57709,0.576945,57.709,27.563
asparaginase_alumoh,oxide,oxide,D,315,,ASP,0.55343,0.553291,55.343,26.433
asparaginase_alumoh,oxide,oxide,A,237,,ASP,0.55192,0.551781,55.192,26.361
asparaginase_alumoh,oxide,oxide,B,204,,ASP,0.50761,0.507483,50.761,24.245
asparaginase_alumoh,oxide,oxide,A,281,,ASP,0.49217,0.492046,49.217,37.947
asparaginase_alumoh,oxide,oxide,C,315,,ASP,0.48194,0.481819,48.194,23.019
asparaginase_alumoh,oxide,oxide,B,237,,ASP,0.47251,0.472391,47.251,22.568
asparaginase_alumoh,oxide,oxide,D,225,,ASP,0.46193,0.461814,46.193,35.616
asparaginase_alumoh,oxide,oxide,A,188,,ASP,0.45645,0.456335,45.645,21.801
asparaginase_alumoh,oxide,oxide,D,51,,GLU,0.45593,0.455749,45.586,35.148
asparaginase_alumoh,oxide,oxide,D,237,,ASP,0.4521,0.451986,45.21,21.594
asparaginase_alumoh,oxide,oxide,C,237,,ASP,0.44293,0.442819,44.293,21.156
asparaginase_alumoh,oxide,oxide,D,60,,ASP,0.44177,0.441659,44.177,21.1
asparaginase_alumoh,oxide,oxide,B,281,,ASP,0.42518,0.425073,42.518,32.782
asparaginase_alumoh,oxide,oxide,C,281,,ASP,0.42518,0.425073,42.518,32.782
asparaginase_alumoh,oxide,oxide,B,138,,ASP,0.41677,0.416665,41.677,19.906
asparaginase_alumoh,oxide,oxide,A,225,,ASP,0.41602,0.415916,41.602,32.076
asparaginase_alumoh,oxide,oxide,C,188,,ASP,0.41179,0.411687,41.179,19.668
asparaginase_alumoh,oxide,oxide,B,60,,ASP,0.41094,0.410837,41.094,19.628
asparaginase_alumoh,oxide,oxide,A,138,,ASP,0.40761,0.407508,40.761,19.469
asparaginase_alumoh,oxide,oxide,D,188,,ASP,0.4072,0.407098,40.72,19.449
asparaginase_alumoh,oxide,oxide,C,60,,ASP,0.40169,0.401589,40.169,19.186
asparaginase_alumoh,oxide,oxide,C,138,,ASP,0.3932,0.393101,39.32,18.78
asparaginase_alumoh,oxide,oxide,B,188,,ASP,0.39079,0.390692,39.079,18.665
asparaginase_alumoh,oxide,oxide,A,60,,ASP,0.38586,0.385763,38.586,18.43
asparaginase_alumoh,oxide,oxide,D,138,,ASP,0.38136,0.381264,38.136,18.215
asparaginase_alumoh,oxide,oxide,A,51,,GLU,0.36142,0.361276,36.137,27.862
asparaginase_alumoh,oxide,oxide,D,281,,ASP,0.35694,0.35685,35.694,27.521
asparaginase_alumoh,oxide,oxide,C,167,,ASP,0.35111,0.351022,35.111,26.333
asparaginase_alumoh,oxide,oxide,A,167,,ASP,0.34386,0.343774,34.386,26.512
asparaginase_alumoh,oxide,oxide,C,106,,ASP,0.33488,0.334796,33.488,15.995
asparaginase_alumoh,oxide,oxide,B,51,,GLU,0.3196,0.319473,31.955,24.638
asparaginase_alumoh,oxide,oxide,D,167,,ASP,0.30521,0.305133,30.521,23.532
asparaginase_alumoh,oxide,oxide,A,106,,ASP,0.29355,0.293476,29.355,14.021
asparaginase_alumoh,oxide,oxide,B,225,,ASP,0.2887,0.288628,28.87,22.259
asparaginase_alumoh,oxide,oxide,A,76,,ASP,0.28354,0.283469,28.354,52.779
asparaginase_alumoh,oxide,oxide,C,225,,ASP,0.27362,0.273551,27.362,21.097
asparaginase_alumoh,oxide,oxide,C,51,,GLU,0.27127,0.271162,27.123,20.912
asparaginase_alumoh,oxide,oxide,B,167,,ASP,0.26713,0.267063,26.713,20.596
asparaginase_alumoh,oxide,oxide,D,76,,ASP,0.26321,0.263144,26.321,46.762
asparaginase_alumoh,oxide,oxide,B,106,,ASP,0.2548,0.254736,25.48,12.17
asparaginase_alumoh,oxide,oxide,D,106,,ASP,0.25414,0.254076,25.414,12.138
asparaginase_alumoh,oxide,oxide,C,152,,ASP,0.24555,0.245488,24.555,18.932
asparaginase_alumoh,oxide,oxide,C,76,,ASP,0.21797,0.217915,21.797,50.336
asparaginase_alumoh,oxide,oxide,A,152,,ASP,0.21539,0.215336,21.539,16.607
asparaginase_alumoh,oxide,oxide,B,152,,ASP,0.21339,0.213336,21.339,16.453
asparaginase_alumoh,oxide,oxide,B,76,,ASP,0.20547,0.205418,20.547,51.744
asparaginase_alumoh,oxide,oxide,C,63,,ASP,0.20289,0.202839,20.289,86.15
asparaginase_alumoh,oxide,oxide,A,63,,ASP,0.20089,0.20084,20.089,85.643
asparaginase_alumoh,oxide,oxide,D,152,,ASP,0.20022,0.20017,20.022,15.437
asparaginase_alumoh,oxide,oxide,D,63,,ASP,0.19956,0.19951,19.956,84.833
asparaginase_alumoh,oxide,oxide,B,63,,ASP,0.19764,0.19759,19.764,86.003
asparaginase_alumoh,oxide,oxide,A,283,,GLU,0.1657,0.165634,16.568,12.774
asparaginase_alumoh,oxide,oxide,B,283,,GLU,0.1314,0.131348,13.138,10.13
asparaginase_alumoh,oxide,oxide,D,100,,ASP,0.12598,0.125948,12.598,6.017
asparaginase_alumoh,oxide,oxide,A,124,,ASP,0.10583,0.105803,10.583,8.16
asparaginase_alumoh,oxide,oxide,C,100,,ASP,0.10498,0.104954,10.498,5.014
asparaginase_alumoh,oxide,oxide,D,283,,GLU,0.10203,0.101989,10.202,7.866
asparaginase_alumoh,oxide,oxide,B,124,,ASP,0.09991,0.099885,9.991,7.703
asparaginase_alumoh,oxide,oxide,C,124,,ASP,0.09991,0.099885,9.991,7.703
asparaginase_alumoh,oxide,oxide,B,100,,ASP,0.09973,0.099705,9.973,4.763
asparaginase_alumoh,oxide,oxide,C,283,,GLU,0.09906,0.099021,9.905,7.637
asparaginase_alumoh,oxide,oxide,B,90,,ASP,0.09782,0.097795,9.782,4.672
asparaginase_alumoh,oxide,oxide,C,90,,ASP,0.09782,0.097795,9.782,4.672
asparaginase_alumoh,oxide,oxide,A,90,,ASP,0.09715,0.097126,9.715,4.64
asparaginase_alumoh,oxide,oxide,D,90,,ASP,0.0919,0.091877,9.19,4.389
asparaginase_alumoh,oxide,oxide,A,159,,ASP,0.08274,0.082719,8.274,3.952
asparaginase_alumoh,oxide,oxide,A,286,,ASP,0.08216,0.082139,8.216,63.273
asparaginase_alumoh,oxide,oxide,B,159,,ASP,0.07749,0.077471,7.749,3.701
asparaginase_alumoh,oxide,oxide,D,124,,ASP,0.07691,0.076891,7.691,5.93
asparaginase_alumoh,oxide,oxide,C,286,,ASP,0.07558,0.075561,7.558,57.658
asparaginase_alumoh,oxide,oxide,A,100,,ASP,0.07349,0.073472,7.349,3.51
asparaginase_alumoh,oxide,oxide,B,286,,ASP,0.06966,0.069643,6.966,54.207
asparaginase_alumoh,oxide,oxide,C,159,,ASP,0.06699,0.066973,6.699,3.2
asparaginase_alumoh,oxide,oxide,D,159,,ASP,0.06699,0.066973,6.699,3.2
asparaginase_alumoh,oxide,oxide,D,286,,ASP,0.05191,0.051897,5.191,51.481
asparaginase_alumoh,calcium_phosphate,hydroxyapatite,A,18,,ASP,1.0,0.999749,100.0,44.039
asparaginase_alumoh,calcium_phosphate,hydroxyapatite,B,139,,LYS,1.0,0.999001,99.925,50.243
asparaginase_alumoh,calcium_phosphate,hydroxyapatite,A,139,,LYS,0.98605,0.985065,98.531,49.636
asparaginase_alumoh,calcium_phosphate,hydroxyapatite,A,210,,GLU,0.98305,0.982659,98.291,49.782
asparaginase_alumoh,calcium_phosphate,hydroxyapatite,C,139,,LYS,0.9742,0.973227,97.347,65.342
asparaginase_alumoh,calcium_phosphate,hydroxyapatite,C,210,,GLU,0.97256,0.972173,97.242,49.251
asparaginase_alumoh,calcium_phosphate,hydroxyapatite,B,210,,GLU,0.96315,0.962767,96.301,48.775
asparaginase_alumoh,calcium_phosphate,hydroxyapatite,C,255,,ASP,0.95686,0.95662,95.686,48.463
asparaginase_alumoh,calcium_phosphate,hydroxyapatite,D,210,,GLU,0.95071,0.950332,95.057,48.145
asparaginase_alumoh,calcium_phosphate,hydroxyapatite,D,33,,GLU,0.94325,0.942875,94.311,47.767
asparaginase_alumoh,calcium_phosphate,hydroxyapatite,D,44,,ASP,0.93154,0.931306,93.154,44.219
asparaginase_alumoh,calcium_phosphate,hydroxyapatite,C,207,,LYS,0.92926,0.928332,92.856,46.342
asparaginase_alumoh,calcium_phosphate,hydroxyapatite,D,139,,LYS,0.9287,0.927772,92.801,46.337
asparaginase_alumoh,calcium_phosphate,hydroxyapatite,A,44,,ASP,0.92229,0.922058,92.229,49.361
asparaginase_alumoh,calcium_phosphate,hydroxyapatite,A,207,,LYS,0.91987,0.918951,91.918,43.013
asparaginase_alumoh,calcium_phosphate,hydroxyapatite,B,64,,ASP,0.9178,0.91757,91.78,56.495
asparaginase_alumoh,calcium_phosphate,hydroxyapatite,D,207,,LYS,0.91846,0.917542,91.777,42.44
asparaginase_alumoh,calcium_phosphate,hydroxyapatite,C,64,,ASP,0.91446,0.91423,91.446,56.592
asparaginase_alumoh,calcium_phosphate,hydroxyapatite,A,64,,ASP,0.90988,0.909652,90.988,56.259
asparaginase_alumoh,calcium_phosphate,hydroxyapatite,D,64,,ASP,0.90071,0.900484,90.071,55.727
asparaginase_alumoh,calcium_phosphate,hydroxyapatite,C,233,,ASP,0.89013,0.889906,89.013,39.427
asparaginase_alumoh,calcium_phosphate,hydroxyapatite,B,233,,ASP,0.88354,0.883318,88.354,39.972
asparaginase_alumoh,calcium_phosphate,hydroxyapatite,A,255,,ASP,0.88096,0.880739,88.096,44.619
asparaginase_alumoh,calcium_phosphate,hydroxyapatite,C,44,,ASP,0.87963,0.879409,87.963,43.258
asparaginase_alumoh,calcium_phosphate,hydroxyapatite,B,78,,ASP,0.87789,0.87767,87.789,73.635
asparaginase_alumoh,calcium_phosphate,hydroxyapatite,A,233,,ASP,0.85138,0.851166,85.138,37.811
asparaginase_alumoh,calcium_phosphate,hydroxyapatite,B,207,,LYS,0.84856,0.847712,84.793,42.946
asparaginase_alumoh,calcium_phosphate,hydroxyapatite,A,43,,LYS,0.84219,0.841349,84.156,49.361
asparaginase_alumoh,calcium_phosphate,hydroxyapatite,C,33,,GLU,0.83802,0.837687,83.79,42.438
asparaginase_alumoh,calcium_phosphate,hydroxyapatite,C,78,,ASP,0.8359,0.83569,83.59,63.697
asparaginase_alumoh,calcium_phosphate,hydroxyapatite,D,200,,ASP,0.83146,0.831251,83.146,45.852
asparaginase_alumoh,calcium_phosphate,hydroxyapatite,A,78,,ASP,0.82148,0.821274,82.148,62.764
asparaginase_alumoh,calcium_phosphate,hydroxyapatite,A,262,,LYS,0.81015,0.809341,80.954,22.655
asparaginase_alumoh,calcium_phosphate,hydroxyapatite,B,18,,ASP,0.79822,0.79802,79.822,35.516
asparaginase_alumoh,calcium_phosphate,hydroxyapatite,C,200,,ASP,0.78679,0.786592,78.679,44.794
asparaginase_alumoh,calcium_phosphate,hydroxyapatite,B,262,,LYS,0.7554,0.754645,75.483,21.124
asparaginase_alumoh,calcium_phosphate,hydroxyapatite,A,285,,ASP,0.7504,0.750212,75.04,60.623
asparaginase_alumoh,calcium_phosphate,hydroxyapatite,B,44,,ASP,0.74907,0.748882,74.907,41.706
asparaginase_alumoh,calcium_phosphate,hydroxyapatite,B,43,,LYS,0.7418,0.741059,74.125,41.706
asparaginase_alumoh,calcium_phosphate,hydroxyapatite,B,200,,ASP,0.73964,0.739454,73.964,41.426
asparaginase_alumoh,calcium_phosphate,hydroxyapatite,B,33,,GLU,0.73808,0.737786,73.797,37.377
asparaginase_alumoh,calcium_phosphate,hydroxyapatite,A,200,,ASP,0.72847,0.728287,72.847,39.927
asparaginase_alumoh,calcium_phosphate,hydroxyapatite,C,204,,ASP,0.7274,0.727217,72.74,36.842
asparaginase_alumoh,calcium_phosphate,hydroxyapatite,A,314,,LYS,0.727,0.726274,72.646,52.384
asparaginase_alumoh,calcium_phosphate,hydroxyapatite,A,186,,LYS,0.7207,0.71998,72.016,37.767
asparaginase_alumoh,calcium_phosphate,hydroxyapatite,B,314,,LYS,0.71992,0.719201,71.938,49.505
asparaginase_alumoh,calcium_phosphate,hydroxyapatite,A,33,,GLU,0.71799,0.717704,71.788,30.203
asparaginase_alumoh,calcium_phosphate,hydroxyapatite,D,78,,ASP,0.71583,0.71565,71.583,61.703
asparaginase_alumoh,calcium_phosphate,hydroxyapatite,C,285,,ASP,0.70641,0.706233,70.641,54.117
asparaginase_alumoh,calcium_phosphate,hydroxyapatite,D,251,,LYS,0.69419,0.693497,69.367,55.947
asparaginase_alumoh,calcium_phosphate,hydroxyapatite,D,233,,ASP,0.69333,0.693156,69.333,35.116
asparaginase_alumoh,calcium_phosphate,hydroxyapatite,D,213,,LYS,0.69139,0.690699,69.087,57.89
asparaginase_alumoh,calcium_phosphate,hydroxyapatite,D,186,,LYS,0.69097,0.69028,69.045,36.115
asparaginase_alumoh,calcium_phosphate,hydroxyapatite,D,288,,LYS,0.68472,0.684036,68.421,39.322
asparaginase_alumoh,calcium_phosphate,hydroxyapatite,B,251,,LYS,0.67954,0.678861,67.903,56.767
asparaginase_alumoh,calcium_phosphate,hydroxyapatite,A,251,,LYS,0.67793,0.677253,67.742,54.655
asparaginase_alumoh,calcium_phosphate,hydroxyapatite,A,288,,LYS,0.67638,0.675704,67.587,42.213
asparaginase_alumoh,calcium_phosphate,hydroxyapatite,D,49,,LYS,0.67584,0.675165,67.533,34.204
asparaginase_alumoh,calcium_phosphate,hydroxyapatite,B,49,,LYS,0.67161,0.670939,67.111,33.99
asparaginase_alumoh,calcium_phosphate,hydroxyapatite,A,213,,LYS,0.67056,0.66989,67.006,61.703
asparaginase_alumoh,calcium_phosphate,hydroxyapatite,D,285,,ASP,0.669,0.668832,66.9,52.166
asparaginase_alumoh,calcium_phosphate,hydroxyapatite,C,43,,LYS,0.66664,0.665974,66.614,43.258
asparaginase_alumoh,calcium_phosphate,hydroxyapatite,C,18,,ASP,0.65948,0.659314,65.948,33.257
asparaginase_alumoh,calcium_phosphate,hydroxyapatite,B,255,,ASP,0.65334,0.653176,65.334,33.091
asparaginase_alumoh,calcium_phosphate,hydroxyapatite,C,262,,LYS,0.65355,0.652897,65.306,18.276
asparaginase_alumoh,calcium_phosphate,hydroxyapatite,D,43,,LYS,0.64905,0.648402,64.856,44.219
asparaginase_alumoh,calcium_phosphate,hydroxyapatite,B,213,,LYS,0.6482,0.647552,64.772,56.737
asparaginase_alumoh,calcium_phosphate,hydroxyapatite,D,81,,ASP,0.64524,0.645078,64.524,32.68
asparaginase_alumoh,calcium_phosphate,hydroxyapatite,B,288,,LYS,0.64393,0.643287,64.345,37.869
asparaginase_alumoh,calcium_phosphate,hydroxyapatite,B,285,,ASP,0.64008,0.639919,64.008,53.444
asparaginase_alumoh,calcium_phosphate,hydroxyapatite,C,49,,LYS,0.64009,0.639451,63.961,32.395
asparaginase_alumoh,calcium_phosphate,hydroxyapatite,C,251,,LYS,0.63334,0.632707,63.287,51.597
asparaginase_alumoh,calcium_phosphate,hydroxyapatite,C,213,,LYS,0.62878,0.628152,62.831,29.978
asparaginase_alumoh,calcium_phosphate,hydroxyapatite,B,186,,LYS,0.62824,0.627612,62.777,32.997
asparaginase_alumoh,calcium_phosphate,hydroxyapatite,C,288,,LYS,0.62807,0.627443,62.76,39.447
asparaginase_alumoh,calcium_phosphate,hydroxyapatite,D,314,,LYS,0.61996,0.619341,61.95,45.476
asparaginase_alumoh,calcium_phosphate,hydroxyapatite,A,204,,ASP,0.61784,0.617685,61.784,31.292
asparaginase_alumoh,calcium_phosphate,hydroxyapatite,C,81,,ASP,0.61441,0.614256,61.441,31.119
asparaginase_alumoh,calcium_phosphate,hydroxyapatite,D,255,,ASP,0.61125,0.611096,61.125,30.959
asparaginase_alumoh,calcium_phosphate,hydroxyapatite,A,81,,ASP,0.6085,0.608347,60.85,30.819
asparaginase_alumoh,calcium_phosphate,hydroxyapatite,C,79,,LYS,0.60832,0.607712,60.786,63.697
asparaginase_alumoh,calcium_phosphate,hydroxyapatite,D,18,,ASP,0.60285,0.602699,60.285,29.778
asparaginase_alumoh,calcium_phosphate,hydroxyapatite,A,49,,LYS,0.60068,0.60008,60.023,26.91
asparaginase_alumoh,calcium_phosphate,hydroxyapatite,D,204,,ASP,0.59876,0.59861,59.876,30.326
asparaginase_alumoh,calcium_phosphate,hydroxyapatite,A,315,,ASP,0.59351,0.593361,59.351,36.939
asparaginase_alumoh,calcium_phosphate,hydroxyapatite,D,29,,LYS,0.59352,0.592927,59.308,16.597
asparaginase_alumoh,calcium_phosphate,hydroxyapatite,D,229,,LYS,0.59156,0.590969,59.112,29.939
asparaginase_alumoh,calcium_phosphate,hydroxyapatite,B,81,,ASP,0.58617,0.586023,58.617,29.688
asparaginase_alumoh,calcium_phosphate,hydroxyapatite,A,29,,LYS,0.58483,0.584246,58.439,16.354
asparaginase_alumoh,calcium_phosphate,hydroxyapatite,B,79,,LYS,0.5828,0.582218,58.236,63.019
asparaginase_alumoh,calcium_phosphate,hydroxyapatite,D,79,,LYS,0.58105,0.58047,58.062,61.703
asparaginase_alumoh,calcium_phosphate,hydroxyapatite,B,315,,ASP,0.57709,0.576945,57.709,36.281
asparaginase_alumoh,calcium_phosphate,hydroxyapatite,A,22,,LYS,0.57409,0.573516,57.366,29.055
asparaginase_alumoh,calcium_phosphate,hydroxyapatite,A,172,,LYS,0.56639,0.565824,56.597,18.154
asparaginase_alumoh,calcium_phosphate,hydroxyapatite,C,186,,LYS,0.55974,0.559181,55.932,29.547
asparaginase_alumoh,calcium_phosphate,hydroxyapatite,D,315,,ASP,0.55343,0.553291,55.343,32.824
asparaginase_alumoh,calcium_phosphate,hydroxyapatite,A,237,,ASP,0.55192,0.551781,55.192,54.526
asparaginase_alumoh,calcium_phosphate,hydroxyapatite,D,172,,LYS,0.55188,0.551329,55.147,17.307
asparaginase_alumoh,calcium_phosphate,hydroxyapatite,B,172,,LYS,0.54992,0.549371,54.951,17.546
asparaginase_alumoh,calcium_phosphate,hydroxyapatite,B,229,,LYS,0.54521,0.544665,54.48,27.593
asparaginase_alumoh,calcium_phosphate,hydroxyapatite,C,172,,LYS,0.5333,0.532767,53.29,16.788
asparaginase_alumoh,calcium_phosphate,hydroxyapatite,A,79,,LYS,0.52966,0.529131,52.926,62.764
asparaginase_alumoh,calcium_phosphate,hydroxyapatite,C,22,,LYS,0.5293,0.528771,52.89,47.03
asparaginase_alumoh,calcium_phosphate,hydroxyapatite,D,262,,LYS,0.51916,0.518641,51.877,14.518
asparaginase_alumoh,calcium_phosphate,hydroxyapatite,C,229,,LYS,0.51914,0.518621,51.875,26.274
asparaginase_alumoh,calcium_phosphate,hydroxyapatite,B,204,,ASP,0.50761,0.507483,50.761,25.71
asparaginase_alumoh,calcium_phosphate,hydroxyapatite,C,196,,LYS,0.50609,0.505584,50.571,43.663
asparaginase_alumoh,calcium_phosphate,hydroxyapatite,C,29,,LYS,0.50287,0.502368,50.249,14.062
asparaginase_alumoh,calcium_phosphate,hydroxyapatite,D,196,,LYS,0.50279,0.502288,50.241,45.24
asparaginase_alumoh,calcium_phosphate,hydroxyapatite,A,229,,LYS,0.50013,0.49963,49.976,49.453
asparaginase_alumoh,calcium_phosphate,hydroxyapatite,B,29,,LYS,0.49986,0.499361,49.949,13.978
asparaginase_alumoh,calcium_phosphate,hydroxyapatite,A,281,,ASP,0.49217,0.492046,49.217,24.928
asparaginase_alumoh,calcium_phosphate,hydroxyapatite,C,314,,LYS,0.48536,0.484875,48.5,39.455
asparaginase_alumoh,calcium_phosphate,hydroxyapatite,C,315,,ASP,0.48194,0.481819,48.194,27.059
asparaginase_alumoh,calcium_phosphate,hydroxyapatite,B,237,,ASP,0.47251,0.472391,47.251,51.481
asparaginase_alumoh,calcium_phosphate,hydroxyapatite,B,22,,LYS,0.47126,0.470789,47.091,23.851
asparaginase_alumoh,calcium_phosphate,hydroxyapatite,D,225,,ASP,0.46193,0.461814,46.193,23.396
asparaginase_alumoh,calcium_phosphate,hydroxyapatite,D,22,,LYS,0.46158,0.461119,46.123,23.361
asparaginase_alumoh,calcium_phosphate,hydroxyapatite,A,188,,ASP,0.45645,0.456335,45.645,23.118
asparaginase_alumoh,calcium_phosphate,hydroxyapatite,D,51,,GLU,0.45593,0.455749,45.586,23.089
asparaginase_alumoh,calcium_phosphate,hydroxyapatite,D,237,,ASP,0.4521,0.451986,45.21,49.322
asparaginase_alumoh,calcium_phosphate,hydroxyapatite,B,196,,LYS,0.44693,0.446484,44.66,40.665
asparaginase_alumoh,calcium_phosphate,hydroxyapatite,C,237,,ASP,0.44293,0.442819,44.293,43.551
asparaginase_alumoh,calcium_phosphate,hydroxyapatite,D,60,,ASP,0.44177,0.441659,44.177,31.365
asparaginase_alumoh,calcium_phosphate,hydroxyapatite,B,281,,ASP,0.42518,0.425073,42.518,21.535
asparaginase_alumoh,calcium_phosphate,hydroxyapatite,C,281,,ASP,0.42518,0.425073,42.518,21.535
asparaginase_alumoh,calcium_phosphate,hydroxyapatite,A,196,,LYS,0.42057,0.42015,42.026,38.614
asparaginase_alumoh,calcium_phosphate,hydroxyapatite,B,138,,ASP,0.41677,0.416665,41.677,57.195
asparaginase_alumoh,calcium_phosphate,hydroxyapatite,A,225,,ASP,0.41602,0.415916,41.602,21.071
asparaginase_alumoh,calcium_phosphate,hydroxyapatite,C,188,,ASP,0.41179,0.411687,41.179,20.856
asparaginase_alumoh,calcium_phosphate,hydroxyapatite,B,60,,ASP,0.41094,0.410837,41.094,30.912
asparaginase_alumoh,calcium_phosphate,hydroxyapatite,A,138,,ASP,0.40761,0.407508,40.761,59.134
asparaginase_alumoh,calcium_phosphate,hydroxyapatite,D,188,,ASP,0.4072,0.407098,40.72,20.624
asparaginase_alumoh,calcium_phosphate,hydroxyapatite,C,60,,ASP,0.40169,0.401589,40.169,30.199
asparaginase_alumoh,calcium_phosphate,hydroxyapatite,C,138,,ASP,0.3932,0.393101,39.32,53.898
asparaginase_alumoh,calcium_phosphate,hydroxyapatite,B,188,,ASP,0.39079,0.390692,39.079,19.793
asparaginase_alumoh,calcium_phosphate,hydroxyapatite,A,60,,ASP,0.38586,0.385763,38.586,28.509
asparaginase_alumoh,calcium_phosphate,hydroxyapatite,D,138,,ASP,0.38136,0.381264,38.136,55.964
asparaginase_alumoh,calcium_phosphate,hydroxyapatite,A,107,,LYS,0.38103,0.380649,38.074,34.152
asparaginase_alumoh,calcium_phosphate,hydroxyapatite,B,107,,LYS,0.37963,0.379251,37.935,32.118
asparaginase_alumoh,calcium_phosphate,hydroxyapatite,D,71,,LYS,0.36392,0.363556,36.365,25.282
asparaginase_alumoh,calcium_phosphate,hydroxyapatite,A,51,,GLU,0.36142,0.361276,36.137,18.303
asparaginase_alumoh,calcium_phosphate,hydroxyapatite,D,281,,ASP,0.35694,0.35685,35.694,18.078
asparaginase_alumoh,calcium_phosphate,hydroxyapatite,C,107,,LYS,0.35411,0.353756,35.385,34.883
asparaginase_alumoh,calcium_phosphate,hydroxyapatite,C,167,,ASP,0.35111,0.351022,35.111,17.783
asparaginase_alumoh,calcium_phosphate,hydroxyapatite,D,107,,LYS,0.34668,0.346334,34.642,30.417
asparaginase_alumoh,calcium_phosphate,hydroxyapatite,A,167,,ASP,0.34386,0.343774,34.386,17.416
asparaginase_alumoh,calcium_phosphate,hydroxyapatite,C,106,,ASP,0.33488,0.334796,33.488,32.902
asparaginase_alumoh,calcium_phosphate,hydroxyapatite,A,71,,LYS,0.32263,0.322308,32.239,25.354
asparaginase_alumoh,calcium_phosphate,hydroxyapatite,B,51,,GLU,0.3196,0.319473,31.955,16.185
asparaginase_alumoh,calcium_phosphate,hydroxyapatite,C,72,,LYS,0.3124,0.312088,31.217,23.16
asparaginase_alumoh,calcium_phosphate,hydroxyapatite,B,71,,LYS,0.30973,0.309421,30.95,30.624
asparaginase_alumoh,calcium_phosphate,hydroxyapatite,D,167,,ASP,0.30521,0.305133,30.521,15.458
asparaginase_alumoh,calcium_phosphate,hydroxyapatite,A,72,,LYS,0.30028,0.29998,30.006,25.354
asparaginase_alumoh,calcium_phosphate,hydroxyapatite,C,71,,LYS,0.29768,0.297383,29.746,23.16
asparaginase_alumoh,calcium_phosphate,hydroxyapatite,C,104,,LYS,0.29656,0.296264,29.634,15.009
asparaginase_alumoh,calcium_phosphate,hydroxyapatite,B,72,,LYS,0.29536,0.295065,29.514,22.671
asparaginase_alumoh,calcium_phosphate,hydroxyapatite,A,106,,ASP,0.29355,0.293476,29.355,31.582
asparaginase_alumoh,calcium_phosphate,hydroxyapatite,D,104,,LYS,0.29355,0.293257,29.333,14.857
asparaginase_alumoh,calcium_phosphate,hydroxyapatite,B,225,,ASP,0.2887,0.288628,28.87,14.622
asparaginase_alumoh,calcium_phosphate,hydroxyapatite,A,76,,ASP,0.28354,0.283469,28.354,63.154
asparaginase_alumoh,calcium_phosphate,hydroxyapatite,B,104,,LYS,0.2824,0.282118,28.219,14.292
asparaginase_alumoh,calcium_phosphate,hydroxyapatite,D,72,,LYS,0.27678,0.276503,27.657,25.282
asparaginase_alumoh,calcium_phosphate,hydroxyapatite,C,225,,ASP,0.27362,0.273551,27.362,13.858
asparaginase_alumoh,calcium_phosphate,hydroxyapatite,C,51,,GLU,0.27127,0.271162,27.123,13.737
asparaginase_alumoh,calcium_phosphate,hydroxyapatite,B,167,,ASP,0.26713,0.267063,26.713,13.53
asparaginase_alumoh,calcium_phosphate,hydroxyapatite,A,104,,LYS,0.26382,0.263556,26.362,13.352
asparaginase_alumoh,calcium_phosphate,hydroxyapatite,D,76,,ASP,0.26321,0.263144,26.321,61.563
asparaginase_alumoh,calcium_phosphate,hydroxyapatite,B,106,,ASP,0.2548,0.254736,25.48,31.139
asparaginase_alumoh,calcium_phosphate,hydroxyapatite,D,106,,ASP,0.25414,0.254076,25.414,29.832
asparaginase_alumoh,calcium_phosphate,hydroxyapatite,C,152,,ASP,0.24555,0.245488,24.555,12.437
asparaginase_alumoh,calcium_phosphate,hydroxyapatite,C,76,,ASP,0.21797,0.217915,21.797,63.563
asparaginase_alumoh,calcium_phosphate,hydroxyapatite,A,152,,ASP,0.21539,0.215336,21.539,10.909
asparaginase_alumoh,calcium_phosphate,hydroxyapatite,B,152,,ASP,0.21339,0.213336,21.339,10.808
asparaginase_alumoh,calcium_phosphate,hydroxyapatite,B,76,,ASP,0.20547,0.205418,20.547,63.536
asparaginase_alumoh,calcium_phosphate,hydroxyapatite,C,63,,ASP,0.20289,0.202839,20.289,56.592
asparaginase_alumoh,calcium_phosphate,hydroxyapatite,A,63,,ASP,0.20089,0.20084,20.089,56.259
asparaginase_alumoh,calcium_phosphate,hydroxyapatite,D,152,,ASP,0.20022,0.20017,20.022,10.141
asparaginase_alumoh,calcium_phosphate,hydroxyapatite,D,63,,ASP,0.19956,0.19951,19.956,55.727
asparaginase_alumoh,calcium_phosphate,hydroxyapatite,B,63,,ASP,0.19764,0.19759,19.764,56.495
asparaginase_alumoh,calcium_phosphate,hydroxyapatite,B,144,,ARG,0.19633,0.196328,19.638,9.946
asparaginase_alumoh,calcium_phosphate,hydroxyapatite,A,144,,ARG,0.19059,0.190588,19.064,9.655
asparaginase_alumoh,calcium_phosphate,hydroxyapatite,C,144,,ARG,0.19059,0.190588,19.064,9.655
asparaginase_alumoh,calcium_phosphate,hydroxyapatite,D,144,,ARG,0.17206,0.172058,17.21,8.717
asparaginase_alumoh,calcium_phosphate,hydroxyapatite,A,283,,GLU,0.1657,0.165634,16.568,8.391
asparaginase_alumoh,calcium_phosphate,hydroxyapatite,B,195,,ARG,0.15523,0.155228,15.527,19.144
asparaginase_alumoh,calcium_phosphate,hydroxyapatite,C,195,,ARG,0.15091,0.150908,15.095,20.508
asparaginase_alumoh,calcium_phosphate,hydroxyapatite,D,195,,ARG,0.14545,0.145449,14.549,20.271
asparaginase_alumoh,calcium_phosphate,hydroxyapatite,D,116,,ARG,0.14517,0.145169,14.521,7.354
asparaginase_alumoh,calcium_phosphate,hydroxyapatite,A,195,,ARG,0.14317,0.143169,14.32,17.803
asparaginase_alumoh,calcium_phosphate,hydroxyapatite,B,116,,ARG,0.13914,0.139139,13.917,7.049
asparaginase_alumoh,calcium_phosphate,hydroxyapatite,C,116,,ARG,0.13698,0.136979,13.701,6.939
asparaginase_alumoh,calcium_phosphate,hydroxyapatite,A,116,,ARG,0.13641,0.136409,13.644,6.911
asparaginase_alumoh,calcium_phosphate,hydroxyapatite,B,283,,GLU,0.1314,0.131348,13.138,6.654
asparaginase_alumoh,calcium_phosphate,hydroxyapatite,D,100,,ASP,0.12598,0.125948,12.598,6.951
asparaginase_alumoh,calcium_phosphate,hydroxyapatite,A,124,,ASP,0.10583,0.105803,10.583,5.36
asparaginase_alumoh,calcium_phosphate,hydroxyapatite,C,100,,ASP,0.10498,0.104954,10.498,5.916
asparaginase_alumoh,calcium_phosphate,hydroxyapatite,D,283,,GLU,0.10203,0.101989,10.202,5.167
asparaginase_alumoh,calcium_phosphate,hydroxyapatite,B,124,,ASP,0.09991,0.099885,9.991,5.06
asparaginase_alumoh,calcium_phosphate,hydroxyapatite,C,124,,ASP,0.09991,0.099885,9.991,5.06
asparaginase_alumoh,calcium_phosphate,hydroxyapatite,B,100,,ASP,0.09973,0.099705,9.973,5.652
asparaginase_alumoh,calcium_phosphate,hydroxyapatite,C,283,,GLU,0.09906,0.099021,9.905,5.016
asparaginase_alumoh,calcium_phosphate,hydroxyapatite,B,90,,ASP,0.09782,0.097795,9.782,2.737
asparaginase_alumoh,calcium_phosphate,hydroxyapatite,C,90,,ASP,0.09782,0.097795,9.782,2.737
asparaginase_alumoh,calcium_phosphate,hydroxyapatite,A,90,,ASP,0.09715,0.097126,9.715,2.719
asparaginase_alumoh,calcium_phosphate,hydroxyapatite,D,90,,ASP,0.0919,0.091877,9.19,2.572
asparaginase_alumoh,calcium_phosphate,hydroxyapatite,A,159,,ASP,0.08274,0.082719,8.274,7.143
asparaginase_alumoh,calcium_phosphate,hydroxyapatite,A,286,,ASP,0.08216,0.082139,8.216,55.986
asparaginase_alumoh,calcium_phosphate,hydroxyapatite,B,159,,ASP,0.07749,0.077471,7.749,7.488
asparaginase_alumoh,calcium_phosphate,hydroxyapatite,D,124,,ASP,0.07691,0.076891,7.691,3.895
asparaginase_alumoh,calcium_phosphate,hydroxyapatite,C,286,,ASP,0.07558,0.075561,7.558,51.346
asparaginase_alumoh,calcium_phosphate,hydroxyapatite,A,100,,ASP,0.07349,0.073472,7.349,4.452
asparaginase_alumoh,calcium_phosphate,hydroxyapatite,B,158,,ARG,0.07034,0.070339,7.036,7.488
asparaginase_alumoh,calcium_phosphate,hydroxyapatite,B,286,,ASP,0.06966,0.069643,6.966,49.767
asparaginase_alumoh,calcium_phosphate,hydroxyapatite,D,159,,ASP,0.06699,0.066973,6.699,6.694
asparaginase_alumoh,calcium_phosphate,hydroxyapatite,C,159,,ASP,0.06699,0.066973,6.699,6.651
asparaginase_alumoh,calcium_phosphate,hydroxyapatite,D,158,,ARG,0.06517,0.065169,6.519,6.694
asparaginase_alumoh,calcium_phosphate,hydroxyapatite,C,158,,ARG,0.06431,0.064309,6.433,6.651
asparaginase_alumoh,calcium_phosphate,hydroxyapatite,A,158,,ARG,0.05828,0.058279,5.829,7.143
asparaginase_alumoh,calcium_phosphate,hydroxyapatite,D,286,,ASP,0.05191,0.051897,5.191,49.311
asparaginase_alumoh,calcium_phosphate,hydroxyapatite,A,183,,HIS,0.28055,0.025505,2.551,37.767
asparaginase_alumoh,calcium_phosphate,hydroxyapatite,C,183,,HIS,0.26451,0.024046,2.405,29.547
asparaginase_alumoh,calcium_phosphate,hydroxyapatite,B,183,,HIS,0.26079,0.023708,2.371,32.997
asparaginase_alumoh,calcium_phosphate,hydroxyapatite,D,183,,HIS,0.24846,0.022587,2.259,36.115
asparaginase_alumoh,calcium_phosphate,hydroxyapatite,A,197,,HIS,0.15848,0.014407,1.441,52.958
asparaginase_alumoh,calcium_phosphate,hydroxyapatite,B,197,,HIS,0.13051,0.011865,1.187,56.026
asparaginase_alumoh,calcium_phosphate,hydroxyapatite,C,197,,HIS,0.13012,0.011829,1.183,59.091
asparaginase_alumoh,calcium_phosphate,hydroxyapatite,D,197,,HIS,0.12384,0.011258,1.126,60.089
asparaginase_alumoh,metal_coord,metal_coord,A,18,,ASP,1.0,0.999749,100.0,42.993
asparaginase_alumoh,metal_coord,metal_coord,A,210,,GLU,0.98305,0.982659,98.291,71.201
asparaginase_alumoh,metal_coord,metal_coord,C,210,,GLU,0.97256,0.972173,97.242,70.441
asparaginase_alumoh,metal_coord,metal_coord,B,210,,GLU,0.96315,0.962767,96.301,69.76
asparaginase_alumoh,metal_coord,metal_coord,C,255,,ASP,0.95686,0.95662,95.686,52.902
asparaginase_alumoh,metal_coord,metal_coord,D,210,,GLU,0.95071,0.950332,95.057,68.859
asparaginase_alumoh,metal_coord,metal_coord,D,33,,GLU,0.94325,0.942875,94.311,60.146
asparaginase_alumoh,metal_coord,metal_coord,D,44,,ASP,0.93154,0.931306,93.154,40.05
asparaginase_alumoh,metal_coord,metal_coord,A,44,,ASP,0.92229,0.922058,92.229,39.652
asparaginase_alumoh,metal_coord,metal_coord,B,64,,ASP,0.9178,0.91757,91.78,80.802
asparaginase_alumoh,metal_coord,metal_coord,C,64,,ASP,0.91446,0.91423,91.446,80.94
asparaginase_alumoh,metal_coord,metal_coord,A,64,,ASP,0.90988,0.909652,90.988,80.463
asparaginase_alumoh,metal_coord,metal_coord,D,64,,ASP,0.90071,0.900484,90.071,79.703
asparaginase_alumoh,metal_coord,metal_coord,C,233,,ASP,0.89013,0.889906,89.013,38.269
asparaginase_alumoh,metal_coord,metal_coord,B,233,,ASP,0.88354,0.883318,88.354,37.986
asparaginase_alumoh,metal_coord,metal_coord,A,255,,ASP,0.88096,0.880739,88.096,55.761
asparaginase_alumoh,metal_coord,metal_coord,C,44,,ASP,0.87963,0.879409,87.963,37.818
asparaginase_alumoh,metal_coord,metal_coord,B,78,,ASP,0.87789,0.87767,87.789,83.048
asparaginase_alumoh,metal_coord,metal_coord,A,233,,ASP,0.85138,0.851166,85.138,36.603
asparaginase_alumoh,metal_coord,metal_coord,C,33,,GLU,0.83802,0.837687,83.79,47.685
asparaginase_alumoh,metal_coord,metal_coord,C,78,,ASP,0.8359,0.83569,83.59,82.118
asparaginase_alumoh,metal_coord,metal_coord,D,200,,ASP,0.83146,0.831251,83.146,41.072
asparaginase_alumoh,metal_coord,metal_coord,A,78,,ASP,0.82148,0.821274,82.148,85.512
asparaginase_alumoh,metal_coord,metal_coord,B,18,,ASP,0.79822,0.79802,79.822,34.318
asparaginase_alumoh,metal_coord,metal_coord,C,200,,ASP,0.78679,0.786592,78.679,39.422
asparaginase_alumoh,metal_coord,metal_coord,A,285,,ASP,0.7504,0.750212,75.04,60.31
asparaginase_alumoh,metal_coord,metal_coord,B,44,,ASP,0.74907,0.748882,74.907,32.205
asparaginase_alumoh,metal_coord,metal_coord,B,200,,ASP,0.73964,0.739454,73.964,37.412
asparaginase_alumoh,metal_coord,metal_coord,B,33,,GLU,0.73808,0.737786,73.797,45.466
asparaginase_alumoh,metal_coord,metal_coord,A,200,,ASP,0.72847,0.728287,72.847,38.134
asparaginase_alumoh,metal_coord,metal_coord,C,204,,ASP,0.7274,0.727217,72.74,31.273
asparaginase_alumoh,metal_coord,metal_coord,A,33,,GLU,0.71799,0.717704,71.788,46.4
asparaginase_alumoh,metal_coord,metal_coord,D,78,,ASP,0.71583,0.71565,71.583,81.12
asparaginase_alumoh,metal_coord,metal_coord,C,285,,ASP,0.70641,0.706233,70.641,56.158
asparaginase_alumoh,metal_coord,metal_coord,D,233,,ASP,0.69333,0.693156,69.333,29.808
asparaginase_alumoh,metal_coord,metal_coord,D,285,,ASP,0.669,0.668832,66.9,50.726
asparaginase_alumoh,metal_coord,metal_coord,C,18,,ASP,0.65948,0.659314,65.948,28.353
asparaginase_alumoh,metal_coord,metal_coord,B,255,,ASP,0.65334,0.653176,65.334,40.501
asparaginase_alumoh,metal_coord,metal_coord,D,81,,ASP,0.64524,0.645078,64.524,46.741
asparaginase_alumoh,metal_coord,metal_coord,B,285,,ASP,0.64008,0.639919,64.008,51.413
asparaginase_alumoh,metal_coord,metal_coord,A,204,,ASP,0.61784,0.617685,61.784,26.563
asparaginase_alumoh,metal_coord,metal_coord,C,81,,ASP,0.61441,0.614256,61.441,44.507
asparaginase_alumoh,metal_coord,metal_coord,D,255,,ASP,0.61125,0.611096,61.125,44.278
asparaginase_alumoh,metal_coord,metal_coord,A,81,,ASP,0.6085,0.608347,60.85,44.079
asparaginase_alumoh,metal_coord,metal_coord,D,18,,ASP,0.60285,0.602699,60.285,25.918
asparaginase_alumoh,metal_coord,metal_coord,D,204,,ASP,0.59876,0.59861,59.876,25.742
asparaginase_alumoh,metal_coord,metal_coord,A,315,,ASP,0.59351,0.593361,59.351,25.517
asparaginase_alumoh,metal_coord,metal_coord,B,81,,ASP,0.58617,0.586023,58.617,42.462
asparaginase_alumoh,metal_coord,metal_coord,B,315,,ASP,0.57709,0.576945,57.709,24.811
asparaginase_alumoh,metal_coord,metal_coord,D,315,,ASP,0.55343,0.553291,55.343,23.794
asparaginase_alumoh,metal_coord,metal_coord,A,237,,ASP,0.55192,0.551781,55.192,23.729
asparaginase_alumoh,metal_coord,metal_coord,B,204,,ASP,0.50761,0.507483,50.761,21.824
asparaginase_alumoh,metal_coord,metal_coord,A,281,,ASP,0.49217,0.492046,49.217,35.652
asparaginase_alumoh,metal_coord,metal_coord,C,315,,ASP,0.48194,0.481819,48.194,20.72
asparaginase_alumoh,metal_coord,metal_coord,B,237,,ASP,0.47251,0.472391,47.251,20.315
asparaginase_alumoh,metal_coord,metal_coord,D,225,,ASP,0.46193,0.461814,46.193,33.462
asparaginase_alumoh,metal_coord,metal_coord,A,188,,ASP,0.45645,0.456335,45.645,31.689
asparaginase_alumoh,metal_coord,metal_coord,D,51,,GLU,0.45593,0.455749,45.586,33.022
asparaginase_alumoh,metal_coord,metal_coord,D,237,,ASP,0.4521,0.451986,45.21,19.437
asparaginase_alumoh,metal_coord,metal_coord,C,237,,ASP,0.44293,0.442819,44.293,19.043
asparaginase_alumoh,metal_coord,metal_coord,D,60,,ASP,0.44177,0.441659,44.177,18.993
asparaginase_alumoh,metal_coord,metal_coord,B,281,,ASP,0.42518,0.425073,42.518,30.8
asparaginase_alumoh,metal_coord,metal_coord,C,281,,ASP,0.42518,0.425073,42.518,30.8
asparaginase_alumoh,metal_coord,metal_coord,B,138,,ASP,0.41677,0.416665,41.677,17.918
asparaginase_alumoh,metal_coord,metal_coord,A,225,,ASP,0.41602,0.415916,41.602,30.136
asparaginase_alumoh,metal_coord,metal_coord,C,188,,ASP,0.41179,0.411687,41.179,29.079
asparaginase_alumoh,metal_coord,metal_coord,B,60,,ASP,0.41094,0.410837,41.094,17.668
asparaginase_alumoh,metal_coord,metal_coord,A,138,,ASP,0.40761,0.407508,40.761,17.524
asparaginase_alumoh,metal_coord,metal_coord,D,188,,ASP,0.4072,0.407098,40.72,28.191
asparaginase_alumoh,metal_coord,metal_coord,C,60,,ASP,0.40169,0.401589,40.169,17.27
asparaginase_alumoh,metal_coord,metal_coord,C,138,,ASP,0.3932,0.393101,39.32,16.905
asparaginase_alumoh,metal_coord,metal_coord,B,188,,ASP,0.39079,0.390692,39.079,28.016
asparaginase_alumoh,metal_coord,metal_coord,A,60,,ASP,0.38586,0.385763,38.586,16.589
asparaginase_alumoh,metal_coord,metal_coord,D,138,,ASP,0.38136,0.381264,38.136,16.396
asparaginase_alumoh,metal_coord,metal_coord,A,51,,GLU,0.36142,0.361276,36.137,26.177
asparaginase_alumoh,metal_coord,metal_coord,D,281,,ASP,0.35694,0.35685,35.694,25.856
asparaginase_alumoh,metal_coord,metal_coord,C,167,,ASP,0.35111,0.351022,35.111,23.703
asparaginase_alumoh,metal_coord,metal_coord,A,167,,ASP,0.34386,0.343774,34.386,23.958
asparaginase_alumoh,metal_coord,metal_coord,C,106,,ASP,0.33488,0.334796,33.488,24.258
asparaginase_alumoh,metal_coord,metal_coord,B,51,,GLU,0.3196,0.319473,31.955,23.148
asparaginase_alumoh,metal_coord,metal_coord,D,167,,ASP,0.30521,0.305133,30.521,22.109
asparaginase_alumoh,metal_coord,metal_coord,A,106,,ASP,0.29355,0.293476,29.355,21.265
asparaginase_alumoh,metal_coord,metal_coord,B,225,,ASP,0.2887,0.288628,28.87,20.913
asparaginase_alumoh,metal_coord,metal_coord,A,76,,ASP,0.28354,0.283469,28.354,59.35
asparaginase_alumoh,metal_coord,metal_coord,A,183,,HIS,0.28055,0.28055,28.062,20.328
asparaginase_alumoh,metal_coord,metal_coord,A,77,,CYS,0.27538,0.27538,27.545,98.132
asparaginase_alumoh,metal_coord,metal_coord,C,225,,ASP,0.27362,0.273551,27.362,19.821
asparaginase_alumoh,metal_coord,metal_coord,C,51,,GLU,0.27127,0.271162,27.123,19.648
asparaginase_alumoh,metal_coord,metal_coord,B,167,,ASP,0.26713,0.267063,26.713,19.351
asparaginase_alumoh,metal_coord,metal_coord,C,183,,HIS,0.26451,0.26451,26.458,19.166
asparaginase_alumoh,metal_coord,metal_coord,D,76,,ASP,0.26321,0.263144,26.321,53.379
asparaginase_alumoh,metal_coord,metal_coord,D,77,,CYS,0.26248,0.26248,26.255,89.939
asparaginase_alumoh,metal_coord,metal_coord,B,77,,CYS,0.26208,0.26208,26.215,94.003
asparaginase_alumoh,metal_coord,metal_coord,B,183,,HIS,0.26079,0.26079,26.086,18.896
asparaginase_alumoh,metal_coord,metal_coord,B,106,,ASP,0.2548,0.254736,25.48,18.457
asparaginase_alumoh,metal_coord,metal_coord,D,106,,ASP,0.25414,0.254076,25.414,18.41
asparaginase_alumoh,metal_coord,metal_coord,D,183,,HIS,0.24846,0.24846,24.852,18.003
asparaginase_alumoh,metal_coord,metal_coord,C,152,,ASP,0.24555,0.245488,24.555,17.787
asparaginase_alumoh,metal_coord,metal_coord,C,77,,CYS,0.2417,0.2417,24.176,93.854
asparaginase_alumoh,metal_coord,metal_coord,C,76,,ASP,0.21797,0.217915,21.797,55.703
asparaginase_alumoh,metal_coord,metal_coord,A,152,,ASP,0.21539,0.215336,21.539,15.603
asparaginase_alumoh,metal_coord,metal_coord,B,152,,ASP,0.21339,0.213336,21.339,15.458
asparaginase_alumoh,metal_coord,metal_coord,B,76,,ASP,0.20547,0.205418,20.547,57.847
asparaginase_alumoh,metal_coord,metal_coord,C,63,,ASP,0.20289,0.202839,20.289,80.94
asparaginase_alumoh,metal_coord,metal_coord,A,63,,ASP,0.20089,0.20084,20.089,80.463
asparaginase_alumoh,metal_coord,metal_coord,D,152,,ASP,0.20022,0.20017,20.022,14.504
asparaginase_alumoh,metal_coord,metal_coord,D,63,,ASP,0.19956,0.19951,19.956,79.703
asparaginase_alumoh,metal_coord,metal_coord,B,63,,ASP,0.19764,0.19759,19.764,80.802
asparaginase_alumoh,metal_coord,metal_coord,A,283,,GLU,0.1657,0.165634,16.568,12.001
asparaginase_alumoh,metal_coord,metal_coord,A,197,,HIS,0.15848,0.15848,15.852,41.294
asparaginase_alumoh,metal_coord,metal_coord,B,283,,GLU,0.1314,0.131348,13.138,9.517
asparaginase_alumoh,metal_coord,metal_coord,B,197,,HIS,0.13051,0.13051,13.054,41.699
asparaginase_alumoh,metal_coord,metal_coord,C,197,,HIS,0.13012,0.13012,13.015,43.935
asparaginase_alumoh,metal_coord,metal_coord,D,100,,ASP,0.12598,0.125948,12.598,10.742
asparaginase_alumoh,metal_coord,metal_coord,D,197,,HIS,0.12384,0.12384,12.387,46.489
asparaginase_alumoh,metal_coord,metal_coord,A,124,,ASP,0.10583,0.105803,10.583,7.666
asparaginase_alumoh,metal_coord,metal_coord,C,100,,ASP,0.10498,0.104954,10.498,10.109
asparaginase_alumoh,metal_coord,metal_coord,D,283,,GLU,0.10203,0.101989,10.202,7.39
asparaginase_alumoh,metal_coord,metal_coord,B,124,,ASP,0.09991,0.099885,9.991,7.237
asparaginase_alumoh,metal_coord,metal_coord,C,124,,ASP,0.09991,0.099885,9.991,7.237
asparaginase_alumoh,metal_coord,metal_coord,B,100,,ASP,0.09973,0.099705,9.973,9.9
asparaginase_alumoh,metal_coord,metal_coord,C,283,,GLU,0.09906,0.099021,9.905,7.175
asparaginase_alumoh,metal_coord,metal_coord,B,90,,ASP,0.09782,0.097795,9.782,4.206
asparaginase_alumoh,metal_coord,metal_coord,C,90,,ASP,0.09782,0.097795,9.782,4.206
asparaginase_alumoh,metal_coord,metal_coord,A,90,,ASP,0.09715,0.097126,9.715,4.177
asparaginase_alumoh,metal_coord,metal_coord,D,90,,ASP,0.0919,0.091877,9.19,3.951
asparaginase_alumoh,metal_coord,metal_coord,A,159,,ASP,0.08274,0.082719,8.274,3.557
asparaginase_alumoh,metal_coord,metal_coord,A,286,,ASP,0.08216,0.082139,8.216,56.954
asparaginase_alumoh,metal_coord,metal_coord,C,121,,MET,0.07763,0.07763,7.765,5.625
asparaginase_alumoh,metal_coord,metal_coord,B,159,,ASP,0.07749,0.077471,7.749,3.332
asparaginase_alumoh,metal_coord,metal_coord,D,121,,MET,0.07737,0.07737,7.739,5.606
asparaginase_alumoh,metal_coord,metal_coord,D,124,,ASP,0.07691,0.076891,7.691,5.571
asparaginase_alumoh,metal_coord,metal_coord,C,286,,ASP,0.07558,0.075561,7.558,51.9
asparaginase_alumoh,metal_coord,metal_coord,A,100,,ASP,0.07349,0.073472,7.349,9.975
asparaginase_alumoh,metal_coord,metal_coord,B,286,,ASP,0.06966,0.069643,6.966,48.794
asparaginase_alumoh,metal_coord,metal_coord,A,121,,MET,0.06964,0.06964,6.966,5.046
asparaginase_alumoh,metal_coord,metal_coord,C,159,,ASP,0.06699,0.066973,6.699,2.88
asparaginase_alumoh,metal_coord,metal_coord,D,159,,ASP,0.06699,0.066973,6.699,2.88
asparaginase_alumoh,metal_coord,metal_coord,B,121,,MET,0.05416,0.05416,5.417,3.924
asparaginase_alumoh,metal_coord,metal_coord,D,286,,ASP,0.05191,0.051897,5.191,46.34
asparaginase_alumoh,soft_metal_sulfur,gold,A,77,,CYS,0.27538,0.27538,100.0,100.0
asparaginase_alumoh,soft_metal_sulfur,gold,D,77,,CYS,0.26248,0.26248,95.316,95.316
asparaginase_alumoh,soft_metal_sulfur,gold,B,77,,CYS,0.26208,0.26208,95.17,95.17
asparaginase_alumoh,soft_metal_sulfur,gold,C,77,,CYS,0.2417,0.2417,87.77,87.77
asparaginase_alumoh,soft_metal_sulfur,gold,C,121,,MET,0.07763,0.07763,28.19,28.19
asparaginase_alumoh,soft_metal_sulfur,gold,D,121,,MET,0.07737,0.07737,28.096,28.096
asparaginase_alumoh,soft_metal_sulfur,gold,A,121,,MET,0.06964,0.06964,25.289,25.289
asparaginase_alumoh,soft_metal_sulfur,gold,B,121,,MET,0.05416,0.05416,19.667,19.667
asparaginase_alumoh,phosphate,phosphate,B,139,,LYS,1.0,0.999001,100.0,55.787
asparaginase_alumoh,phosphate,phosphate,A,139,,LYS,0.98605,0.985065,98.605,55.009
asparaginase_alumoh,phosphate,phosphate,C,139,,LYS,0.9742,0.973227,97.42,54.348
asparaginase_alumoh,phosphate,phosphate,C,207,,LYS,0.92926,0.928332,92.926,70.114
asparaginase_alumoh,phosphate,phosphate,D,139,,LYS,0.9287,0.927772,92.87,51.809
asparaginase_alumoh,phosphate,phosphate,A,207,,LYS,0.91987,0.918951,91.987,69.569
asparaginase_alumoh,phosphate,phosphate,D,207,,LYS,0.91846,0.917542,91.846,69.884
asparaginase_alumoh,phosphate,phosphate,B,207,,LYS,0.84856,0.847712,84.856,74.261
asparaginase_alumoh,phosphate,phosphate,A,43,,LYS,0.84219,0.841349,84.219,41.198
asparaginase_alumoh,phosphate,phosphate,A,262,,LYS,0.81015,0.809341,81.015,39.631
asparaginase_alumoh,phosphate,phosphate,B,262,,LYS,0.7554,0.754645,75.54,36.952
asparaginase_alumoh,phosphate,phosphate,B,43,,LYS,0.7418,0.741059,74.18,36.287
asparaginase_alumoh,phosphate,phosphate,A,314,,LYS,0.727,0.726274,72.7,35.563
asparaginase_alumoh,phosphate,phosphate,A,186,,LYS,0.7207,0.71998,72.07,36.504
asparaginase_alumoh,phosphate,phosphate,B,314,,LYS,0.71992,0.719201,71.992,35.217
asparaginase_alumoh,phosphate,phosphate,D,251,,LYS,0.69419,0.693497,69.419,33.958
asparaginase_alumoh,phosphate,phosphate,D,213,,LYS,0.69139,0.690699,69.139,33.821
asparaginase_alumoh,phosphate,phosphate,D,186,,LYS,0.69097,0.69028,69.097,34.907
asparaginase_alumoh,phosphate,phosphate,D,288,,LYS,0.68472,0.684036,68.472,33.495
asparaginase_alumoh,phosphate,phosphate,B,251,,LYS,0.67954,0.678861,67.954,33.241
asparaginase_alumoh,phosphate,phosphate,A,251,,LYS,0.67793,0.677253,67.793,33.163
asparaginase_alumoh,phosphate,phosphate,A,288,,LYS,0.67638,0.675704,67.638,33.087
asparaginase_alumoh,phosphate,phosphate,D,49,,LYS,0.67584,0.675165,67.584,33.061
asparaginase_alumoh,phosphate,phosphate,B,49,,LYS,0.67161,0.670939,67.161,32.854
asparaginase_alumoh,phosphate,phosphate,A,213,,LYS,0.67056,0.66989,67.056,32.802
asparaginase_alumoh,phosphate,phosphate,C,43,,LYS,0.66664,0.665974,66.664,32.61
asparaginase_alumoh,phosphate,phosphate,C,262,,LYS,0.65355,0.652897,65.355,31.97
asparaginase_alumoh,phosphate,phosphate,D,43,,LYS,0.64905,0.648402,64.905,31.75
asparaginase_alumoh,phosphate,phosphate,B,213,,LYS,0.6482,0.647552,64.82,31.708
asparaginase_alumoh,phosphate,phosphate,B,288,,LYS,0.64393,0.643287,64.393,31.5
asparaginase_alumoh,phosphate,phosphate,C,49,,LYS,0.64009,0.639451,64.009,31.312
asparaginase_alumoh,phosphate,phosphate,C,251,,LYS,0.63334,0.632707,63.334,30.982
asparaginase_alumoh,phosphate,phosphate,C,213,,LYS,0.62878,0.628152,62.878,30.758
asparaginase_alumoh,phosphate,phosphate,B,186,,LYS,0.62824,0.627612,62.824,31.893
asparaginase_alumoh,phosphate,phosphate,C,288,,LYS,0.62807,0.627443,62.807,30.724
asparaginase_alumoh,phosphate,phosphate,D,314,,LYS,0.61996,0.619341,61.996,30.327
asparaginase_alumoh,phosphate,phosphate,C,79,,LYS,0.60832,0.607712,60.832,29.758
asparaginase_alumoh,phosphate,phosphate,A,49,,LYS,0.60068,0.60008,60.068,29.384
asparaginase_alumoh,phosphate,phosphate,D,29,,LYS,0.59352,0.592927,59.352,29.034
asparaginase_alumoh,phosphate,phosphate,D,229,,LYS,0.59156,0.590969,59.156,28.938
asparaginase_alumoh,phosphate,phosphate,C,19,,SER,0.58667,0.58667,58.726,66.931
asparaginase_alumoh,phosphate,phosphate,A,29,,LYS,0.58483,0.584246,58.483,28.609
asparaginase_alumoh,phosphate,phosphate,B,79,,LYS,0.5828,0.582218,58.28,28.509
asparaginase_alumoh,phosphate,phosphate,D,79,,LYS,0.58105,0.58047,58.105,28.424
asparaginase_alumoh,phosphate,phosphate,A,22,,LYS,0.57409,0.573516,57.409,58.116
asparaginase_alumoh,phosphate,phosphate,A,172,,LYS,0.56639,0.565824,56.639,27.706
asparaginase_alumoh,phosphate,phosphate,C,186,,LYS,0.55974,0.559181,55.974,28.559
asparaginase_alumoh,phosphate,phosphate,D,172,,LYS,0.55188,0.551329,55.188,26.997
asparaginase_alumoh,phosphate,phosphate,B,172,,LYS,0.54992,0.549371,54.992,26.901
asparaginase_alumoh,phosphate,phosphate,B,229,,LYS,0.54521,0.544665,54.521,26.67
asparaginase_alumoh,phosphate,phosphate,C,172,,LYS,0.5333,0.532767,53.33,26.088
asparaginase_alumoh,phosphate,phosphate,A,79,,LYS,0.52966,0.529131,52.966,25.91
asparaginase_alumoh,phosphate,phosphate,C,22,,LYS,0.5293,0.528771,52.93,75.647
asparaginase_alumoh,phosphate,phosphate,D,262,,LYS,0.51916,0.518641,51.916,25.396
asparaginase_alumoh,phosphate,phosphate,C,229,,LYS,0.51914,0.518621,51.914,25.395
asparaginase_alumoh,phosphate,phosphate,D,206,,SER,0.50964,0.50964,51.015,87.686
asparaginase_alumoh,phosphate,phosphate,C,196,,LYS,0.50609,0.505584,50.609,37.321
asparaginase_alumoh,phosphate,phosphate,C,206,,SER,0.50355,0.50355,50.405,79.96
asparaginase_alumoh,phosphate,phosphate,C,29,,LYS,0.50287,0.502368,50.287,24.599
asparaginase_alumoh,phosphate,phosphate,D,196,,LYS,0.50279,0.502288,50.279,36.8
asparaginase_alumoh,phosphate,phosphate,A,206,,SER,0.5018,0.5018,50.23,85.352
asparaginase_alumoh,phosphate,phosphate,A,229,,LYS,0.50013,0.49963,50.013,24.465
asparaginase_alumoh,phosphate,phosphate,B,29,,LYS,0.49986,0.499361,49.986,24.452
asparaginase_alumoh,phosphate,phosphate,D,19,,SER,0.49332,0.49332,49.381,53.299
asparaginase_alumoh,phosphate,phosphate,C,314,,LYS,0.48536,0.484875,48.536,23.743
asparaginase_alumoh,phosphate,phosphate,B,206,,SER,0.48211,0.48211,48.259,80.268
asparaginase_alumoh,phosphate,phosphate,B,22,,LYS,0.47126,0.470789,47.126,60.424
asparaginase_alumoh,phosphate,phosphate,D,22,,LYS,0.46158,0.461119,46.158,61.927
asparaginase_alumoh,phosphate,phosphate,B,196,,LYS,0.44693,0.446484,44.693,34.264
asparaginase_alumoh,phosphate,phosphate,B,19,,SER,0.44599,0.44599,44.644,51.196
asparaginase_alumoh,phosphate,phosphate,A,196,,LYS,0.42057,0.42015,42.057,32.262
asparaginase_alumoh,phosphate,phosphate,D,118,,SER,0.39289,0.39289,39.328,29.511
asparaginase_alumoh,phosphate,phosphate,B,199,,SER,0.38929,0.38929,38.968,37.493
asparaginase_alumoh,phosphate,phosphate,B,118,,SER,0.38441,0.38441,38.479,27.403
asparaginase_alumoh,phosphate,phosphate,A,107,,LYS,0.38103,0.380649,38.103,21.257
asparaginase_alumoh,phosphate,phosphate,B,107,,LYS,0.37963,0.379251,37.963,21.178
asparaginase_alumoh,phosphate,phosphate,A,199,,SER,0.37646,0.37646,37.684,35.74
asparaginase_alumoh,phosphate,phosphate,D,199,,SER,0.37222,0.37222,37.259,37.162
asparaginase_alumoh,phosphate,phosphate,D,71,,LYS,0.36392,0.363556,36.392,56.297
asparaginase_alumoh,phosphate,phosphate,C,118,,SER,0.36036,0.36036,36.072,24.765
asparaginase_alumoh,phosphate,phosphate,C,107,,LYS,0.35411,0.353756,35.411,19.755
asparaginase_alumoh,phosphate,phosphate,A,19,,SER,0.35131,0.35131,35.166,51.645
asparaginase_alumoh,phosphate,phosphate,D,107,,LYS,0.34668,0.346334,34.668,19.34
asparaginase_alumoh,phosphate,phosphate,C,23,,SER,0.34631,0.34631,34.666,48.867
asparaginase_alumoh,phosphate,phosphate,A,71,,LYS,0.32263,0.322308,32.263,55.043
asparaginase_alumoh,phosphate,phosphate,A,118,,SER,0.31227,0.31227,31.258,24.571
asparaginase_alumoh,phosphate,phosphate,C,72,,LYS,0.3124,0.312088,31.24,29.844
asparaginase_alumoh,phosphate,phosphate,B,71,,LYS,0.30973,0.309421,30.973,60.679
asparaginase_alumoh,phosphate,phosphate,C,199,,SER,0.30553,0.30553,30.584,33.606
asparaginase_alumoh,phosphate,phosphate,A,72,,LYS,0.30028,0.29998,30.028,30.471
asparaginase_alumoh,phosphate,phosphate,C,71,,LYS,0.29768,0.297383,29.768,34.035
asparaginase_alumoh,phosphate,phosphate,C,104,,LYS,0.29656,0.296264,29.656,30.047
asparaginase_alumoh,phosphate,phosphate,B,72,,LYS,0.29536,0.295065,29.536,29.6
asparaginase_alumoh,phosphate,phosphate,D,104,,LYS,0.29355,0.293257,29.355,33.137
asparaginase_alumoh,phosphate,phosphate,B,104,,LYS,0.2824,0.282118,28.24,37.493
asparaginase_alumoh,phosphate,phosphate,D,72,,LYS,0.27678,0.276503,27.678,31.342
asparaginase_alumoh,phosphate,phosphate,A,104,,LYS,0.26382,0.263556,26.382,32.045
asparaginase_alumoh,phosphate,phosphate,B,144,,ARG,0.19633,0.196328,19.652,10.194
asparaginase_alumoh,phosphate,phosphate,C,144,,ARG,0.19059,0.190588,19.078,10.643
asparaginase_alumoh,phosphate,phosphate,A,144,,ARG,0.19059,0.190588,19.078,10.038
asparaginase_alumoh,phosphate,phosphate,B,23,,SER,0.18541,0.18541,18.56,36.644
asparaginase_alumoh,phosphate,phosphate,D,144,,ARG,0.17206,0.172058,17.223,8.976
asparaginase_alumoh,phosphate,phosphate,B,195,,ARG,0.15523,0.155228,15.538,33.489
asparaginase_alumoh,phosphate,phosphate,D,23,,SER,0.15451,0.15451,15.466,34.378
asparaginase_alumoh,phosphate,phosphate,C,195,,ARG,0.15091,0.150908,15.106,35.874
asparaginase_alumoh,phosphate,phosphate,D,195,,ARG,0.14545,0.145449,14.559,35.46
asparaginase_alumoh,phosphate,phosphate,D,116,,ARG,0.14517,0.145169,14.531,8.107
asparaginase_alumoh,phosphate,phosphate,A,195,,ARG,0.14317,0.143169,14.331,31.143
asparaginase_alumoh,phosphate,phosphate,B,116,,ARG,0.13914,0.139139,13.928,7.77
asparaginase_alumoh,phosphate,phosphate,C,116,,ARG,0.13698,0.136979,13.712,7.649
asparaginase_alumoh,phosphate,phosphate,A,116,,ARG,0.13641,0.136409,13.655,7.617
asparaginase_alumoh,phosphate,phosphate,D,120,,SER,0.13557,0.13557,13.571,29.511
asparaginase_alumoh,phosphate,phosphate,A,120,,SER,0.12773,0.12773,12.786,24.571
asparaginase_alumoh,phosphate,phosphate,A,23,,SER,0.11588,0.11588,11.6,38.498
asparaginase_alumoh,phosphate,phosphate,B,120,,SER,0.1063,0.1063,10.641,27.403
asparaginase_alumoh,phosphate,phosphate,C,120,,SER,0.08312,0.08312,8.32,57.527
asparaginase_alumoh,phosphate,phosphate,B,158,,ARG,0.07034,0.070339,7.041,3.928
asparaginase_alumoh,phosphate,phosphate,D,158,,ARG,0.06517,0.065169,6.523,3.639
asparaginase_alumoh,phosphate,phosphate,C,158,,ARG,0.06431,0.064309,6.437,3.591
asparaginase_alumoh,phosphate,phosphate,A,158,,ARG,0.05828,0.058279,5.834,3.254
asparaginase_alumoh,phosphate,phosphate,C,224,,SER,0.05658,0.05658,5.664,2.771
asparaginase_alumoh,phosphate,phosphate,A,183,,HIS,0.28055,0.025505,2.553,41.63
asparaginase_alumoh,phosphate,phosphate,C,183,,HIS,0.26451,0.024046,2.407,32.569
asparaginase_alumoh,phosphate,phosphate,B,183,,HIS,0.26079,0.023708,2.373,36.372
asparaginase_alumoh,phosphate,phosphate,D,183,,HIS,0.24846,0.022587,2.261,39.809
asparaginase_alumoh,phosphate,phosphate,A,197,,HIS,0.15848,0.014407,1.442,24.267
asparaginase_alumoh,phosphate,phosphate,B,197,,HIS,0.13051,0.011865,1.188,25.595
asparaginase_alumoh,phosphate,phosphate,C,197,,HIS,0.13012,0.011829,1.184,28.894
asparaginase_alumoh,phosphate,phosphate,D,197,,HIS,0.12384,0.011258,1.127,28.678
