case_id,map_key,internal_chemistry_key,chain,res_seq,icode,res_name,scrsa,local_score,propensity,multiscale_persistence
bsa_silica,anionic,anionic,A,442,,SER,0.97846,0.97846,100.0,46.532
bsa_silica,anionic,anionic,A,116,,LYS,0.91138,0.908507,92.851,37.612
bsa_silica,anionic,anionic,A,504,,LYS,0.90857,0.905706,92.564,42.231
bsa_silica,anionic,anionic,A,81,,ARG,0.87866,0.878632,89.797,51.921
bsa_silica,anionic,anionic,A,2,,THR,0.87049,0.87049,88.965,41.471
bsa_silica,anionic,anionic,A,438,,THR,0.85946,0.85946,87.838,51.118
bsa_silica,anionic,anionic,A,127,,LYS,0.8574,0.854697,87.351,24.705
bsa_silica,anionic,anionic,A,312,,LYS,0.8337,0.831072,84.937,34.406
bsa_silica,anionic,anionic,A,388,,LYS,0.8215,0.81891,83.694,31.073
bsa_silica,anionic,anionic,A,495,,THR,0.80784,0.80784,82.562,23.351
bsa_silica,anionic,anionic,A,58,,SER,0.78783,0.78783,80.517,33.275
bsa_silica,anionic,anionic,A,114,,LYS,0.78155,0.779086,79.624,32.254
bsa_silica,anionic,anionic,A,261,,LYS,0.78063,0.778169,79.53,28.431
bsa_silica,anionic,anionic,A,275,,LYS,0.77937,0.776913,79.402,48.817
bsa_silica,anionic,anionic,A,396,,LYS,0.77594,0.773494,79.052,22.358
bsa_silica,anionic,anionic,A,580,,THR,0.7564,0.7564,77.305,45.443
bsa_silica,anionic,anionic,A,65,,SER,0.74897,0.74897,76.546,46.071
bsa_silica,anionic,anionic,A,235,,THR,0.73139,0.73139,74.749,46.313
bsa_silica,anionic,anionic,A,514,,THR,0.73063,0.73063,74.671,30.248
bsa_silica,anionic,anionic,A,371,,THR,0.73014,0.73014,74.621,44.714
bsa_silica,anionic,anionic,A,537,,LYS,0.73205,0.729742,74.581,43.531
bsa_silica,anionic,anionic,A,573,,LYS,0.70926,0.707024,72.259,29.27
bsa_silica,anionic,anionic,A,466,,THR,0.69549,0.69549,71.08,32.525
bsa_silica,anionic,anionic,A,477,,THR,0.69392,0.69392,70.92,53.164
bsa_silica,anionic,anionic,A,491,,THR,0.69384,0.69384,70.911,32.764
bsa_silica,anionic,anionic,A,183,,THR,0.68513,0.68513,70.021,69.82
bsa_silica,anionic,anionic,A,269,,THR,0.67235,0.67235,68.715,27.835
bsa_silica,anionic,anionic,A,121,,THR,0.67174,0.67174,68.653,19.417
bsa_silica,anionic,anionic,A,132,,LYS,0.67091,0.668795,68.352,50.33
bsa_silica,anionic,anionic,A,187,,LYS,0.67014,0.668028,68.273,60.292
bsa_silica,anionic,anionic,A,316,,LYS,0.65955,0.657471,67.194,27.219
bsa_silica,anionic,anionic,A,518,,THR,0.65383,0.65383,66.822,40.771
bsa_silica,anionic,anionic,A,211,,LYS,0.63305,0.631054,64.495,48.441
bsa_silica,anionic,anionic,A,544,,LYS,0.62752,0.625542,63.931,47.599
bsa_silica,anionic,anionic,A,41,,LYS,0.62186,0.6199,63.355,17.918
bsa_silica,anionic,anionic,A,104,,SER,0.59625,0.59625,60.938,17.464
bsa_silica,anionic,anionic,A,556,,LYS,0.59785,0.595965,60.909,17.227
bsa_silica,anionic,anionic,A,76,,LYS,0.59157,0.589705,60.269,24.414
bsa_silica,anionic,anionic,A,577,,SER,0.57569,0.57569,58.836,65.086
bsa_silica,anionic,anionic,A,79,,SER,0.57349,0.57349,58.611,68.966
bsa_silica,anionic,anionic,A,305,,THR,0.57095,0.57095,58.352,23.637
bsa_silica,anionic,anionic,A,51,,LYS,0.56856,0.566768,57.924,32.632
bsa_silica,anionic,anionic,A,52,,THR,0.56216,0.56216,57.454,33.092
bsa_silica,anionic,anionic,A,375,,LYS,0.56373,0.561953,57.432,46.927
bsa_silica,anionic,anionic,A,185,,ARG,0.56149,0.561472,57.383,76.377
bsa_silica,anionic,anionic,A,418,,SER,0.5585,0.5585,57.079,22.559
bsa_silica,anionic,anionic,A,507,,THR,0.55532,0.55532,56.754,42.816
bsa_silica,anionic,anionic,A,377,,LYS,0.54901,0.547279,55.933,32.764
bsa_silica,anionic,anionic,A,131,,LYS,0.54866,0.54693,55.897,50.33
bsa_silica,anionic,anionic,A,136,,LYS,0.54717,0.545445,55.745,22.581
bsa_silica,anionic,anionic,A,434,,THR,0.54045,0.54045,55.235,50.965
bsa_silica,anionic,anionic,A,208,,ARG,0.53904,0.539023,55.089,36.199
bsa_silica,anionic,anionic,A,64,,LYS,0.53673,0.535038,54.682,46.071
bsa_silica,anionic,anionic,A,4,,LYS,0.53526,0.533573,54.532,59.397
bsa_silica,anionic,anionic,A,473,,THR,0.5304,0.5304,54.208,50.102
bsa_silica,anionic,anionic,A,12,,LYS,0.52727,0.525608,53.718,19.345
bsa_silica,anionic,anionic,A,545,,THR,0.5242,0.5242,53.574,40.173
bsa_silica,anionic,anionic,A,539,,THR,0.52196,0.52196,53.345,21.609
bsa_silica,anionic,anionic,A,272,,SER,0.51464,0.51464,52.597,37.959
bsa_silica,anionic,anionic,A,180,,LYS,0.50244,0.500856,51.188,49.099
bsa_silica,anionic,anionic,A,204,,LYS,0.4986,0.497028,50.797,23.982
bsa_silica,anionic,anionic,A,322,,LYS,0.4986,0.497028,50.797,14.367
bsa_silica,anionic,anionic,A,159,,LYS,0.49158,0.49003,50.082,14.164
bsa_silica,anionic,anionic,A,93,,LYS,0.48968,0.488136,49.888,17.252
bsa_silica,anionic,anionic,A,428,,SER,0.48764,0.48764,49.837,29.318
bsa_silica,anionic,anionic,A,474,,LYS,0.48536,0.48383,49.448,58.115
bsa_silica,anionic,anionic,A,350,,LYS,0.47946,0.477949,48.847,20.615
bsa_silica,anionic,anionic,A,362,,LYS,0.47484,0.473343,48.376,13.682
bsa_silica,anionic,anionic,A,526,,THR,0.47159,0.47159,48.197,36.11
bsa_silica,anionic,anionic,A,109,,SER,0.46109,0.46109,47.124,19.089
bsa_silica,anionic,anionic,A,242,,LYS,0.45919,0.457742,46.782,29.832
bsa_silica,anionic,anionic,A,499,,LYS,0.4327,0.431336,44.083,21.008
bsa_silica,anionic,anionic,A,523,,LYS,0.43165,0.430289,43.976,61.788
bsa_silica,anionic,anionic,A,465,,LYS,0.42928,0.427927,43.735,32.525
bsa_silica,anionic,anionic,A,431,,LYS,0.4165,0.415187,42.433,52.901
bsa_silica,anionic,anionic,A,488,,SER,0.41421,0.41421,42.333,17.148
bsa_silica,anionic,anionic,A,231,,THR,0.41305,0.41305,42.214,33.134
bsa_silica,anionic,anionic,A,294,,LYS,0.41384,0.412535,42.162,20.088
bsa_silica,anionic,anionic,A,217,,ARG,0.40558,0.405567,41.45,13.824
bsa_silica,anionic,anionic,A,273,,LYS,0.40352,0.402248,41.11,60.884
bsa_silica,anionic,anionic,A,239,,LYS,0.40017,0.398909,40.769,35.465
bsa_silica,anionic,anionic,A,224,,LYS,0.40003,0.398769,40.755,16.509
bsa_silica,anionic,anionic,A,563,,LYS,0.39385,0.392608,40.125,11.933
bsa_silica,anionic,anionic,A,232,,LYS,0.38853,0.387305,39.583,44.276
bsa_silica,anionic,anionic,A,194,,ARG,0.38728,0.387268,39.579,37.907
bsa_silica,anionic,anionic,A,439,,LYS,0.37647,0.375283,38.354,61.719
bsa_silica,anionic,anionic,A,173,,LYS,0.36349,0.362344,37.032,10.474
bsa_silica,anionic,anionic,A,453,,SER,0.35177,0.35177,35.951,14.563
bsa_silica,anionic,anionic,A,370,,SER,0.34991,0.34991,35.761,45.325
bsa_silica,anionic,anionic,A,83,,THR,0.34411,0.34411,35.169,51.921
bsa_silica,anionic,anionic,A,20,,LYS,0.33805,0.336984,34.44,10.055
bsa_silica,anionic,anionic,A,409,,ARG,0.3348,0.334789,34.216,20.698
bsa_silica,anionic,anionic,A,328,,SER,0.3326,0.3326,33.992,13.769
bsa_silica,anionic,anionic,A,520,,LYS,0.33203,0.330983,33.827,58.585
bsa_silica,anionic,anionic,A,535,,LYS,0.32276,0.321743,32.883,45.061
bsa_silica,anionic,anionic,A,458,,ARG,0.30023,0.300221,30.683,12.429
bsa_silica,anionic,anionic,A,68,,THR,0.30003,0.30003,30.663,43.835
bsa_silica,anionic,anionic,A,412,,ARG,0.28373,0.283721,28.997,29.645
bsa_silica,anionic,anionic,A,280,,LYS,0.28407,0.283175,28.941,18.243
bsa_silica,anionic,anionic,A,435,,ARG,0.27543,0.275421,28.148,33.777
bsa_silica,anionic,anionic,A,524,,LYS,0.26044,0.259619,26.533,43.141
bsa_silica,anionic,anionic,A,444,,ARG,0.25609,0.256082,26.172,66.646
bsa_silica,anionic,anionic,A,285,,LYS,0.24669,0.245912,25.133,18.372
bsa_silica,anionic,anionic,A,578,,THR,0.24006,0.24006,24.534,65.086
bsa_silica,anionic,anionic,A,190,,THR,0.22684,0.22684,23.183,53.159
bsa_silica,anionic,anionic,A,192,,SER,0.21934,0.21934,22.417,41.536
bsa_silica,anionic,anionic,A,144,,ARG,0.21102,0.211013,21.566,13.483
bsa_silica,anionic,anionic,A,343,,SER,0.2015,0.2015,20.594,8.342
bsa_silica,anionic,anionic,A,471,,LYS,0.19659,0.19597,20.028,37.801
bsa_silica,anionic,anionic,A,448,,THR,0.17138,0.17138,17.515,7.095
bsa_silica,anionic,anionic,A,191,,SER,0.16984,0.16984,17.358,41.536
bsa_silica,anionic,anionic,A,198,,ARG,0.16387,0.163865,16.747,16.161
bsa_silica,anionic,anionic,A,196,,ARG,0.14426,0.144255,14.743,28.789
bsa_silica,anionic,anionic,A,336,,ARG,0.13954,0.139536,14.261,7.248
bsa_silica,anionic,anionic,A,421,,THR,0.1324,0.1324,13.531,22.559
bsa_silica,anionic,anionic,A,355,,THR,0.12856,0.12856,13.139,5.322
bsa_silica,anionic,anionic,A,10,,ARG,0.12827,0.128266,13.109,19.345
bsa_silica,anionic,anionic,A,484,,ARG,0.12106,0.121056,12.372,8.601
bsa_silica,anionic,anionic,A,427,,ARG,0.11144,0.111436,11.389,24.801
bsa_silica,anionic,anionic,A,98,,ARG,0.10872,0.108717,11.111,24.709
bsa_silica,anionic,anionic,A,143,,ARG,0.10672,0.106717,10.907,9.414
bsa_silica,anionic,anionic,A,347,,ARG,0.10667,0.106667,10.901,22.723
bsa_silica,anionic,anionic,A,479,,SER,0.10641,0.10641,10.875,33.133
bsa_silica,anionic,anionic,A,335,,ARG,0.10399,0.103987,10.628,10.381
bsa_silica,anionic,anionic,A,256,,ARG,0.10337,0.103367,10.564,4.279
bsa_silica,anionic,anionic,A,286,,SER,0.10206,0.10206,10.431,14.591
bsa_silica,anionic,anionic,A,413,,LYS,0.09787,0.097561,9.971,44.51
bsa_silica,anionic,anionic,A,419,,THR,0.08775,0.08775,8.968,32.236
bsa_silica,anionic,anionic,A,483,,ARG,0.08671,0.086707,8.862,8.601
bsa_silica,anionic,anionic,A,201,,SER,0.08225,0.08225,8.406,30.766
bsa_silica,anionic,anionic,A,221,,LYS,0.07291,0.07268,7.428,20.088
bsa_silica,anionic,anionic,A,533,,LYS,0.0694,0.069181,7.07,32.169
bsa_silica,anionic,anionic,A,3,,HIS,1.0,0.030653,3.133,41.915
bsa_silica,anionic,anionic,A,378,,HIS,0.79181,0.024272,2.481,32.764
bsa_silica,anionic,anionic,A,509,,HIS,0.65959,0.020219,2.066,0.837
bsa_silica,anionic,anionic,A,59,,HIS,0.51909,0.015912,1.626,33.275
bsa_silica,anionic,anionic,A,9,,HIS,0.50142,0.01537,1.571,27.706
bsa_silica,anionic,anionic,A,366,,HIS,0.48166,0.014765,1.509,15.097
bsa_silica,anionic,anionic,A,246,,HIS,0.37619,0.011532,1.179,0.477
bsa_silica,anionic,anionic,A,18,,HIS,0.35517,0.010887,1.113,10.055
bsa_silica,anionic,anionic,A,67,,HIS,0.32046,0.009823,1.004,43.835
bsa_silica,anionic,anionic,A,145,,HIS,0.25908,0.007942,0.812,13.483
bsa_silica,anionic,anionic,A,105,,HIS,0.25901,0.00794,0.811,17.464
bsa_silica,anionic,anionic,A,337,,HIS,0.23614,0.007239,0.74,7.248
bsa_silica,anionic,anionic,A,534,,HIS,0.22615,0.006932,0.708,23.968
bsa_silica,anionic,anionic,A,287,,HIS,0.14555,0.004462,0.456,10.187
bsa_silica,anionic,anionic,A,463,,HIS,0.05851,0.001794,0.183,46.583
bsa_silica,cationic,cationic,A,300,,ASN,1.0,1.0,100.0,38.234
bsa_silica,cationic,cationic,A,268,,ASP,1.0,0.999921,99.992,61.696
bsa_silica,cationic,cationic,A,1,,ASP,1.0,0.999921,99.992,37.827
bsa_silica,cationic,cationic,A,363,,ASP,1.0,0.999921,99.992,36.738
bsa_silica,cationic,cationic,A,561,,ASP,1.0,0.999921,99.992,33.739
bsa_silica,cationic,cationic,A,171,,GLU,1.0,0.999874,99.987,51.05
bsa_silica,cationic,cationic,A,540,,GLU,0.99374,0.993615,99.361,64.785
bsa_silica,cationic,cationic,A,442,,SER,0.97846,0.97846,97.846,62.273
bsa_silica,cationic,cationic,A,111,,ASP,0.9782,0.978122,97.812,27.52
bsa_silica,cationic,cationic,A,169,,GLN,0.94229,0.94229,94.229,26.512
bsa_silica,cationic,cationic,A,94,,GLN,0.94,0.94,94.0,53.234
bsa_silica,cationic,cationic,A,517,,ASP,0.90472,0.904648,90.465,63.591
bsa_silica,cationic,cationic,A,293,,GLU,0.89088,0.890768,89.077,25.062
bsa_silica,cationic,cationic,A,299,,GLU,0.89064,0.890528,89.053,38.234
bsa_silica,cationic,cationic,A,124,,ASP,0.88279,0.88272,88.272,60.342
bsa_silica,cationic,cationic,A,279,,ASP,0.87545,0.87538,87.538,44.428
bsa_silica,cationic,cationic,A,2,,THR,0.87049,0.87049,87.049,37.827
bsa_silica,cationic,cationic,A,541,,GLU,0.86973,0.869621,86.962,64.785
bsa_silica,cationic,cationic,A,37,,ASP,0.86829,0.868221,86.822,29.548
bsa_silica,cationic,cationic,A,555,,ASP,0.86055,0.860482,86.048,17.402
bsa_silica,cationic,cationic,A,438,,THR,0.85946,0.85946,85.946,24.181
bsa_silica,cationic,cationic,A,470,,GLU,0.8595,0.859392,85.939,34.43
bsa_silica,cationic,cationic,A,441,,GLU,0.85829,0.858182,85.818,66.262
bsa_silica,cationic,cationic,A,382,,GLU,0.84868,0.848573,84.857,57.791
bsa_silica,cationic,cationic,A,307,,ASP,0.84596,0.845893,84.589,51.161
bsa_silica,cationic,cationic,A,276,,GLU,0.84338,0.843274,84.327,34.758
bsa_silica,cationic,cationic,A,226,,GLU,0.84301,0.842904,84.29,30.156
bsa_silica,cationic,cationic,A,89,,ASP,0.82847,0.828404,82.84,47.988
bsa_silica,cationic,cationic,A,120,,ASN,0.81988,0.81988,81.988,71.881
bsa_silica,cationic,cationic,A,364,,ASP,0.81673,0.816665,81.667,36.738
bsa_silica,cationic,cationic,A,172,,ASP,0.81464,0.814575,81.458,51.05
bsa_silica,cationic,cationic,A,495,,THR,0.80784,0.80784,80.784,46.652
bsa_silica,cationic,cationic,A,548,,GLU,0.79543,0.79533,79.533,38.436
bsa_silica,cationic,cationic,A,374,,ASP,0.79297,0.792907,79.291,22.309
bsa_silica,cationic,cationic,A,320,,GLU,0.79296,0.79286,79.286,36.873
bsa_silica,cationic,cationic,A,392,,ASP,0.78848,0.788417,78.842,58.209
bsa_silica,cationic,cationic,A,389,,GLN,0.78834,0.78834,78.834,52.812
bsa_silica,cationic,cationic,A,58,,SER,0.78783,0.78783,78.783,53.161
bsa_silica,cationic,cationic,A,494,,GLU,0.78696,0.786861,78.686,46.652
bsa_silica,cationic,cationic,A,86,,ASP,0.78599,0.785928,78.593,34.238
bsa_silica,cationic,cationic,A,48,,GLU,0.78217,0.782072,78.207,37.798
bsa_silica,cationic,cationic,A,82,,GLU,0.77792,0.777822,77.782,35.878
bsa_silica,cationic,cationic,A,385,,ASN,0.77478,0.77478,77.478,36.5
bsa_silica,cationic,cationic,A,478,,GLU,0.7706,0.770503,77.05,44.196
bsa_silica,cationic,cationic,A,564,,GLU,0.7653,0.765204,76.52,28.992
bsa_silica,cationic,cationic,A,92,,GLU,0.7586,0.758505,75.85,44.648
bsa_silica,cationic,cationic,A,580,,THR,0.7564,0.7564,75.64,42.32
bsa_silica,cationic,cationic,A,65,,SER,0.74897,0.74897,74.897,29.514
bsa_silica,cationic,cationic,A,503,,GLU,0.74193,0.741837,74.184,36.235
bsa_silica,cationic,cationic,A,310,,GLU,0.7363,0.736207,73.621,41.856
bsa_silica,cationic,cationic,A,235,,THR,0.73139,0.73139,73.139,34.825
bsa_silica,cationic,cationic,A,514,,THR,0.73063,0.73063,73.063,38.421
bsa_silica,cationic,cationic,A,371,,THR,0.73014,0.73014,73.014,30.387
bsa_silica,cationic,cationic,A,63,,GLU,0.72803,0.727938,72.794,20.481
bsa_silica,cationic,cationic,A,97,,GLU,0.71944,0.719349,71.935,53.596
bsa_silica,cationic,cationic,A,381,,ASP,0.71174,0.711683,71.168,57.791
bsa_silica,cationic,cationic,A,165,,GLN,0.70992,0.70992,70.992,42.698
bsa_silica,cationic,cationic,A,258,,ASP,0.70908,0.709024,70.902,28.701
bsa_silica,cationic,cationic,A,519,,GLU,0.7018,0.701712,70.171,52.669
bsa_silica,cationic,cationic,A,291,,GLU,0.7018,0.701712,70.171,19.743
bsa_silica,cationic,cationic,A,358,,GLU,0.696,0.695912,69.591,32.921
bsa_silica,cationic,cationic,A,466,,THR,0.69549,0.69549,69.549,22.607
bsa_silica,cationic,cationic,A,477,,THR,0.69392,0.69392,69.392,42.495
bsa_silica,cationic,cationic,A,491,,THR,0.69384,0.69384,69.384,33.493
bsa_silica,cationic,cationic,A,183,,THR,0.68513,0.68513,68.513,38.773
bsa_silica,cationic,cationic,A,265,,ASP,0.68274,0.682686,68.269,44.61
bsa_silica,cationic,cationic,A,323,,ASP,0.67442,0.674366,67.437,18.973
bsa_silica,cationic,cationic,A,269,,THR,0.67235,0.67235,67.235,61.696
bsa_silica,cationic,cationic,A,121,,THR,0.67174,0.67174,67.174,66.803
bsa_silica,cationic,cationic,A,562,,ASP,0.66842,0.668367,66.837,49.214
bsa_silica,cationic,cationic,A,56,,ASP,0.66708,0.667027,66.703,49.808
bsa_silica,cationic,cationic,A,339,,GLU,0.66233,0.662247,66.225,22.789
bsa_silica,cationic,cationic,A,100,,GLU,0.65569,0.655607,65.561,41.567
bsa_silica,cationic,cationic,A,518,,THR,0.65383,0.65383,65.383,52.669
bsa_silica,cationic,cationic,A,182,,GLU,0.63731,0.63723,63.723,37.205
bsa_silica,cationic,cationic,A,511,,ASP,0.63501,0.63496,63.496,27.617
bsa_silica,cationic,cationic,A,33,,GLN,0.6203,0.6203,62.03,19.277
bsa_silica,cationic,cationic,A,17,,GLU,0.61501,0.614933,61.493,19.392
bsa_silica,cationic,cationic,A,129,,ASP,0.61317,0.613121,61.312,32.232
bsa_silica,cationic,cationic,A,125,,GLU,0.60945,0.609373,60.937,41.98
bsa_silica,cationic,cationic,A,313,,ASP,0.60565,0.605602,60.56,40.323
bsa_silica,cationic,cationic,A,319,,GLN,0.60441,0.60441,60.441,36.873
bsa_silica,cationic,cationic,A,207,,GLU,0.59876,0.598685,59.868,16.844
bsa_silica,cationic,cationic,A,104,,SER,0.59625,0.59625,59.625,16.776
bsa_silica,cationic,cationic,A,166,,GLU,0.59536,0.595285,59.529,36.722
bsa_silica,cationic,cationic,A,186,,GLU,0.59492,0.594845,59.485,36.012
bsa_silica,cationic,cationic,A,38,,GLU,0.59289,0.592815,59.282,29.548
bsa_silica,cationic,cationic,A,549,,ASN,0.58101,0.58101,58.101,38.724
bsa_silica,cationic,cationic,A,443,,GLU,0.58038,0.580307,58.031,68.001
bsa_silica,cationic,cationic,A,236,,ASP,0.57758,0.577534,57.753,36.827
bsa_silica,cationic,cationic,A,577,,SER,0.57569,0.57569,57.569,42.32
bsa_silica,cationic,cationic,A,79,,SER,0.57349,0.57349,57.349,35.878
bsa_silica,cationic,cationic,A,305,,THR,0.57095,0.57095,57.095,39.863
bsa_silica,cationic,cationic,A,118,,ASP,0.5706,0.570555,57.055,39.12
bsa_silica,cationic,cationic,A,395,,GLU,0.56668,0.566609,56.661,50.129
bsa_silica,cationic,cationic,A,52,,THR,0.56216,0.56216,56.216,34.583
bsa_silica,cationic,cationic,A,45,,GLU,0.56143,0.561359,56.136,38.12
bsa_silica,cationic,cationic,A,418,,SER,0.5585,0.5585,55.85,21.907
bsa_silica,cationic,cationic,A,507,,THR,0.55532,0.55532,55.532,15.624
bsa_silica,cationic,cationic,A,493,,ASP,0.54809,0.548046,54.805,60.685
bsa_silica,cationic,cationic,A,502,,ASP,0.54609,0.546047,54.605,28.491
bsa_silica,cationic,cationic,A,107,,ASP,0.54284,0.542797,54.28,31.697
bsa_silica,cationic,cationic,A,44,,ASN,0.54149,0.54149,54.149,31.029
bsa_silica,cationic,cationic,A,434,,THR,0.54045,0.54045,54.045,15.206
bsa_silica,cationic,cationic,A,130,,GLU,0.53256,0.532493,53.249,32.232
bsa_silica,cationic,cationic,A,473,,THR,0.5304,0.5304,53.04,39.102
bsa_silica,cationic,cationic,A,545,,THR,0.5242,0.5242,52.42,45.397
bsa_silica,cationic,cationic,A,384,,GLN,0.52251,0.52251,52.251,57.791
bsa_silica,cationic,cationic,A,539,,THR,0.52196,0.52196,52.196,54.184
bsa_silica,cationic,cationic,A,357,,GLU,0.52075,0.520684,52.068,32.921
bsa_silica,cationic,cationic,A,579,,GLN,0.52043,0.52043,52.043,42.32
bsa_silica,cationic,cationic,A,272,,SER,0.51464,0.51464,51.464,14.479
bsa_silica,cationic,cationic,A,482,,ASN,0.51129,0.51129,51.129,17.379
bsa_silica,cationic,cationic,A,424,,GLU,0.50274,0.502677,50.268,17.868
bsa_silica,cationic,cationic,A,400,,TYR,0.49867,0.49867,49.867,24.969
bsa_silica,cationic,cationic,A,158,,ASN,0.49598,0.49598,49.598,22.236
bsa_silica,cationic,cationic,A,428,,SER,0.48764,0.48764,48.764,13.72
bsa_silica,cationic,cationic,A,284,,GLU,0.47822,0.47816,47.816,16.325
bsa_silica,cationic,cationic,A,526,,THR,0.47159,0.47159,47.159,13.268
bsa_silica,cationic,cationic,A,6,,GLU,0.46719,0.467131,46.713,13.143
bsa_silica,cationic,cationic,A,109,,SER,0.46109,0.46109,46.109,31.697
bsa_silica,cationic,cationic,A,72,,ASP,0.45561,0.455574,45.557,20.04
bsa_silica,cationic,cationic,A,57,,GLU,0.44588,0.445824,44.582,53.476
bsa_silica,cationic,cationic,A,450,,ASP,0.44119,0.441155,44.115,28.871
bsa_silica,cationic,cationic,A,13,,ASP,0.43844,0.438405,43.841,10.565
bsa_silica,cationic,cationic,A,393,,GLN,0.43453,0.43453,43.453,58.209
bsa_silica,cationic,cationic,A,317,,ASN,0.426,0.426,42.6,49.121
bsa_silica,cationic,cationic,A,464,,GLU,0.4224,0.422347,42.235,31.451
bsa_silica,cationic,cationic,A,488,,SER,0.41421,0.41421,41.421,11.654
bsa_silica,cationic,cationic,A,231,,THR,0.41305,0.41305,41.305,18.062
bsa_silica,cationic,cationic,A,311,,ASP,0.4016,0.401568,40.157,70.988
bsa_silica,cationic,cationic,A,570,,GLU,0.39552,0.39547,39.547,7.998
bsa_silica,cationic,cationic,A,399,,GLU,0.38884,0.388791,38.879,24.969
bsa_silica,cationic,cationic,A,266,,ASN,0.38466,0.38466,38.466,65.886
bsa_silica,cationic,cationic,A,203,,GLN,0.38348,0.38348,38.348,13.103
bsa_silica,cationic,cationic,A,262,,TYR,0.38233,0.38233,38.233,29.964
bsa_silica,cationic,cationic,A,453,,SER,0.35177,0.35177,35.177,28.871
bsa_silica,cationic,cationic,A,370,,SER,0.34991,0.34991,34.991,51.101
bsa_silica,cationic,cationic,A,521,,GLN,0.34412,0.34412,34.412,47.82
bsa_silica,cationic,cationic,A,83,,THR,0.34411,0.34411,34.411,48.423
bsa_silica,cationic,cationic,A,16,,GLU,0.34399,0.343947,34.395,19.392
bsa_silica,cationic,cationic,A,351,,GLU,0.34031,0.340267,34.027,15.198
bsa_silica,cationic,cationic,A,328,,SER,0.3326,0.3326,33.26,9.358
bsa_silica,cationic,cationic,A,416,,GLN,0.31264,0.31264,31.264,8.796
bsa_silica,cationic,cationic,A,255,,ASP,0.31112,0.311095,31.11,31.064
bsa_silica,cationic,cationic,A,390,,ASN,0.30034,0.30034,30.034,65.038
bsa_silica,cationic,cationic,A,68,,THR,0.30003,0.30003,30.003,42.331
bsa_silica,cationic,cationic,A,542,,GLN,0.29401,0.29401,29.401,69.64
bsa_silica,cationic,cationic,A,353,,GLU,0.2827,0.282664,28.266,21.143
bsa_silica,cationic,cationic,A,451,,TYR,0.26175,0.26175,26.175,29.383
bsa_silica,cationic,cationic,A,251,,GLU,0.2568,0.256768,25.677,15.199
bsa_silica,cationic,cationic,A,332,,GLU,0.24334,0.243309,24.331,6.846
bsa_silica,cationic,cationic,A,578,,THR,0.24006,0.24006,24.006,58.875
bsa_silica,cationic,cationic,A,73,,GLU,0.23532,0.23529,23.529,19.438
bsa_silica,cationic,cationic,A,95,,GLU,0.23275,0.232721,23.272,53.234
bsa_silica,cationic,cationic,A,229,,GLU,0.22894,0.228911,22.891,41.777
bsa_silica,cationic,cationic,A,190,,THR,0.22684,0.22684,22.684,17.332
bsa_silica,cationic,cationic,A,192,,SER,0.21934,0.21934,21.934,17.109
bsa_silica,cationic,cationic,A,161,,ASN,0.21241,0.21241,21.241,44.665
bsa_silica,cationic,cationic,A,140,,GLU,0.20355,0.203524,20.352,7.901
bsa_silica,cationic,cationic,A,343,,SER,0.2015,0.2015,20.15,5.669
bsa_silica,cationic,cationic,A,248,,ASP,0.19947,0.199454,19.945,11.3
bsa_silica,cationic,cationic,A,448,,THR,0.17138,0.17138,17.138,24.598
bsa_silica,cationic,cationic,A,191,,SER,0.16984,0.16984,16.984,17.332
bsa_silica,cationic,cationic,A,160,,TYR,0.1692,0.1692,16.92,24.691
bsa_silica,cationic,cationic,A,496,,TYR,0.16406,0.16406,16.406,49.483
bsa_silica,cationic,cationic,A,340,,TYR,0.14773,0.14773,14.773,22.789
bsa_silica,cationic,cationic,A,410,,TYR,0.14388,0.14388,14.388,2.91
bsa_silica,cationic,cationic,A,155,,TYR,0.13617,0.13617,13.617,22.733
bsa_silica,cationic,cationic,A,267,,GLN,0.1359,0.1359,13.59,76.294
bsa_silica,cationic,cationic,A,147,,TYR,0.13352,0.13352,13.352,3.757
bsa_silica,cationic,cationic,A,421,,THR,0.1324,0.1324,13.24,25.913
bsa_silica,cationic,cationic,A,137,,TYR,0.13141,0.13141,13.141,10.992
bsa_silica,cationic,cationic,A,404,,ASN,0.12899,0.12899,12.899,3.629
bsa_silica,cationic,cationic,A,355,,THR,0.12856,0.12856,12.856,39.802
bsa_silica,cationic,cationic,A,108,,ASP,0.12273,0.12272,12.272,25.485
bsa_silica,cationic,cationic,A,530,,GLU,0.12091,0.120895,12.089,3.401
bsa_silica,cationic,cationic,A,479,,SER,0.10641,0.10641,10.641,42.108
bsa_silica,cationic,cationic,A,295,,ASP,0.10565,0.105642,10.564,2.972
bsa_silica,cationic,cationic,A,243,,GLU,0.10253,0.102517,10.252,8.496
bsa_silica,cationic,cationic,A,99,,ASN,0.10244,0.10244,10.244,41.567
bsa_silica,cationic,cationic,A,286,,SER,0.10206,0.10206,10.206,16.325
bsa_silica,cationic,cationic,A,149,,TYR,0.09645,0.09645,9.645,5.248
bsa_silica,cationic,cationic,A,152,,GLU,0.09009,0.090079,9.008,9.079
bsa_silica,cationic,cationic,A,419,,THR,0.08775,0.08775,8.775,21.907
bsa_silica,cationic,cationic,A,156,,TYR,0.08576,0.08576,8.576,20.199
bsa_silica,cationic,cationic,A,254,,ASP,0.08399,0.083983,8.398,18.34
bsa_silica,cationic,cationic,A,30,,TYR,0.08316,0.08316,8.316,2.34
bsa_silica,cationic,cationic,A,201,,SER,0.08225,0.08225,8.225,13.103
bsa_silica,cationic,cationic,A,84,,TYR,0.07863,0.07863,7.863,11.894
bsa_silica,cationic,cationic,A,32,,GLN,0.06485,0.06485,6.485,19.277
bsa_silica,cationic,cationic,A,139,,TYR,0.05576,0.05576,5.576,9.213
bsa_silica,hydrophobic,hydrophobic,A,228,,VAL,0.97338,0.97338,100.0,39.132
bsa_silica,hydrophobic,hydrophobic,A,497,,VAL,0.90461,0.90461,92.935,65.488
bsa_silica,hydrophobic,hydrophobic,A,500,,ALA,0.8373,0.8373,86.02,54.941
bsa_silica,hydrophobic,hydrophobic,A,78,,ALA,0.8373,0.8373,86.02,30.72
bsa_silica,hydrophobic,hydrophobic,A,60,,ALA,0.81113,0.81113,83.331,24.886
bsa_silica,hydrophobic,hydrophobic,A,296,,ALA,0.80241,0.80241,82.435,43.57
bsa_silica,hydrophobic,hydrophobic,A,576,,VAL,0.73533,0.73533,75.544,60.168
bsa_silica,hydrophobic,hydrophobic,A,551,,VAL,0.6983,0.6983,71.74,67.478
bsa_silica,hydrophobic,hydrophobic,A,420,,PRO,0.69137,0.69137,71.028,24.457
bsa_silica,hydrophobic,hydrophobic,A,55,,ALA,0.6803,0.6803,69.89,32.233
bsa_silica,hydrophobic,hydrophobic,A,303,,PRO,0.67623,0.67623,69.472,56.86
bsa_silica,hydrophobic,hydrophobic,A,569,,VAL,0.66655,0.66655,68.478,58.404
bsa_silica,hydrophobic,hydrophobic,A,559,,ALA,0.66286,0.66286,68.099,35.633
bsa_silica,hydrophobic,hydrophobic,A,96,,PRO,0.64595,0.64595,66.362,19.818
bsa_silica,hydrophobic,hydrophobic,A,113,,PRO,0.63586,0.63586,65.325,37.193
bsa_silica,hydrophobic,hydrophobic,A,552,,ALA,0.62797,0.62797,64.514,63.746
bsa_silica,hydrophobic,hydrophobic,A,115,,LEU,0.61771,0.61771,63.46,48.68
bsa_silica,hydrophobic,hydrophobic,A,516,,PRO,0.61063,0.61063,62.733,24.262
bsa_silica,hydrophobic,hydrophobic,A,489,,ALA,0.61053,0.61053,62.723,30.119
bsa_silica,hydrophobic,hydrophobic,A,354,,ALA,0.61053,0.61053,62.723,23.28
bsa_silica,hydrophobic,hydrophobic,A,440,,PRO,0.60558,0.60558,62.214,18.579
bsa_silica,hydrophobic,hydrophobic,A,324,,ALA,0.60181,0.60181,61.827,42.169
bsa_silica,hydrophobic,hydrophobic,A,128,,ALA,0.59309,0.59309,60.931,21.7
bsa_silica,hydrophobic,hydrophobic,A,361,,ALA,0.57564,0.57564,59.138,25.866
bsa_silica,hydrophobic,hydrophobic,A,281,,PRO,0.5753,0.5753,59.103,39.892
bsa_silica,hydrophobic,hydrophobic,A,302,,PRO,0.57025,0.57025,58.585,56.86
bsa_silica,hydrophobic,hydrophobic,A,282,,LEU,0.56624,0.56624,58.173,45.779
bsa_silica,hydrophobic,hydrophobic,A,572,,PRO,0.56521,0.56521,58.067,51.938
bsa_silica,hydrophobic,hydrophobic,A,35,,PRO,0.55007,0.55007,56.511,20.493
bsa_silica,hydrophobic,hydrophobic,A,568,,ALA,0.54076,0.54076,55.555,72.471
bsa_silica,hydrophobic,hydrophobic,A,321,,ALA,0.54076,0.54076,55.555,42.169
bsa_silica,hydrophobic,hydrophobic,A,467,,PRO,0.53998,0.53998,55.475,31.1
bsa_silica,hydrophobic,hydrophobic,A,565,,ALA,0.52331,0.52331,53.762,51.475
bsa_silica,hydrophobic,hydrophobic,A,290,,ALA,0.52331,0.52331,53.762,21.014
bsa_silica,hydrophobic,hydrophobic,A,492,,PRO,0.51474,0.51474,52.882,24.901
bsa_silica,hydrophobic,hydrophobic,A,175,,ALA,0.51459,0.51459,52.866,24.894
bsa_silica,hydrophobic,hydrophobic,A,179,,PRO,0.48951,0.48951,50.29,52.714
bsa_silica,hydrophobic,hydrophobic,A,178,,LEU,0.48473,0.48473,49.799,53.484
bsa_silica,hydrophobic,hydrophobic,A,367,,ALA,0.47098,0.47098,48.386,22.655
bsa_silica,hydrophobic,hydrophobic,A,522,,ILE,0.45535,0.45535,46.78,19.607
bsa_silica,hydrophobic,hydrophobic,A,189,,LEU,0.45471,0.45471,46.715,24.556
bsa_silica,hydrophobic,hydrophobic,A,498,,PRO,0.44914,0.44914,46.142,65.488
bsa_silica,hydrophobic,hydrophobic,A,40,,VAL,0.44437,0.44437,45.652,30.384
bsa_silica,hydrophobic,hydrophobic,A,547,,MET,0.42028,0.42028,43.177,35.841
bsa_silica,hydrophobic,hydrophobic,A,468,,VAL,0.41792,0.41792,42.935,29.389
bsa_silica,hydrophobic,hydrophobic,A,397,,LEU,0.39894,0.39894,40.985,21.203
bsa_silica,hydrophobic,hydrophobic,A,117,,PRO,0.38858,0.38858,39.921,48.68
bsa_silica,hydrophobic,hydrophobic,A,306,,ALA,0.38376,0.38376,39.426,53.964
bsa_silica,hydrophobic,hydrophobic,A,54,,VAL,0.37031,0.37031,38.044,46.587
bsa_silica,hydrophobic,hydrophobic,A,212,,ALA,0.36632,0.36632,37.634,40.343
bsa_silica,hydrophobic,hydrophobic,A,560,,ALA,0.36632,0.36632,37.634,31.575
bsa_silica,hydrophobic,hydrophobic,A,193,,ALA,0.36632,0.36632,37.634,20.626
bsa_silica,hydrophobic,hydrophobic,A,297,,ILE,0.35027,0.35027,35.985,53.278
bsa_silica,hydrophobic,hydrophobic,A,581,,ALA,0.33143,0.33143,34.049,29.957
bsa_silica,hydrophobic,hydrophobic,A,575,,VAL,0.30683,0.30683,31.522,60.925
bsa_silica,hydrophobic,hydrophobic,A,227,,PHE,0.30209,0.30209,31.035,39.132
bsa_silica,hydrophobic,hydrophobic,A,501,,PHE,0.29841,0.29841,30.657,54.941
bsa_silica,hydrophobic,hydrophobic,A,505,,LEU,0.29599,0.29599,30.408,22.873
bsa_silica,hydrophobic,hydrophobic,A,49,,PHE,0.29472,0.29472,30.278,16.748
bsa_silica,hydrophobic,hydrophobic,A,583,,ALA,0.28782,0.28782,29.569,18.999
bsa_silica,hydrophobic,hydrophobic,A,485,,PRO,0.27251,0.27251,27.996,32.596
bsa_silica,hydrophobic,hydrophobic,A,170,,ALA,0.27038,0.27038,27.777,8.295
bsa_silica,hydrophobic,hydrophobic,A,365,,PRO,0.26746,0.26746,27.477,35.722
bsa_silica,hydrophobic,hydrophobic,A,298,,PRO,0.26746,0.26746,27.477,29.883
bsa_silica,hydrophobic,hydrophobic,A,42,,LEU,0.26167,0.26167,26.883,28.347
bsa_silica,hydrophobic,hydrophobic,A,510,,ALA,0.25293,0.25293,25.985,9.794
bsa_silica,hydrophobic,hydrophobic,A,386,,LEU,0.2488,0.2488,25.56,16.451
bsa_silica,hydrophobic,hydrophobic,A,379,,LEU,0.24451,0.24451,25.12,20.204
bsa_silica,hydrophobic,hydrophobic,A,237,,LEU,0.23593,0.23593,24.238,11.413
bsa_silica,hydrophobic,hydrophobic,A,70,,PHE,0.23209,0.23209,23.844,15.28
bsa_silica,hydrophobic,hydrophobic,A,213,,TRP,0.23158,0.23158,23.791,34.81
bsa_silica,hydrophobic,hydrophobic,A,480,,LEU,0.22735,0.22735,23.357,15.86
bsa_silica,hydrophobic,hydrophobic,A,380,,VAL,0.22218,0.22218,22.826,20.204
bsa_silica,hydrophobic,hydrophobic,A,338,,PRO,0.22205,0.22205,22.812,10.742
bsa_silica,hydrophobic,hydrophobic,A,119,,PRO,0.217,0.217,22.293,19.628
bsa_silica,hydrophobic,hydrophobic,A,346,,LEU,0.21448,0.21448,22.035,22.922
bsa_silica,hydrophobic,hydrophobic,A,209,,ALA,0.20932,0.20932,21.504,27.847
bsa_silica,hydrophobic,hydrophobic,A,342,,VAL,0.20631,0.20631,21.195,15.354
bsa_silica,hydrophobic,hydrophobic,A,197,,LEU,0.2059,0.2059,21.153,15.868
bsa_silica,hydrophobic,hydrophobic,A,574,,LEU,0.20161,0.20161,20.712,65.336
bsa_silica,hydrophobic,hydrophobic,A,141,,ILE,0.2014,0.2014,20.691,7.802
bsa_silica,hydrophobic,hydrophobic,A,550,,PHE,0.19894,0.19894,20.438,73.664
bsa_silica,hydrophobic,hydrophobic,A,257,,ALA,0.19188,0.19188,19.713,16.96
bsa_silica,hydrophobic,hydrophobic,A,536,,PRO,0.19177,0.19177,19.701,9.277
bsa_silica,hydrophobic,hydrophobic,A,122,,LEU,0.18875,0.18875,19.391,19.628
bsa_silica,hydrophobic,hydrophobic,A,202,,ILE,0.18827,0.18827,19.342,23.748
bsa_silica,hydrophobic,hydrophobic,A,88,,ALA,0.18316,0.18316,18.817,5.619
bsa_silica,hydrophobic,hydrophobic,A,205,,PHE,0.18052,0.18052,18.546,17.84
bsa_silica,hydrophobic,hydrophobic,A,515,,LEU,0.18017,0.18017,18.51,24.262
bsa_silica,hydrophobic,hydrophobic,A,506,,PHE,0.17683,0.17683,18.167,22.873
bsa_silica,hydrophobic,hydrophobic,A,11,,PHE,0.17315,0.17315,17.789,12.319
bsa_silica,hydrophobic,hydrophobic,A,408,,VAL,0.16928,0.16928,17.391,12.998
bsa_silica,hydrophobic,hydrophobic,A,373,,PHE,0.16578,0.16578,17.031,5.086
bsa_silica,hydrophobic,hydrophobic,A,77,,VAL,0.16399,0.16399,16.847,30.72
bsa_silica,hydrophobic,hydrophobic,A,455,,ILE,0.162,0.162,16.643,18.42
bsa_silica,hydrophobic,hydrophobic,A,283,,LEU,0.15872,0.15872,16.306,47.637
bsa_silica,hydrophobic,hydrophobic,A,531,,LEU,0.15872,0.15872,16.306,18.78
bsa_silica,hydrophobic,hydrophobic,A,259,,LEU,0.15872,0.15872,16.306,16.96
bsa_silica,hydrophobic,hydrophobic,A,452,,LEU,0.15872,0.15872,16.306,15.372
bsa_silica,hydrophobic,hydrophobic,A,103,,LEU,0.15872,0.15872,16.306,4.87
bsa_silica,hydrophobic,hydrophobic,A,394,,PHE,0.15473,0.15473,15.896,18.795
bsa_silica,hydrophobic,hydrophobic,A,349,,ALA,0.14827,0.14827,15.232,17.548
bsa_silica,hydrophobic,hydrophobic,A,446,,PRO,0.1413,0.1413,14.516,11.539
bsa_silica,hydrophobic,hydrophobic,A,112,,LEU,0.13298,0.13298,13.662,43.052
bsa_silica,hydrophobic,hydrophobic,A,554,,VAL,0.13225,0.13225,13.587,70.557
bsa_silica,hydrophobic,hydrophobic,A,181,,ILE,0.13135,0.13135,13.494,39.847
bsa_silica,hydrophobic,hydrophobic,A,527,,ALA,0.13083,0.13083,13.441,18.78
bsa_silica,hydrophobic,hydrophobic,A,325,,PHE,0.12894,0.12894,13.247,40.331
bsa_silica,hydrophobic,hydrophobic,A,304,,LEU,0.12869,0.12869,13.221,56.86
bsa_silica,hydrophobic,hydrophobic,A,218,,LEU,0.1244,0.1244,12.78,11.904
bsa_silica,hydrophobic,hydrophobic,A,200,,ALA,0.12211,0.12211,12.545,24.975
bsa_silica,hydrophobic,hydrophobic,A,546,,VAL,0.12167,0.12167,12.5,38.746
bsa_silica,hydrophobic,hydrophobic,A,215,,VAL,0.12167,0.12167,12.5,27.999
bsa_silica,hydrophobic,hydrophobic,A,110,,PRO,0.12112,0.12112,12.443,7.796
bsa_silica,hydrophobic,hydrophobic,A,36,,PHE,0.11789,0.11789,12.111,32.313
bsa_silica,hydrophobic,hydrophobic,A,344,,VAL,0.11109,0.11109,11.413,25.73
bsa_silica,hydrophobic,hydrophobic,A,387,,ILE,0.10946,0.10946,11.245,16.451
bsa_silica,hydrophobic,hydrophobic,A,69,,LEU,0.10724,0.10724,11.017,15.28
bsa_silica,hydrophobic,hydrophobic,A,66,,LEU,0.10724,0.10724,11.017,13.701
bsa_silica,hydrophobic,hydrophobic,A,326,,LEU,0.10295,0.10295,10.577,40.331
bsa_silica,hydrophobic,hydrophobic,A,24,,LEU,0.10295,0.10295,10.577,8.051
bsa_silica,hydrophobic,hydrophobic,A,481,,VAL,0.10051,0.10051,10.326,15.86
bsa_silica,hydrophobic,hydrophobic,A,490,,LEU,0.09866,0.09866,10.136,34.307
bsa_silica,hydrophobic,hydrophobic,A,528,,LEU,0.09866,0.09866,10.136,18.78
bsa_silica,hydrophobic,hydrophobic,A,184,,MET,0.09798,0.09798,10.066,11.094
bsa_silica,hydrophobic,hydrophobic,A,445,,MET,0.09722,0.09722,9.988,11.539
bsa_silica,hydrophobic,hydrophobic,A,163,,VAL,0.09522,0.09522,9.782,4.606
bsa_silica,hydrophobic,hydrophobic,A,301,,LEU,0.09437,0.09437,9.695,32.151
bsa_silica,hydrophobic,hydrophobic,A,415,,PRO,0.09084,0.09084,9.332,4.394
bsa_silica,hydrophobic,hydrophobic,A,289,,ILE,0.08757,0.08757,8.996,23.701
bsa_silica,hydrophobic,hydrophobic,A,263,,ILE,0.08757,0.08757,8.996,4.236
bsa_silica,hydrophobic,hydrophobic,A,134,,TRP,0.08303,0.08303,8.53,6.051
bsa_silica,hydrophobic,hydrophobic,A,14,,LEU,0.0815,0.0815,8.373,10.221
bsa_silica,hydrophobic,hydrophobic,A,383,,PRO,0.08074,0.08074,8.295,15.942
bsa_silica,hydrophobic,hydrophobic,A,405,,ALA,0.0785,0.0785,8.065,18.573
bsa_silica,hydrophobic,hydrophobic,A,253,,ALA,0.0785,0.0785,8.065,6.727
bsa_silica,hydrophobic,hydrophobic,A,406,,LEU,0.07721,0.07721,7.932,13.358
bsa_silica,hydrophobic,hydrophobic,A,292,,VAL,0.07406,0.07406,7.609,21.014
bsa_silica,hydrophobic,hydrophobic,A,432,,VAL,0.06877,0.06877,7.065,5.817
bsa_silica,hydrophobic,hydrophobic,A,330,,LEU,0.06863,0.06863,7.051,3.32
bsa_silica,hydrophobic,hydrophobic,A,508,,PHE,0.06631,0.06631,6.812,3.208
bsa_silica,hydrophobic,hydrophobic,A,43,,VAL,0.06348,0.06348,6.522,28.347
bsa_silica,hydrophobic,hydrophobic,A,151,,PRO,0.06056,0.06056,6.222,6.727
bsa_silica,hydrophobic,hydrophobic,A,454,,LEU,0.06006,0.06006,6.17,29.238
bsa_silica,hydrophobic,hydrophobic,A,543,,LEU,0.06006,0.06006,6.17,8.791
bsa_silica,hydrophobic,hydrophobic,A,126,,PHE,0.05894,0.05894,6.055,30.038
bsa_silica,hydrophobic,hydrophobic,A,402,,PHE,0.05894,0.05894,6.055,23.572
bsa_silica,hydrophobic,hydrophobic,A,462,,LEU,0.05577,0.05577,5.73,2.698
bsa_silica,hydrophobic,hydrophobic,A,133,,PHE,0.05526,0.05526,5.677,9.541
bsa_silica,hydrophobic,hydrophobic,A,423,,VAL,0.0529,0.0529,5.435,38.428
bsa_silica,hydrophobic,hydrophobic,A,188,,VAL,0.0529,0.0529,5.435,24.556
bsa_silica,hydrophobic,hydrophobic,A,425,,VAL,0.0529,0.0529,5.435,7.609
bsa_silica,hydrophobic,hydrophobic,A,46,,LEU,0.05148,0.05148,5.289,19.818
bsa_silica,hydrophobic,hydrophobic,A,429,,LEU,0.05148,0.05148,5.289,8.376
bsa_silica,pi_carbon,pi_carbon,A,3,,HIS,1.0,1.0,100.0,69.111
bsa_silica,pi_carbon,pi_carbon,A,116,,LYS,0.91138,0.908507,90.851,42.666
bsa_silica,pi_carbon,pi_carbon,A,504,,LYS,0.90857,0.905706,90.571,39.017
bsa_silica,pi_carbon,pi_carbon,A,81,,ARG,0.87866,0.878632,87.863,32.51
bsa_silica,pi_carbon,pi_carbon,A,127,,LYS,0.8574,0.854697,85.47,32.905
bsa_silica,pi_carbon,pi_carbon,A,312,,LYS,0.8337,0.831072,83.107,39.029
bsa_silica,pi_carbon,pi_carbon,A,388,,LYS,0.8215,0.81891,81.891,36.508
bsa_silica,pi_carbon,pi_carbon,A,378,,HIS,0.79181,0.79181,79.181,70.192
bsa_silica,pi_carbon,pi_carbon,A,114,,LYS,0.78155,0.779086,77.909,36.588
bsa_silica,pi_carbon,pi_carbon,A,261,,LYS,0.78063,0.778169,77.817,42.923
bsa_silica,pi_carbon,pi_carbon,A,275,,LYS,0.77937,0.776913,77.691,40.046
bsa_silica,pi_carbon,pi_carbon,A,396,,LYS,0.77594,0.773494,77.349,33.526
bsa_silica,pi_carbon,pi_carbon,A,537,,LYS,0.73205,0.729742,72.974,45.346
bsa_silica,pi_carbon,pi_carbon,A,573,,LYS,0.70926,0.707024,70.702,24.012
bsa_silica,pi_carbon,pi_carbon,A,132,,LYS,0.67091,0.668795,66.88,63.588
bsa_silica,pi_carbon,pi_carbon,A,187,,LYS,0.67014,0.668028,66.803,41.756
bsa_silica,pi_carbon,pi_carbon,A,509,,HIS,0.65959,0.65959,65.959,34.09
bsa_silica,pi_carbon,pi_carbon,A,316,,LYS,0.65955,0.657471,65.747,30.876
bsa_silica,pi_carbon,pi_carbon,A,211,,LYS,0.63305,0.631054,63.105,61.15
bsa_silica,pi_carbon,pi_carbon,A,544,,LYS,0.62752,0.625542,62.554,21.244
bsa_silica,pi_carbon,pi_carbon,A,41,,LYS,0.62186,0.6199,61.99,21.053
bsa_silica,pi_carbon,pi_carbon,A,556,,LYS,0.59785,0.595965,59.597,20.24
bsa_silica,pi_carbon,pi_carbon,A,76,,LYS,0.59157,0.589705,58.971,20.027
bsa_silica,pi_carbon,pi_carbon,A,51,,LYS,0.56856,0.566768,56.677,35.138
bsa_silica,pi_carbon,pi_carbon,A,375,,LYS,0.56373,0.561953,56.195,70.192
bsa_silica,pi_carbon,pi_carbon,A,185,,ARG,0.56149,0.561472,56.147,57.74
bsa_silica,pi_carbon,pi_carbon,A,377,,LYS,0.54901,0.547279,54.728,70.192
bsa_silica,pi_carbon,pi_carbon,A,131,,LYS,0.54866,0.54693,54.693,63.588
bsa_silica,pi_carbon,pi_carbon,A,136,,LYS,0.54717,0.545445,54.545,40.9
bsa_silica,pi_carbon,pi_carbon,A,208,,ARG,0.53904,0.539023,53.902,53.733
bsa_silica,pi_carbon,pi_carbon,A,64,,LYS,0.53673,0.535038,53.504,25.127
bsa_silica,pi_carbon,pi_carbon,A,4,,LYS,0.53526,0.533573,53.357,69.111
bsa_silica,pi_carbon,pi_carbon,A,12,,LYS,0.52727,0.525608,52.561,45.116
bsa_silica,pi_carbon,pi_carbon,A,59,,HIS,0.51909,0.51909,51.909,17.629
bsa_silica,pi_carbon,pi_carbon,A,9,,HIS,0.50142,0.50142,50.142,62.387
bsa_silica,pi_carbon,pi_carbon,A,180,,LYS,0.50244,0.500856,50.086,23.521
bsa_silica,pi_carbon,pi_carbon,A,400,,TYR,0.49867,0.49867,49.867,26.187
bsa_silica,pi_carbon,pi_carbon,A,204,,LYS,0.4986,0.497028,49.703,23.011
bsa_silica,pi_carbon,pi_carbon,A,322,,LYS,0.4986,0.497028,49.703,21.259
bsa_silica,pi_carbon,pi_carbon,A,159,,LYS,0.49158,0.49003,49.003,29.926
bsa_silica,pi_carbon,pi_carbon,A,93,,LYS,0.48968,0.488136,48.814,20.27
bsa_silica,pi_carbon,pi_carbon,A,474,,LYS,0.48536,0.48383,48.383,23.087
bsa_silica,pi_carbon,pi_carbon,A,366,,HIS,0.48166,0.48166,48.166,22.62
bsa_silica,pi_carbon,pi_carbon,A,350,,LYS,0.47946,0.477949,47.795,19.854
bsa_silica,pi_carbon,pi_carbon,A,362,,LYS,0.47484,0.473343,47.334,16.075
bsa_silica,pi_carbon,pi_carbon,A,242,,LYS,0.45919,0.457742,45.774,40.23
bsa_silica,pi_carbon,pi_carbon,A,499,,LYS,0.4327,0.431336,43.134,34.126
bsa_silica,pi_carbon,pi_carbon,A,523,,LYS,0.43165,0.430289,43.029,34.671
bsa_silica,pi_carbon,pi_carbon,A,465,,LYS,0.42928,0.427927,42.793,16.52
bsa_silica,pi_carbon,pi_carbon,A,431,,LYS,0.4165,0.415187,41.519,19.498
bsa_silica,pi_carbon,pi_carbon,A,294,,LYS,0.41384,0.412535,41.254,22.787
bsa_silica,pi_carbon,pi_carbon,A,217,,ARG,0.40558,0.405567,40.557,19.046
bsa_silica,pi_carbon,pi_carbon,A,273,,LYS,0.40352,0.402248,40.225,54.056
bsa_silica,pi_carbon,pi_carbon,A,239,,LYS,0.40017,0.398909,39.891,40.23
bsa_silica,pi_carbon,pi_carbon,A,224,,LYS,0.40003,0.398769,39.877,18.727
bsa_silica,pi_carbon,pi_carbon,A,563,,LYS,0.39385,0.392608,39.261,18.438
bsa_silica,pi_carbon,pi_carbon,A,232,,LYS,0.38853,0.387305,38.731,18.189
bsa_silica,pi_carbon,pi_carbon,A,194,,ARG,0.38728,0.387268,38.727,24.962
bsa_silica,pi_carbon,pi_carbon,A,262,,TYR,0.38233,0.38233,38.233,39.412
bsa_silica,pi_carbon,pi_carbon,A,246,,HIS,0.37619,0.37619,37.619,17.667
bsa_silica,pi_carbon,pi_carbon,A,439,,LYS,0.37647,0.375283,37.528,29.65
bsa_silica,pi_carbon,pi_carbon,A,173,,LYS,0.36349,0.362344,36.234,12.306
bsa_silica,pi_carbon,pi_carbon,A,18,,HIS,0.35517,0.35517,35.517,29.387
bsa_silica,pi_carbon,pi_carbon,A,20,,LYS,0.33805,0.336984,33.698,23.507
bsa_silica,pi_carbon,pi_carbon,A,409,,ARG,0.3348,0.334789,33.479,29.205
bsa_silica,pi_carbon,pi_carbon,A,520,,LYS,0.33203,0.330983,33.098,34.671
bsa_silica,pi_carbon,pi_carbon,A,535,,LYS,0.32276,0.321743,32.174,60.389
bsa_silica,pi_carbon,pi_carbon,A,67,,HIS,0.32046,0.32046,32.046,25.949
bsa_silica,pi_carbon,pi_carbon,A,227,,PHE,0.30209,0.30209,30.209,14.187
bsa_silica,pi_carbon,pi_carbon,A,458,,ARG,0.30023,0.300221,30.022,14.099
bsa_silica,pi_carbon,pi_carbon,A,501,,PHE,0.29841,0.29841,29.841,14.014
bsa_silica,pi_carbon,pi_carbon,A,49,,PHE,0.29472,0.29472,29.472,29.257
bsa_silica,pi_carbon,pi_carbon,A,412,,ARG,0.28373,0.283721,28.372,40.385
bsa_silica,pi_carbon,pi_carbon,A,280,,LYS,0.28407,0.283175,28.317,17.969
bsa_silica,pi_carbon,pi_carbon,A,435,,ARG,0.27543,0.275421,27.542,12.934
bsa_silica,pi_carbon,pi_carbon,A,451,,TYR,0.26175,0.26175,26.175,12.292
bsa_silica,pi_carbon,pi_carbon,A,524,,LYS,0.26044,0.259619,25.962,32.4
bsa_silica,pi_carbon,pi_carbon,A,145,,HIS,0.25908,0.25908,25.908,29.023
bsa_silica,pi_carbon,pi_carbon,A,105,,HIS,0.25901,0.25901,25.901,12.164
bsa_silica,pi_carbon,pi_carbon,A,444,,ARG,0.25609,0.256082,25.608,29.65
bsa_silica,pi_carbon,pi_carbon,A,285,,LYS,0.24669,0.245912,24.591,22.912
bsa_silica,pi_carbon,pi_carbon,A,337,,HIS,0.23614,0.23614,23.614,21.307
bsa_silica,pi_carbon,pi_carbon,A,70,,PHE,0.23209,0.23209,23.209,18.765
bsa_silica,pi_carbon,pi_carbon,A,213,,TRP,0.23158,0.23158,23.158,40.511
bsa_silica,pi_carbon,pi_carbon,A,534,,HIS,0.22615,0.22615,22.615,45.74
bsa_silica,pi_carbon,pi_carbon,A,144,,ARG,0.21102,0.211013,21.101,21.483
bsa_silica,pi_carbon,pi_carbon,A,550,,PHE,0.19894,0.19894,19.894,6.756
bsa_silica,pi_carbon,pi_carbon,A,471,,LYS,0.19659,0.19597,19.597,26.4
bsa_silica,pi_carbon,pi_carbon,A,205,,PHE,0.18052,0.18052,18.052,31.819
bsa_silica,pi_carbon,pi_carbon,A,506,,PHE,0.17683,0.17683,17.683,39.017
bsa_silica,pi_carbon,pi_carbon,A,11,,PHE,0.17315,0.17315,17.315,62.387
bsa_silica,pi_carbon,pi_carbon,A,160,,TYR,0.1692,0.1692,16.92,30.959
bsa_silica,pi_carbon,pi_carbon,A,373,,PHE,0.16578,0.16578,16.578,59.878
bsa_silica,pi_carbon,pi_carbon,A,496,,TYR,0.16406,0.16406,16.406,7.705
bsa_silica,pi_carbon,pi_carbon,A,198,,ARG,0.16387,0.163865,16.386,14.47
bsa_silica,pi_carbon,pi_carbon,A,394,,PHE,0.15473,0.15473,15.473,33.526
bsa_silica,pi_carbon,pi_carbon,A,340,,TYR,0.14773,0.14773,14.773,13.037
bsa_silica,pi_carbon,pi_carbon,A,287,,HIS,0.14555,0.14555,14.555,17.919
bsa_silica,pi_carbon,pi_carbon,A,196,,ARG,0.14426,0.144255,14.426,32.657
bsa_silica,pi_carbon,pi_carbon,A,410,,TYR,0.14388,0.14388,14.388,29.205
bsa_silica,pi_carbon,pi_carbon,A,336,,ARG,0.13954,0.139536,13.954,16.29
bsa_silica,pi_carbon,pi_carbon,A,155,,TYR,0.13617,0.13617,13.617,10.422
bsa_silica,pi_carbon,pi_carbon,A,147,,TYR,0.13352,0.13352,13.352,18.437
bsa_silica,pi_carbon,pi_carbon,A,137,,TYR,0.13141,0.13141,13.141,38.305
bsa_silica,pi_carbon,pi_carbon,A,325,,PHE,0.12894,0.12894,12.894,21.259
bsa_silica,pi_carbon,pi_carbon,A,10,,ARG,0.12827,0.128266,12.827,45.116
bsa_silica,pi_carbon,pi_carbon,A,484,,ARG,0.12106,0.121056,12.106,7.056
bsa_silica,pi_carbon,pi_carbon,A,36,,PHE,0.11789,0.11789,11.789,5.536
bsa_silica,pi_carbon,pi_carbon,A,427,,ARG,0.11144,0.111436,11.144,5.233
bsa_silica,pi_carbon,pi_carbon,A,98,,ARG,0.10872,0.108717,10.872,28.03
bsa_silica,pi_carbon,pi_carbon,A,143,,ARG,0.10672,0.106717,10.672,24.307
bsa_silica,pi_carbon,pi_carbon,A,347,,ARG,0.10667,0.106667,10.667,19.854
bsa_silica,pi_carbon,pi_carbon,A,335,,ARG,0.10399,0.103987,10.399,22.526
bsa_silica,pi_carbon,pi_carbon,A,256,,ARG,0.10337,0.103367,10.337,4.854
bsa_silica,pi_carbon,pi_carbon,A,413,,LYS,0.09787,0.097561,9.756,24.663
bsa_silica,pi_carbon,pi_carbon,A,149,,TYR,0.09645,0.09645,9.645,4.53
bsa_silica,pi_carbon,pi_carbon,A,483,,ARG,0.08671,0.086707,8.671,7.056
bsa_silica,pi_carbon,pi_carbon,A,156,,TYR,0.08576,0.08576,8.576,29.926
bsa_silica,pi_carbon,pi_carbon,A,30,,TYR,0.08316,0.08316,8.316,3.905
bsa_silica,pi_carbon,pi_carbon,A,134,,TRP,0.08303,0.08303,8.303,78.613
bsa_silica,pi_carbon,pi_carbon,A,84,,TYR,0.07863,0.07863,7.863,41.306
bsa_silica,pi_carbon,pi_carbon,A,221,,LYS,0.07291,0.07268,7.268,22.787
bsa_silica,pi_carbon,pi_carbon,A,533,,LYS,0.0694,0.069181,6.918,45.241
bsa_silica,pi_carbon,pi_carbon,A,508,,PHE,0.06631,0.06631,6.631,34.09
bsa_silica,pi_carbon,pi_carbon,A,126,,PHE,0.05894,0.05894,5.894,45.502
bsa_silica,pi_carbon,pi_carbon,A,402,,PHE,0.05894,0.05894,5.894,33.453
bsa_silica,pi_carbon,pi_carbon,A,463,,HIS,0.05851,0.05851,5.851,22.844
bsa_silica,pi_carbon,pi_carbon,A,139,,TYR,0.05576,0.05576,5.576,39.417
bsa_silica,pi_carbon,pi_carbon,A,133,,PHE,0.05526,0.05526,5.526,91.971
bsa_silica,hbond_donor,hbond_donor,A,268,,ASP,1.0,1.0,100.0,61.695
bsa_silica,hbond_donor,hbond_donor,A,171,,GLU,1.0,1.0,100.0,51.052
bsa_silica,hbond_donor,hbond_donor,A,300,,ASN,1.0,1.0,100.0,38.233
bsa_silica,hbond_donor,hbond_donor,A,1,,ASP,1.0,1.0,100.0,37.826
bsa_silica,hbond_donor,hbond_donor,A,363,,ASP,1.0,1.0,100.0,36.739
bsa_silica,hbond_donor,hbond_donor,A,561,,ASP,1.0,1.0,100.0,33.74
bsa_silica,hbond_donor,hbond_donor,A,540,,GLU,0.99374,0.99374,99.374,64.785
bsa_silica,hbond_donor,hbond_donor,A,442,,SER,0.97846,0.97846,97.846,62.274
bsa_silica,hbond_donor,hbond_donor,A,111,,ASP,0.9782,0.9782,97.82,27.52
bsa_silica,hbond_donor,hbond_donor,A,169,,GLN,0.94229,0.94229,94.229,26.51
bsa_silica,hbond_donor,hbond_donor,A,94,,GLN,0.94,0.94,94.0,53.234
bsa_silica,hbond_donor,hbond_donor,A,517,,ASP,0.90472,0.90472,90.472,63.592
bsa_silica,hbond_donor,hbond_donor,A,293,,GLU,0.89088,0.89088,89.088,25.064
bsa_silica,hbond_donor,hbond_donor,A,299,,GLU,0.89064,0.89064,89.064,38.233
bsa_silica,hbond_donor,hbond_donor,A,124,,ASP,0.88279,0.88279,88.279,60.341
bsa_silica,hbond_donor,hbond_donor,A,279,,ASP,0.87545,0.87545,87.545,44.43
bsa_silica,hbond_donor,hbond_donor,A,2,,THR,0.87049,0.87049,87.049,37.826
bsa_silica,hbond_donor,hbond_donor,A,541,,GLU,0.86973,0.86973,86.973,64.785
bsa_silica,hbond_donor,hbond_donor,A,37,,ASP,0.86829,0.86829,86.829,29.549
bsa_silica,hbond_donor,hbond_donor,A,555,,ASP,0.86055,0.86055,86.055,17.402
bsa_silica,hbond_donor,hbond_donor,A,470,,GLU,0.8595,0.8595,85.95,34.43
bsa_silica,hbond_donor,hbond_donor,A,438,,THR,0.85946,0.85946,85.946,24.18
bsa_silica,hbond_donor,hbond_donor,A,441,,GLU,0.85829,0.85829,85.829,66.261
bsa_silica,hbond_donor,hbond_donor,A,382,,GLU,0.84868,0.84868,84.868,57.79
bsa_silica,hbond_donor,hbond_donor,A,307,,ASP,0.84596,0.84596,84.596,51.161
bsa_silica,hbond_donor,hbond_donor,A,276,,GLU,0.84338,0.84338,84.338,34.759
bsa_silica,hbond_donor,hbond_donor,A,226,,GLU,0.84301,0.84301,84.301,30.158
bsa_silica,hbond_donor,hbond_donor,A,89,,ASP,0.82847,0.82847,82.847,47.989
bsa_silica,hbond_donor,hbond_donor,A,120,,ASN,0.81988,0.81988,81.988,71.88
bsa_silica,hbond_donor,hbond_donor,A,364,,ASP,0.81673,0.81673,81.673,36.739
bsa_silica,hbond_donor,hbond_donor,A,172,,ASP,0.81464,0.81464,81.464,51.052
bsa_silica,hbond_donor,hbond_donor,A,495,,THR,0.80784,0.80784,80.784,46.652
bsa_silica,hbond_donor,hbond_donor,A,548,,GLU,0.79543,0.79543,79.543,38.436
bsa_silica,hbond_donor,hbond_donor,A,374,,ASP,0.79297,0.79297,79.297,22.309
bsa_silica,hbond_donor,hbond_donor,A,320,,GLU,0.79296,0.79296,79.296,36.873
bsa_silica,hbond_donor,hbond_donor,A,392,,ASP,0.78848,0.78848,78.848,58.208
bsa_silica,hbond_donor,hbond_donor,A,389,,GLN,0.78834,0.78834,78.834,52.811
bsa_silica,hbond_donor,hbond_donor,A,58,,SER,0.78783,0.78783,78.783,53.161
bsa_silica,hbond_donor,hbond_donor,A,494,,GLU,0.78696,0.78696,78.696,46.652
bsa_silica,hbond_donor,hbond_donor,A,86,,ASP,0.78599,0.78599,78.599,34.238
bsa_silica,hbond_donor,hbond_donor,A,48,,GLU,0.78217,0.78217,78.217,37.8
bsa_silica,hbond_donor,hbond_donor,A,82,,GLU,0.77792,0.77792,77.792,35.878
bsa_silica,hbond_donor,hbond_donor,A,385,,ASN,0.77478,0.77478,77.478,36.498
bsa_silica,hbond_donor,hbond_donor,A,478,,GLU,0.7706,0.7706,77.06,44.196
bsa_silica,hbond_donor,hbond_donor,A,564,,GLU,0.7653,0.7653,76.53,28.993
bsa_silica,hbond_donor,hbond_donor,A,92,,GLU,0.7586,0.7586,75.86,44.65
bsa_silica,hbond_donor,hbond_donor,A,580,,THR,0.7564,0.7564,75.64,42.317
bsa_silica,hbond_donor,hbond_donor,A,65,,SER,0.74897,0.74897,74.897,29.512
bsa_silica,hbond_donor,hbond_donor,A,503,,GLU,0.74193,0.74193,74.193,36.237
bsa_silica,hbond_donor,hbond_donor,A,310,,GLU,0.7363,0.7363,73.63,41.858
bsa_silica,hbond_donor,hbond_donor,A,235,,THR,0.73139,0.73139,73.139,34.823
bsa_silica,hbond_donor,hbond_donor,A,514,,THR,0.73063,0.73063,73.063,38.42
bsa_silica,hbond_donor,hbond_donor,A,371,,THR,0.73014,0.73014,73.014,30.386
bsa_silica,hbond_donor,hbond_donor,A,63,,GLU,0.72803,0.72803,72.803,20.482
bsa_silica,hbond_donor,hbond_donor,A,97,,GLU,0.71944,0.71944,71.944,53.596
bsa_silica,hbond_donor,hbond_donor,A,381,,ASP,0.71174,0.71174,71.174,57.79
bsa_silica,hbond_donor,hbond_donor,A,165,,GLN,0.70992,0.70992,70.992,42.698
bsa_silica,hbond_donor,hbond_donor,A,258,,ASP,0.70908,0.70908,70.908,28.702
bsa_silica,hbond_donor,hbond_donor,A,519,,GLU,0.7018,0.7018,70.18,52.669
bsa_silica,hbond_donor,hbond_donor,A,291,,GLU,0.7018,0.7018,70.18,19.744
bsa_silica,hbond_donor,hbond_donor,A,358,,GLU,0.696,0.696,69.6,32.922
bsa_silica,hbond_donor,hbond_donor,A,466,,THR,0.69549,0.69549,69.549,22.606
bsa_silica,hbond_donor,hbond_donor,A,477,,THR,0.69392,0.69392,69.392,42.494
bsa_silica,hbond_donor,hbond_donor,A,491,,THR,0.69384,0.69384,69.384,33.491
bsa_silica,hbond_donor,hbond_donor,A,183,,THR,0.68513,0.68513,68.513,38.774
bsa_silica,hbond_donor,hbond_donor,A,265,,ASP,0.68274,0.68274,68.274,44.61
bsa_silica,hbond_donor,hbond_donor,A,323,,ASP,0.67442,0.67442,67.442,18.974
bsa_silica,hbond_donor,hbond_donor,A,269,,THR,0.67235,0.67235,67.235,61.695
bsa_silica,hbond_donor,hbond_donor,A,121,,THR,0.67174,0.67174,67.174,66.801
bsa_silica,hbond_donor,hbond_donor,A,562,,ASP,0.66842,0.66842,66.842,49.216
bsa_silica,hbond_donor,hbond_donor,A,56,,ASP,0.66708,0.66708,66.708,49.807
bsa_silica,hbond_donor,hbond_donor,A,339,,GLU,0.66233,0.66233,66.233,22.79
bsa_silica,hbond_donor,hbond_donor,A,100,,GLU,0.65569,0.65569,65.569,41.569
bsa_silica,hbond_donor,hbond_donor,A,518,,THR,0.65383,0.65383,65.383,52.669
bsa_silica,hbond_donor,hbond_donor,A,182,,GLU,0.63731,0.63731,63.731,37.205
bsa_silica,hbond_donor,hbond_donor,A,511,,ASP,0.63501,0.63501,63.501,27.617
bsa_silica,hbond_donor,hbond_donor,A,33,,GLN,0.6203,0.6203,62.03,19.276
bsa_silica,hbond_donor,hbond_donor,A,17,,GLU,0.61501,0.61501,61.501,19.393
bsa_silica,hbond_donor,hbond_donor,A,129,,ASP,0.61317,0.61317,61.317,32.234
bsa_silica,hbond_donor,hbond_donor,A,125,,GLU,0.60945,0.60945,60.945,41.982
bsa_silica,hbond_donor,hbond_donor,A,313,,ASP,0.60565,0.60565,60.565,40.323
bsa_silica,hbond_donor,hbond_donor,A,319,,GLN,0.60441,0.60441,60.441,36.873
bsa_silica,hbond_donor,hbond_donor,A,207,,GLU,0.59876,0.59876,59.876,16.845
bsa_silica,hbond_donor,hbond_donor,A,104,,SER,0.59625,0.59625,59.625,16.775
bsa_silica,hbond_donor,hbond_donor,A,166,,GLU,0.59536,0.59536,59.536,36.722
bsa_silica,hbond_donor,hbond_donor,A,186,,GLU,0.59492,0.59492,59.492,36.013
bsa_silica,hbond_donor,hbond_donor,A,38,,GLU,0.59289,0.59289,59.289,29.549
bsa_silica,hbond_donor,hbond_donor,A,549,,ASN,0.58101,0.58101,58.101,38.724
bsa_silica,hbond_donor,hbond_donor,A,443,,GLU,0.58038,0.58038,58.038,68.003
bsa_silica,hbond_donor,hbond_donor,A,236,,ASP,0.57758,0.57758,57.758,36.826
bsa_silica,hbond_donor,hbond_donor,A,577,,SER,0.57569,0.57569,57.569,42.317
bsa_silica,hbond_donor,hbond_donor,A,79,,SER,0.57349,0.57349,57.349,35.878
bsa_silica,hbond_donor,hbond_donor,A,305,,THR,0.57095,0.57095,57.095,39.863
bsa_silica,hbond_donor,hbond_donor,A,118,,ASP,0.5706,0.5706,57.06,39.119
bsa_silica,hbond_donor,hbond_donor,A,395,,GLU,0.56668,0.56668,56.668,50.129
bsa_silica,hbond_donor,hbond_donor,A,52,,THR,0.56216,0.56216,56.216,34.583
bsa_silica,hbond_donor,hbond_donor,A,45,,GLU,0.56143,0.56143,56.143,38.121
bsa_silica,hbond_donor,hbond_donor,A,418,,SER,0.5585,0.5585,55.85,21.906
bsa_silica,hbond_donor,hbond_donor,A,507,,THR,0.55532,0.55532,55.532,15.623
bsa_silica,hbond_donor,hbond_donor,A,493,,ASP,0.54809,0.54809,54.809,60.683
bsa_silica,hbond_donor,hbond_donor,A,502,,ASP,0.54609,0.54609,54.609,28.492
bsa_silica,hbond_donor,hbond_donor,A,107,,ASP,0.54284,0.54284,54.284,31.697
bsa_silica,hbond_donor,hbond_donor,A,44,,ASN,0.54149,0.54149,54.149,31.029
bsa_silica,hbond_donor,hbond_donor,A,434,,THR,0.54045,0.54045,54.045,15.205
bsa_silica,hbond_donor,hbond_donor,A,130,,GLU,0.53256,0.53256,53.256,32.234
bsa_silica,hbond_donor,hbond_donor,A,473,,THR,0.5304,0.5304,53.04,39.103
bsa_silica,hbond_donor,hbond_donor,A,545,,THR,0.5242,0.5242,52.42,45.398
bsa_silica,hbond_donor,hbond_donor,A,384,,GLN,0.52251,0.52251,52.251,57.79
bsa_silica,hbond_donor,hbond_donor,A,539,,THR,0.52196,0.52196,52.196,54.185
bsa_silica,hbond_donor,hbond_donor,A,357,,GLU,0.52075,0.52075,52.075,32.922
bsa_silica,hbond_donor,hbond_donor,A,579,,GLN,0.52043,0.52043,52.043,42.317
bsa_silica,hbond_donor,hbond_donor,A,272,,SER,0.51464,0.51464,51.464,14.479
bsa_silica,hbond_donor,hbond_donor,A,482,,ASN,0.51129,0.51129,51.129,17.378
bsa_silica,hbond_donor,hbond_donor,A,424,,GLU,0.50274,0.50274,50.274,17.869
bsa_silica,hbond_donor,hbond_donor,A,400,,TYR,0.49867,0.49867,49.867,24.969
bsa_silica,hbond_donor,hbond_donor,A,158,,ASN,0.49598,0.49598,49.598,22.235
bsa_silica,hbond_donor,hbond_donor,A,428,,SER,0.48764,0.48764,48.764,13.719
bsa_silica,hbond_donor,hbond_donor,A,284,,GLU,0.47822,0.47822,47.822,16.325
bsa_silica,hbond_donor,hbond_donor,A,526,,THR,0.47159,0.47159,47.159,13.268
bsa_silica,hbond_donor,hbond_donor,A,6,,GLU,0.46719,0.46719,46.719,13.144
bsa_silica,hbond_donor,hbond_donor,A,109,,SER,0.46109,0.46109,46.109,31.697
bsa_silica,hbond_donor,hbond_donor,A,72,,ASP,0.45561,0.45561,45.561,20.04
bsa_silica,hbond_donor,hbond_donor,A,57,,GLU,0.44588,0.44588,44.588,53.476
bsa_silica,hbond_donor,hbond_donor,A,450,,ASP,0.44119,0.44119,44.119,28.869
bsa_silica,hbond_donor,hbond_donor,A,13,,ASP,0.43844,0.43844,43.844,10.565
bsa_silica,hbond_donor,hbond_donor,A,393,,GLN,0.43453,0.43453,43.453,58.208
bsa_silica,hbond_donor,hbond_donor,A,317,,ASN,0.426,0.426,42.6,49.121
bsa_silica,hbond_donor,hbond_donor,A,464,,GLU,0.4224,0.4224,42.24,31.45
bsa_silica,hbond_donor,hbond_donor,A,488,,SER,0.41421,0.41421,41.421,11.653
bsa_silica,hbond_donor,hbond_donor,A,231,,THR,0.41305,0.41305,41.305,18.062
bsa_silica,hbond_donor,hbond_donor,A,311,,ASP,0.4016,0.4016,40.16,70.988
bsa_silica,hbond_donor,hbond_donor,A,570,,GLU,0.39552,0.39552,39.552,7.998
bsa_silica,hbond_donor,hbond_donor,A,399,,GLU,0.38884,0.38884,38.884,24.969
bsa_silica,hbond_donor,hbond_donor,A,266,,ASN,0.38466,0.38466,38.466,65.884
bsa_silica,hbond_donor,hbond_donor,A,203,,GLN,0.38348,0.38348,38.348,13.103
bsa_silica,hbond_donor,hbond_donor,A,262,,TYR,0.38233,0.38233,38.233,29.964
bsa_silica,hbond_donor,hbond_donor,A,453,,SER,0.35177,0.35177,35.177,28.869
bsa_silica,hbond_donor,hbond_donor,A,370,,SER,0.34991,0.34991,34.991,51.101
bsa_silica,hbond_donor,hbond_donor,A,521,,GLN,0.34412,0.34412,34.412,47.82
bsa_silica,hbond_donor,hbond_donor,A,83,,THR,0.34411,0.34411,34.411,48.422
bsa_silica,hbond_donor,hbond_donor,A,16,,GLU,0.34399,0.34399,34.399,19.393
bsa_silica,hbond_donor,hbond_donor,A,351,,GLU,0.34031,0.34031,34.031,15.199
bsa_silica,hbond_donor,hbond_donor,A,328,,SER,0.3326,0.3326,33.26,9.357
bsa_silica,hbond_donor,hbond_donor,A,416,,GLN,0.31264,0.31264,31.264,8.796
bsa_silica,hbond_donor,hbond_donor,A,255,,ASP,0.31112,0.31112,31.112,31.065
bsa_silica,hbond_donor,hbond_donor,A,390,,ASN,0.30034,0.30034,30.034,65.036
bsa_silica,hbond_donor,hbond_donor,A,68,,THR,0.30003,0.30003,30.003,42.33
bsa_silica,hbond_donor,hbond_donor,A,542,,GLN,0.29401,0.29401,29.401,69.64
bsa_silica,hbond_donor,hbond_donor,A,353,,GLU,0.2827,0.2827,28.27,21.144
bsa_silica,hbond_donor,hbond_donor,A,451,,TYR,0.26175,0.26175,26.175,29.382
bsa_silica,hbond_donor,hbond_donor,A,251,,GLU,0.2568,0.2568,25.68,15.199
bsa_silica,hbond_donor,hbond_donor,A,332,,GLU,0.24334,0.24334,24.334,6.846
bsa_silica,hbond_donor,hbond_donor,A,578,,THR,0.24006,0.24006,24.006,58.872
bsa_silica,hbond_donor,hbond_donor,A,73,,GLU,0.23532,0.23532,23.532,19.438
bsa_silica,hbond_donor,hbond_donor,A,95,,GLU,0.23275,0.23275,23.275,53.234
bsa_silica,hbond_donor,hbond_donor,A,229,,GLU,0.22894,0.22894,22.894,41.778
bsa_silica,hbond_donor,hbond_donor,A,190,,THR,0.22684,0.22684,22.684,17.331
bsa_silica,hbond_donor,hbond_donor,A,192,,SER,0.21934,0.21934,21.934,17.108
bsa_silica,hbond_donor,hbond_donor,A,161,,ASN,0.21241,0.21241,21.241,44.662
bsa_silica,hbond_donor,hbond_donor,A,140,,GLU,0.20355,0.20355,20.355,7.901
bsa_silica,hbond_donor,hbond_donor,A,343,,SER,0.2015,0.2015,20.15,5.669
bsa_silica,hbond_donor,hbond_donor,A,248,,ASP,0.19947,0.19947,19.947,11.3
bsa_silica,hbond_donor,hbond_donor,A,448,,THR,0.17138,0.17138,17.138,24.598
bsa_silica,hbond_donor,hbond_donor,A,191,,SER,0.16984,0.16984,16.984,17.331
bsa_silica,hbond_donor,hbond_donor,A,160,,TYR,0.1692,0.1692,16.92,24.69
bsa_silica,hbond_donor,hbond_donor,A,496,,TYR,0.16406,0.16406,16.406,49.483
bsa_silica,hbond_donor,hbond_donor,A,340,,TYR,0.14773,0.14773,14.773,22.79
bsa_silica,hbond_donor,hbond_donor,A,410,,TYR,0.14388,0.14388,14.388,2.91
bsa_silica,hbond_donor,hbond_donor,A,155,,TYR,0.13617,0.13617,13.617,22.732
bsa_silica,hbond_donor,hbond_donor,A,267,,GLN,0.1359,0.1359,13.59,76.292
bsa_silica,hbond_donor,hbond_donor,A,147,,TYR,0.13352,0.13352,13.352,3.756
bsa_silica,hbond_donor,hbond_donor,A,421,,THR,0.1324,0.1324,13.24,25.913
bsa_silica,hbond_donor,hbond_donor,A,137,,TYR,0.13141,0.13141,13.141,10.992
bsa_silica,hbond_donor,hbond_donor,A,404,,ASN,0.12899,0.12899,12.899,3.629
bsa_silica,hbond_donor,hbond_donor,A,355,,THR,0.12856,0.12856,12.856,39.804
bsa_silica,hbond_donor,hbond_donor,A,108,,ASP,0.12273,0.12273,12.273,25.484
bsa_silica,hbond_donor,hbond_donor,A,530,,GLU,0.12091,0.12091,12.091,3.402
bsa_silica,hbond_donor,hbond_donor,A,479,,SER,0.10641,0.10641,10.641,42.108
bsa_silica,hbond_donor,hbond_donor,A,295,,ASP,0.10565,0.10565,10.565,2.972
bsa_silica,hbond_donor,hbond_donor,A,243,,GLU,0.10253,0.10253,10.253,8.496
bsa_silica,hbond_donor,hbond_donor,A,99,,ASN,0.10244,0.10244,10.244,41.569
bsa_silica,hbond_donor,hbond_donor,A,286,,SER,0.10206,0.10206,10.206,16.325
bsa_silica,hbond_donor,hbond_donor,A,149,,TYR,0.09645,0.09645,9.645,5.248
bsa_silica,hbond_donor,hbond_donor,A,152,,GLU,0.09009,0.09009,9.009,9.079
bsa_silica,hbond_donor,hbond_donor,A,419,,THR,0.08775,0.08775,8.775,21.906
bsa_silica,hbond_donor,hbond_donor,A,156,,TYR,0.08576,0.08576,8.576,20.197
bsa_silica,hbond_donor,hbond_donor,A,254,,ASP,0.08399,0.08399,8.399,18.341
bsa_silica,hbond_donor,hbond_donor,A,30,,TYR,0.08316,0.08316,8.316,2.34
bsa_silica,hbond_donor,hbond_donor,A,201,,SER,0.08225,0.08225,8.225,13.103
bsa_silica,hbond_donor,hbond_donor,A,84,,TYR,0.07863,0.07863,7.863,11.893
bsa_silica,hbond_donor,hbond_donor,A,32,,GLN,0.06485,0.06485,6.485,19.276
bsa_silica,hbond_donor,hbond_donor,A,139,,TYR,0.05576,0.05576,5.576,9.213
bsa_silica,hbond_acceptor,hbond_acceptor,A,442,,SER,0.97846,0.97846,100.0,46.532
bsa_silica,hbond_acceptor,hbond_acceptor,A,116,,LYS,0.91138,0.908507,92.851,37.612
bsa_silica,hbond_acceptor,hbond_acceptor,A,504,,LYS,0.90857,0.905706,92.564,42.231
bsa_silica,hbond_acceptor,hbond_acceptor,A,81,,ARG,0.87866,0.878632,89.797,51.921
bsa_silica,hbond_acceptor,hbond_acceptor,A,2,,THR,0.87049,0.87049,88.965,40.585
bsa_silica,hbond_acceptor,hbond_acceptor,A,438,,THR,0.85946,0.85946,87.838,51.118
bsa_silica,hbond_acceptor,hbond_acceptor,A,127,,LYS,0.8574,0.854697,87.351,24.705
bsa_silica,hbond_acceptor,hbond_acceptor,A,312,,LYS,0.8337,0.831072,84.937,34.406
bsa_silica,hbond_acceptor,hbond_acceptor,A,388,,LYS,0.8215,0.81891,83.694,31.073
bsa_silica,hbond_acceptor,hbond_acceptor,A,495,,THR,0.80784,0.80784,82.562,23.351
bsa_silica,hbond_acceptor,hbond_acceptor,A,58,,SER,0.78783,0.78783,80.517,32.616
bsa_silica,hbond_acceptor,hbond_acceptor,A,114,,LYS,0.78155,0.779086,79.624,32.254
bsa_silica,hbond_acceptor,hbond_acceptor,A,261,,LYS,0.78063,0.778169,79.53,28.431
bsa_silica,hbond_acceptor,hbond_acceptor,A,275,,LYS,0.77937,0.776913,79.402,48.817
bsa_silica,hbond_acceptor,hbond_acceptor,A,396,,LYS,0.77594,0.773494,79.052,22.358
bsa_silica,hbond_acceptor,hbond_acceptor,A,580,,THR,0.7564,0.7564,77.305,45.443
bsa_silica,hbond_acceptor,hbond_acceptor,A,65,,SER,0.74897,0.74897,76.546,45.787
bsa_silica,hbond_acceptor,hbond_acceptor,A,235,,THR,0.73139,0.73139,74.749,46.313
bsa_silica,hbond_acceptor,hbond_acceptor,A,514,,THR,0.73063,0.73063,74.671,30.248
bsa_silica,hbond_acceptor,hbond_acceptor,A,371,,THR,0.73014,0.73014,74.621,44.714
bsa_silica,hbond_acceptor,hbond_acceptor,A,537,,LYS,0.73205,0.729742,74.581,43.531
bsa_silica,hbond_acceptor,hbond_acceptor,A,573,,LYS,0.70926,0.707024,72.259,29.27
bsa_silica,hbond_acceptor,hbond_acceptor,A,466,,THR,0.69549,0.69549,71.08,32.473
bsa_silica,hbond_acceptor,hbond_acceptor,A,477,,THR,0.69392,0.69392,70.92,53.164
bsa_silica,hbond_acceptor,hbond_acceptor,A,491,,THR,0.69384,0.69384,70.911,32.764
bsa_silica,hbond_acceptor,hbond_acceptor,A,183,,THR,0.68513,0.68513,70.021,69.82
bsa_silica,hbond_acceptor,hbond_acceptor,A,269,,THR,0.67235,0.67235,68.715,27.835
bsa_silica,hbond_acceptor,hbond_acceptor,A,121,,THR,0.67174,0.67174,68.653,19.417
bsa_silica,hbond_acceptor,hbond_acceptor,A,132,,LYS,0.67091,0.668795,68.352,53.307
bsa_silica,hbond_acceptor,hbond_acceptor,A,187,,LYS,0.67014,0.668028,68.273,60.292
bsa_silica,hbond_acceptor,hbond_acceptor,A,316,,LYS,0.65955,0.657471,67.194,27.219
bsa_silica,hbond_acceptor,hbond_acceptor,A,518,,THR,0.65383,0.65383,66.822,40.771
bsa_silica,hbond_acceptor,hbond_acceptor,A,211,,LYS,0.63305,0.631054,64.495,58.028
bsa_silica,hbond_acceptor,hbond_acceptor,A,544,,LYS,0.62752,0.625542,63.931,47.599
bsa_silica,hbond_acceptor,hbond_acceptor,A,41,,LYS,0.62186,0.6199,63.355,17.918
bsa_silica,hbond_acceptor,hbond_acceptor,A,104,,SER,0.59625,0.59625,60.938,17.235
bsa_silica,hbond_acceptor,hbond_acceptor,A,556,,LYS,0.59785,0.595965,60.909,17.227
bsa_silica,hbond_acceptor,hbond_acceptor,A,76,,LYS,0.59157,0.589705,60.269,24.414
bsa_silica,hbond_acceptor,hbond_acceptor,A,577,,SER,0.57569,0.57569,58.836,65.086
bsa_silica,hbond_acceptor,hbond_acceptor,A,79,,SER,0.57349,0.57349,58.611,68.966
bsa_silica,hbond_acceptor,hbond_acceptor,A,305,,THR,0.57095,0.57095,58.352,23.637
bsa_silica,hbond_acceptor,hbond_acceptor,A,51,,LYS,0.56856,0.566768,57.924,32.632
bsa_silica,hbond_acceptor,hbond_acceptor,A,52,,THR,0.56216,0.56216,57.454,32.632
bsa_silica,hbond_acceptor,hbond_acceptor,A,375,,LYS,0.56373,0.561953,57.432,45.922
bsa_silica,hbond_acceptor,hbond_acceptor,A,185,,ARG,0.56149,0.561472,57.383,76.377
bsa_silica,hbond_acceptor,hbond_acceptor,A,418,,SER,0.5585,0.5585,57.079,22.507
bsa_silica,hbond_acceptor,hbond_acceptor,A,507,,THR,0.55532,0.55532,56.754,42.231
bsa_silica,hbond_acceptor,hbond_acceptor,A,377,,LYS,0.54901,0.547279,55.933,32.063
bsa_silica,hbond_acceptor,hbond_acceptor,A,131,,LYS,0.54866,0.54693,55.897,53.307
bsa_silica,hbond_acceptor,hbond_acceptor,A,136,,LYS,0.54717,0.545445,55.745,26.019
bsa_silica,hbond_acceptor,hbond_acceptor,A,434,,THR,0.54045,0.54045,55.235,50.965
bsa_silica,hbond_acceptor,hbond_acceptor,A,208,,ARG,0.53904,0.539023,55.089,42.893
bsa_silica,hbond_acceptor,hbond_acceptor,A,64,,LYS,0.53673,0.535038,54.682,45.787
bsa_silica,hbond_acceptor,hbond_acceptor,A,4,,LYS,0.53526,0.533573,54.532,58.128
bsa_silica,hbond_acceptor,hbond_acceptor,A,473,,THR,0.5304,0.5304,54.208,50.102
bsa_silica,hbond_acceptor,hbond_acceptor,A,12,,LYS,0.52727,0.525608,53.718,18.9
bsa_silica,hbond_acceptor,hbond_acceptor,A,545,,THR,0.5242,0.5242,53.574,40.173
bsa_silica,hbond_acceptor,hbond_acceptor,A,539,,THR,0.52196,0.52196,53.345,21.609
bsa_silica,hbond_acceptor,hbond_acceptor,A,272,,SER,0.51464,0.51464,52.597,37.959
bsa_silica,hbond_acceptor,hbond_acceptor,A,180,,LYS,0.50244,0.500856,51.188,49.099
bsa_silica,hbond_acceptor,hbond_acceptor,A,204,,LYS,0.4986,0.497028,50.797,23.982
bsa_silica,hbond_acceptor,hbond_acceptor,A,322,,LYS,0.4986,0.497028,50.797,14.367
bsa_silica,hbond_acceptor,hbond_acceptor,A,159,,LYS,0.49158,0.49003,50.082,14.164
bsa_silica,hbond_acceptor,hbond_acceptor,A,93,,LYS,0.48968,0.488136,49.888,17.252
bsa_silica,hbond_acceptor,hbond_acceptor,A,428,,SER,0.48764,0.48764,49.837,29.318
bsa_silica,hbond_acceptor,hbond_acceptor,A,474,,LYS,0.48536,0.48383,49.448,58.115
bsa_silica,hbond_acceptor,hbond_acceptor,A,350,,LYS,0.47946,0.477949,48.847,20.615
bsa_silica,hbond_acceptor,hbond_acceptor,A,362,,LYS,0.47484,0.473343,48.376,13.682
bsa_silica,hbond_acceptor,hbond_acceptor,A,526,,THR,0.47159,0.47159,48.197,36.11
bsa_silica,hbond_acceptor,hbond_acceptor,A,109,,SER,0.46109,0.46109,47.124,19.089
bsa_silica,hbond_acceptor,hbond_acceptor,A,242,,LYS,0.45919,0.457742,46.782,29.498
bsa_silica,hbond_acceptor,hbond_acceptor,A,499,,LYS,0.4327,0.431336,44.083,20.721
bsa_silica,hbond_acceptor,hbond_acceptor,A,523,,LYS,0.43165,0.430289,43.976,61.788
bsa_silica,hbond_acceptor,hbond_acceptor,A,465,,LYS,0.42928,0.427927,43.735,32.473
bsa_silica,hbond_acceptor,hbond_acceptor,A,431,,LYS,0.4165,0.415187,42.433,52.901
bsa_silica,hbond_acceptor,hbond_acceptor,A,488,,SER,0.41421,0.41421,42.333,17.148
bsa_silica,hbond_acceptor,hbond_acceptor,A,231,,THR,0.41305,0.41305,42.214,33.134
bsa_silica,hbond_acceptor,hbond_acceptor,A,294,,LYS,0.41384,0.412535,42.162,20.088
bsa_silica,hbond_acceptor,hbond_acceptor,A,217,,ARG,0.40558,0.405567,41.45,16.79
bsa_silica,hbond_acceptor,hbond_acceptor,A,273,,LYS,0.40352,0.402248,41.11,60.884
bsa_silica,hbond_acceptor,hbond_acceptor,A,239,,LYS,0.40017,0.398909,40.769,35.465
bsa_silica,hbond_acceptor,hbond_acceptor,A,224,,LYS,0.40003,0.398769,40.755,16.509
bsa_silica,hbond_acceptor,hbond_acceptor,A,563,,LYS,0.39385,0.392608,40.125,11.348
bsa_silica,hbond_acceptor,hbond_acceptor,A,232,,LYS,0.38853,0.387305,39.583,44.276
bsa_silica,hbond_acceptor,hbond_acceptor,A,194,,ARG,0.38728,0.387268,39.579,37.907
bsa_silica,hbond_acceptor,hbond_acceptor,A,439,,LYS,0.37647,0.375283,38.354,61.719
bsa_silica,hbond_acceptor,hbond_acceptor,A,173,,LYS,0.36349,0.362344,37.032,10.474
bsa_silica,hbond_acceptor,hbond_acceptor,A,453,,SER,0.35177,0.35177,35.951,14.563
bsa_silica,hbond_acceptor,hbond_acceptor,A,370,,SER,0.34991,0.34991,35.761,44.714
bsa_silica,hbond_acceptor,hbond_acceptor,A,83,,THR,0.34411,0.34411,35.169,51.921
bsa_silica,hbond_acceptor,hbond_acceptor,A,20,,LYS,0.33805,0.336984,34.44,9.741
bsa_silica,hbond_acceptor,hbond_acceptor,A,409,,ARG,0.3348,0.334789,34.216,20.698
bsa_silica,hbond_acceptor,hbond_acceptor,A,328,,SER,0.3326,0.3326,33.992,13.769
bsa_silica,hbond_acceptor,hbond_acceptor,A,520,,LYS,0.33203,0.330983,33.827,58.585
bsa_silica,hbond_acceptor,hbond_acceptor,A,535,,LYS,0.32276,0.321743,32.883,44.861
bsa_silica,hbond_acceptor,hbond_acceptor,A,458,,ARG,0.30023,0.300221,30.683,12.429
bsa_silica,hbond_acceptor,hbond_acceptor,A,68,,THR,0.30003,0.30003,30.663,43.428
bsa_silica,hbond_acceptor,hbond_acceptor,A,412,,ARG,0.28373,0.283721,28.997,29.645
bsa_silica,hbond_acceptor,hbond_acceptor,A,280,,LYS,0.28407,0.283175,28.941,18.243
bsa_silica,hbond_acceptor,hbond_acceptor,A,435,,ARG,0.27543,0.275421,28.148,33.777
bsa_silica,hbond_acceptor,hbond_acceptor,A,524,,LYS,0.26044,0.259619,26.533,43.141
bsa_silica,hbond_acceptor,hbond_acceptor,A,444,,ARG,0.25609,0.256082,26.172,66.646
bsa_silica,hbond_acceptor,hbond_acceptor,A,285,,LYS,0.24669,0.245912,25.133,18.243
bsa_silica,hbond_acceptor,hbond_acceptor,A,578,,THR,0.24006,0.24006,24.534,65.086
bsa_silica,hbond_acceptor,hbond_acceptor,A,213,,TRP,0.23158,0.23158,23.668,35.713
bsa_silica,hbond_acceptor,hbond_acceptor,A,190,,THR,0.22684,0.22684,23.183,53.159
bsa_silica,hbond_acceptor,hbond_acceptor,A,192,,SER,0.21934,0.21934,22.417,41.536
bsa_silica,hbond_acceptor,hbond_acceptor,A,144,,ARG,0.21102,0.211013,21.566,13.154
bsa_silica,hbond_acceptor,hbond_acceptor,A,343,,SER,0.2015,0.2015,20.594,8.342
bsa_silica,hbond_acceptor,hbond_acceptor,A,471,,LYS,0.19659,0.19597,20.028,37.801
bsa_silica,hbond_acceptor,hbond_acceptor,A,448,,THR,0.17138,0.17138,17.515,7.095
bsa_silica,hbond_acceptor,hbond_acceptor,A,191,,SER,0.16984,0.16984,17.358,41.536
bsa_silica,hbond_acceptor,hbond_acceptor,A,198,,ARG,0.16387,0.163865,16.747,16.161
bsa_silica,hbond_acceptor,hbond_acceptor,A,196,,ARG,0.14426,0.144255,14.743,28.789
bsa_silica,hbond_acceptor,hbond_acceptor,A,336,,ARG,0.13954,0.139536,14.261,7.039
bsa_silica,hbond_acceptor,hbond_acceptor,A,421,,THR,0.1324,0.1324,13.531,22.507
bsa_silica,hbond_acceptor,hbond_acceptor,A,355,,THR,0.12856,0.12856,13.139,5.322
bsa_silica,hbond_acceptor,hbond_acceptor,A,10,,ARG,0.12827,0.128266,13.109,18.9
bsa_silica,hbond_acceptor,hbond_acceptor,A,484,,ARG,0.12106,0.121056,12.372,8.601
bsa_silica,hbond_acceptor,hbond_acceptor,A,427,,ARG,0.11144,0.111436,11.389,24.801
bsa_silica,hbond_acceptor,hbond_acceptor,A,98,,ARG,0.10872,0.108717,11.111,24.709
bsa_silica,hbond_acceptor,hbond_acceptor,A,143,,ARG,0.10672,0.106717,10.907,9.184
bsa_silica,hbond_acceptor,hbond_acceptor,A,347,,ARG,0.10667,0.106667,10.901,22.723
bsa_silica,hbond_acceptor,hbond_acceptor,A,479,,SER,0.10641,0.10641,10.875,33.133
bsa_silica,hbond_acceptor,hbond_acceptor,A,335,,ARG,0.10399,0.103987,10.628,10.082
bsa_silica,hbond_acceptor,hbond_acceptor,A,256,,ARG,0.10337,0.103367,10.564,4.279
bsa_silica,hbond_acceptor,hbond_acceptor,A,286,,SER,0.10206,0.10206,10.431,14.406
bsa_silica,hbond_acceptor,hbond_acceptor,A,413,,LYS,0.09787,0.097561,9.971,44.51
bsa_silica,hbond_acceptor,hbond_acceptor,A,419,,THR,0.08775,0.08775,8.968,32.236
bsa_silica,hbond_acceptor,hbond_acceptor,A,483,,ARG,0.08671,0.086707,8.862,8.601
bsa_silica,hbond_acceptor,hbond_acceptor,A,134,,TRP,0.08303,0.08303,8.486,53.307
bsa_silica,hbond_acceptor,hbond_acceptor,A,201,,SER,0.08225,0.08225,8.406,30.766
bsa_silica,hbond_acceptor,hbond_acceptor,A,221,,LYS,0.07291,0.07268,7.428,20.088
bsa_silica,hbond_acceptor,hbond_acceptor,A,533,,LYS,0.0694,0.069181,7.07,31.969
bsa_silica,oxide,oxide,A,363,,ASP,1.0,0.999921,100.0,55.174
bsa_silica,oxide,oxide,A,561,,ASP,1.0,0.999921,100.0,50.67
bsa_silica,oxide,oxide,A,268,,ASP,1.0,0.999921,100.0,37.909
bsa_silica,oxide,oxide,A,1,,ASP,1.0,0.999921,100.0,30.37
bsa_silica,oxide,oxide,A,171,,GLU,1.0,0.999874,99.995,55.109
bsa_silica,oxide,oxide,A,540,,GLU,0.99374,0.993615,99.369,56.591
bsa_silica,oxide,oxide,A,111,,ASP,0.9782,0.978122,97.82,29.708
bsa_silica,oxide,oxide,A,517,,ASP,0.90472,0.904648,90.472,48.789
bsa_silica,oxide,oxide,A,293,,GLU,0.89088,0.890768,89.084,33.771
bsa_silica,oxide,oxide,A,299,,GLU,0.89064,0.890528,89.06,27.048
bsa_silica,oxide,oxide,A,124,,ASP,0.88279,0.88272,88.279,45.319
bsa_silica,oxide,oxide,A,279,,ASP,0.87545,0.87538,87.545,65.157
bsa_silica,oxide,oxide,A,541,,GLU,0.86973,0.869621,86.969,56.591
bsa_silica,oxide,oxide,A,37,,ASP,0.86829,0.868221,86.829,44.375
bsa_silica,oxide,oxide,A,555,,ASP,0.86055,0.860482,86.055,26.135
bsa_silica,oxide,oxide,A,470,,GLU,0.8595,0.859392,85.946,26.102
bsa_silica,oxide,oxide,A,441,,GLU,0.85829,0.858182,85.825,43.69
bsa_silica,oxide,oxide,A,382,,GLU,0.84868,0.848573,84.864,47.389
bsa_silica,oxide,oxide,A,307,,ASP,0.84596,0.845893,84.596,47.293
bsa_silica,oxide,oxide,A,276,,GLU,0.84338,0.843274,84.334,52.2
bsa_silica,oxide,oxide,A,226,,GLU,0.84301,0.842904,84.297,32.554
bsa_silica,oxide,oxide,A,89,,ASP,0.82847,0.828404,82.847,72.069
bsa_silica,oxide,oxide,A,364,,ASP,0.81673,0.816665,81.673,55.174
bsa_silica,oxide,oxide,A,172,,ASP,0.81464,0.814575,81.464,55.109
bsa_silica,oxide,oxide,A,548,,GLU,0.79543,0.79533,79.539,24.156
bsa_silica,oxide,oxide,A,374,,ASP,0.79297,0.792907,79.297,24.083
bsa_silica,oxide,oxide,A,320,,GLU,0.79296,0.79286,79.292,24.081
bsa_silica,oxide,oxide,A,392,,ASP,0.78848,0.788417,78.848,41.155
bsa_silica,oxide,oxide,A,494,,GLU,0.78696,0.786861,78.692,40.544
bsa_silica,oxide,oxide,A,86,,ASP,0.78599,0.785928,78.599,49.031
bsa_silica,oxide,oxide,A,48,,GLU,0.78217,0.782072,78.213,40.803
bsa_silica,oxide,oxide,A,82,,GLU,0.77792,0.777822,77.788,23.624
bsa_silica,oxide,oxide,A,478,,GLU,0.7706,0.770503,77.056,23.402
bsa_silica,oxide,oxide,A,564,,GLU,0.7653,0.765204,76.526,43.541
bsa_silica,oxide,oxide,A,92,,GLU,0.7586,0.758505,75.856,48.198
bsa_silica,oxide,oxide,A,503,,GLU,0.74193,0.741837,74.19,39.116
bsa_silica,oxide,oxide,A,310,,GLU,0.7363,0.736207,73.627,43.135
bsa_silica,oxide,oxide,A,63,,GLU,0.72803,0.727938,72.8,27.597
bsa_silica,oxide,oxide,A,97,,GLU,0.71944,0.719349,71.941,48.829
bsa_silica,oxide,oxide,A,381,,ASP,0.71174,0.711683,71.174,47.389
bsa_silica,oxide,oxide,A,258,,ASP,0.70908,0.709024,70.908,33.534
bsa_silica,oxide,oxide,A,519,,GLU,0.7018,0.701712,70.177,48.789
bsa_silica,oxide,oxide,A,291,,GLU,0.7018,0.701712,70.177,26.603
bsa_silica,oxide,oxide,A,358,,GLU,0.696,0.695912,69.597,45.536
bsa_silica,oxide,oxide,A,265,,ASP,0.68274,0.682686,68.274,25.882
bsa_silica,oxide,oxide,A,323,,ASP,0.67442,0.674366,67.442,20.482
bsa_silica,oxide,oxide,A,562,,ASP,0.66842,0.668367,66.842,73.911
bsa_silica,oxide,oxide,A,56,,ASP,0.66708,0.667027,66.708,33.8
bsa_silica,oxide,oxide,A,339,,GLU,0.66233,0.662247,66.23,25.107
bsa_silica,oxide,oxide,A,100,,GLU,0.65569,0.655607,65.566,48.829
bsa_silica,oxide,oxide,A,182,,GLU,0.63731,0.63723,63.728,24.158
bsa_silica,oxide,oxide,A,511,,ASP,0.63501,0.63496,63.501,19.285
bsa_silica,oxide,oxide,A,17,,GLU,0.61501,0.614933,61.498,29.124
bsa_silica,oxide,oxide,A,129,,ASP,0.61317,0.613121,61.317,43.432
bsa_silica,oxide,oxide,A,125,,GLU,0.60945,0.609373,60.942,56.568
bsa_silica,oxide,oxide,A,313,,ASP,0.60565,0.605602,60.565,38.184
bsa_silica,oxide,oxide,A,207,,GLU,0.59876,0.598685,59.873,18.184
bsa_silica,oxide,oxide,A,166,,GLU,0.59536,0.595285,59.533,18.08
bsa_silica,oxide,oxide,A,186,,GLU,0.59492,0.594845,59.489,22.552
bsa_silica,oxide,oxide,A,38,,GLU,0.59289,0.592815,59.286,44.375
bsa_silica,oxide,oxide,A,443,,GLU,0.58038,0.580307,58.035,54.536
bsa_silica,oxide,oxide,A,236,,ASP,0.57758,0.577534,57.758,21.895
bsa_silica,oxide,oxide,A,118,,ASP,0.5706,0.570555,57.06,17.329
bsa_silica,oxide,oxide,A,395,,GLU,0.56668,0.566609,56.665,51.371
bsa_silica,oxide,oxide,A,45,,GLU,0.56143,0.561359,56.14,40.803
bsa_silica,oxide,oxide,A,493,,ASP,0.54809,0.548046,54.809,40.544
bsa_silica,oxide,oxide,A,502,,ASP,0.54609,0.546047,54.609,42.788
bsa_silica,oxide,oxide,A,107,,ASP,0.54284,0.542797,54.284,20.213
bsa_silica,oxide,oxide,A,130,,GLU,0.53256,0.532493,53.254,43.432
bsa_silica,oxide,oxide,A,357,,GLU,0.52075,0.520684,52.073,45.536
bsa_silica,oxide,oxide,A,424,,GLU,0.50274,0.502677,50.272,15.268
bsa_silica,oxide,oxide,A,284,,GLU,0.47822,0.47816,47.82,18.128
bsa_silica,oxide,oxide,A,6,,GLU,0.46719,0.467131,46.717,17.71
bsa_silica,oxide,oxide,A,72,,ASP,0.45561,0.455574,45.561,20.983
bsa_silica,oxide,oxide,A,57,,GLU,0.44588,0.445824,44.586,42.19
bsa_silica,oxide,oxide,A,450,,ASP,0.44119,0.441155,44.119,13.399
bsa_silica,oxide,oxide,A,13,,ASP,0.43844,0.438405,43.844,15.866
bsa_silica,oxide,oxide,A,464,,GLU,0.4224,0.422347,42.238,12.828
bsa_silica,oxide,oxide,A,311,,ASP,0.4016,0.401568,40.16,78.643
bsa_silica,oxide,oxide,A,570,,GLU,0.39552,0.39547,39.55,12.011
bsa_silica,oxide,oxide,A,399,,GLU,0.38884,0.388791,38.882,14.74
bsa_silica,oxide,oxide,A,16,,GLU,0.34399,0.343947,34.397,29.124
bsa_silica,oxide,oxide,A,351,,GLU,0.34031,0.340267,34.029,18.92
bsa_silica,oxide,oxide,A,255,,ASP,0.31112,0.311095,31.112,41.858
bsa_silica,oxide,oxide,A,353,,GLU,0.2827,0.282664,28.269,23.616
bsa_silica,oxide,oxide,A,251,,GLU,0.2568,0.256768,25.679,20.48
bsa_silica,oxide,oxide,A,332,,GLU,0.24334,0.243309,24.333,7.39
bsa_silica,oxide,oxide,A,73,,GLU,0.23532,0.23529,23.531,20.983
bsa_silica,oxide,oxide,A,95,,GLU,0.23275,0.232721,23.274,36.095
bsa_silica,oxide,oxide,A,229,,GLU,0.22894,0.228911,22.893,32.554
bsa_silica,oxide,oxide,A,140,,GLU,0.20355,0.203524,20.354,6.182
bsa_silica,oxide,oxide,A,248,,ASP,0.19947,0.199454,19.947,16.97
bsa_silica,oxide,oxide,A,108,,ASP,0.12273,0.12272,12.273,20.213
bsa_silica,oxide,oxide,A,530,,GLU,0.12091,0.120895,12.09,4.583
bsa_silica,oxide,oxide,A,295,,ASP,0.10565,0.105642,10.565,4.005
bsa_silica,oxide,oxide,A,243,,GLU,0.10253,0.102517,10.253,11.448
bsa_silica,oxide,oxide,A,152,,GLU,0.09009,0.090079,9.009,2.736
bsa_silica,oxide,oxide,A,254,,ASP,0.08399,0.083983,8.399,24.713
bsa_silica,calcium_phosphate,hydroxyapatite,A,363,,ASP,1.0,0.999921,100.0,48.951
bsa_silica,calcium_phosphate,hydroxyapatite,A,561,,ASP,1.0,0.999921,100.0,43.773
bsa_silica,calcium_phosphate,hydroxyapatite,A,268,,ASP,1.0,0.999921,100.0,28.631
bsa_silica,calcium_phosphate,hydroxyapatite,A,1,,ASP,1.0,0.999921,100.0,21.889
bsa_silica,calcium_phosphate,hydroxyapatite,A,171,,GLU,1.0,0.999874,99.995,46.235
bsa_silica,calcium_phosphate,hydroxyapatite,A,540,,GLU,0.99374,0.993615,99.369,52.861
bsa_silica,calcium_phosphate,hydroxyapatite,A,111,,ASP,0.9782,0.978122,97.82,25.257
bsa_silica,calcium_phosphate,hydroxyapatite,A,116,,LYS,0.91138,0.908507,90.858,26.014
bsa_silica,calcium_phosphate,hydroxyapatite,A,504,,LYS,0.90857,0.905706,90.578,46.592
bsa_silica,calcium_phosphate,hydroxyapatite,A,517,,ASP,0.90472,0.904648,90.472,41.149
bsa_silica,calcium_phosphate,hydroxyapatite,A,293,,GLU,0.89088,0.890768,89.084,37.318
bsa_silica,calcium_phosphate,hydroxyapatite,A,299,,GLU,0.89064,0.890528,89.06,18.915
bsa_silica,calcium_phosphate,hydroxyapatite,A,124,,ASP,0.88279,0.88272,88.279,49.845
bsa_silica,calcium_phosphate,hydroxyapatite,A,81,,ARG,0.87866,0.878632,87.87,47.43
bsa_silica,calcium_phosphate,hydroxyapatite,A,279,,ASP,0.87545,0.87538,87.545,57.319
bsa_silica,calcium_phosphate,hydroxyapatite,A,541,,GLU,0.86973,0.869621,86.969,52.861
bsa_silica,calcium_phosphate,hydroxyapatite,A,37,,ASP,0.86829,0.868221,86.829,41.835
bsa_silica,calcium_phosphate,hydroxyapatite,A,555,,ASP,0.86055,0.860482,86.055,30.935
bsa_silica,calcium_phosphate,hydroxyapatite,A,470,,GLU,0.8595,0.859392,85.946,30.219
bsa_silica,calcium_phosphate,hydroxyapatite,A,441,,GLU,0.85829,0.858182,85.825,43.963
bsa_silica,calcium_phosphate,hydroxyapatite,A,127,,LYS,0.8574,0.854697,85.477,74.178
bsa_silica,calcium_phosphate,hydroxyapatite,A,382,,GLU,0.84868,0.848573,84.864,33.655
bsa_silica,calcium_phosphate,hydroxyapatite,A,307,,ASP,0.84596,0.845893,84.596,35.719
bsa_silica,calcium_phosphate,hydroxyapatite,A,276,,GLU,0.84338,0.843274,84.334,71.457
bsa_silica,calcium_phosphate,hydroxyapatite,A,226,,GLU,0.84301,0.842904,84.297,31.235
bsa_silica,calcium_phosphate,hydroxyapatite,A,312,,LYS,0.8337,0.831072,83.114,68.959
bsa_silica,calcium_phosphate,hydroxyapatite,A,89,,ASP,0.82847,0.828404,82.847,67.943
bsa_silica,calcium_phosphate,hydroxyapatite,A,388,,LYS,0.8215,0.81891,81.898,23.448
bsa_silica,calcium_phosphate,hydroxyapatite,A,364,,ASP,0.81673,0.816665,81.673,48.951
bsa_silica,calcium_phosphate,hydroxyapatite,A,172,,ASP,0.81464,0.814575,81.464,46.235
bsa_silica,calcium_phosphate,hydroxyapatite,A,548,,GLU,0.79543,0.79533,79.539,22.773
bsa_silica,calcium_phosphate,hydroxyapatite,A,374,,ASP,0.79297,0.792907,79.297,40.917
bsa_silica,calcium_phosphate,hydroxyapatite,A,320,,GLU,0.79296,0.79286,79.292,22.702
bsa_silica,calcium_phosphate,hydroxyapatite,A,392,,ASP,0.78848,0.788417,78.848,60.947
bsa_silica,calcium_phosphate,hydroxyapatite,A,494,,GLU,0.78696,0.786861,78.692,28.353
bsa_silica,calcium_phosphate,hydroxyapatite,A,86,,ASP,0.78599,0.785928,78.599,46.224
bsa_silica,calcium_phosphate,hydroxyapatite,A,48,,GLU,0.78217,0.782072,78.213,40.572
bsa_silica,calcium_phosphate,hydroxyapatite,A,114,,LYS,0.78155,0.779086,77.915,22.308
bsa_silica,calcium_phosphate,hydroxyapatite,A,261,,LYS,0.78063,0.778169,77.823,42.584
bsa_silica,calcium_phosphate,hydroxyapatite,A,82,,GLU,0.77792,0.777822,77.788,35.183
bsa_silica,calcium_phosphate,hydroxyapatite,A,275,,LYS,0.77937,0.776913,77.697,57.91
bsa_silica,calcium_phosphate,hydroxyapatite,A,396,,LYS,0.77594,0.773494,77.356,45.209
bsa_silica,calcium_phosphate,hydroxyapatite,A,478,,GLU,0.7706,0.770503,77.056,28.483
bsa_silica,calcium_phosphate,hydroxyapatite,A,564,,GLU,0.7653,0.765204,76.526,39.217
bsa_silica,calcium_phosphate,hydroxyapatite,A,92,,GLU,0.7586,0.758505,75.856,46.383
bsa_silica,calcium_phosphate,hydroxyapatite,A,503,,GLU,0.74193,0.741837,74.19,46.592
bsa_silica,calcium_phosphate,hydroxyapatite,A,310,,GLU,0.7363,0.736207,73.627,56.375
bsa_silica,calcium_phosphate,hydroxyapatite,A,537,,LYS,0.73205,0.729742,72.98,28.36
bsa_silica,calcium_phosphate,hydroxyapatite,A,63,,GLU,0.72803,0.727938,72.8,36.164
bsa_silica,calcium_phosphate,hydroxyapatite,A,97,,GLU,0.71944,0.719349,71.941,46.824
bsa_silica,calcium_phosphate,hydroxyapatite,A,381,,ASP,0.71174,0.711683,71.174,45.279
bsa_silica,calcium_phosphate,hydroxyapatite,A,258,,ASP,0.70908,0.709024,70.908,42.175
bsa_silica,calcium_phosphate,hydroxyapatite,A,573,,LYS,0.70926,0.707024,70.708,23.417
bsa_silica,calcium_phosphate,hydroxyapatite,A,519,,GLU,0.7018,0.701712,70.177,55.473
bsa_silica,calcium_phosphate,hydroxyapatite,A,291,,GLU,0.7018,0.701712,70.177,20.093
bsa_silica,calcium_phosphate,hydroxyapatite,A,358,,GLU,0.696,0.695912,69.597,34.836
bsa_silica,calcium_phosphate,hydroxyapatite,A,265,,ASP,0.68274,0.682686,68.274,19.548
bsa_silica,calcium_phosphate,hydroxyapatite,A,323,,ASP,0.67442,0.674366,67.442,33.541
bsa_silica,calcium_phosphate,hydroxyapatite,A,132,,LYS,0.67091,0.668795,66.885,67.614
bsa_silica,calcium_phosphate,hydroxyapatite,A,562,,ASP,0.66842,0.668367,66.842,60.026
bsa_silica,calcium_phosphate,hydroxyapatite,A,187,,LYS,0.67014,0.668028,66.808,52.237
bsa_silica,calcium_phosphate,hydroxyapatite,A,56,,ASP,0.66708,0.667027,66.708,32.321
bsa_silica,calcium_phosphate,hydroxyapatite,A,339,,GLU,0.66233,0.662247,66.23,19.17
bsa_silica,calcium_phosphate,hydroxyapatite,A,316,,LYS,0.65955,0.657471,65.752,36.166
bsa_silica,calcium_phosphate,hydroxyapatite,A,100,,GLU,0.65569,0.655607,65.566,36.701
bsa_silica,calcium_phosphate,hydroxyapatite,A,182,,GLU,0.63731,0.63723,63.728,48.664
bsa_silica,calcium_phosphate,hydroxyapatite,A,511,,ASP,0.63501,0.63496,63.501,13.916
bsa_silica,calcium_phosphate,hydroxyapatite,A,211,,LYS,0.63305,0.631054,63.11,33.503
bsa_silica,calcium_phosphate,hydroxyapatite,A,544,,LYS,0.62752,0.625542,62.559,69.754
bsa_silica,calcium_phosphate,hydroxyapatite,A,41,,LYS,0.62186,0.6199,61.995,34.724
bsa_silica,calcium_phosphate,hydroxyapatite,A,17,,GLU,0.61501,0.614933,61.498,27.755
bsa_silica,calcium_phosphate,hydroxyapatite,A,129,,ASP,0.61317,0.613121,61.317,81.251
bsa_silica,calcium_phosphate,hydroxyapatite,A,125,,GLU,0.60945,0.609373,60.942,67.197
bsa_silica,calcium_phosphate,hydroxyapatite,A,313,,ASP,0.60565,0.605602,60.565,71.461
bsa_silica,calcium_phosphate,hydroxyapatite,A,207,,GLU,0.59876,0.598685,59.873,32.577
bsa_silica,calcium_phosphate,hydroxyapatite,A,556,,LYS,0.59785,0.595965,59.601,30.935
bsa_silica,calcium_phosphate,hydroxyapatite,A,166,,GLU,0.59536,0.595285,59.533,12.644
bsa_silica,calcium_phosphate,hydroxyapatite,A,186,,GLU,0.59492,0.594845,59.489,52.237
bsa_silica,calcium_phosphate,hydroxyapatite,A,38,,GLU,0.59289,0.592815,59.286,44.199
bsa_silica,calcium_phosphate,hydroxyapatite,A,76,,LYS,0.59157,0.589705,58.975,23.623
bsa_silica,calcium_phosphate,hydroxyapatite,A,443,,GLU,0.58038,0.580307,58.035,48.522
bsa_silica,calcium_phosphate,hydroxyapatite,A,236,,ASP,0.57758,0.577534,57.758,27.959
bsa_silica,calcium_phosphate,hydroxyapatite,A,118,,ASP,0.5706,0.570555,57.06,16.337
bsa_silica,calcium_phosphate,hydroxyapatite,A,51,,LYS,0.56856,0.566768,56.681,38.622
bsa_silica,calcium_phosphate,hydroxyapatite,A,395,,GLU,0.56668,0.566609,56.665,53.467
bsa_silica,calcium_phosphate,hydroxyapatite,A,375,,LYS,0.56373,0.561953,56.2,48.144
bsa_silica,calcium_phosphate,hydroxyapatite,A,185,,ARG,0.56149,0.561472,56.152,62.922
bsa_silica,calcium_phosphate,hydroxyapatite,A,45,,GLU,0.56143,0.561359,56.14,38.467
bsa_silica,calcium_phosphate,hydroxyapatite,A,493,,ASP,0.54809,0.548046,54.809,36.452
bsa_silica,calcium_phosphate,hydroxyapatite,A,377,,LYS,0.54901,0.547279,54.732,55.16
bsa_silica,calcium_phosphate,hydroxyapatite,A,131,,LYS,0.54866,0.54693,54.697,61.74
bsa_silica,calcium_phosphate,hydroxyapatite,A,502,,ASP,0.54609,0.546047,54.609,58.468
bsa_silica,calcium_phosphate,hydroxyapatite,A,136,,LYS,0.54717,0.545445,54.549,15.618
bsa_silica,calcium_phosphate,hydroxyapatite,A,107,,ASP,0.54284,0.542797,54.284,19.283
bsa_silica,calcium_phosphate,hydroxyapatite,A,208,,ARG,0.53904,0.539023,53.907,50.646
bsa_silica,calcium_phosphate,hydroxyapatite,A,64,,LYS,0.53673,0.535038,53.508,36.164
bsa_silica,calcium_phosphate,hydroxyapatite,A,4,,LYS,0.53526,0.533573,53.362,16.156
bsa_silica,calcium_phosphate,hydroxyapatite,A,130,,GLU,0.53256,0.532493,53.254,67.614
bsa_silica,calcium_phosphate,hydroxyapatite,A,12,,LYS,0.52727,0.525608,52.565,30.832
bsa_silica,calcium_phosphate,hydroxyapatite,A,357,,GLU,0.52075,0.520684,52.073,31.844
bsa_silica,calcium_phosphate,hydroxyapatite,A,424,,GLU,0.50274,0.502677,50.272,13.044
bsa_silica,calcium_phosphate,hydroxyapatite,A,180,,LYS,0.50244,0.500856,50.09,32.587
bsa_silica,calcium_phosphate,hydroxyapatite,A,322,,LYS,0.4986,0.497028,49.707,33.541
bsa_silica,calcium_phosphate,hydroxyapatite,A,204,,LYS,0.4986,0.497028,49.707,10.557
bsa_silica,calcium_phosphate,hydroxyapatite,A,159,,LYS,0.49158,0.49003,49.007,10.408
bsa_silica,calcium_phosphate,hydroxyapatite,A,93,,LYS,0.48968,0.488136,48.818,38.809
bsa_silica,calcium_phosphate,hydroxyapatite,A,474,,LYS,0.48536,0.48383,48.387,41.527
bsa_silica,calcium_phosphate,hydroxyapatite,A,284,,GLU,0.47822,0.47816,47.82,28.969
bsa_silica,calcium_phosphate,hydroxyapatite,A,350,,LYS,0.47946,0.477949,47.799,25.648
bsa_silica,calcium_phosphate,hydroxyapatite,A,362,,LYS,0.47484,0.473343,47.338,63.419
bsa_silica,calcium_phosphate,hydroxyapatite,A,6,,GLU,0.46719,0.467131,46.717,13.816
bsa_silica,calcium_phosphate,hydroxyapatite,A,242,,LYS,0.45919,0.457742,45.778,27.464
bsa_silica,calcium_phosphate,hydroxyapatite,A,72,,ASP,0.45561,0.455574,45.561,19.782
bsa_silica,calcium_phosphate,hydroxyapatite,A,57,,GLU,0.44588,0.445824,44.586,32.321
bsa_silica,calcium_phosphate,hydroxyapatite,A,450,,ASP,0.44119,0.441155,44.119,9.37
bsa_silica,calcium_phosphate,hydroxyapatite,A,13,,ASP,0.43844,0.438405,43.844,25.31
bsa_silica,calcium_phosphate,hydroxyapatite,A,499,,LYS,0.4327,0.431336,43.137,14.53
bsa_silica,calcium_phosphate,hydroxyapatite,A,523,,LYS,0.43165,0.430289,43.032,29.232
bsa_silica,calcium_phosphate,hydroxyapatite,A,465,,LYS,0.42928,0.427927,42.796,20.704
bsa_silica,calcium_phosphate,hydroxyapatite,A,464,,GLU,0.4224,0.422347,42.238,18.098
bsa_silica,calcium_phosphate,hydroxyapatite,A,431,,LYS,0.4165,0.415187,41.522,11.888
bsa_silica,calcium_phosphate,hydroxyapatite,A,294,,LYS,0.41384,0.412535,41.257,40.013
bsa_silica,calcium_phosphate,hydroxyapatite,A,217,,ARG,0.40558,0.405567,40.56,10.158
bsa_silica,calcium_phosphate,hydroxyapatite,A,273,,LYS,0.40352,0.402248,40.228,33.764
bsa_silica,calcium_phosphate,hydroxyapatite,A,311,,ASP,0.4016,0.401568,40.16,72.961
bsa_silica,calcium_phosphate,hydroxyapatite,A,239,,LYS,0.40017,0.398909,39.894,41.066
bsa_silica,calcium_phosphate,hydroxyapatite,A,224,,LYS,0.40003,0.398769,39.88,32.369
bsa_silica,calcium_phosphate,hydroxyapatite,A,570,,GLU,0.39552,0.39547,39.55,23.417
bsa_silica,calcium_phosphate,hydroxyapatite,A,563,,LYS,0.39385,0.392608,39.264,52.29
bsa_silica,calcium_phosphate,hydroxyapatite,A,399,,GLU,0.38884,0.388791,38.882,11.132
bsa_silica,calcium_phosphate,hydroxyapatite,A,232,,LYS,0.38853,0.387305,38.734,17.644
bsa_silica,calcium_phosphate,hydroxyapatite,A,194,,ARG,0.38728,0.387268,38.73,14.77
bsa_silica,calcium_phosphate,hydroxyapatite,A,439,,LYS,0.37647,0.375283,37.531,18.078
bsa_silica,calcium_phosphate,hydroxyapatite,A,173,,LYS,0.36349,0.362344,36.237,33.699
bsa_silica,calcium_phosphate,hydroxyapatite,A,16,,GLU,0.34399,0.343947,34.397,37.417
bsa_silica,calcium_phosphate,hydroxyapatite,A,351,,GLU,0.34031,0.340267,34.029,31.522
bsa_silica,calcium_phosphate,hydroxyapatite,A,20,,LYS,0.33805,0.336984,33.701,27.755
bsa_silica,calcium_phosphate,hydroxyapatite,A,409,,ARG,0.3348,0.334789,33.482,15.209
bsa_silica,calcium_phosphate,hydroxyapatite,A,520,,LYS,0.33203,0.330983,33.101,55.802
bsa_silica,calcium_phosphate,hydroxyapatite,A,535,,LYS,0.32276,0.321743,32.177,32.287
bsa_silica,calcium_phosphate,hydroxyapatite,A,255,,ASP,0.31112,0.311095,31.112,34.574
bsa_silica,calcium_phosphate,hydroxyapatite,A,458,,ARG,0.30023,0.300221,30.024,8.596
bsa_silica,calcium_phosphate,hydroxyapatite,A,412,,ARG,0.28373,0.283721,28.374,20.504
bsa_silica,calcium_phosphate,hydroxyapatite,A,280,,LYS,0.28407,0.283175,28.32,53.906
bsa_silica,calcium_phosphate,hydroxyapatite,A,353,,GLU,0.2827,0.282664,28.269,31.522
bsa_silica,calcium_phosphate,hydroxyapatite,A,435,,ARG,0.27543,0.275421,27.544,7.886
bsa_silica,calcium_phosphate,hydroxyapatite,A,524,,LYS,0.26044,0.259619,25.964,19.755
bsa_silica,calcium_phosphate,hydroxyapatite,A,251,,GLU,0.2568,0.256768,25.679,15.468
bsa_silica,calcium_phosphate,hydroxyapatite,A,444,,ARG,0.25609,0.256082,25.61,59.267
bsa_silica,calcium_phosphate,hydroxyapatite,A,285,,LYS,0.24669,0.245912,24.593,28.969
bsa_silica,calcium_phosphate,hydroxyapatite,A,332,,GLU,0.24334,0.243309,24.333,9.944
bsa_silica,calcium_phosphate,hydroxyapatite,A,73,,GLU,0.23532,0.23529,23.531,27.199
bsa_silica,calcium_phosphate,hydroxyapatite,A,95,,GLU,0.23275,0.232721,23.274,30.374
bsa_silica,calcium_phosphate,hydroxyapatite,A,229,,GLU,0.22894,0.228911,22.893,30.992
bsa_silica,calcium_phosphate,hydroxyapatite,A,144,,ARG,0.21102,0.211013,21.103,9.325
bsa_silica,calcium_phosphate,hydroxyapatite,A,140,,GLU,0.20355,0.203524,20.354,8.883
bsa_silica,calcium_phosphate,hydroxyapatite,A,248,,ASP,0.19947,0.199454,19.947,16.329
bsa_silica,calcium_phosphate,hydroxyapatite,A,471,,LYS,0.19659,0.19597,19.599,34.764
bsa_silica,calcium_phosphate,hydroxyapatite,A,198,,ARG,0.16387,0.163865,16.388,8.823
bsa_silica,calcium_phosphate,hydroxyapatite,A,196,,ARG,0.14426,0.144255,14.427,19.911
bsa_silica,calcium_phosphate,hydroxyapatite,A,336,,ARG,0.13954,0.139536,13.955,7.18
bsa_silica,calcium_phosphate,hydroxyapatite,A,10,,ARG,0.12827,0.128266,12.828,31.716
bsa_silica,calcium_phosphate,hydroxyapatite,A,108,,ASP,0.12273,0.12272,12.273,19.056
bsa_silica,calcium_phosphate,hydroxyapatite,A,484,,ARG,0.12106,0.121056,12.107,4.413
bsa_silica,calcium_phosphate,hydroxyapatite,A,530,,GLU,0.12091,0.120895,12.09,5.443
bsa_silica,calcium_phosphate,hydroxyapatite,A,427,,ARG,0.11144,0.111436,11.145,17.584
bsa_silica,calcium_phosphate,hydroxyapatite,A,98,,ARG,0.10872,0.108717,10.873,63.124
bsa_silica,calcium_phosphate,hydroxyapatite,A,143,,ARG,0.10672,0.106717,10.673,15.153
bsa_silica,calcium_phosphate,hydroxyapatite,A,347,,ARG,0.10667,0.106667,10.668,16.74
bsa_silica,calcium_phosphate,hydroxyapatite,A,295,,ASP,0.10565,0.105642,10.565,16.918
bsa_silica,calcium_phosphate,hydroxyapatite,A,335,,ARG,0.10399,0.103987,10.399,14.147
bsa_silica,calcium_phosphate,hydroxyapatite,A,256,,ARG,0.10337,0.103367,10.337,34.574
bsa_silica,calcium_phosphate,hydroxyapatite,A,243,,GLU,0.10253,0.102517,10.253,22.084
bsa_silica,calcium_phosphate,hydroxyapatite,A,413,,LYS,0.09787,0.097561,9.757,10.917
bsa_silica,calcium_phosphate,hydroxyapatite,A,152,,GLU,0.09009,0.090079,9.009,2.008
bsa_silica,calcium_phosphate,hydroxyapatite,A,483,,ARG,0.08671,0.086707,8.671,5.949
bsa_silica,calcium_phosphate,hydroxyapatite,A,254,,ASP,0.08399,0.083983,8.399,21.624
bsa_silica,calcium_phosphate,hydroxyapatite,A,221,,LYS,0.07291,0.07268,7.269,16.918
bsa_silica,calcium_phosphate,hydroxyapatite,A,533,,LYS,0.0694,0.069181,6.919,26.206
bsa_silica,calcium_phosphate,hydroxyapatite,A,3,,HIS,1.0,0.030653,3.066,16.156
bsa_silica,calcium_phosphate,hydroxyapatite,A,378,,HIS,0.79181,0.024272,2.427,52.834
bsa_silica,calcium_phosphate,hydroxyapatite,A,509,,HIS,0.65959,0.020219,2.022,18.76
bsa_silica,calcium_phosphate,hydroxyapatite,A,59,,HIS,0.51909,0.015912,1.591,32.321
bsa_silica,calcium_phosphate,hydroxyapatite,A,9,,HIS,0.50142,0.01537,1.537,32.538
bsa_silica,calcium_phosphate,hydroxyapatite,A,366,,HIS,0.48166,0.014765,1.477,23.807
bsa_silica,calcium_phosphate,hydroxyapatite,A,246,,HIS,0.37619,0.011532,1.153,8.977
bsa_silica,calcium_phosphate,hydroxyapatite,A,18,,HIS,0.35517,0.010887,1.089,27.755
bsa_silica,calcium_phosphate,hydroxyapatite,A,67,,HIS,0.32046,0.009823,0.982,0.281
bsa_silica,calcium_phosphate,hydroxyapatite,A,105,,HIS,0.25901,0.00794,0.794,11.698
bsa_silica,calcium_phosphate,hydroxyapatite,A,145,,HIS,0.25908,0.007942,0.794,9.325
bsa_silica,calcium_phosphate,hydroxyapatite,A,337,,HIS,0.23614,0.007239,0.724,19.392
bsa_silica,calcium_phosphate,hydroxyapatite,A,534,,HIS,0.22615,0.006932,0.693,23.743
bsa_silica,calcium_phosphate,hydroxyapatite,A,287,,HIS,0.14555,0.004462,0.446,20.861
bsa_silica,calcium_phosphate,hydroxyapatite,A,463,,HIS,0.05851,0.001794,0.179,24.398
bsa_silica,metal_coord,metal_coord,A,3,,HIS,1.0,1.0,100.0,37.912
bsa_silica,metal_coord,metal_coord,A,363,,ASP,1.0,0.999921,99.992,59.832
bsa_silica,metal_coord,metal_coord,A,561,,ASP,1.0,0.999921,99.992,50.89
bsa_silica,metal_coord,metal_coord,A,1,,ASP,1.0,0.999921,99.992,37.909
bsa_silica,metal_coord,metal_coord,A,268,,ASP,1.0,0.999921,99.992,37.909
bsa_silica,metal_coord,metal_coord,A,171,,GLU,1.0,0.999874,99.987,56.501
bsa_silica,metal_coord,metal_coord,A,540,,GLU,0.99374,0.993615,99.361,47.224
bsa_silica,metal_coord,metal_coord,A,111,,ASP,0.9782,0.978122,97.812,24.791
bsa_silica,metal_coord,metal_coord,A,517,,ASP,0.90472,0.904648,90.465,40.713
bsa_silica,metal_coord,metal_coord,A,293,,GLU,0.89088,0.890768,89.077,33.771
bsa_silica,metal_coord,metal_coord,A,299,,GLU,0.89064,0.890528,89.053,22.571
bsa_silica,metal_coord,metal_coord,A,124,,ASP,0.88279,0.88272,88.272,40.824
bsa_silica,metal_coord,metal_coord,A,279,,ASP,0.87545,0.87538,87.538,57.578
bsa_silica,metal_coord,metal_coord,A,541,,GLU,0.86973,0.869621,86.962,47.224
bsa_silica,metal_coord,metal_coord,A,37,,ASP,0.86829,0.868221,86.822,41.236
bsa_silica,metal_coord,metal_coord,A,555,,ASP,0.86055,0.860482,86.048,27.948
bsa_silica,metal_coord,metal_coord,A,470,,GLU,0.8595,0.859392,85.939,21.781
bsa_silica,metal_coord,metal_coord,A,441,,GLU,0.85829,0.858182,85.818,40.441
bsa_silica,metal_coord,metal_coord,A,382,,GLU,0.84868,0.848573,84.857,59.152
bsa_silica,metal_coord,metal_coord,A,307,,ASP,0.84596,0.845893,84.589,47.293
bsa_silica,metal_coord,metal_coord,A,276,,GLU,0.84338,0.843274,84.327,47.924
bsa_silica,metal_coord,metal_coord,A,226,,GLU,0.84301,0.842904,84.29,27.165
bsa_silica,metal_coord,metal_coord,A,89,,ASP,0.82847,0.828404,82.84,67.332
bsa_silica,metal_coord,metal_coord,A,364,,ASP,0.81673,0.816665,81.667,64.217
bsa_silica,metal_coord,metal_coord,A,172,,ASP,0.81464,0.814575,81.458,56.501
bsa_silica,metal_coord,metal_coord,A,548,,GLU,0.79543,0.79533,79.533,30.81
bsa_silica,metal_coord,metal_coord,A,374,,ASP,0.79297,0.792907,79.291,30.06
bsa_silica,metal_coord,metal_coord,A,320,,GLU,0.79296,0.79286,79.286,25.043
bsa_silica,metal_coord,metal_coord,A,378,,HIS,0.79181,0.79181,79.181,57.0
bsa_silica,metal_coord,metal_coord,A,392,,ASP,0.78848,0.788417,78.842,37.654
bsa_silica,metal_coord,metal_coord,A,494,,GLU,0.78696,0.786861,78.686,33.833
bsa_silica,metal_coord,metal_coord,A,86,,ASP,0.78599,0.785928,78.593,40.915
bsa_silica,metal_coord,metal_coord,A,48,,GLU,0.78217,0.782072,78.207,34.049
bsa_silica,metal_coord,metal_coord,A,82,,GLU,0.77792,0.777822,77.782,19.714
bsa_silica,metal_coord,metal_coord,A,478,,GLU,0.7706,0.770503,77.05,22.556
bsa_silica,metal_coord,metal_coord,A,564,,GLU,0.7653,0.765204,76.52,55.519
bsa_silica,metal_coord,metal_coord,A,92,,GLU,0.7586,0.758505,75.85,43.417
bsa_silica,metal_coord,metal_coord,A,503,,GLU,0.74193,0.741837,74.184,32.642
bsa_silica,metal_coord,metal_coord,A,310,,GLU,0.7363,0.736207,73.621,43.135
bsa_silica,metal_coord,metal_coord,A,63,,GLU,0.72803,0.727938,72.794,27.597
bsa_silica,metal_coord,metal_coord,A,97,,GLU,0.71944,0.719349,71.935,44.742
bsa_silica,metal_coord,metal_coord,A,381,,ASP,0.71174,0.711683,71.168,59.613
bsa_silica,metal_coord,metal_coord,A,258,,ASP,0.70908,0.709024,70.902,27.984
bsa_silica,metal_coord,metal_coord,A,519,,GLU,0.7018,0.701712,70.171,40.713
bsa_silica,metal_coord,metal_coord,A,291,,GLU,0.7018,0.701712,70.171,33.131
bsa_silica,metal_coord,metal_coord,A,358,,GLU,0.696,0.695912,69.591,43.967
bsa_silica,metal_coord,metal_coord,A,265,,ASP,0.68274,0.682686,68.269,28.723
bsa_silica,metal_coord,metal_coord,A,323,,ASP,0.67442,0.674366,67.437,17.092
bsa_silica,metal_coord,metal_coord,A,562,,ASP,0.66842,0.668367,66.837,70.284
bsa_silica,metal_coord,metal_coord,A,56,,ASP,0.66708,0.667027,66.703,41.362
bsa_silica,metal_coord,metal_coord,A,339,,GLU,0.66233,0.662247,66.225,34.059
bsa_silica,metal_coord,metal_coord,A,509,,HIS,0.65959,0.65959,65.959,49.079
bsa_silica,metal_coord,metal_coord,A,100,,GLU,0.65569,0.655607,65.561,54.277
bsa_silica,metal_coord,metal_coord,A,182,,GLU,0.63731,0.63723,63.723,27.873
bsa_silica,metal_coord,metal_coord,A,511,,ASP,0.63501,0.63496,63.496,32.811
bsa_silica,metal_coord,metal_coord,A,17,,GLU,0.61501,0.614933,61.493,33.305
bsa_silica,metal_coord,metal_coord,A,129,,ASP,0.61317,0.613121,61.312,43.432
bsa_silica,metal_coord,metal_coord,A,125,,GLU,0.60945,0.609373,60.937,56.568
bsa_silica,metal_coord,metal_coord,A,313,,ASP,0.60565,0.605602,60.56,45.585
bsa_silica,metal_coord,metal_coord,A,207,,GLU,0.59876,0.598685,59.868,15.174
bsa_silica,metal_coord,metal_coord,A,166,,GLU,0.59536,0.595285,59.529,22.568
bsa_silica,metal_coord,metal_coord,A,186,,GLU,0.59492,0.594845,59.485,26.266
bsa_silica,metal_coord,metal_coord,A,38,,GLU,0.59289,0.592815,59.282,41.236
bsa_silica,metal_coord,metal_coord,A,443,,GLU,0.58038,0.580307,58.031,57.679
bsa_silica,metal_coord,metal_coord,A,236,,ASP,0.57758,0.577534,57.753,21.895
bsa_silica,metal_coord,metal_coord,A,118,,ASP,0.5706,0.570555,57.055,14.461
bsa_silica,metal_coord,metal_coord,A,395,,GLU,0.56668,0.566609,56.661,47.508
bsa_silica,metal_coord,metal_coord,A,45,,GLU,0.56143,0.561359,56.136,34.049
bsa_silica,metal_coord,metal_coord,A,493,,ASP,0.54809,0.548046,54.805,33.833
bsa_silica,metal_coord,metal_coord,A,502,,ASP,0.54609,0.546047,54.605,41.437
bsa_silica,metal_coord,metal_coord,A,107,,ASP,0.54284,0.542797,54.28,29.999
bsa_silica,metal_coord,metal_coord,A,130,,GLU,0.53256,0.532493,53.249,43.432
bsa_silica,metal_coord,metal_coord,A,357,,GLU,0.52075,0.520684,52.068,44.53
bsa_silica,metal_coord,metal_coord,A,59,,HIS,0.51909,0.51909,51.909,59.811
bsa_silica,metal_coord,metal_coord,A,424,,GLU,0.50274,0.502677,50.268,12.74
bsa_silica,metal_coord,metal_coord,A,9,,HIS,0.50142,0.50142,50.142,36.719
bsa_silica,metal_coord,metal_coord,A,366,,HIS,0.48166,0.48166,48.166,55.781
bsa_silica,metal_coord,metal_coord,A,284,,GLU,0.47822,0.47816,47.816,30.174
bsa_silica,metal_coord,metal_coord,A,6,,GLU,0.46719,0.467131,46.713,36.719
bsa_silica,metal_coord,metal_coord,A,72,,ASP,0.45561,0.455574,45.557,32.615
bsa_silica,metal_coord,metal_coord,A,57,,GLU,0.44588,0.445824,44.582,59.811
bsa_silica,metal_coord,metal_coord,A,450,,ASP,0.44119,0.441155,44.115,15.617
bsa_silica,metal_coord,metal_coord,A,13,,ASP,0.43844,0.438405,43.841,16.621
bsa_silica,metal_coord,metal_coord,A,464,,GLU,0.4224,0.422347,42.235,16.798
bsa_silica,metal_coord,metal_coord,A,547,,MET,0.42028,0.42028,42.028,30.81
bsa_silica,metal_coord,metal_coord,A,311,,ASP,0.4016,0.401568,40.157,82.781
bsa_silica,metal_coord,metal_coord,A,570,,GLU,0.39552,0.39547,39.547,12.491
bsa_silica,metal_coord,metal_coord,A,399,,GLU,0.38884,0.388791,38.879,14.74
bsa_silica,metal_coord,metal_coord,A,246,,HIS,0.37619,0.37619,37.619,25.71
bsa_silica,metal_coord,metal_coord,A,18,,HIS,0.35517,0.35517,35.517,33.305
bsa_silica,metal_coord,metal_coord,A,16,,GLU,0.34399,0.343947,34.395,33.305
bsa_silica,metal_coord,metal_coord,A,351,,GLU,0.34031,0.340267,34.027,15.788
bsa_silica,metal_coord,metal_coord,A,67,,HIS,0.32046,0.32046,32.046,12.149
bsa_silica,metal_coord,metal_coord,A,255,,ASP,0.31112,0.311095,31.11,41.858
bsa_silica,metal_coord,metal_coord,A,176,,CYS,0.29617,0.29617,29.617,11.228
bsa_silica,metal_coord,metal_coord,A,353,,GLU,0.2827,0.282664,28.266,23.616
bsa_silica,metal_coord,metal_coord,A,486,,CYS,0.27538,0.27538,27.538,10.008
bsa_silica,metal_coord,metal_coord,A,145,,HIS,0.25908,0.25908,25.908,9.822
bsa_silica,metal_coord,metal_coord,A,105,,HIS,0.25901,0.25901,25.901,24.318
bsa_silica,metal_coord,metal_coord,A,251,,GLU,0.2568,0.256768,25.677,20.48
bsa_silica,metal_coord,metal_coord,A,332,,GLU,0.24334,0.243309,24.331,6.167
bsa_silica,metal_coord,metal_coord,A,558,,CYS,0.24222,0.24222,24.222,41.805
bsa_silica,metal_coord,metal_coord,A,337,,HIS,0.23614,0.23614,23.614,22.77
bsa_silica,metal_coord,metal_coord,A,73,,GLU,0.23532,0.23529,23.529,21.804
bsa_silica,metal_coord,metal_coord,A,95,,GLU,0.23275,0.232721,23.272,36.095
bsa_silica,metal_coord,metal_coord,A,229,,GLU,0.22894,0.228911,22.891,27.165
bsa_silica,metal_coord,metal_coord,A,534,,HIS,0.22615,0.22615,22.615,8.574
bsa_silica,metal_coord,metal_coord,A,140,,GLU,0.20355,0.203524,20.352,7.716
bsa_silica,metal_coord,metal_coord,A,248,,ASP,0.19947,0.199454,19.945,31.818
bsa_silica,metal_coord,metal_coord,A,315,,CYS,0.19523,0.19523,19.523,32.728
bsa_silica,metal_coord,metal_coord,A,368,,CYS,0.17301,0.17301,17.301,24.82
bsa_silica,metal_coord,metal_coord,A,288,,CYS,0.17219,0.17219,17.219,56.777
bsa_silica,metal_coord,metal_coord,A,75,,CYS,0.16943,0.16943,16.943,25.001
bsa_silica,metal_coord,metal_coord,A,34,,CYS,0.16595,0.16595,16.595,6.291
bsa_silica,metal_coord,metal_coord,A,101,,CYS,0.15765,0.15765,15.765,30.832
bsa_silica,metal_coord,metal_coord,A,287,,HIS,0.14555,0.14555,14.555,30.174
bsa_silica,metal_coord,metal_coord,A,91,,CYS,0.12613,0.12613,12.613,59.258
bsa_silica,metal_coord,metal_coord,A,108,,ASP,0.12273,0.12272,12.272,23.434
bsa_silica,metal_coord,metal_coord,A,530,,GLU,0.12091,0.120895,12.089,4.583
bsa_silica,metal_coord,metal_coord,A,476,,CYS,0.11947,0.11947,11.947,36.108
bsa_silica,metal_coord,metal_coord,A,168,,CYS,0.11865,0.11865,11.865,4.498
bsa_silica,metal_coord,metal_coord,A,295,,ASP,0.10565,0.105642,10.564,4.005
bsa_silica,metal_coord,metal_coord,A,243,,GLU,0.10253,0.102517,10.252,23.696
bsa_silica,metal_coord,metal_coord,A,184,,MET,0.09798,0.09798,9.798,33.71
bsa_silica,metal_coord,metal_coord,A,566,,CYS,0.09736,0.09736,9.736,32.701
bsa_silica,metal_coord,metal_coord,A,445,,MET,0.09722,0.09722,9.722,28.636
bsa_silica,metal_coord,metal_coord,A,152,,GLU,0.09009,0.090079,9.008,3.415
bsa_silica,metal_coord,metal_coord,A,254,,ASP,0.08399,0.083983,8.398,24.713
bsa_silica,metal_coord,metal_coord,A,447,,CYS,0.0778,0.0778,7.78,23.36
bsa_silica,metal_coord,metal_coord,A,264,,CYS,0.07494,0.07494,7.494,28.723
bsa_silica,metal_coord,metal_coord,A,391,,CYS,0.07074,0.07074,7.074,37.654
bsa_silica,metal_coord,metal_coord,A,360,,CYS,0.06245,0.06245,6.245,55.892
bsa_silica,metal_coord,metal_coord,A,460,,CYS,0.06245,0.06245,6.245,16.798
bsa_silica,metal_coord,metal_coord,A,437,,CYS,0.05989,0.05989,5.989,4.952
bsa_silica,metal_coord,metal_coord,A,463,,HIS,0.05851,0.05851,5.851,13.77
bsa_silica,soft_metal_sulfur,gold,A,547,,MET,0.42028,0.42028,100.0,91.905
bsa_silica,soft_metal_sulfur,gold,A,176,,CYS,0.29617,0.29617,70.47,70.47
bsa_silica,soft_metal_sulfur,gold,A,486,,CYS,0.27538,0.27538,65.523,65.523
bsa_silica,soft_metal_sulfur,gold,A,558,,CYS,0.24222,0.24222,57.633,57.633
bsa_silica,soft_metal_sulfur,gold,A,315,,CYS,0.19523,0.19523,46.452,56.348
bsa_silica,soft_metal_sulfur,gold,A,368,,CYS,0.17301,0.17301,41.165,41.165
bsa_silica,soft_metal_sulfur,gold,A,288,,CYS,0.17219,0.17219,40.97,37.654
bsa_silica,soft_metal_sulfur,gold,A,75,,CYS,0.16943,0.16943,40.314,64.632
bsa_silica,soft_metal_sulfur,gold,A,34,,CYS,0.16595,0.16595,39.486,36.289
bsa_silica,soft_metal_sulfur,gold,A,101,,CYS,0.15765,0.15765,37.511,34.474
bsa_silica,soft_metal_sulfur,gold,A,91,,CYS,0.12613,0.12613,30.011,64.632
bsa_silica,soft_metal_sulfur,gold,A,476,,CYS,0.11947,0.11947,28.426,43.285
bsa_silica,soft_metal_sulfur,gold,A,168,,CYS,0.11865,0.11865,28.231,28.231
bsa_silica,soft_metal_sulfur,gold,A,184,,MET,0.09798,0.09798,23.313,21.426
bsa_silica,soft_metal_sulfur,gold,A,566,,CYS,0.09736,0.09736,23.166,23.166
bsa_silica,soft_metal_sulfur,gold,A,445,,MET,0.09722,0.09722,23.132,41.644
bsa_silica,soft_metal_sulfur,gold,A,447,,CYS,0.0778,0.0778,18.511,41.644
bsa_silica,soft_metal_sulfur,gold,A,264,,CYS,0.07494,0.07494,17.831,16.387
bsa_silica,soft_metal_sulfur,gold,A,391,,CYS,0.07074,0.07074,16.832,28.565
bsa_silica,soft_metal_sulfur,gold,A,360,,CYS,0.06245,0.06245,14.859,61.312
bsa_silica,soft_metal_sulfur,gold,A,460,,CYS,0.06245,0.06245,14.859,39.781
bsa_silica,soft_metal_sulfur,gold,A,437,,CYS,0.05989,0.05989,14.25,31.082
bsa_silica,phosphate,phosphate,A,442,,SER,0.97846,0.97846,100.0,59.628
bsa_silica,phosphate,phosphate,A,116,,LYS,0.91138,0.908507,92.851,43.88
bsa_silica,phosphate,phosphate,A,504,,LYS,0.90857,0.905706,92.564,34.551
bsa_silica,phosphate,phosphate,A,81,,ARG,0.87866,0.878632,89.797,55.397
bsa_silica,phosphate,phosphate,A,127,,LYS,0.8574,0.854697,87.351,32.606
bsa_silica,phosphate,phosphate,A,312,,LYS,0.8337,0.831072,84.937,40.14
bsa_silica,phosphate,phosphate,A,388,,LYS,0.8215,0.81891,83.694,39.553
bsa_silica,phosphate,phosphate,A,58,,SER,0.78783,0.78783,80.517,38.82
bsa_silica,phosphate,phosphate,A,114,,LYS,0.78155,0.779086,79.624,37.629
bsa_silica,phosphate,phosphate,A,261,,LYS,0.78063,0.778169,79.53,37.523
bsa_silica,phosphate,phosphate,A,275,,LYS,0.77937,0.776913,79.402,56.953
bsa_silica,phosphate,phosphate,A,396,,LYS,0.77594,0.773494,79.052,29.508
bsa_silica,phosphate,phosphate,A,65,,SER,0.74897,0.74897,76.546,49.358
bsa_silica,phosphate,phosphate,A,537,,LYS,0.73205,0.729742,74.581,50.786
bsa_silica,phosphate,phosphate,A,573,,LYS,0.70926,0.707024,72.259,34.149
bsa_silica,phosphate,phosphate,A,132,,LYS,0.67091,0.668795,68.352,58.719
bsa_silica,phosphate,phosphate,A,187,,LYS,0.67014,0.668028,68.273,59.384
bsa_silica,phosphate,phosphate,A,316,,LYS,0.65955,0.657471,67.194,31.755
bsa_silica,phosphate,phosphate,A,211,,LYS,0.63305,0.631054,64.495,56.514
bsa_silica,phosphate,phosphate,A,544,,LYS,0.62752,0.625542,63.931,23.864
bsa_silica,phosphate,phosphate,A,41,,LYS,0.62186,0.6199,63.355,23.648
bsa_silica,phosphate,phosphate,A,104,,SER,0.59625,0.59625,60.938,23.049
bsa_silica,phosphate,phosphate,A,556,,LYS,0.59785,0.595965,60.909,22.735
bsa_silica,phosphate,phosphate,A,76,,LYS,0.59157,0.589705,60.269,28.482
bsa_silica,phosphate,phosphate,A,577,,SER,0.57569,0.57569,58.836,27.805
bsa_silica,phosphate,phosphate,A,79,,SER,0.57349,0.57349,58.611,70.137
bsa_silica,phosphate,phosphate,A,51,,LYS,0.56856,0.566768,57.924,21.621
bsa_silica,phosphate,phosphate,A,375,,LYS,0.56373,0.561953,57.432,43.242
bsa_silica,phosphate,phosphate,A,185,,ARG,0.56149,0.561472,57.383,59.384
bsa_silica,phosphate,phosphate,A,418,,SER,0.5585,0.5585,57.079,21.374
bsa_silica,phosphate,phosphate,A,377,,LYS,0.54901,0.547279,55.933,43.242
bsa_silica,phosphate,phosphate,A,131,,LYS,0.54866,0.54693,55.897,58.719
bsa_silica,phosphate,phosphate,A,136,,LYS,0.54717,0.545445,55.745,26.345
bsa_silica,phosphate,phosphate,A,208,,ARG,0.53904,0.539023,55.089,47.775
bsa_silica,phosphate,phosphate,A,64,,LYS,0.53673,0.535038,54.682,49.358
bsa_silica,phosphate,phosphate,A,4,,LYS,0.53526,0.533573,54.532,27.252
bsa_silica,phosphate,phosphate,A,12,,LYS,0.52727,0.525608,53.718,25.531
bsa_silica,phosphate,phosphate,A,272,,SER,0.51464,0.51464,52.597,44.285
bsa_silica,phosphate,phosphate,A,180,,LYS,0.50244,0.500856,51.188,24.191
bsa_silica,phosphate,phosphate,A,204,,LYS,0.4986,0.497028,50.797,22.099
bsa_silica,phosphate,phosphate,A,322,,LYS,0.4986,0.497028,50.797,18.961
bsa_silica,phosphate,phosphate,A,159,,LYS,0.49158,0.49003,50.082,18.694
bsa_silica,phosphate,phosphate,A,93,,LYS,0.48968,0.488136,49.888,22.769
bsa_silica,phosphate,phosphate,A,428,,SER,0.48764,0.48764,49.837,38.693
bsa_silica,phosphate,phosphate,A,474,,LYS,0.48536,0.48383,49.448,29.993
bsa_silica,phosphate,phosphate,A,350,,LYS,0.47946,0.477949,48.847,22.302
bsa_silica,phosphate,phosphate,A,362,,LYS,0.47484,0.473343,48.376,18.057
bsa_silica,phosphate,phosphate,A,109,,SER,0.46109,0.46109,47.124,22.27
bsa_silica,phosphate,phosphate,A,242,,LYS,0.45919,0.457742,46.782,39.371
bsa_silica,phosphate,phosphate,A,499,,LYS,0.4327,0.431336,44.083,24.509
bsa_silica,phosphate,phosphate,A,523,,LYS,0.43165,0.430289,43.976,38.946
bsa_silica,phosphate,phosphate,A,465,,LYS,0.42928,0.427927,43.735,16.393
bsa_silica,phosphate,phosphate,A,431,,LYS,0.4165,0.415187,42.433,43.606
bsa_silica,phosphate,phosphate,A,488,,SER,0.41421,0.41421,42.333,20.006
bsa_silica,phosphate,phosphate,A,294,,LYS,0.41384,0.412535,42.162,23.436
bsa_silica,phosphate,phosphate,A,217,,ARG,0.40558,0.405567,41.45,18.245
bsa_silica,phosphate,phosphate,A,273,,LYS,0.40352,0.402248,41.11,80.354
bsa_silica,phosphate,phosphate,A,239,,LYS,0.40017,0.398909,40.769,41.376
bsa_silica,phosphate,phosphate,A,224,,LYS,0.40003,0.398769,40.755,19.26
bsa_silica,phosphate,phosphate,A,563,,LYS,0.39385,0.392608,40.125,15.749
bsa_silica,phosphate,phosphate,A,232,,LYS,0.38853,0.387305,39.583,14.775
bsa_silica,phosphate,phosphate,A,194,,ARG,0.38728,0.387268,39.579,41.375
bsa_silica,phosphate,phosphate,A,439,,LYS,0.37647,0.375283,38.354,30.495
bsa_silica,phosphate,phosphate,A,173,,LYS,0.36349,0.362344,37.032,13.823
bsa_silica,phosphate,phosphate,A,453,,SER,0.35177,0.35177,35.951,16.99
bsa_silica,phosphate,phosphate,A,370,,SER,0.34991,0.34991,35.761,13.912
bsa_silica,phosphate,phosphate,A,20,,LYS,0.33805,0.336984,34.44,13.271
bsa_silica,phosphate,phosphate,A,409,,ARG,0.3348,0.334789,34.216,27.317
bsa_silica,phosphate,phosphate,A,328,,SER,0.3326,0.3326,33.992,12.688
bsa_silica,phosphate,phosphate,A,520,,LYS,0.33203,0.330983,33.827,36.769
bsa_silica,phosphate,phosphate,A,535,,LYS,0.32276,0.321743,32.883,54.462
bsa_silica,phosphate,phosphate,A,458,,ARG,0.30023,0.300221,30.683,14.5
bsa_silica,phosphate,phosphate,A,412,,ARG,0.28373,0.283721,28.997,34.586
bsa_silica,phosphate,phosphate,A,280,,LYS,0.28407,0.283175,28.941,24.077
bsa_silica,phosphate,phosphate,A,435,,ARG,0.27543,0.275421,28.148,13.303
bsa_silica,phosphate,phosphate,A,524,,LYS,0.26044,0.259619,26.533,33.322
bsa_silica,phosphate,phosphate,A,444,,ARG,0.25609,0.256082,26.172,77.753
bsa_silica,phosphate,phosphate,A,285,,LYS,0.24669,0.245912,25.133,24.248
bsa_silica,phosphate,phosphate,A,192,,SER,0.21934,0.21934,22.417,37.502
bsa_silica,phosphate,phosphate,A,144,,ARG,0.21102,0.211013,21.566,15.73
bsa_silica,phosphate,phosphate,A,343,,SER,0.2015,0.2015,20.594,9.732
bsa_silica,phosphate,phosphate,A,471,,LYS,0.19659,0.19597,20.028,29.655
bsa_silica,phosphate,phosphate,A,191,,SER,0.16984,0.16984,17.358,37.502
bsa_silica,phosphate,phosphate,A,198,,ARG,0.16387,0.163865,16.747,18.855
bsa_silica,phosphate,phosphate,A,196,,ARG,0.14426,0.144255,14.743,33.587
bsa_silica,phosphate,phosphate,A,336,,ARG,0.13954,0.139536,14.261,9.566
bsa_silica,phosphate,phosphate,A,10,,ARG,0.12827,0.128266,13.109,25.531
bsa_silica,phosphate,phosphate,A,484,,ARG,0.12106,0.121056,12.372,10.035
bsa_silica,phosphate,phosphate,A,427,,ARG,0.11144,0.111436,11.389,28.935
bsa_silica,phosphate,phosphate,A,98,,ARG,0.10872,0.108717,11.111,23.144
bsa_silica,phosphate,phosphate,A,143,,ARG,0.10672,0.106717,10.907,12.424
bsa_silica,phosphate,phosphate,A,347,,ARG,0.10667,0.106667,10.901,28.237
bsa_silica,phosphate,phosphate,A,479,,SER,0.10641,0.10641,10.875,5.14
bsa_silica,phosphate,phosphate,A,335,,ARG,0.10399,0.103987,10.628,12.112
bsa_silica,phosphate,phosphate,A,256,,ARG,0.10337,0.103367,10.564,4.993
bsa_silica,phosphate,phosphate,A,286,,SER,0.10206,0.10206,10.431,17.022
bsa_silica,phosphate,phosphate,A,413,,LYS,0.09787,0.097561,9.971,18.416
bsa_silica,phosphate,phosphate,A,483,,ARG,0.08671,0.086707,8.862,10.035
bsa_silica,phosphate,phosphate,A,201,,SER,0.08225,0.08225,8.406,35.893
bsa_silica,phosphate,phosphate,A,221,,LYS,0.07291,0.07268,7.428,23.436
bsa_silica,phosphate,phosphate,A,533,,LYS,0.0694,0.069181,7.07,40.049
bsa_silica,phosphate,phosphate,A,3,,HIS,1.0,0.030653,3.133,22.111
bsa_silica,phosphate,phosphate,A,378,,HIS,0.79181,0.024272,2.481,43.242
bsa_silica,phosphate,phosphate,A,509,,HIS,0.65959,0.020219,2.066,0.977
bsa_silica,phosphate,phosphate,A,59,,HIS,0.51909,0.015912,1.626,30.662
bsa_silica,phosphate,phosphate,A,9,,HIS,0.50142,0.01537,1.571,32.324
bsa_silica,phosphate,phosphate,A,366,,HIS,0.48166,0.014765,1.509,17.614
bsa_silica,phosphate,phosphate,A,246,,HIS,0.37619,0.011532,1.179,0.557
bsa_silica,phosphate,phosphate,A,18,,HIS,0.35517,0.010887,1.113,13.271
bsa_silica,phosphate,phosphate,A,67,,HIS,0.32046,0.009823,1.004,36.649
bsa_silica,phosphate,phosphate,A,145,,HIS,0.25908,0.007942,0.812,15.73
bsa_silica,phosphate,phosphate,A,105,,HIS,0.25901,0.00794,0.811,23.049
bsa_silica,phosphate,phosphate,A,337,,HIS,0.23614,0.007239,0.74,9.566
bsa_silica,phosphate,phosphate,A,534,,HIS,0.22615,0.006932,0.708,31.633
bsa_silica,phosphate,phosphate,A,287,,HIS,0.14555,0.004462,0.456,13.445
bsa_silica,phosphate,phosphate,A,463,,HIS,0.05851,0.001794,0.183,20.755
