case_id,map_key,internal_chemistry_key,chain,res_seq,icode,res_name,scrsa,local_score,propensity,multiscale_persistence
catalase_ps,anionic,anionic,B,22,,LYS,0.96978,0.96901,100.0,42.49
catalase_ps,anionic,anionic,A,286,,SER,0.9259,0.9259,95.551,43.608
catalase_ps,anionic,anionic,C,286,,SER,0.89186,0.89186,92.038,47.468
catalase_ps,anionic,anionic,C,498,,LYS,0.86995,0.86926,89.706,28.837
catalase_ps,anionic,anionic,D,448,,LYS,0.86981,0.86912,89.691,62.831
catalase_ps,anionic,anionic,D,498,,LYS,0.86925,0.86856,89.634,28.814
catalase_ps,anionic,anionic,C,448,,LYS,0.8691,0.86841,89.618,64.291
catalase_ps,anionic,anionic,A,448,,LYS,0.8684,0.867711,89.546,64.666
catalase_ps,anionic,anionic,D,475,,LYS,0.86357,0.862885,89.048,49.885
catalase_ps,anionic,anionic,D,22,,LYS,0.85789,0.857209,88.462,37.588
catalase_ps,anionic,anionic,B,286,,SER,0.85311,0.85311,88.039,46.338
catalase_ps,anionic,anionic,D,286,,SER,0.83952,0.83952,86.637,43.348
catalase_ps,anionic,anionic,A,22,,LYS,0.83981,0.839143,86.598,36.796
catalase_ps,anionic,anionic,B,475,,LYS,0.80327,0.802632,82.83,61.546
catalase_ps,anionic,anionic,A,381,,ARG,0.78388,0.783874,80.894,34.372
catalase_ps,anionic,anionic,C,22,,LYS,0.77671,0.776094,80.091,34.031
catalase_ps,anionic,anionic,A,475,,LYS,0.76655,0.765942,79.044,54.513
catalase_ps,anionic,anionic,A,456,,LYS,0.74999,0.749395,77.336,48.39
catalase_ps,anionic,anionic,C,475,,LYS,0.74776,0.747167,77.106,58.281
catalase_ps,anionic,anionic,D,381,,ARG,0.74698,0.746974,77.086,32.754
catalase_ps,anionic,anionic,A,498,,LYS,0.74376,0.74317,76.694,24.654
catalase_ps,anionic,anionic,A,490,,SER,0.74083,0.74083,76.452,42.428
catalase_ps,anionic,anionic,A,416,,SER,0.73856,0.73856,76.218,25.654
catalase_ps,anionic,anionic,B,490,,SER,0.73386,0.73386,75.733,44.04
catalase_ps,anionic,anionic,C,490,,SER,0.71906,0.71906,74.206,44.613
catalase_ps,anionic,anionic,B,448,,LYS,0.69706,0.696507,71.878,56.542
catalase_ps,anionic,anionic,B,381,,ARG,0.68556,0.685555,70.748,30.061
catalase_ps,anionic,anionic,D,92,,ARG,0.68363,0.683625,70.549,47.729
catalase_ps,anionic,anionic,D,456,,LYS,0.66839,0.66786,68.922,48.639
catalase_ps,anionic,anionic,D,490,,SER,0.65794,0.65794,67.898,39.654
catalase_ps,anionic,anionic,C,381,,ARG,0.6498,0.649795,67.058,28.493
catalase_ps,anionic,anionic,B,479,,LYS,0.65016,0.649644,67.042,75.655
catalase_ps,anionic,anionic,D,479,,LYS,0.64702,0.646506,66.718,56.833
catalase_ps,anionic,anionic,C,242,,LYS,0.64665,0.646137,66.68,29.102
catalase_ps,anionic,anionic,B,416,,SER,0.64574,0.64574,66.639,22.469
catalase_ps,anionic,anionic,D,421,,ARG,0.64007,0.640065,66.053,31.749
catalase_ps,anionic,anionic,B,498,,LYS,0.63901,0.638503,65.892,21.182
catalase_ps,anionic,anionic,B,92,,ARG,0.63143,0.631425,65.162,42.153
catalase_ps,anionic,anionic,A,479,,LYS,0.62473,0.624234,64.42,65.785
catalase_ps,anionic,anionic,C,479,,LYS,0.62163,0.621137,64.1,70.546
catalase_ps,anionic,anionic,A,444,,THR,0.61721,0.61721,63.695,80.721
catalase_ps,anionic,anionic,C,425,,SER,0.61484,0.61484,63.45,39.138
catalase_ps,anionic,anionic,C,440,,THR,0.61386,0.61386,63.349,47.589
catalase_ps,anionic,anionic,D,242,,LYS,0.61371,0.613223,63.283,27.726
catalase_ps,anionic,anionic,C,416,,SER,0.60822,0.60822,62.767,21.567
catalase_ps,anionic,anionic,C,319,,ARG,0.60392,0.603915,62.323,20.034
catalase_ps,anionic,anionic,D,416,,SER,0.60322,0.60322,62.251,22.109
catalase_ps,anionic,anionic,B,421,,ARG,0.60141,0.601405,62.064,29.518
catalase_ps,anionic,anionic,C,444,,THR,0.59814,0.59814,61.727,84.655
catalase_ps,anionic,anionic,B,444,,THR,0.59296,0.59296,61.192,73.248
catalase_ps,anionic,anionic,B,105,,ARG,0.58577,0.585765,60.45,23.251
catalase_ps,anionic,anionic,A,242,,LYS,0.58608,0.585615,60.434,26.796
catalase_ps,anionic,anionic,D,245,,SER,0.57232,0.57232,59.062,18.986
catalase_ps,anionic,anionic,C,92,,ARG,0.56929,0.569285,58.749,46.539
catalase_ps,anionic,anionic,D,444,,THR,0.56376,0.56376,58.179,78.11
catalase_ps,anionic,anionic,C,91,,THR,0.56277,0.56277,58.077,51.239
catalase_ps,anionic,anionic,B,456,,LYS,0.56016,0.559715,57.762,44.922
catalase_ps,anionic,anionic,B,284,,THR,0.54371,0.54371,56.11,46.338
catalase_ps,anionic,anionic,D,105,,ARG,0.5425,0.542496,55.985,22.08
catalase_ps,anionic,anionic,D,270,,THR,0.54219,0.54219,55.953,17.987
catalase_ps,anionic,anionic,C,284,,THR,0.53902,0.53902,55.626,47.468
catalase_ps,anionic,anionic,D,176,,LYS,0.53303,0.532607,54.964,27.421
catalase_ps,anionic,anionic,A,245,,SER,0.53032,0.53032,54.728,17.593
catalase_ps,anionic,anionic,C,251,,ARG,0.52914,0.529136,54.606,24.264
catalase_ps,anionic,anionic,A,92,,ARG,0.5262,0.526196,54.302,39.54
catalase_ps,anionic,anionic,B,15,,LYS,0.52397,0.523554,54.03,55.986
catalase_ps,anionic,anionic,A,15,,LYS,0.52306,0.522645,53.936,46.209
catalase_ps,anionic,anionic,D,319,,ARG,0.51777,0.517766,53.432,17.176
catalase_ps,anionic,anionic,C,270,,THR,0.51643,0.51643,53.295,17.132
catalase_ps,anionic,anionic,B,319,,ARG,0.51498,0.514976,53.145,17.084
catalase_ps,anionic,anionic,B,176,,LYS,0.51466,0.514252,53.07,31.676
catalase_ps,anionic,anionic,A,105,,ARG,0.51151,0.511506,52.786,20.125
catalase_ps,anionic,anionic,C,202,,ARG,0.51083,0.510826,52.716,25.782
catalase_ps,anionic,anionic,B,242,,LYS,0.50911,0.508706,52.497,22.996
catalase_ps,anionic,anionic,C,176,,LYS,0.50877,0.508366,52.462,25.023
catalase_ps,anionic,anionic,C,421,,ARG,0.50821,0.508206,52.446,25.548
catalase_ps,anionic,anionic,C,15,,LYS,0.50539,0.504989,52.114,49.366
catalase_ps,anionic,anionic,B,270,,THR,0.50129,0.50129,51.732,16.63
catalase_ps,anionic,anionic,B,314,,LYS,0.50132,0.500922,51.694,31.303
catalase_ps,anionic,anionic,A,270,,THR,0.49861,0.49861,51.456,16.541
catalase_ps,anionic,anionic,A,319,,ARG,0.48901,0.489006,50.464,16.222
catalase_ps,anionic,anionic,C,105,,ARG,0.48621,0.486206,50.176,21.549
catalase_ps,anionic,anionic,A,440,,THR,0.48396,0.48396,49.944,41.584
catalase_ps,anionic,anionic,D,443,,ARG,0.4832,0.483196,49.865,65.135
catalase_ps,anionic,anionic,B,425,,SER,0.48276,0.48276,49.82,31.986
catalase_ps,anionic,anionic,B,236,,LYS,0.48254,0.482157,49.758,30.48
catalase_ps,anionic,anionic,B,440,,THR,0.48213,0.48213,49.755,40.277
catalase_ps,anionic,anionic,A,46,,ARG,0.48149,0.481486,49.688,19.04
catalase_ps,anionic,anionic,A,236,,LYS,0.48099,0.480608,49.598,30.299
catalase_ps,anionic,anionic,A,476,,LYS,0.47763,0.477251,49.251,61.95
catalase_ps,anionic,anionic,C,443,,ARG,0.47143,0.471426,48.65,73.817
catalase_ps,anionic,anionic,A,97,,LYS,0.47145,0.471076,48.614,20.656
catalase_ps,anionic,anionic,C,46,,ARG,0.46728,0.467276,48.222,18.746
catalase_ps,anionic,anionic,D,284,,THR,0.46717,0.46717,48.211,43.348
catalase_ps,anionic,anionic,B,202,,ARG,0.46552,0.465516,48.04,25.522
catalase_ps,anionic,anionic,D,251,,ARG,0.4649,0.464896,47.976,20.385
catalase_ps,anionic,anionic,B,251,,ARG,0.46461,0.464606,47.946,21.632
catalase_ps,anionic,anionic,A,443,,ARG,0.46438,0.464376,47.923,68.648
catalase_ps,anionic,anionic,B,97,,LYS,0.46361,0.463242,47.806,20.313
catalase_ps,anionic,anionic,A,176,,LYS,0.46152,0.461154,47.59,27.396
catalase_ps,anionic,anionic,C,236,,LYS,0.4596,0.459235,47.392,29.362
catalase_ps,anionic,anionic,D,425,,SER,0.45545,0.45545,47.002,39.138
catalase_ps,anionic,anionic,D,15,,LYS,0.45149,0.451132,46.556,40.268
catalase_ps,anionic,anionic,D,236,,LYS,0.44994,0.449583,46.396,26.162
catalase_ps,anionic,anionic,A,314,,LYS,0.4468,0.446445,46.072,28.801
catalase_ps,anionic,anionic,A,251,,ARG,0.44596,0.445956,46.022,20.645
catalase_ps,anionic,anionic,C,457,,ARG,0.4405,0.440497,45.458,36.596
catalase_ps,anionic,anionic,D,440,,THR,0.43846,0.43846,45.248,40.414
catalase_ps,anionic,anionic,B,245,,SER,0.43686,0.43686,45.083,14.492
catalase_ps,anionic,anionic,B,443,,ARG,0.4364,0.436397,45.035,66.278
catalase_ps,anionic,anionic,B,46,,ARG,0.42764,0.427637,44.131,18.752
catalase_ps,anionic,anionic,B,482,,SER,0.42531,0.42531,43.891,48.227
catalase_ps,anionic,anionic,D,97,,LYS,0.4247,0.424363,43.793,18.608
catalase_ps,anionic,anionic,B,91,,THR,0.41529,0.41529,42.857,44.83
catalase_ps,anionic,anionic,C,456,,LYS,0.41363,0.413302,42.652,43.935
catalase_ps,anionic,anionic,D,91,,THR,0.4127,0.4127,42.59,51.87
catalase_ps,anionic,anionic,A,91,,THR,0.41136,0.41136,42.452,43.597
catalase_ps,anionic,anionic,D,46,,ARG,0.40939,0.409387,42.248,17.13
catalase_ps,anionic,anionic,C,314,,LYS,0.40492,0.404599,41.754,26.966
catalase_ps,anionic,anionic,B,476,,LYS,0.40327,0.40295,41.584,61.546
catalase_ps,anionic,anionic,D,457,,ARG,0.40286,0.402857,41.574,43.368
catalase_ps,anionic,anionic,A,482,,SER,0.39876,0.39876,41.151,46.477
catalase_ps,anionic,anionic,D,409,,SER,0.39528,0.39528,40.792,40.29
catalase_ps,anionic,anionic,C,245,,SER,0.39051,0.39051,40.3,12.955
catalase_ps,anionic,anionic,A,284,,THR,0.38862,0.38862,40.105,43.608
catalase_ps,anionic,anionic,C,476,,LYS,0.38882,0.388511,40.094,58.281
catalase_ps,anionic,anionic,A,467,,LYS,0.38201,0.381707,39.391,14.099
catalase_ps,anionic,anionic,D,202,,ARG,0.37783,0.377827,38.991,20.403
catalase_ps,anionic,anionic,D,482,,SER,0.37483,0.37483,38.682,46.3
catalase_ps,anionic,anionic,A,202,,ARG,0.37107,0.371067,38.293,19.091
catalase_ps,anionic,anionic,C,482,,SER,0.36972,0.36972,38.154,44.613
catalase_ps,anionic,anionic,A,425,,SER,0.36862,0.36862,38.041,31.986
catalase_ps,anionic,anionic,D,314,,LYS,0.36644,0.366149,37.786,22.503
catalase_ps,anionic,anionic,D,262,,ARG,0.35106,0.351057,36.228,12.653
catalase_ps,anionic,anionic,A,457,,ARG,0.34681,0.346807,35.79,43.001
catalase_ps,anionic,anionic,A,262,,ARG,0.34475,0.344747,35.577,12.443
catalase_ps,anionic,anionic,D,95,,LYS,0.34268,0.342408,35.336,33.111
catalase_ps,anionic,anionic,B,457,,ARG,0.3418,0.341797,35.273,39.814
catalase_ps,anionic,anionic,D,379,,ARG,0.34105,0.341047,35.195,14.955
catalase_ps,anionic,anionic,B,12,,LYS,0.33882,0.338551,34.938,40.117
catalase_ps,anionic,anionic,D,87,,THR,0.33517,0.33517,34.589,17.007
catalase_ps,anionic,anionic,A,87,,THR,0.33182,0.33182,34.243,17.056
catalase_ps,anionic,anionic,A,421,,ARG,0.33001,0.330007,34.056,18.087
catalase_ps,anionic,anionic,C,262,,ARG,0.32809,0.328087,33.858,11.834
catalase_ps,anionic,anionic,B,467,,LYS,0.32557,0.325312,33.572,12.37
catalase_ps,anionic,anionic,C,87,,THR,0.31928,0.31928,32.949,16.332
catalase_ps,anionic,anionic,B,8,,SER,0.31541,0.31541,32.55,13.831
catalase_ps,anionic,anionic,B,262,,ARG,0.31245,0.312448,32.244,11.408
catalase_ps,anionic,anionic,C,379,,ARG,0.31046,0.310458,32.039,13.613
catalase_ps,anionic,anionic,C,467,,LYS,0.30713,0.306886,31.67,11.758
catalase_ps,anionic,anionic,B,87,,THR,0.3028,0.3028,31.248,15.847
catalase_ps,anionic,anionic,C,275,,SER,0.30083,0.30083,31.045,13.191
catalase_ps,anionic,anionic,C,97,,LYS,0.29935,0.299112,30.868,13.116
catalase_ps,anionic,anionic,C,491,,ARG,0.29835,0.298348,30.789,44.613
catalase_ps,anionic,anionic,A,8,,SER,0.29735,0.29735,30.686,13.039
catalase_ps,anionic,anionic,D,467,,LYS,0.29429,0.294056,30.346,11.302
catalase_ps,anionic,anionic,C,119,,SER,0.29159,0.29159,30.092,32.834
catalase_ps,anionic,anionic,A,409,,SER,0.2819,0.2819,29.092,34.505
catalase_ps,anionic,anionic,B,379,,ARG,0.2768,0.276798,28.565,12.137
catalase_ps,anionic,anionic,D,476,,LYS,0.27497,0.274752,28.354,59.187
catalase_ps,anionic,anionic,D,57,,THR,0.27293,0.27293,28.166,9.564
catalase_ps,anionic,anionic,C,95,,LYS,0.27103,0.270815,27.948,36.552
catalase_ps,anionic,anionic,B,491,,ARG,0.27049,0.270488,27.914,44.04
catalase_ps,anionic,anionic,A,119,,SER,0.26929,0.26929,27.79,29.818
catalase_ps,anionic,anionic,D,119,,SER,0.26482,0.26482,27.329,31.474
catalase_ps,anionic,anionic,C,8,,SER,0.26133,0.26133,26.969,11.459
catalase_ps,anionic,anionic,C,57,,THR,0.25846,0.25846,26.673,9.215
catalase_ps,anionic,anionic,B,119,,SER,0.25721,0.25721,26.544,33.468
catalase_ps,anionic,anionic,A,379,,ARG,0.25559,0.255588,26.376,11.207
catalase_ps,anionic,anionic,A,95,,LYS,0.25455,0.254348,26.248,29.191
catalase_ps,anionic,anionic,D,12,,LYS,0.25329,0.253089,26.118,32.195
catalase_ps,anionic,anionic,D,4,,ARG,0.24815,0.248148,25.608,10.881
catalase_ps,anionic,anionic,C,409,,SER,0.24762,0.24762,25.554,44.267
catalase_ps,anionic,anionic,D,491,,ARG,0.24638,0.246378,25.426,39.654
catalase_ps,anionic,anionic,C,12,,LYS,0.24522,0.245025,25.286,35.492
catalase_ps,anionic,anionic,D,275,,SER,0.24448,0.24448,25.23,10.72
catalase_ps,anionic,anionic,B,57,,THR,0.24198,0.24198,24.972,8.491
catalase_ps,anionic,anionic,C,407,,SER,0.23926,0.23926,24.691,21.349
catalase_ps,anionic,anionic,D,422,,THR,0.23805,0.23805,24.566,31.749
catalase_ps,anionic,anionic,A,275,,SER,0.23229,0.23229,23.972,10.186
catalase_ps,anionic,anionic,B,275,,SER,0.22979,0.22979,23.714,10.076
catalase_ps,anionic,anionic,A,491,,ARG,0.22676,0.226758,23.401,42.428
catalase_ps,anionic,anionic,B,409,,SER,0.22619,0.22619,23.342,15.486
catalase_ps,anionic,anionic,A,407,,SER,0.22404,0.22404,23.12,9.824
catalase_ps,anionic,anionic,B,95,,LYS,0.22413,0.223952,23.111,28.03
catalase_ps,anionic,anionic,D,360,,THR,0.22291,0.22291,23.004,14.477
catalase_ps,anionic,anionic,A,57,,THR,0.22149,0.22149,22.857,7.853
catalase_ps,anionic,anionic,B,422,,THR,0.21505,0.21505,22.193,29.518
catalase_ps,anionic,anionic,B,277,,THR,0.21296,0.21296,21.977,47.6
catalase_ps,anionic,anionic,B,360,,THR,0.21104,0.21104,21.779,13.671
catalase_ps,anionic,anionic,C,277,,THR,0.21037,0.21037,21.71,46.067
catalase_ps,anionic,anionic,A,277,,THR,0.21037,0.21037,21.71,45.822
catalase_ps,anionic,anionic,C,4,,ARG,0.21028,0.210278,21.7,9.221
catalase_ps,anionic,anionic,A,433,,SER,0.21021,0.21021,21.693,8.945
catalase_ps,anionic,anionic,C,360,,THR,0.20911,0.20911,21.58,13.683
catalase_ps,anionic,anionic,D,8,,SER,0.20858,0.20858,21.525,9.146
catalase_ps,anionic,anionic,A,4,,ARG,0.20727,0.207268,21.39,9.089
catalase_ps,anionic,anionic,B,353,,ARG,0.20385,0.203848,21.037,8.939
catalase_ps,anionic,anionic,B,67,,ARG,0.20027,0.200268,20.667,11.023
catalase_ps,anionic,anionic,C,121,,SER,0.19999,0.19999,20.639,28.517
catalase_ps,anionic,anionic,A,353,,ARG,0.19913,0.199128,20.55,8.732
catalase_ps,anionic,anionic,A,12,,LYS,0.1984,0.198243,20.458,34.307
catalase_ps,anionic,anionic,A,360,,THR,0.19657,0.19657,20.286,13.162
catalase_ps,anionic,anionic,C,126,,ARG,0.19481,0.194808,20.104,8.542
catalase_ps,anionic,anionic,C,67,,ARG,0.19452,0.194518,20.074,8.53
catalase_ps,anionic,anionic,A,67,,ARG,0.19367,0.193668,19.986,8.492
catalase_ps,anionic,anionic,C,353,,ARG,0.1931,0.193098,19.927,8.467
catalase_ps,anionic,anionic,B,18,,ARG,0.1923,0.192298,19.845,31.39
catalase_ps,anionic,anionic,C,422,,THR,0.18996,0.18996,19.604,25.548
catalase_ps,anionic,anionic,D,126,,ARG,0.18821,0.188209,19.423,8.253
catalase_ps,anionic,anionic,D,407,,SER,0.18518,0.18518,19.11,8.12
catalase_ps,anionic,anionic,D,353,,ARG,0.18434,0.184339,19.023,8.083
catalase_ps,anionic,anionic,D,121,,SER,0.18367,0.18367,18.954,26.064
catalase_ps,anionic,anionic,B,455,,ARG,0.18212,0.182119,18.794,39.814
catalase_ps,anionic,anionic,D,67,,ARG,0.18059,0.180589,18.636,7.919
catalase_ps,anionic,anionic,A,126,,ARG,0.18048,0.180479,18.625,7.914
catalase_ps,anionic,anionic,C,209,,ARG,0.17854,0.178539,18.425,8.898
catalase_ps,anionic,anionic,B,4,,ARG,0.17611,0.176109,18.174,7.722
catalase_ps,anionic,anionic,B,126,,ARG,0.17604,0.176039,18.167,7.719
catalase_ps,anionic,anionic,A,209,,ARG,0.17552,0.175519,18.113,9.21
catalase_ps,anionic,anionic,C,18,,ARG,0.17274,0.172739,17.826,29.718
catalase_ps,anionic,anionic,C,433,,SER,0.17246,0.17246,17.798,7.562
catalase_ps,anionic,anionic,C,455,,ARG,0.17222,0.172219,17.773,36.596
catalase_ps,anionic,anionic,C,104,,LYS,0.16349,0.16336,16.858,32.363
catalase_ps,anionic,anionic,B,209,,ARG,0.15886,0.158859,16.394,7.992
catalase_ps,anionic,anionic,B,121,,SER,0.15875,0.15875,16.383,27.009
catalase_ps,anionic,anionic,D,18,,ARG,0.15642,0.156419,16.142,26.641
catalase_ps,anionic,anionic,A,28,,THR,0.15633,0.15633,16.133,5.186
catalase_ps,anionic,anionic,D,209,,ARG,0.15556,0.155559,16.053,8.031
catalase_ps,anionic,anionic,D,455,,ARG,0.14908,0.149079,15.385,43.368
catalase_ps,anionic,anionic,D,277,,THR,0.14705,0.14705,15.175,40.442
catalase_ps,anionic,anionic,B,433,,SER,0.14667,0.14667,15.136,4.866
catalase_ps,anionic,anionic,A,121,,SER,0.14591,0.14591,15.058,26.26
catalase_ps,anionic,anionic,B,28,,THR,0.14513,0.14513,14.977,4.815
catalase_ps,anionic,anionic,D,433,,SER,0.1433,0.1433,14.788,4.754
catalase_ps,anionic,anionic,C,348,,LYS,0.14015,0.140039,14.452,6.141
catalase_ps,anionic,anionic,A,216,,SER,0.1372,0.1372,14.159,6.016
catalase_ps,anionic,anionic,A,422,,THR,0.13593,0.13593,14.028,18.087
catalase_ps,anionic,anionic,A,455,,ARG,0.13572,0.135719,14.006,50.524
catalase_ps,anionic,anionic,B,168,,LYS,0.13573,0.135622,13.996,25.155
catalase_ps,anionic,anionic,A,188,,ARG,0.12941,0.129409,13.355,4.293
catalase_ps,anionic,anionic,B,407,,SER,0.12698,0.12698,13.104,15.486
catalase_ps,anionic,anionic,C,188,,ARG,0.12424,0.124239,12.821,4.122
catalase_ps,anionic,anionic,A,18,,ARG,0.12367,0.123669,12.762,28.34
catalase_ps,anionic,anionic,D,28,,THR,0.12338,0.12338,12.733,5.866
catalase_ps,anionic,anionic,D,104,,LYS,0.12318,0.123082,12.702,32.35
catalase_ps,anionic,anionic,B,71,,ARG,0.12231,0.122309,12.622,6.465
catalase_ps,anionic,anionic,D,188,,ARG,0.12151,0.121509,12.539,4.031
catalase_ps,anionic,anionic,B,188,,ARG,0.12122,0.121219,12.51,4.021
catalase_ps,anionic,anionic,B,216,,SER,0.11925,0.11925,12.306,5.229
catalase_ps,anionic,anionic,C,168,,LYS,0.11855,0.118456,12.224,9.826
catalase_ps,anionic,anionic,C,28,,THR,0.11811,0.11811,12.189,6.283
catalase_ps,anionic,anionic,D,168,,LYS,0.11785,0.117756,12.152,9.53
catalase_ps,anionic,anionic,B,200,,SER,0.11652,0.11652,12.025,25.522
catalase_ps,anionic,anionic,B,336,,SER,0.11652,0.11652,12.025,5.109
catalase_ps,anionic,anionic,B,104,,LYS,0.11519,0.115099,11.878,34.27
catalase_ps,anionic,anionic,A,71,,ARG,0.11026,0.110259,11.379,4.835
catalase_ps,anionic,anionic,C,216,,SER,0.10891,0.10891,11.239,4.776
catalase_ps,anionic,anionic,C,71,,ARG,0.1081,0.108099,11.156,4.74
catalase_ps,anionic,anionic,A,348,,LYS,0.10706,0.106975,11.04,4.691
catalase_ps,anionic,anionic,D,71,,ARG,0.10537,0.105369,10.874,4.62
catalase_ps,anionic,anionic,D,336,,SER,0.09857,0.09857,10.172,4.322
catalase_ps,anionic,anionic,D,216,,SER,0.09782,0.09782,10.095,4.289
catalase_ps,anionic,anionic,B,348,,LYS,0.09787,0.097792,10.092,4.288
catalase_ps,anionic,anionic,C,169,,ARG,0.09604,0.096039,9.911,25.342
catalase_ps,anionic,anionic,A,104,,LYS,0.09521,0.095134,9.818,29.457
catalase_ps,anionic,anionic,D,169,,ARG,0.09274,0.092739,9.571,25.886
catalase_ps,anionic,anionic,A,336,,SER,0.0927,0.0927,9.566,4.065
catalase_ps,anionic,anionic,D,348,,LYS,0.09254,0.092467,9.542,4.055
catalase_ps,anionic,anionic,D,232,,LYS,0.08974,0.089669,9.254,3.932
catalase_ps,anionic,anionic,C,101,,HIS,0.79142,0.088493,9.132,11.044
catalase_ps,anionic,anionic,D,200,,SER,0.08748,0.08748,9.028,20.403
catalase_ps,anionic,anionic,D,362,,ARG,0.08273,0.082729,8.538,13.878
catalase_ps,anionic,anionic,A,169,,ARG,0.08228,0.082279,8.491,21.959
catalase_ps,anionic,anionic,C,362,,ARG,0.08216,0.082159,8.479,10.943
catalase_ps,anionic,anionic,A,168,,LYS,0.0814,0.081335,8.394,21.959
catalase_ps,anionic,anionic,B,101,,HIS,0.72152,0.080677,8.326,8.585
catalase_ps,anionic,anionic,A,362,,ARG,0.07972,0.079719,8.227,11.226
catalase_ps,anionic,anionic,C,304,,HIS,0.69277,0.077463,7.994,2.57
catalase_ps,anionic,anionic,C,336,,SER,0.07725,0.07725,7.972,3.387
catalase_ps,anionic,anionic,C,200,,SER,0.07714,0.07714,7.961,25.782
catalase_ps,anionic,anionic,A,232,,LYS,0.07558,0.07552,7.794,3.312
catalase_ps,anionic,anionic,D,364,,ARG,0.07409,0.074089,7.646,7.951
catalase_ps,anionic,anionic,B,169,,ARG,0.0725,0.072499,7.482,25.155
catalase_ps,anionic,anionic,D,101,,HIS,0.64542,0.072168,7.448,8.562
catalase_ps,anionic,anionic,D,304,,HIS,0.63905,0.071456,7.374,2.37
catalase_ps,anionic,anionic,C,27,,THR,0.07127,0.07127,7.355,8.304
catalase_ps,anionic,anionic,B,362,,ARG,0.07124,0.071239,7.352,10.343
catalase_ps,anionic,anionic,C,113,,SER,0.06854,0.06854,7.073,3.386
catalase_ps,anionic,anionic,C,220,,LYS,0.06569,0.065638,6.774,2.878
catalase_ps,anionic,anionic,A,101,,HIS,0.58264,0.065148,6.723,7.028
catalase_ps,anionic,anionic,A,304,,HIS,0.57798,0.064627,6.669,2.144
catalase_ps,anionic,anionic,A,200,,SER,0.0643,0.0643,6.636,19.091
catalase_ps,anionic,anionic,A,220,,LYS,0.06393,0.063879,6.592,2.801
catalase_ps,anionic,anionic,D,413,,HIS,0.56543,0.063224,6.525,2.772
catalase_ps,anionic,anionic,B,304,,HIS,0.56527,0.063206,6.523,2.097
catalase_ps,anionic,anionic,B,113,,SER,0.06169,0.06169,6.366,6.722
catalase_ps,anionic,anionic,A,13,,HIS,0.54994,0.061492,6.346,30.057
catalase_ps,anionic,anionic,B,232,,LYS,0.06141,0.061361,6.332,2.691
catalase_ps,anionic,anionic,B,220,,LYS,0.06092,0.060872,6.282,2.669
catalase_ps,anionic,anionic,A,155,,ARG,0.05942,0.05942,6.132,2.606
catalase_ps,anionic,anionic,C,13,,HIS,0.53125,0.059402,6.13,32.582
catalase_ps,anionic,anionic,B,88,,HIS,0.52413,0.058606,6.048,14.666
catalase_ps,anionic,anionic,A,423,,HIS,0.51986,0.058129,5.999,8.509
catalase_ps,anionic,anionic,D,220,,LYS,0.05805,0.058004,5.986,2.543
catalase_ps,anionic,anionic,D,13,,HIS,0.51598,0.057695,5.954,30.465
catalase_ps,anionic,anionic,D,300,,LYS,0.0577,0.057654,5.95,2.528
catalase_ps,anionic,anionic,A,88,,HIS,0.51103,0.057141,5.897,17.056
catalase_ps,anionic,anionic,C,155,,ARG,0.05698,0.05698,5.88,2.499
catalase_ps,anionic,anionic,C,232,,LYS,0.05629,0.056245,5.804,2.466
catalase_ps,anionic,anionic,B,76,,LYS,0.05574,0.055696,5.748,17.528
catalase_ps,anionic,anionic,B,37,,LYS,0.05574,0.055696,5.748,2.442
catalase_ps,anionic,anionic,D,423,,HIS,0.49398,0.055235,5.7,12.86
catalase_ps,anionic,anionic,D,113,,SER,0.05483,0.05483,5.658,3.018
catalase_ps,anionic,anionic,A,113,,SER,0.05483,0.05483,5.658,2.958
catalase_ps,anionic,anionic,B,423,,HIS,0.48887,0.054663,5.641,11.827
catalase_ps,anionic,anionic,C,423,,HIS,0.48522,0.054255,5.599,10.709
catalase_ps,anionic,anionic,D,27,,THR,0.05345,0.05345,5.516,7.754
catalase_ps,anionic,anionic,D,387,,ARG,0.05339,0.05339,5.51,2.234
catalase_ps,anionic,anionic,C,88,,HIS,0.47561,0.053181,5.488,16.332
catalase_ps,anionic,anionic,B,13,,HIS,0.47205,0.052783,5.447,36.73
catalase_ps,anionic,anionic,D,88,,HIS,0.47112,0.052679,5.436,17.007
catalase_ps,anionic,anionic,B,129,,ARG,0.05242,0.05242,5.41,4.874
catalase_ps,anionic,anionic,B,65,,ARG,0.05112,0.05112,5.275,11.635
catalase_ps,anionic,anionic,B,465,,HIS,0.42539,0.047565,4.909,12.37
catalase_ps,anionic,anionic,C,465,,HIS,0.42516,0.04754,4.906,11.758
catalase_ps,anionic,anionic,D,465,,HIS,0.41694,0.04662,4.811,11.302
catalase_ps,anionic,anionic,A,465,,HIS,0.38719,0.043294,4.468,14.099
catalase_ps,anionic,anionic,C,413,,HIS,0.37455,0.041881,4.322,1.836
catalase_ps,anionic,anionic,A,485,,HIS,0.3303,0.036933,3.811,19.105
catalase_ps,anionic,anionic,A,413,,HIS,0.31076,0.034748,3.586,1.524
catalase_ps,anionic,anionic,D,485,,HIS,0.30898,0.034549,3.565,17.951
catalase_ps,anionic,anionic,B,413,,HIS,0.2824,0.031577,3.259,1.385
catalase_ps,anionic,anionic,C,174,,HIS,0.28117,0.031439,3.244,5.59
catalase_ps,anionic,anionic,D,174,,HIS,0.2714,0.030347,3.132,5.397
catalase_ps,anionic,anionic,A,174,,HIS,0.2714,0.030347,3.132,4.939
catalase_ps,anionic,anionic,D,254,,HIS,0.2614,0.029229,3.016,2.371
catalase_ps,anionic,anionic,B,254,,HIS,0.25691,0.028727,2.965,22.694
catalase_ps,anionic,anionic,B,174,,HIS,0.25613,0.028639,2.956,4.435
catalase_ps,anionic,anionic,D,74,,HIS,0.24714,0.027634,2.852,3.616
catalase_ps,anionic,anionic,C,74,,HIS,0.23854,0.026673,2.753,4.175
catalase_ps,anionic,anionic,C,485,,HIS,0.23753,0.02656,2.741,17.377
catalase_ps,anionic,anionic,A,210,,HIS,0.22777,0.025468,2.628,34.889
catalase_ps,anionic,anionic,A,74,,HIS,0.22599,0.025269,2.608,3.512
catalase_ps,anionic,anionic,B,74,,HIS,0.22482,0.025138,2.594,11.613
catalase_ps,anionic,anionic,B,485,,HIS,0.2225,0.024879,2.567,19.74
catalase_ps,anionic,anionic,A,254,,HIS,0.22227,0.024853,2.565,21.926
catalase_ps,anionic,anionic,C,254,,HIS,0.21661,0.02422,2.5,25.524
catalase_ps,anionic,anionic,D,420,,HIS,0.21188,0.023692,2.445,29.105
catalase_ps,anionic,anionic,A,420,,HIS,0.18918,0.021153,2.183,15.398
catalase_ps,anionic,anionic,C,62,,HIS,0.17275,0.019316,1.993,0.847
catalase_ps,anionic,anionic,D,210,,HIS,0.17065,0.019081,1.969,26.419
catalase_ps,anionic,anionic,B,363,,HIS,0.16926,0.018926,1.953,13.514
catalase_ps,anionic,anionic,B,420,,HIS,0.16693,0.018665,1.926,27.19
catalase_ps,anionic,anionic,D,363,,HIS,0.15926,0.017808,1.838,17.725
catalase_ps,anionic,anionic,C,420,,HIS,0.15833,0.017704,1.827,23.061
catalase_ps,anionic,anionic,C,210,,HIS,0.15693,0.017547,1.811,28.167
catalase_ps,anionic,anionic,A,363,,HIS,0.14205,0.015883,1.639,10.585
catalase_ps,anionic,anionic,B,210,,HIS,0.14066,0.015728,1.623,22.922
catalase_ps,anionic,anionic,D,62,,HIS,0.13733,0.015356,1.585,0.673
catalase_ps,anionic,anionic,A,62,,HIS,0.13617,0.015226,1.571,0.668
catalase_ps,anionic,anionic,C,363,,HIS,0.12601,0.01409,1.454,13.683
catalase_ps,anionic,anionic,B,62,,HIS,0.12485,0.01396,1.441,2.854
catalase_ps,anionic,anionic,C,234,,HIS,0.12168,0.013606,1.404,0.597
catalase_ps,anionic,anionic,A,193,,HIS,0.11841,0.01324,1.366,0.581
catalase_ps,anionic,anionic,C,193,,HIS,0.10609,0.011863,1.224,0.52
catalase_ps,anionic,anionic,D,234,,HIS,0.10563,0.011811,1.219,0.518
catalase_ps,anionic,anionic,A,234,,HIS,0.10331,0.011552,1.192,0.507
catalase_ps,anionic,anionic,D,193,,HIS,0.09781,0.010937,1.129,0.48
catalase_ps,anionic,anionic,B,361,,HIS,0.09454,0.010571,1.091,10.343
catalase_ps,anionic,anionic,C,165,,HIS,0.08587,0.009602,0.991,5.615
catalase_ps,anionic,anionic,A,208,,HIS,0.08099,0.009056,0.935,8.787
catalase_ps,anionic,anionic,B,234,,HIS,0.0806,0.009012,0.93,0.395
catalase_ps,anionic,anionic,D,208,,HIS,0.0761,0.008509,0.878,7.895
catalase_ps,anionic,anionic,A,361,,HIS,0.07145,0.007989,0.824,13.162
catalase_ps,anionic,anionic,B,208,,HIS,0.06867,0.007678,0.792,7.992
catalase_ps,anionic,anionic,B,165,,HIS,0.06495,0.007262,0.749,6.265
catalase_ps,anionic,anionic,C,208,,HIS,0.06123,0.006846,0.707,8.898
catalase_ps,anionic,anionic,D,165,,HIS,0.06123,0.006846,0.707,5.464
catalase_ps,anionic,anionic,B,193,,HIS,0.06123,0.006846,0.707,0.3
catalase_ps,anionic,anionic,A,165,,HIS,0.06084,0.006803,0.702,3.865
catalase_ps,anionic,anionic,D,361,,HIS,0.0599,0.006698,0.691,16.906
catalase_ps,anionic,anionic,C,361,,HIS,0.0599,0.006698,0.691,13.683
catalase_ps,cationic,cationic,D,225,,ASP,1.0,0.999684,100.0,61.992
catalase_ps,cationic,cationic,A,247,,GLU,1.0,0.999499,99.982,65.502
catalase_ps,cationic,cationic,C,501,,GLU,1.0,0.999499,99.982,63.995
catalase_ps,cationic,cationic,D,501,,GLU,1.0,0.999499,99.982,61.697
catalase_ps,cationic,cationic,B,247,,GLU,1.0,0.999499,99.982,60.511
catalase_ps,cationic,cationic,C,289,,GLU,0.99998,0.999479,99.98,81.409
catalase_ps,cationic,cationic,C,247,,GLU,0.94268,0.942208,94.251,57.618
catalase_ps,cationic,cationic,A,435,,ASN,0.94082,0.94082,94.112,64.444
catalase_ps,cationic,cationic,B,289,,GLU,0.93965,0.939179,93.948,78.668
catalase_ps,cationic,cationic,A,501,,GLU,0.93475,0.934282,93.458,57.582
catalase_ps,cationic,cationic,A,3,,ASN,0.92656,0.92656,92.685,31.957
catalase_ps,cationic,cationic,A,286,,SER,0.9259,0.9259,92.619,80.439
catalase_ps,cationic,cationic,D,17,,GLN,0.91655,0.91655,91.684,46.148
catalase_ps,cationic,cationic,D,289,,GLU,0.90535,0.904896,90.518,76.965
catalase_ps,cationic,cationic,B,501,,GLU,0.90473,0.904277,90.456,55.753
catalase_ps,cationic,cationic,C,435,,ASN,0.90164,0.90164,90.193,52.758
catalase_ps,cationic,cationic,B,435,,ASN,0.9011,0.9011,90.138,62.824
catalase_ps,cationic,cationic,B,487,,GLU,0.89283,0.892383,89.266,56.089
catalase_ps,cationic,cationic,C,225,,ASP,0.89245,0.892168,89.245,51.992
catalase_ps,cationic,cationic,C,286,,SER,0.89186,0.89186,89.214,88.775
catalase_ps,cationic,cationic,D,247,,GLU,0.88426,0.883817,88.41,63.427
catalase_ps,cationic,cationic,C,272,,ASN,0.87965,0.87965,87.993,64.408
catalase_ps,cationic,cationic,D,227,,GLU,0.8754,0.874961,87.524,69.683
catalase_ps,cationic,cationic,D,435,,ASN,0.86881,0.86881,86.908,58.498
catalase_ps,cationic,cationic,C,306,,ASP,0.86237,0.862097,86.237,29.812
catalase_ps,cationic,cationic,B,395,,ASP,0.8597,0.859428,85.97,37.765
catalase_ps,cationic,cationic,B,306,,ASP,0.85704,0.856769,85.704,29.45
catalase_ps,cationic,cationic,A,289,,GLU,0.85627,0.855841,85.611,77.207
catalase_ps,cationic,cationic,B,225,,ASP,0.85454,0.85427,85.454,51.481
catalase_ps,cationic,cationic,B,286,,SER,0.85311,0.85311,85.338,86.485
catalase_ps,cationic,cationic,A,225,,ASP,0.84271,0.842444,84.271,51.289
catalase_ps,cationic,cationic,D,286,,SER,0.83952,0.83952,83.979,82.63
catalase_ps,cationic,cationic,B,272,,ASN,0.83771,0.83771,83.797,62.885
catalase_ps,cationic,cationic,B,453,,GLU,0.83644,0.836021,83.629,75.034
catalase_ps,cationic,cationic,A,453,,GLU,0.82973,0.829314,82.958,72.258
catalase_ps,cationic,cationic,C,3,,ASN,0.82351,0.82351,82.377,28.403
catalase_ps,cationic,cationic,D,3,,ASN,0.81025,0.81025,81.051,27.946
catalase_ps,cationic,cationic,B,412,,GLU,0.79182,0.791423,79.167,27.296
catalase_ps,cationic,cationic,D,453,,GLU,0.79,0.789604,78.985,72.023
catalase_ps,cationic,cationic,A,306,,ASP,0.77981,0.779563,77.981,26.912
catalase_ps,cationic,cationic,A,272,,ASN,0.76735,0.76735,76.759,61.113
catalase_ps,cationic,cationic,C,17,,GLN,0.76009,0.76009,76.033,40.414
catalase_ps,cationic,cationic,A,497,,ASP,0.75298,0.752742,75.298,64.816
catalase_ps,cationic,cationic,B,3,,ASN,0.7466,0.7466,74.684,25.75
catalase_ps,cationic,cationic,A,490,,SER,0.74083,0.74083,74.106,54.048
catalase_ps,cationic,cationic,A,416,,SER,0.73856,0.73856,73.879,39.119
catalase_ps,cationic,cationic,D,306,,ASP,0.73581,0.735577,73.581,26.808
catalase_ps,cationic,cationic,D,395,,ASP,0.73532,0.735088,73.532,33.557
catalase_ps,cationic,cationic,C,452,,GLU,0.73454,0.734172,73.44,75.016
catalase_ps,cationic,cationic,B,490,,SER,0.73386,0.73386,73.409,70.8
catalase_ps,cationic,cationic,C,497,,ASP,0.73207,0.731839,73.207,54.763
catalase_ps,cationic,cationic,C,490,,SER,0.71906,0.71906,71.929,58.522
catalase_ps,cationic,cationic,C,227,,GLU,0.71691,0.716551,71.678,58.566
catalase_ps,cationic,cationic,D,272,,ASN,0.71365,0.71365,71.388,60.423
catalase_ps,cationic,cationic,A,21,,GLN,0.70962,0.70962,70.984,24.475
catalase_ps,cationic,cationic,B,497,,ASP,0.70974,0.709516,70.974,49.036
catalase_ps,cationic,cationic,B,227,,GLU,0.70939,0.709035,70.926,57.99
catalase_ps,cationic,cationic,A,227,,GLU,0.70736,0.707006,70.723,57.775
catalase_ps,cationic,cationic,C,453,,GLU,0.70635,0.705996,70.622,75.016
catalase_ps,cationic,cationic,D,497,,ASP,0.70391,0.703687,70.391,51.494
catalase_ps,cationic,cationic,B,452,,GLU,0.69077,0.690424,69.064,75.034
catalase_ps,cationic,cationic,B,17,,GLN,0.66477,0.66477,66.498,38.833
catalase_ps,cationic,cationic,C,432,,ASN,0.66174,0.66174,66.195,30.898
catalase_ps,cationic,cationic,A,17,,GLN,0.65902,0.65902,65.923,43.26
catalase_ps,cationic,cationic,D,490,,SER,0.65794,0.65794,65.815,52.79
catalase_ps,cationic,cationic,D,452,,GLU,0.64989,0.649564,64.977,72.023
catalase_ps,cationic,cationic,C,468,,ASP,0.64974,0.649535,64.974,22.403
catalase_ps,cationic,cationic,C,451,,ASN,0.64931,0.64931,64.952,75.016
catalase_ps,cationic,cationic,B,416,,SER,0.64574,0.64574,64.594,30.903
catalase_ps,cationic,cationic,D,468,,ASP,0.64449,0.644286,64.449,22.222
catalase_ps,cationic,cationic,B,451,,ASN,0.64139,0.64139,64.159,75.034
catalase_ps,cationic,cationic,C,89,,ASP,0.63625,0.636049,63.625,41.348
catalase_ps,cationic,cationic,C,412,,GLU,0.63161,0.631294,63.149,21.773
catalase_ps,cationic,cationic,D,432,,ASN,0.63087,0.63087,63.107,29.179
catalase_ps,cationic,cationic,A,452,,GLU,0.62361,0.623298,62.349,72.258
catalase_ps,cationic,cationic,D,451,,ASN,0.62134,0.62134,62.154,72.023
catalase_ps,cationic,cationic,D,412,,GLU,0.62088,0.620569,62.077,21.404
catalase_ps,cationic,cationic,C,483,,ASP,0.61966,0.619464,61.966,33.78
catalase_ps,cationic,cationic,A,444,,THR,0.61721,0.61721,61.741,24.753
catalase_ps,cationic,cationic,B,432,,ASN,0.61717,0.61717,61.737,28.645
catalase_ps,cationic,cationic,D,248,,ASP,0.61557,0.615375,61.557,63.427
catalase_ps,cationic,cationic,A,451,,ASN,0.61512,0.61512,61.531,72.258
catalase_ps,cationic,cationic,C,425,,SER,0.61484,0.61484,61.503,36.915
catalase_ps,cationic,cationic,C,440,,THR,0.61386,0.61386,61.405,26.438
catalase_ps,cationic,cationic,D,21,,GLN,0.61036,0.61036,61.055,21.051
catalase_ps,cationic,cationic,A,248,,ASP,0.60966,0.609467,60.966,65.502
catalase_ps,cationic,cationic,C,416,,SER,0.60822,0.60822,60.841,33.599
catalase_ps,cationic,cationic,D,378,,TYR,0.60793,0.60793,60.812,20.968
catalase_ps,cationic,cationic,A,89,,ASP,0.60734,0.607148,60.734,35.129
catalase_ps,cationic,cationic,B,255,,GLU,0.60686,0.606556,60.675,32.605
catalase_ps,cationic,cationic,C,255,,GLU,0.60652,0.606216,60.641,30.869
catalase_ps,cationic,cationic,B,16,,GLU,0.60382,0.603518,60.371,43.743
catalase_ps,cationic,cationic,D,416,,SER,0.60322,0.60322,60.341,30.9
catalase_ps,cationic,cationic,D,89,,ASP,0.60267,0.602479,60.267,35.014
catalase_ps,cationic,cationic,C,444,,THR,0.59814,0.59814,59.833,25.896
catalase_ps,cationic,cationic,A,16,,GLU,0.59555,0.595252,59.544,38.404
catalase_ps,cationic,cationic,B,444,,THR,0.59296,0.59296,59.315,24.664
catalase_ps,cationic,cationic,D,16,,GLU,0.59094,0.590644,59.083,46.148
catalase_ps,cationic,cationic,D,245,,SER,0.57232,0.57232,57.25,71.447
catalase_ps,cationic,cationic,A,432,,ASN,0.57218,0.57218,57.236,30.332
catalase_ps,cationic,cationic,C,21,,GLN,0.57111,0.57111,57.129,19.698
catalase_ps,cationic,cationic,B,89,,ASP,0.56601,0.565831,56.601,33.839
catalase_ps,cationic,cationic,B,378,,TYR,0.56464,0.56464,56.482,19.475
catalase_ps,cationic,cationic,A,468,,ASP,0.56442,0.564242,56.442,19.461
catalase_ps,cationic,cationic,D,444,,THR,0.56376,0.56376,56.394,23.628
catalase_ps,cationic,cationic,D,255,,GLU,0.56358,0.563298,56.348,29.323
catalase_ps,cationic,cationic,C,91,,THR,0.56277,0.56277,56.295,51.332
catalase_ps,cationic,cationic,A,412,,GLU,0.56099,0.560709,56.089,19.339
catalase_ps,cationic,cationic,C,16,,GLU,0.56011,0.559829,56.001,40.414
catalase_ps,cationic,cationic,C,378,,TYR,0.55664,0.55664,55.682,19.199
catalase_ps,cationic,cationic,C,248,,ASP,0.54925,0.549076,54.925,57.618
catalase_ps,cationic,cationic,D,483,,ASP,0.54676,0.546587,54.676,37.058
catalase_ps,cationic,cationic,A,100,,GLU,0.54557,0.545297,54.547,18.807
catalase_ps,cationic,cationic,A,378,,TYR,0.54379,0.54379,54.396,18.755
catalase_ps,cationic,cationic,B,284,,THR,0.54371,0.54371,54.388,65.028
catalase_ps,cationic,cationic,D,270,,THR,0.54219,0.54219,54.236,51.017
catalase_ps,cationic,cationic,B,248,,ASP,0.54008,0.539909,54.008,60.511
catalase_ps,cationic,cationic,C,284,,THR,0.53902,0.53902,53.919,67.687
catalase_ps,cationic,cationic,B,468,,ASP,0.53626,0.53609,53.626,18.49
catalase_ps,cationic,cationic,A,255,,GLU,0.53552,0.535252,53.542,26.885
catalase_ps,cationic,cationic,A,245,,SER,0.53032,0.53032,53.049,73.784
catalase_ps,cationic,cationic,C,493,,GLN,0.52036,0.52036,52.052,42.748
catalase_ps,cationic,cationic,A,483,,ASP,0.52051,0.520345,52.051,32.431
catalase_ps,cationic,cationic,B,21,,GLN,0.51906,0.51906,51.922,15.893
catalase_ps,cationic,cationic,C,270,,THR,0.51643,0.51643,51.659,56.265
catalase_ps,cationic,cationic,A,273,,TYR,0.50593,0.50593,50.609,58.324
catalase_ps,cationic,cationic,D,427,,ASP,0.50592,0.50576,50.592,34.403
catalase_ps,cationic,cationic,B,270,,THR,0.50129,0.50129,50.145,53.708
catalase_ps,cationic,cationic,A,270,,THR,0.49861,0.49861,49.877,43.663
catalase_ps,cationic,cationic,D,273,,TYR,0.49606,0.49606,49.622,52.404
catalase_ps,cationic,cationic,B,483,,ASP,0.49302,0.492864,49.302,36.592
catalase_ps,cationic,cationic,C,201,,ASP,0.4891,0.488945,48.91,19.524
catalase_ps,cationic,cationic,B,287,,GLU,0.48884,0.488595,48.875,86.485
catalase_ps,cationic,cationic,D,287,,GLU,0.48733,0.487086,48.724,82.63
catalase_ps,cationic,cationic,C,100,,GLU,0.4848,0.484557,48.471,16.712
catalase_ps,cationic,cationic,B,273,,TYR,0.48426,0.48426,48.441,59.661
catalase_ps,cationic,cationic,A,440,,THR,0.48396,0.48396,48.411,20.157
catalase_ps,cationic,cationic,A,460,,GLU,0.48335,0.483108,48.326,21.144
catalase_ps,cationic,cationic,B,425,,SER,0.48276,0.48276,48.291,29.364
catalase_ps,cationic,cationic,B,440,,THR,0.48213,0.48213,48.228,20.841
catalase_ps,cationic,cationic,C,273,,TYR,0.47135,0.47135,47.15,62.213
catalase_ps,cationic,cationic,C,287,,GLU,0.46925,0.469015,46.916,88.775
catalase_ps,cationic,cationic,C,395,,ASP,0.46912,0.468972,46.912,26.785
catalase_ps,cationic,cationic,D,100,,GLU,0.46868,0.468445,46.859,16.157
catalase_ps,cationic,cationic,D,460,,GLU,0.46743,0.467196,46.734,19.152
catalase_ps,cationic,cationic,D,284,,THR,0.46717,0.46717,46.732,61.868
catalase_ps,cationic,cationic,C,499,,TYR,0.46462,0.46462,46.477,89.236
catalase_ps,cationic,cationic,B,460,,GLU,0.46483,0.464597,46.474,18.448
catalase_ps,cationic,cationic,C,487,,GLU,0.45758,0.457351,45.75,40.575
catalase_ps,cationic,cationic,A,287,,GLU,0.45701,0.456781,45.693,80.439
catalase_ps,cationic,cationic,D,425,,SER,0.45545,0.45545,45.559,36.915
catalase_ps,cationic,cationic,C,318,,ASN,0.4528,0.4528,45.294,31.874
catalase_ps,cationic,cationic,B,436,,ASP,0.45227,0.452127,45.227,62.824
catalase_ps,cationic,cationic,A,429,,GLN,0.44956,0.44956,44.97,24.805
catalase_ps,cationic,cationic,B,427,,ASP,0.44769,0.447548,44.769,30.872
catalase_ps,cationic,cationic,D,487,,GLU,0.44493,0.444707,44.485,38.031
catalase_ps,cationic,cationic,B,100,,GLU,0.44196,0.441739,44.188,15.236
catalase_ps,cationic,cationic,C,85,,GLU,0.44082,0.440599,44.074,15.196
catalase_ps,cationic,cationic,C,460,,GLU,0.439,0.43878,43.892,19.709
catalase_ps,cationic,cationic,D,440,,THR,0.43846,0.43846,43.86,19.307
catalase_ps,cationic,cationic,B,245,,SER,0.43686,0.43686,43.7,68.162
catalase_ps,cationic,cationic,A,487,,GLU,0.43515,0.434932,43.507,40.552
catalase_ps,cationic,cationic,D,499,,TYR,0.43308,0.43308,43.322,85.967
catalase_ps,cationic,cationic,D,493,,GLN,0.42793,0.42793,42.807,37.452
catalase_ps,cationic,cationic,B,493,,GLN,0.42652,0.42652,42.665,40.022
catalase_ps,cationic,cationic,B,482,,SER,0.42531,0.42531,42.544,36.592
catalase_ps,cationic,cationic,A,201,,ASP,0.42353,0.423396,42.353,16.821
catalase_ps,cationic,cationic,A,436,,ASP,0.42069,0.420557,42.069,64.444
catalase_ps,cationic,cationic,A,318,,ASN,0.41776,0.41776,41.789,31.858
catalase_ps,cationic,cationic,D,201,,ASP,0.41695,0.416818,41.695,17.393
catalase_ps,cationic,cationic,D,5,,ASP,0.41637,0.416238,41.637,21.55
catalase_ps,cationic,cationic,B,91,,THR,0.41529,0.41529,41.542,43.994
catalase_ps,cationic,cationic,D,91,,THR,0.4127,0.4127,41.283,43.678
catalase_ps,cationic,cationic,B,24,,ASP,0.4121,0.41197,41.21,14.209
catalase_ps,cationic,cationic,A,91,,THR,0.41136,0.41136,41.149,44.643
catalase_ps,cationic,cationic,B,318,,ASN,0.40783,0.40783,40.796,30.768
catalase_ps,cationic,cationic,D,414,,GLN,0.40598,0.40598,40.611,34.808
catalase_ps,cationic,cationic,D,436,,ASP,0.40561,0.405482,40.561,58.498
catalase_ps,cationic,cationic,A,24,,ASP,0.3996,0.399474,39.96,13.778
catalase_ps,cationic,cationic,A,482,,SER,0.39876,0.39876,39.889,36.532
catalase_ps,cationic,cationic,A,414,,GLN,0.39565,0.39565,39.578,39.119
catalase_ps,cationic,cationic,D,409,,SER,0.39528,0.39528,39.54,13.633
catalase_ps,cationic,cationic,A,499,,TYR,0.39249,0.39249,39.261,74.166
catalase_ps,cationic,cationic,C,500,,ASN,0.39133,0.39133,39.145,89.236
catalase_ps,cationic,cationic,A,493,,GLN,0.3913,0.3913,39.142,57.712
catalase_ps,cationic,cationic,C,245,,SER,0.39051,0.39051,39.063,64.903
catalase_ps,cationic,cationic,A,284,,THR,0.38862,0.38862,38.874,61.093
catalase_ps,cationic,cationic,D,419,,GLU,0.38695,0.386756,38.688,13.339
catalase_ps,cationic,cationic,D,85,,GLU,0.37967,0.37948,37.96,13.088
catalase_ps,cationic,cationic,A,279,,TYR,0.37678,0.37678,37.69,12.995
catalase_ps,cationic,cationic,D,482,,SER,0.37483,0.37483,37.495,37.058
catalase_ps,cationic,cationic,B,499,,TYR,0.37457,0.37457,37.469,71.219
catalase_ps,cationic,cationic,A,85,,GLU,0.37019,0.370005,37.012,12.762
catalase_ps,cationic,cationic,C,482,,SER,0.36972,0.36972,36.984,38.052
catalase_ps,cationic,cationic,A,425,,SER,0.36862,0.36862,36.874,29.364
catalase_ps,cationic,cationic,A,138,,GLU,0.368,0.367816,36.793,18.501
catalase_ps,cationic,cationic,B,201,,ASP,0.36762,0.367504,36.762,16.694
catalase_ps,cationic,cationic,C,414,,GLN,0.36594,0.36594,36.606,33.599
catalase_ps,cationic,cationic,A,5,,ASP,0.36521,0.365095,36.521,22.848
catalase_ps,cationic,cationic,B,414,,GLN,0.36355,0.36355,36.366,34.811
catalase_ps,cationic,cationic,C,5,,ASP,0.36321,0.363095,36.321,21.537
catalase_ps,cationic,cationic,C,454,,GLN,0.36055,0.36055,36.066,84.502
catalase_ps,cationic,cationic,D,500,,ASN,0.35624,0.35624,35.635,85.967
catalase_ps,cationic,cationic,C,419,,GLU,0.34968,0.349505,34.962,12.054
catalase_ps,cationic,cationic,D,83,,TYR,0.34804,0.34804,34.815,12.004
catalase_ps,cationic,cationic,B,357,,TYR,0.34626,0.34626,34.637,19.221
catalase_ps,cationic,cationic,A,500,,ASN,0.34274,0.34274,34.285,83.544
catalase_ps,cationic,cationic,B,5,,ASP,0.33972,0.339613,33.972,22.592
catalase_ps,cationic,cationic,B,256,,ASP,0.33888,0.338773,33.888,44.668
catalase_ps,cationic,cationic,C,429,,GLN,0.33793,0.33793,33.804,11.655
catalase_ps,cationic,cationic,B,500,,ASN,0.33765,0.33765,33.776,71.219
catalase_ps,cationic,cationic,D,87,,THR,0.33517,0.33517,33.528,11.56
catalase_ps,cationic,cationic,B,85,,GLU,0.33488,0.334712,33.482,11.544
catalase_ps,cationic,cationic,C,427,,ASP,0.33412,0.334014,33.412,19.731
catalase_ps,cationic,cationic,A,395,,ASP,0.33296,0.332855,33.296,21.755
catalase_ps,cationic,cationic,A,87,,THR,0.33182,0.33182,33.192,11.445
catalase_ps,cationic,cationic,D,279,,TYR,0.32897,0.32897,32.907,11.346
catalase_ps,cationic,cationic,D,238,,ASP,0.32771,0.327606,32.771,24.518
catalase_ps,cationic,cationic,D,388,,ASP,0.32745,0.327346,32.745,13.366
catalase_ps,cationic,cationic,C,238,,ASP,0.32705,0.326947,32.705,27.868
catalase_ps,cationic,cationic,B,437,,ASP,0.32171,0.321608,32.171,64.015
catalase_ps,cationic,cationic,C,87,,THR,0.31928,0.31928,31.938,11.012
catalase_ps,cationic,cationic,C,279,,TYR,0.31827,0.31827,31.837,10.977
catalase_ps,cationic,cationic,C,24,,ASP,0.31695,0.31685,31.695,10.928
catalase_ps,cationic,cationic,B,8,,SER,0.31541,0.31541,31.551,24.583
catalase_ps,cationic,cationic,D,259,,TYR,0.31429,0.31429,31.439,30.984
catalase_ps,cationic,cationic,B,259,,TYR,0.31202,0.31202,31.212,25.908
catalase_ps,cationic,cationic,B,429,,GLN,0.31162,0.31162,31.172,26.184
catalase_ps,cationic,cationic,D,318,,ASN,0.30967,0.30967,30.977,27.79
catalase_ps,cationic,cationic,B,87,,THR,0.3028,0.3028,30.29,10.444
catalase_ps,cationic,cationic,D,429,,GLN,0.30174,0.30174,30.184,27.851
catalase_ps,cationic,cationic,C,275,,SER,0.30083,0.30083,30.093,21.652
catalase_ps,cationic,cationic,A,357,,TYR,0.30071,0.30071,30.081,17.151
catalase_ps,cationic,cationic,C,259,,TYR,0.29945,0.29945,29.954,24.408
catalase_ps,cationic,cationic,A,8,,SER,0.29735,0.29735,29.744,24.658
catalase_ps,cationic,cationic,A,437,,ASP,0.29697,0.296876,29.697,62.518
catalase_ps,cationic,cationic,B,93,,TYR,0.29444,0.29444,29.453,28.55
catalase_ps,cationic,cationic,B,419,,GLU,0.2939,0.293753,29.385,10.132
catalase_ps,cationic,cationic,A,454,,GLN,0.2922,0.2922,29.229,81.395
catalase_ps,cationic,cationic,C,83,,TYR,0.29185,0.29185,29.194,10.066
catalase_ps,cationic,cationic,C,371,,GLN,0.29181,0.29181,29.19,8.935
catalase_ps,cationic,cationic,D,454,,GLN,0.29175,0.29175,29.184,81.13
catalase_ps,cationic,cationic,C,119,,SER,0.29159,0.29159,29.168,37.806
catalase_ps,cationic,cationic,A,259,,TYR,0.2904,0.2904,29.049,26.972
catalase_ps,cationic,cationic,C,93,,TYR,0.28948,0.28948,28.957,32.475
catalase_ps,cationic,cationic,C,256,,ASP,0.28888,0.288789,28.888,40.23
catalase_ps,cationic,cationic,A,419,,GLU,0.28891,0.288765,28.886,9.96
catalase_ps,cationic,cationic,D,256,,ASP,0.28697,0.286879,28.697,42.306
catalase_ps,cationic,cationic,D,138,,GLU,0.28688,0.286736,28.683,15.908
catalase_ps,cationic,cationic,C,357,,TYR,0.28665,0.28665,28.674,17.099
catalase_ps,cationic,cationic,C,138,,GLU,0.28587,0.285727,28.582,16.574
catalase_ps,cationic,cationic,B,147,,ASN,0.28405,0.28405,28.414,19.098
catalase_ps,cationic,cationic,B,454,,GLN,0.28277,0.28277,28.286,84.522
catalase_ps,cationic,cationic,A,409,,SER,0.2819,0.2819,28.199,9.723
catalase_ps,cationic,cationic,B,279,,TYR,0.28149,0.28149,28.158,9.709
catalase_ps,cationic,cationic,A,83,,TYR,0.2801,0.2801,28.019,9.661
catalase_ps,cationic,cationic,D,437,,ASP,0.27856,0.278472,27.856,58.899
catalase_ps,cationic,cationic,C,147,,ASN,0.27836,0.27836,27.845,16.236
catalase_ps,cationic,cationic,D,24,,ASP,0.27821,0.278122,27.821,9.592
catalase_ps,cationic,cationic,A,93,,TYR,0.27586,0.27586,27.595,28.036
catalase_ps,cationic,cationic,D,57,,THR,0.27293,0.27293,27.302,19.283
catalase_ps,cationic,cationic,B,388,,ASP,0.27296,0.272874,27.296,9.411
catalase_ps,cationic,cationic,D,357,,TYR,0.27148,0.27148,27.157,17.052
catalase_ps,cationic,cationic,B,83,,TYR,0.27061,0.27061,27.07,9.333
catalase_ps,cationic,cationic,A,427,,ASP,0.26971,0.269625,26.971,32.222
catalase_ps,cationic,cationic,A,119,,SER,0.26929,0.26929,26.938,34.489
catalase_ps,cationic,cationic,D,147,,ASN,0.26838,0.26838,26.846,16.507
catalase_ps,cationic,cationic,B,138,,GLU,0.26648,0.266347,26.643,14.073
catalase_ps,cationic,cationic,D,119,,SER,0.26482,0.26482,26.49,35.792
catalase_ps,cationic,cationic,A,238,,ASP,0.26472,0.264636,26.472,22.7
catalase_ps,cationic,cationic,B,243,,ASN,0.26441,0.26441,26.449,15.839
catalase_ps,cationic,cationic,C,8,,SER,0.26133,0.26133,26.141,21.537
catalase_ps,cationic,cationic,C,436,,ASP,0.25921,0.259128,25.921,46.81
catalase_ps,cationic,cationic,C,57,,THR,0.25846,0.25846,25.854,16.902
catalase_ps,cationic,cationic,D,371,,GLN,0.25802,0.25802,25.81,7.9
catalase_ps,cationic,cationic,B,119,,SER,0.25721,0.25721,25.729,36.384
catalase_ps,cationic,cationic,A,388,,ASP,0.25196,0.25188,25.196,10.608
catalase_ps,cationic,cationic,C,388,,ASP,0.25196,0.25188,25.196,10.608
catalase_ps,cationic,cationic,D,93,,TYR,0.2512,0.2512,25.128,28.072
catalase_ps,cationic,cationic,C,409,,SER,0.24762,0.24762,24.77,16.793
catalase_ps,cationic,cationic,B,36,,ASP,0.24738,0.247302,24.738,8.529
catalase_ps,cationic,cationic,B,327,,GLU,0.24557,0.245447,24.552,11.176
catalase_ps,cationic,cationic,D,275,,SER,0.24448,0.24448,24.456,19.731
catalase_ps,cationic,cationic,A,266,,ASN,0.24446,0.24446,24.454,14.249
catalase_ps,cationic,cationic,A,256,,ASP,0.24431,0.244233,24.431,38.928
catalase_ps,cationic,cationic,A,58,,ASP,0.24288,0.242803,24.288,18.503
catalase_ps,cationic,cationic,C,172,,GLN,0.24213,0.24213,24.221,11.061
catalase_ps,cationic,cationic,B,57,,THR,0.24198,0.24198,24.206,18.722
catalase_ps,cationic,cationic,A,172,,GLN,0.23975,0.23975,23.983,10.207
catalase_ps,cationic,cationic,C,407,,SER,0.23926,0.23926,23.934,16.793
catalase_ps,cationic,cationic,D,422,,THR,0.23805,0.23805,23.813,19.731
catalase_ps,cationic,cationic,A,147,,ASN,0.23792,0.23792,23.8,15.051
catalase_ps,cationic,cationic,D,397,,GLN,0.23786,0.23786,23.794,33.557
catalase_ps,cationic,cationic,A,397,,GLN,0.23739,0.23739,23.747,21.755
catalase_ps,cationic,cationic,C,397,,GLN,0.23683,0.23683,23.69,26.785
catalase_ps,cationic,cationic,B,397,,GLN,0.23552,0.23552,23.559,37.765
catalase_ps,cationic,cationic,C,266,,ASN,0.23524,0.23524,23.531,32.691
catalase_ps,cationic,cationic,A,275,,SER,0.23229,0.23229,23.236,17.139
catalase_ps,cationic,cationic,D,58,,ASP,0.23047,0.230397,23.047,19.283
catalase_ps,cationic,cationic,B,275,,SER,0.22979,0.22979,22.986,15.174
catalase_ps,cationic,cationic,B,263,,ASP,0.22905,0.228978,22.905,15.423
catalase_ps,cationic,cationic,A,371,,GLN,0.22738,0.22738,22.745,6.962
catalase_ps,cationic,cationic,C,36,,ASP,0.22647,0.226398,22.647,7.809
catalase_ps,cationic,cationic,B,409,,SER,0.22619,0.22619,22.626,12.181
catalase_ps,cationic,cationic,D,172,,GLN,0.2241,0.2241,22.417,9.995
catalase_ps,cationic,cationic,A,407,,SER,0.22404,0.22404,22.411,7.727
catalase_ps,cationic,cationic,B,172,,GLN,0.22364,0.22364,22.371,7.713
catalase_ps,cationic,cationic,D,327,,GLU,0.22364,0.223528,22.36,9.648
catalase_ps,cationic,cationic,D,266,,ASN,0.22334,0.22334,22.341,33.396
catalase_ps,cationic,cationic,D,360,,THR,0.22291,0.22291,22.298,15.138
catalase_ps,cationic,cationic,A,57,,THR,0.22149,0.22149,22.156,18.503
catalase_ps,cationic,cationic,B,266,,ASN,0.2182,0.2182,21.827,32.713
catalase_ps,cationic,cationic,B,58,,ASP,0.2173,0.217231,21.73,18.722
catalase_ps,cationic,cationic,B,422,,THR,0.21505,0.21505,21.512,16.717
catalase_ps,cationic,cationic,B,277,,THR,0.21296,0.21296,21.303,7.345
catalase_ps,cationic,cationic,B,167,,GLN,0.21264,0.21264,21.271,6.511
catalase_ps,cationic,cationic,C,58,,ASP,0.21197,0.211903,21.197,19.039
catalase_ps,cationic,cationic,B,360,,THR,0.21104,0.21104,21.111,17.064
catalase_ps,cationic,cationic,B,118,,GLU,0.21056,0.210455,21.052,31.662
catalase_ps,cationic,cationic,A,277,,THR,0.21037,0.21037,21.044,7.256
catalase_ps,cationic,cationic,C,277,,THR,0.21037,0.21037,21.044,7.256
catalase_ps,cationic,cationic,A,433,,SER,0.21021,0.21021,21.028,73.939
catalase_ps,cationic,cationic,B,238,,ASP,0.21023,0.210164,21.023,20.536
catalase_ps,cationic,cationic,C,360,,THR,0.20911,0.20911,20.918,15.179
catalase_ps,cationic,cationic,B,52,,GLN,0.20909,0.20909,20.916,7.212
catalase_ps,cationic,cationic,D,8,,SER,0.20858,0.20858,20.865,23.411
catalase_ps,cationic,cationic,C,470,,GLN,0.20798,0.20798,20.805,7.173
catalase_ps,cationic,cationic,A,461,,ASN,0.20746,0.20746,20.753,23.113
catalase_ps,cationic,cationic,B,127,,ASP,0.20672,0.206655,20.672,7.128
catalase_ps,cationic,cationic,B,371,,GLN,0.20648,0.20648,20.655,7.879
catalase_ps,cationic,cationic,A,470,,GLN,0.20583,0.20583,20.59,7.099
catalase_ps,cationic,cationic,D,52,,GLN,0.20503,0.20503,20.509,7.072
catalase_ps,cationic,cationic,C,461,,ASN,0.20491,0.20491,20.497,22.071
catalase_ps,cationic,cationic,A,243,,ASN,0.20415,0.20415,20.421,12.698
catalase_ps,cationic,cationic,D,243,,ASN,0.2032,0.2032,20.326,12.461
catalase_ps,cationic,cationic,D,263,,ASP,0.2028,0.202736,20.28,25.535
catalase_ps,cationic,cationic,D,167,,GLN,0.20227,0.20227,20.233,6.976
catalase_ps,cationic,cationic,A,36,,ASP,0.20031,0.200247,20.031,6.907
catalase_ps,cationic,cationic,C,121,,SER,0.19999,0.19999,20.005,27.152
catalase_ps,cationic,cationic,B,294,,ASN,0.19932,0.19932,19.938,6.875
catalase_ps,cationic,cationic,A,52,,GLN,0.19863,0.19863,19.869,6.851
catalase_ps,cationic,cationic,D,294,,ASN,0.1976,0.1976,19.766,6.815
catalase_ps,cationic,cationic,A,360,,THR,0.19657,0.19657,19.663,15.226
catalase_ps,cationic,cationic,C,437,,ASP,0.19648,0.196418,19.648,51.142
catalase_ps,cationic,cationic,C,263,,ASP,0.19622,0.196158,19.622,14.879
catalase_ps,cationic,cationic,C,139,,ASP,0.19489,0.194828,19.489,17.67
catalase_ps,cationic,cationic,B,206,,ASP,0.19489,0.194828,19.489,14.061
catalase_ps,cationic,cationic,C,329,,GLU,0.19268,0.192583,19.264,6.642
catalase_ps,cationic,cationic,D,470,,GLN,0.19238,0.19238,19.244,6.635
catalase_ps,cationic,cationic,D,36,,ASP,0.19173,0.191669,19.173,6.611
catalase_ps,cationic,cationic,A,294,,ASN,0.19095,0.19095,19.101,6.586
catalase_ps,cationic,cationic,C,422,,THR,0.18996,0.18996,19.002,23.996
catalase_ps,cationic,cationic,C,167,,GLN,0.1868,0.1868,18.686,6.443
catalase_ps,cationic,cationic,D,407,,SER,0.18518,0.18518,18.524,6.387
catalase_ps,cationic,cationic,D,121,,SER,0.18367,0.18367,18.373,25.926
catalase_ps,cationic,cationic,B,438,,ASN,0.18119,0.18119,18.125,19.434
catalase_ps,cationic,cationic,C,239,,GLN,0.18021,0.18021,18.027,17.492
catalase_ps,cationic,cationic,A,337,,ASN,0.17929,0.17929,17.935,9.381
catalase_ps,cationic,cationic,B,470,,GLN,0.17852,0.17852,17.858,6.157
catalase_ps,cationic,cationic,A,329,,GLU,0.17626,0.176172,17.623,6.076
catalase_ps,cationic,cationic,D,329,,GLU,0.17626,0.176172,17.623,6.076
catalase_ps,cationic,cationic,D,139,,ASP,0.17456,0.174505,17.456,19.871
catalase_ps,cationic,cationic,C,433,,SER,0.17246,0.17246,17.251,59.869
catalase_ps,cationic,cationic,C,52,,GLN,0.17081,0.17081,17.086,5.891
catalase_ps,cationic,cationic,C,294,,ASN,0.16983,0.16983,16.988,5.857
catalase_ps,cationic,cationic,A,263,,ASP,0.16873,0.168677,16.873,23.951
catalase_ps,cationic,cationic,A,139,,ASP,0.16864,0.168587,16.864,21.407
catalase_ps,cationic,cationic,B,214,,TYR,0.16501,0.16501,16.506,23.211
catalase_ps,cationic,cationic,B,343,,GLU,0.16432,0.164238,16.429,5.665
catalase_ps,cationic,cationic,A,206,,ASP,0.16406,0.164008,16.406,12.698
catalase_ps,cationic,cationic,A,118,,GLU,0.16274,0.162658,16.271,29.064
catalase_ps,cationic,cationic,C,243,,ASN,0.16257,0.16257,16.262,9.431
catalase_ps,cationic,cationic,A,239,,GLN,0.16122,0.16122,16.127,14.688
catalase_ps,cationic,cationic,A,343,,GLU,0.16034,0.16026,16.031,5.527
catalase_ps,cationic,cationic,B,121,,SER,0.15875,0.15875,15.88,28.503
catalase_ps,cationic,cationic,D,461,,ASN,0.15832,0.15832,15.837,21.574
catalase_ps,cationic,cationic,D,206,,ASP,0.15814,0.15809,15.814,12.461
catalase_ps,cationic,cationic,A,167,,GLN,0.15763,0.15763,15.768,5.437
catalase_ps,cationic,cationic,D,118,,GLU,0.15737,0.157291,15.734,30.181
catalase_ps,cationic,cationic,A,28,,THR,0.15633,0.15633,15.638,8.721
catalase_ps,cationic,cationic,B,329,,GLU,0.15636,0.156282,15.633,5.39
catalase_ps,cationic,cationic,B,239,,GLN,0.15547,0.15547,15.552,12.611
catalase_ps,cationic,cationic,D,438,,ASN,0.15493,0.15493,15.498,14.948
catalase_ps,cationic,cationic,A,438,,ASN,0.15439,0.15439,15.444,15.564
catalase_ps,cationic,cationic,D,480,,ASN,0.15302,0.15302,15.307,32.898
catalase_ps,cationic,cationic,C,441,,GLN,0.15267,0.15267,15.272,47.068
catalase_ps,cationic,cationic,C,343,,GLU,0.15187,0.151794,15.184,5.235
catalase_ps,cationic,cationic,C,70,,GLU,0.15042,0.150345,15.039,5.185
catalase_ps,cationic,cationic,D,223,,ASN,0.15,0.15,15.005,78.494
catalase_ps,cationic,cationic,D,343,,GLU,0.14941,0.149335,14.938,5.151
catalase_ps,cationic,cationic,D,337,,ASN,0.14883,0.14883,14.888,8.533
catalase_ps,cationic,cationic,C,337,,ASN,0.14851,0.14851,14.856,7.787
catalase_ps,cationic,cationic,A,327,,GLU,0.14847,0.148396,14.844,7.384
catalase_ps,cationic,cationic,D,214,,TYR,0.14758,0.14758,14.763,19.881
catalase_ps,cationic,cationic,D,277,,THR,0.14705,0.14705,14.71,5.072
catalase_ps,cationic,cationic,B,433,,SER,0.14667,0.14667,14.672,73.018
catalase_ps,cationic,cationic,A,121,,SER,0.14591,0.14591,14.596,26.265
catalase_ps,cationic,cationic,B,28,,THR,0.14513,0.14513,14.518,9.229
catalase_ps,cationic,cationic,C,127,,ASP,0.1444,0.144354,14.44,4.42
catalase_ps,cationic,cationic,B,337,,ASN,0.14358,0.14358,14.363,8.971
catalase_ps,cationic,cationic,D,433,,SER,0.1433,0.1433,14.335,64.921
catalase_ps,cationic,cationic,B,480,,ASN,0.14276,0.14276,14.281,36.592
catalase_ps,cationic,cationic,B,139,,ASP,0.14173,0.141685,14.173,16.583
catalase_ps,cationic,cationic,A,214,,TYR,0.14151,0.14151,14.155,19.783
catalase_ps,cationic,cationic,C,214,,TYR,0.14113,0.14113,14.117,19.992
catalase_ps,cationic,cationic,A,480,,ASN,0.14009,0.14009,14.013,32.431
catalase_ps,cationic,cationic,D,307,,TYR,0.13997,0.13997,14.001,26.808
catalase_ps,cationic,cationic,D,239,,GLN,0.13877,0.13877,13.881,16.085
catalase_ps,cationic,cationic,B,461,,ASN,0.13791,0.13791,13.795,20.781
catalase_ps,cationic,cationic,A,216,,SER,0.1372,0.1372,13.724,9.613
catalase_ps,cationic,cationic,C,118,,GLU,0.13697,0.136901,13.694,30.548
catalase_ps,cationic,cationic,A,422,,THR,0.13593,0.13593,13.597,20.124
catalase_ps,cationic,cationic,B,70,,GLU,0.1345,0.134433,13.448,4.637
catalase_ps,cationic,cationic,B,386,,GLN,0.13415,0.13415,13.419,7.19
catalase_ps,cationic,cationic,D,386,,GLN,0.12978,0.12978,12.982,6.691
catalase_ps,cationic,cationic,A,320,,ASN,0.12976,0.12976,12.98,4.475
catalase_ps,cationic,cationic,C,320,,ASN,0.129,0.129,12.904,4.449
catalase_ps,cationic,cationic,B,407,,SER,0.12698,0.12698,12.702,12.181
catalase_ps,cationic,cationic,A,223,,ASN,0.12566,0.12566,12.57,67.289
catalase_ps,cationic,cationic,C,404,,TYR,0.12563,0.12563,12.567,4.333
catalase_ps,cationic,cationic,C,438,,ASN,0.1256,0.1256,12.564,11.106
catalase_ps,cationic,cationic,A,70,,GLU,0.12553,0.125467,12.551,4.327
catalase_ps,cationic,cationic,D,70,,GLU,0.12553,0.125467,12.551,4.327
catalase_ps,cationic,cationic,C,386,,GLN,0.12353,0.12353,12.357,6.102
catalase_ps,cationic,cationic,D,28,,THR,0.12338,0.12338,12.342,8.862
catalase_ps,cationic,cationic,D,404,,TYR,0.12331,0.12331,12.335,4.253
catalase_ps,cationic,cationic,D,123,,ASP,0.12282,0.122781,12.282,7.492
catalase_ps,cationic,cationic,A,123,,ASP,0.12282,0.122781,12.282,6.95
catalase_ps,cationic,cationic,B,32,,ASN,0.12246,0.12246,12.25,15.248
catalase_ps,cationic,cationic,B,441,,GLN,0.12213,0.12213,12.217,41.292
catalase_ps,cationic,cationic,D,441,,GLN,0.12131,0.12131,12.135,38.751
catalase_ps,cationic,cationic,D,320,,ASN,0.11999,0.11999,12.003,4.138
catalase_ps,cationic,cationic,B,216,,SER,0.11925,0.11925,11.929,9.804
catalase_ps,cationic,cationic,C,28,,THR,0.11811,0.11811,11.815,9.687
catalase_ps,cationic,cationic,B,223,,ASN,0.11805,0.11805,11.809,68.146
catalase_ps,cationic,cationic,B,200,,SER,0.11652,0.11652,11.656,16.694
catalase_ps,cationic,cationic,B,336,,SER,0.11652,0.11652,11.656,8.971
catalase_ps,cationic,cationic,C,480,,ASN,0.11408,0.11408,11.412,33.78
catalase_ps,cationic,cationic,A,127,,ASP,0.11223,0.112195,11.223,3.435
catalase_ps,cationic,cationic,D,127,,ASP,0.11223,0.112195,11.223,3.435
catalase_ps,cationic,cationic,C,307,,TYR,0.11157,0.11157,11.161,29.812
catalase_ps,cationic,cationic,A,402,,ASN,0.11114,0.11114,11.118,3.833
catalase_ps,cationic,cationic,C,206,,ASP,0.1109,0.110865,11.09,9.431
catalase_ps,cationic,cationic,C,216,,SER,0.10891,0.10891,10.894,8.624
catalase_ps,cationic,cationic,A,404,,TYR,0.1082,0.1082,10.823,3.732
catalase_ps,cationic,cationic,B,212,,ASP,0.10574,0.105707,10.574,7.256
catalase_ps,cationic,cationic,B,307,,TYR,0.10506,0.10506,10.509,29.45
catalase_ps,cationic,cationic,B,148,,ASN,0.10466,0.10466,10.469,22.744
catalase_ps,cationic,cationic,A,386,,GLN,0.10399,0.10399,10.402,5.392
catalase_ps,cationic,cationic,B,123,,ASP,0.10116,0.101128,10.116,6.95
catalase_ps,cationic,cationic,A,441,,GLN,0.10048,0.10048,10.051,41.445
catalase_ps,cationic,cationic,B,258,,ASP,0.1004,0.100368,10.04,29.396
catalase_ps,cationic,cationic,A,307,,TYR,0.09938,0.09938,9.941,26.912
catalase_ps,cationic,cationic,D,336,,SER,0.09857,0.09857,9.86,8.533
catalase_ps,cationic,cationic,D,216,,SER,0.09782,0.09782,9.785,8.464
catalase_ps,cationic,cationic,D,39,,ASN,0.09705,0.09705,9.708,23.082
catalase_ps,cationic,cationic,A,32,,ASN,0.09653,0.09653,9.656,15.441
catalase_ps,cationic,cationic,B,320,,ASN,0.09651,0.09651,9.654,3.329
catalase_ps,cationic,cationic,C,474,,GLN,0.09465,0.09465,9.468,3.264
catalase_ps,cationic,cationic,D,258,,ASP,0.09448,0.09445,9.448,28.227
catalase_ps,cationic,cationic,D,402,,ASN,0.09371,0.09371,9.374,3.232
catalase_ps,cationic,cationic,A,336,,SER,0.0927,0.0927,9.273,9.381
catalase_ps,cationic,cationic,C,32,,ASN,0.09148,0.09148,9.151,15.502
catalase_ps,cationic,cationic,C,402,,ASN,0.09076,0.09076,9.079,3.13
catalase_ps,cationic,cationic,C,223,,ASN,0.08932,0.08932,8.935,68.55
catalase_ps,cationic,cationic,A,212,,ASP,0.08924,0.089212,8.924,5.041
catalase_ps,cationic,cationic,D,200,,SER,0.08748,0.08748,8.751,17.393
catalase_ps,cationic,cationic,C,327,,GLU,0.08617,0.086127,8.615,2.971
catalase_ps,cationic,cationic,B,402,,ASN,0.08572,0.08572,8.575,2.957
catalase_ps,cationic,cationic,B,230,,TYR,0.08421,0.08421,8.424,2.904
catalase_ps,cationic,cationic,B,59,,GLU,0.08364,0.083598,8.362,18.722
catalase_ps,cationic,cationic,C,177,,ASP,0.08274,0.082714,8.274,2.853
catalase_ps,cationic,cationic,C,59,,GLU,0.08169,0.081649,8.167,19.039
catalase_ps,cationic,cationic,D,32,,ASN,0.08012,0.08012,8.015,13.749
catalase_ps,cationic,cationic,D,212,,ASP,0.0794,0.079375,7.94,4.898
catalase_ps,cationic,cationic,A,230,,TYR,0.07892,0.07892,7.894,2.722
catalase_ps,cationic,cationic,A,258,,ASP,0.07874,0.078715,7.874,25.389
catalase_ps,cationic,cationic,B,324,,TYR,0.07858,0.07858,7.86,19.527
catalase_ps,cationic,cationic,D,230,,TYR,0.07815,0.07815,7.817,2.695
catalase_ps,cationic,cationic,C,336,,SER,0.07725,0.07725,7.727,7.787
catalase_ps,cationic,cationic,C,200,,SER,0.07714,0.07714,7.716,19.524
catalase_ps,cationic,cationic,C,212,,ASP,0.07616,0.076136,7.616,4.394
catalase_ps,cationic,cationic,B,404,,TYR,0.07439,0.07439,7.441,2.566
catalase_ps,cationic,cationic,B,384,,ASN,0.07431,0.07431,7.433,9.033
catalase_ps,cationic,cationic,D,9,,ASP,0.07349,0.073467,7.349,9.728
catalase_ps,cationic,cationic,A,59,,GLU,0.07221,0.072174,7.22,18.503
catalase_ps,cationic,cationic,A,39,,ASN,0.07184,0.07184,7.186,24.237
catalase_ps,cationic,cationic,C,27,,THR,0.07127,0.07127,7.129,11.492
catalase_ps,cationic,cationic,C,396,,ASN,0.0708,0.0708,7.082,26.785
catalase_ps,cationic,cationic,C,258,,ASP,0.06891,0.068888,6.891,24.408
catalase_ps,cationic,cationic,C,113,,SER,0.06854,0.06854,6.856,2.364
catalase_ps,cationic,cationic,D,474,,GLN,0.06841,0.06841,6.843,2.359
catalase_ps,cationic,cationic,C,39,,ASN,0.06669,0.06669,6.671,23.586
catalase_ps,cationic,cationic,A,177,,ASP,0.06633,0.066309,6.633,2.287
catalase_ps,cationic,cationic,A,324,,TYR,0.06568,0.06568,6.57,15.113
catalase_ps,cationic,cationic,D,136,,TYR,0.06529,0.06529,6.531,2.252
catalase_ps,cationic,cationic,A,200,,SER,0.0643,0.0643,6.432,16.821
catalase_ps,cationic,cationic,D,384,,ASN,0.06423,0.06423,6.425,6.691
catalase_ps,cationic,cationic,D,148,,ASN,0.06264,0.06264,6.266,19.245
catalase_ps,cationic,cationic,C,230,,TYR,0.0626,0.0626,6.262,18.421
catalase_ps,cationic,cationic,B,113,,SER,0.06169,0.06169,6.171,2.128
catalase_ps,cationic,cationic,B,39,,ASN,0.06165,0.06165,6.167,24.95
catalase_ps,cationic,cationic,B,190,,GLU,0.06071,0.06068,6.07,8.342
catalase_ps,cationic,cationic,A,396,,ASN,0.06051,0.06051,6.053,21.755
catalase_ps,cationic,cationic,B,66,,GLU,0.0602,0.06017,6.019,13.366
catalase_ps,cationic,cationic,B,9,,ASP,0.05774,0.057722,5.774,12.869
catalase_ps,cationic,cationic,A,148,,ASN,0.05695,0.05695,5.697,18.128
catalase_ps,cationic,cationic,D,177,,ASP,0.05649,0.056472,5.649,1.948
catalase_ps,cationic,cationic,D,324,,TYR,0.05619,0.05619,5.621,17.917
catalase_ps,cationic,cationic,D,59,,GLU,0.05578,0.055752,5.577,19.283
catalase_ps,cationic,cationic,A,66,,GLU,0.05572,0.055692,5.571,10.608
catalase_ps,cationic,cationic,C,66,,GLU,0.05572,0.055692,5.571,10.608
catalase_ps,cationic,cationic,A,113,,SER,0.05483,0.05483,5.485,1.891
catalase_ps,cationic,cationic,D,113,,SER,0.05483,0.05483,5.485,1.891
catalase_ps,cationic,cationic,D,27,,THR,0.05345,0.05345,5.347,11.425
catalase_ps,cationic,cationic,C,384,,ASN,0.0534,0.0534,5.342,6.102
catalase_ps,cationic,cationic,A,9,,ASP,0.05249,0.052473,5.249,12.065
catalase_ps,cationic,cationic,A,384,,ASN,0.05233,0.05233,5.235,7.85
catalase_ps,cationic,cationic,B,474,,GLN,0.05154,0.05154,5.156,1.778
catalase_ps,cationic,cationic,C,148,,ASN,0.05125,0.05125,5.127,18.862
catalase_ps,cationic,cationic,B,369,,TYR,0.05085,0.05085,5.087,7.879
catalase_ps,cationic,cationic,C,123,,ASP,0.05058,0.050564,5.058,14.448
catalase_ps,hydrophobic,hydrophobic,A,20,,ALA,0.85474,0.85474,100.0,67.884
catalase_ps,hydrophobic,hydrophobic,D,20,,ALA,0.84602,0.84602,98.98,58.403
catalase_ps,hydrophobic,hydrophobic,B,20,,ALA,0.82858,0.82858,96.939,62.372
catalase_ps,hydrophobic,hydrophobic,B,290,,ILE,0.82312,0.82312,96.301,48.508
catalase_ps,hydrophobic,hydrophobic,D,224,,ALA,0.81113,0.81113,94.898,38.95
catalase_ps,hydrophobic,hydrophobic,D,471,,LEU,0.81075,0.81075,94.853,54.155
catalase_ps,hydrophobic,hydrophobic,D,290,,ILE,0.80123,0.80123,93.74,50.137
catalase_ps,hydrophobic,hydrophobic,A,290,,ILE,0.77496,0.77496,90.666,45.866
catalase_ps,hydrophobic,hydrophobic,C,290,,ILE,0.76621,0.76621,89.642,45.864
catalase_ps,hydrophobic,hydrophobic,A,224,,ALA,0.7588,0.7588,88.776,35.524
catalase_ps,hydrophobic,hydrophobic,C,224,,ALA,0.75008,0.75008,87.755,35.375
catalase_ps,hydrophobic,hydrophobic,C,394,,MET,0.74949,0.74949,87.686,44.824
catalase_ps,hydrophobic,hydrophobic,C,20,,ALA,0.74136,0.74136,86.735,54.611
catalase_ps,hydrophobic,hydrophobic,B,224,,ALA,0.73264,0.73264,85.715,35.767
catalase_ps,hydrophobic,hydrophobic,B,471,,LEU,0.71638,0.71638,83.813,48.129
catalase_ps,hydrophobic,hydrophobic,C,471,,LEU,0.7078,0.7078,82.809,51.281
catalase_ps,hydrophobic,hydrophobic,A,19,,ALA,0.70647,0.70647,82.653,75.8
catalase_ps,hydrophobic,hydrophobic,A,486,,PRO,0.70146,0.70146,82.067,30.501
catalase_ps,hydrophobic,hydrophobic,A,471,,LEU,0.69493,0.69493,81.303,48.478
catalase_ps,hydrophobic,hydrophobic,B,486,,PRO,0.68128,0.68128,79.706,29.623
catalase_ps,hydrophobic,hydrophobic,C,486,,PRO,0.67623,0.67623,79.115,29.404
catalase_ps,hydrophobic,hydrophobic,A,415,,PRO,0.66614,0.66614,77.935,37.731
catalase_ps,hydrophobic,hydrophobic,C,415,,PRO,0.65605,0.65605,76.754,45.873
catalase_ps,hydrophobic,hydrophobic,D,292,,PRO,0.651,0.651,76.164,52.693
catalase_ps,hydrophobic,hydrophobic,D,486,,PRO,0.64091,0.64091,74.983,27.868
catalase_ps,hydrophobic,hydrophobic,C,246,,VAL,0.6401,0.6401,74.888,56.65
catalase_ps,hydrophobic,hydrophobic,B,246,,VAL,0.62952,0.62952,73.65,34.537
catalase_ps,hydrophobic,hydrophobic,B,308,,PRO,0.61567,0.61567,72.03,40.367
catalase_ps,hydrophobic,hydrophobic,D,308,,PRO,0.61567,0.61567,72.03,39.896
catalase_ps,hydrophobic,hydrophobic,B,45,,PRO,0.59549,0.59549,69.669,39.846
catalase_ps,hydrophobic,hydrophobic,B,449,,VAL,0.59249,0.59249,69.318,42.669
catalase_ps,hydrophobic,hydrophobic,B,125,,VAL,0.59249,0.59249,69.318,32.505
catalase_ps,hydrophobic,hydrophobic,C,322,,VAL,0.59249,0.59249,69.318,25.762
catalase_ps,hydrophobic,hydrophobic,A,246,,VAL,0.5872,0.5872,68.699,32.215
catalase_ps,hydrophobic,hydrophobic,C,45,,PRO,0.58539,0.58539,68.487,37.994
catalase_ps,hydrophobic,hydrophobic,B,494,,ALA,0.58436,0.58436,68.367,37.906
catalase_ps,hydrophobic,hydrophobic,C,494,,ALA,0.58436,0.58436,68.367,35.668
catalase_ps,hydrophobic,hydrophobic,A,494,,ALA,0.58436,0.58436,68.367,33.803
catalase_ps,hydrophobic,hydrophobic,A,394,,MET,0.58365,0.58365,68.284,36.137
catalase_ps,hydrophobic,hydrophobic,A,449,,VAL,0.57662,0.57662,67.461,44.695
catalase_ps,hydrophobic,hydrophobic,C,449,,VAL,0.57662,0.57662,67.461,44.26
catalase_ps,hydrophobic,hydrophobic,D,494,,ALA,0.57564,0.57564,67.347,40.324
catalase_ps,hydrophobic,hydrophobic,A,308,,PRO,0.5753,0.5753,67.307,39.093
catalase_ps,hydrophobic,hydrophobic,A,292,,PRO,0.56016,0.56016,65.536,41.04
catalase_ps,hydrophobic,hydrophobic,C,308,,PRO,0.56016,0.56016,65.536,36.615
catalase_ps,hydrophobic,hydrophobic,B,322,,VAL,0.55017,0.55017,64.367,30.184
catalase_ps,hydrophobic,hydrophobic,D,415,,PRO,0.55007,0.55007,64.355,43.167
catalase_ps,hydrophobic,hydrophobic,D,449,,VAL,0.54488,0.54488,63.748,41.641
catalase_ps,hydrophobic,hydrophobic,D,322,,VAL,0.54488,0.54488,63.748,29.381
catalase_ps,hydrophobic,hydrophobic,D,45,,PRO,0.53998,0.53998,63.175,36.311
catalase_ps,hydrophobic,hydrophobic,A,45,,PRO,0.52988,0.52988,61.993,34.381
catalase_ps,hydrophobic,hydrophobic,D,394,,MET,0.52454,0.52454,61.368,31.805
catalase_ps,hydrophobic,hydrophobic,D,246,,VAL,0.52372,0.52372,61.272,50.265
catalase_ps,hydrophobic,hydrophobic,B,292,,PRO,0.51979,0.51979,60.813,40.038
catalase_ps,hydrophobic,hydrophobic,C,19,,ALA,0.51459,0.51459,60.204,68.832
catalase_ps,hydrophobic,hydrophobic,A,102,,ILE,0.50789,0.50789,59.42,22.084
catalase_ps,hydrophobic,hydrophobic,C,447,,LEU,0.4976,0.4976,58.217,39.925
catalase_ps,hydrophobic,hydrophobic,A,322,,VAL,0.49727,0.49727,58.178,21.622
catalase_ps,hydrophobic,hydrophobic,D,19,,ALA,0.49715,0.49715,58.164,67.695
catalase_ps,hydrophobic,hydrophobic,B,394,,MET,0.49233,0.49233,57.6,31.467
catalase_ps,hydrophobic,hydrophobic,C,102,,ILE,0.48599,0.48599,56.858,21.132
catalase_ps,hydrophobic,hydrophobic,B,19,,ALA,0.4797,0.4797,56.122,56.886
catalase_ps,hydrophobic,hydrophobic,D,102,,ILE,0.47286,0.47286,55.322,20.561
catalase_ps,hydrophobic,hydrophobic,C,472,,PHE,0.47156,0.47156,55.17,51.281
catalase_ps,hydrophobic,hydrophobic,C,25,,VAL,0.47082,0.47082,55.083,29.706
catalase_ps,hydrophobic,hydrophobic,B,415,,PRO,0.46428,0.46428,54.318,36.788
catalase_ps,hydrophobic,hydrophobic,B,303,,PRO,0.44914,0.44914,52.547,24.641
catalase_ps,hydrophobic,hydrophobic,D,447,,LEU,0.44613,0.44613,52.195,36.223
catalase_ps,hydrophobic,hydrophobic,C,125,,VAL,0.43908,0.43908,51.37,28.653
catalase_ps,hydrophobic,hydrophobic,D,301,,VAL,0.43908,0.43908,51.37,24.089
catalase_ps,hydrophobic,hydrophobic,A,250,,ALA,0.43609,0.43609,51.02,38.163
catalase_ps,hydrophobic,hydrophobic,D,472,,PHE,0.43472,0.43472,50.86,54.155
catalase_ps,hydrophobic,hydrophobic,D,25,,VAL,0.43379,0.43379,50.751,27.952
catalase_ps,hydrophobic,hydrophobic,A,125,,VAL,0.43379,0.43379,50.751,27.162
catalase_ps,hydrophobic,hydrophobic,C,292,,PRO,0.42895,0.42895,50.185,36.469
catalase_ps,hydrophobic,hydrophobic,A,25,,VAL,0.4285,0.4285,50.132,29.046
catalase_ps,hydrophobic,hydrophobic,B,25,,VAL,0.4285,0.4285,50.132,28.769
catalase_ps,hydrophobic,hydrophobic,D,125,,VAL,0.4285,0.4285,50.132,23.509
catalase_ps,hydrophobic,hydrophobic,A,472,,PHE,0.41998,0.41998,49.135,48.478
catalase_ps,hydrophobic,hydrophobic,B,250,,ALA,0.40993,0.40993,47.96,41.277
catalase_ps,hydrophobic,hydrophobic,C,311,,PRO,0.40877,0.40877,47.824,35.002
catalase_ps,hydrophobic,hydrophobic,D,373,,PRO,0.40877,0.40877,47.824,22.426
catalase_ps,hydrophobic,hydrophobic,A,301,,VAL,0.40734,0.40734,47.657,22.348
catalase_ps,hydrophobic,hydrophobic,C,418,,LEU,0.39894,0.39894,46.674,53.114
catalase_ps,hydrophobic,hydrophobic,A,447,,LEU,0.39894,0.39894,46.674,34.947
catalase_ps,hydrophobic,hydrophobic,B,257,,PRO,0.39363,0.39363,46.053,41.866
catalase_ps,hydrophobic,hydrophobic,C,303,,PRO,0.39363,0.39363,46.053,21.596
catalase_ps,hydrophobic,hydrophobic,D,303,,PRO,0.39363,0.39363,46.053,21.596
catalase_ps,hydrophobic,hydrophobic,C,250,,ALA,0.39248,0.39248,45.918,75.399
catalase_ps,hydrophobic,hydrophobic,D,250,,ALA,0.39248,0.39248,45.918,65.711
catalase_ps,hydrophobic,hydrophobic,B,472,,PHE,0.39051,0.39051,45.688,48.129
catalase_ps,hydrophobic,hydrophobic,D,418,,LEU,0.39036,0.39036,45.67,51.505
catalase_ps,hydrophobic,hydrophobic,B,102,,ILE,0.38529,0.38529,45.077,16.753
catalase_ps,hydrophobic,hydrophobic,A,373,,PRO,0.38353,0.38353,44.871,23.944
catalase_ps,hydrophobic,hydrophobic,B,418,,LEU,0.38178,0.38178,44.666,39.64
catalase_ps,hydrophobic,hydrophobic,A,303,,PRO,0.37849,0.37849,44.281,20.765
catalase_ps,hydrophobic,hydrophobic,D,310,,ILE,0.37216,0.37216,43.541,44.256
catalase_ps,hydrophobic,hydrophobic,C,373,,PRO,0.36839,0.36839,43.1,25.435
catalase_ps,hydrophobic,hydrophobic,B,373,,PRO,0.36839,0.36839,43.1,20.211
catalase_ps,hydrophobic,hydrophobic,B,241,,ILE,0.36778,0.36778,43.028,15.992
catalase_ps,hydrophobic,hydrophobic,A,257,,PRO,0.36335,0.36335,42.51,35.725
catalase_ps,hydrophobic,hydrophobic,D,257,,PRO,0.3583,0.3583,41.919,36.886
catalase_ps,hydrophobic,hydrophobic,B,311,,PRO,0.3583,0.3583,41.919,35.842
catalase_ps,hydrophobic,hydrophobic,C,301,,VAL,0.35444,0.35444,41.468,19.445
catalase_ps,hydrophobic,hydrophobic,D,495,,LEU,0.35175,0.35175,41.153,40.324
catalase_ps,hydrophobic,hydrophobic,B,447,,LEU,0.35175,0.35175,41.153,24.755
catalase_ps,hydrophobic,hydrophobic,B,285,,PHE,0.3463,0.3463,40.515,22.348
catalase_ps,hydrophobic,hydrophobic,B,310,,ILE,0.34589,0.34589,40.467,45.223
catalase_ps,hydrophobic,hydrophobic,C,257,,PRO,0.34316,0.34316,40.148,37.01
catalase_ps,hydrophobic,hydrophobic,D,285,,PHE,0.3242,0.3242,37.93,21.136
catalase_ps,hydrophobic,hydrophobic,D,311,,PRO,0.32298,0.32298,37.787,35.075
catalase_ps,hydrophobic,hydrophobic,A,311,,PRO,0.32298,0.32298,37.787,33.91
catalase_ps,hydrophobic,hydrophobic,C,54,,VAL,0.3227,0.3227,37.754,23.799
catalase_ps,hydrophobic,hydrophobic,A,439,,VAL,0.3227,0.3227,37.754,17.704
catalase_ps,hydrophobic,hydrophobic,C,285,,PHE,0.32051,0.32051,37.498,21.412
catalase_ps,hydrophobic,hydrophobic,A,310,,ILE,0.31962,0.31962,37.394,42.786
catalase_ps,hydrophobic,hydrophobic,C,241,,ILE,0.31962,0.31962,37.394,13.898
catalase_ps,hydrophobic,hydrophobic,D,189,,PRO,0.31288,0.31288,36.605,20.46
catalase_ps,hydrophobic,hydrophobic,D,54,,VAL,0.31212,0.31212,36.516,24.669
catalase_ps,hydrophobic,hydrophobic,B,301,,VAL,0.31212,0.31212,36.516,17.124
catalase_ps,hydrophobic,hydrophobic,B,189,,PRO,0.30279,0.30279,35.425,19.671
catalase_ps,hydrophobic,hydrophobic,A,285,,PHE,0.30209,0.30209,35.343,21.08
catalase_ps,hydrophobic,hydrophobic,B,54,,VAL,0.30154,0.30154,35.279,25.25
catalase_ps,hydrophobic,hydrophobic,A,54,,VAL,0.29625,0.29625,34.66,24.379
catalase_ps,hydrophobic,hydrophobic,D,382,,VAL,0.29625,0.29625,34.66,19.602
catalase_ps,hydrophobic,hydrophobic,B,439,,VAL,0.29096,0.29096,34.041,15.963
catalase_ps,hydrophobic,hydrophobic,C,310,,ILE,0.28897,0.28897,33.808,44.163
catalase_ps,hydrophobic,hydrophobic,A,241,,ILE,0.28897,0.28897,33.808,12.565
catalase_ps,hydrophobic,hydrophobic,A,6,,PRO,0.28765,0.28765,33.654,15.781
catalase_ps,hydrophobic,hydrophobic,B,495,,LEU,0.28741,0.28741,33.625,37.906
catalase_ps,hydrophobic,hydrophobic,C,382,,VAL,0.28567,0.28567,33.422,20.458
catalase_ps,hydrophobic,hydrophobic,C,439,,VAL,0.28567,0.28567,33.422,15.673
catalase_ps,hydrophobic,hydrophobic,C,189,,PRO,0.27756,0.27756,32.473,18.993
catalase_ps,hydrophobic,hydrophobic,B,6,,PRO,0.27251,0.27251,31.882,14.951
catalase_ps,hydrophobic,hydrophobic,D,439,,VAL,0.26451,0.26451,30.946,14.512
catalase_ps,hydrophobic,hydrophobic,A,189,,PRO,0.26242,0.26242,30.702,17.221
catalase_ps,hydrophobic,hydrophobic,B,38,,LEU,0.26167,0.26167,30.614,14.356
catalase_ps,hydrophobic,hydrophobic,B,382,,VAL,0.25922,0.25922,30.327,19.485
catalase_ps,hydrophobic,hydrophobic,D,241,,ILE,0.25832,0.25832,30.222,11.232
catalase_ps,hydrophobic,hydrophobic,D,293,,PHE,0.25788,0.25788,30.171,52.693
catalase_ps,hydrophobic,hydrophobic,C,107,,PRO,0.25737,0.25737,30.111,14.12
catalase_ps,hydrophobic,hydrophobic,C,6,,PRO,0.25737,0.25737,30.111,14.12
catalase_ps,hydrophobic,hydrophobic,D,6,,PRO,0.25737,0.25737,30.111,14.12
catalase_ps,hydrophobic,hydrophobic,A,382,,VAL,0.25393,0.25393,29.708,17.759
catalase_ps,hydrophobic,hydrophobic,C,434,,ALA,0.25293,0.25293,29.591,13.876
catalase_ps,hydrophobic,hydrophobic,A,107,,PRO,0.24728,0.24728,28.93,13.566
catalase_ps,hydrophobic,hydrophobic,C,431,,PHE,0.24683,0.24683,28.878,39.846
catalase_ps,hydrophobic,hydrophobic,C,160,,PHE,0.24683,0.24683,28.878,13.542
catalase_ps,hydrophobic,hydrophobic,C,495,,LEU,0.23593,0.23593,27.603,35.668
catalase_ps,hydrophobic,hydrophobic,C,293,,PHE,0.23578,0.23578,27.585,33.389
catalase_ps,hydrophobic,hydrophobic,A,160,,PHE,0.23209,0.23209,27.153,17.997
catalase_ps,hydrophobic,hydrophobic,A,23,,PRO,0.22709,0.22709,26.568,17.996
catalase_ps,hydrophobic,hydrophobic,A,178,,PRO,0.22709,0.22709,26.568,14.245
catalase_ps,hydrophobic,hydrophobic,B,107,,PRO,0.22709,0.22709,26.568,12.459
catalase_ps,hydrophobic,hydrophobic,B,122,,ALA,0.22677,0.22677,26.531,45.999
catalase_ps,hydrophobic,hydrophobic,D,187,,LEU,0.22306,0.22306,26.097,12.238
catalase_ps,hydrophobic,hydrophobic,D,178,,PRO,0.22205,0.22205,25.979,14.715
catalase_ps,hydrophobic,hydrophobic,C,178,,PRO,0.22205,0.22205,25.979,14.255
catalase_ps,hydrophobic,hydrophobic,A,431,,PHE,0.22104,0.22104,25.86,38.922
catalase_ps,hydrophobic,hydrophobic,D,370,,LEU,0.21877,0.21877,25.595,12.002
catalase_ps,hydrophobic,hydrophobic,B,253,,ALA,0.21805,0.21805,25.511,75.314
catalase_ps,hydrophobic,hydrophobic,D,434,,ALA,0.21805,0.21805,25.511,11.963
catalase_ps,hydrophobic,hydrophobic,B,197,,PHE,0.21736,0.21736,25.43,20.137
catalase_ps,hydrophobic,hydrophobic,A,150,,PRO,0.217,0.217,25.388,11.905
catalase_ps,hydrophobic,hydrophobic,A,38,,LEU,0.21448,0.21448,25.093,11.767
catalase_ps,hydrophobic,hydrophobic,B,370,,LEU,0.21448,0.21448,25.093,11.767
catalase_ps,hydrophobic,hydrophobic,D,14,,TRP,0.2137,0.2137,25.002,11.724
catalase_ps,hydrophobic,hydrophobic,B,160,,PHE,0.21367,0.21367,24.998,14.593
catalase_ps,hydrophobic,hydrophobic,B,390,,PRO,0.21195,0.21195,24.797,14.599
catalase_ps,hydrophobic,hydrophobic,D,150,,PRO,0.21195,0.21195,24.797,11.628
catalase_ps,hydrophobic,hydrophobic,D,405,,PRO,0.21195,0.21195,24.797,11.628
catalase_ps,hydrophobic,hydrophobic,B,115,,VAL,0.2116,0.2116,24.756,25.564
catalase_ps,hydrophobic,hydrophobic,B,293,,PHE,0.20999,0.20999,24.568,40.038
catalase_ps,hydrophobic,hydrophobic,C,197,,PHE,0.20999,0.20999,24.568,15.051
catalase_ps,hydrophobic,hydrophobic,A,434,,ALA,0.20932,0.20932,24.489,11.484
catalase_ps,hydrophobic,hydrophobic,B,424,,PHE,0.20631,0.20631,24.137,11.319
catalase_ps,hydrophobic,hydrophobic,C,316,,VAL,0.20631,0.20631,24.137,11.319
catalase_ps,hydrophobic,hydrophobic,C,187,,LEU,0.2059,0.2059,24.089,11.296
catalase_ps,hydrophobic,hydrophobic,D,431,,PHE,0.20262,0.20262,23.705,37.924
catalase_ps,hydrophobic,hydrophobic,D,160,,PHE,0.20262,0.20262,23.705,18.731
catalase_ps,hydrophobic,hydrophobic,D,390,,PRO,0.20186,0.20186,23.617,14.06
catalase_ps,hydrophobic,hydrophobic,D,107,,PRO,0.20186,0.20186,23.617,11.075
catalase_ps,hydrophobic,hydrophobic,A,418,,LEU,0.20161,0.20161,23.587,42.12
catalase_ps,hydrophobic,hydrophobic,B,187,,LEU,0.20161,0.20161,23.587,11.061
catalase_ps,hydrophobic,hydrophobic,C,370,,LEU,0.20161,0.20161,23.587,11.061
catalase_ps,hydrophobic,hydrophobic,B,316,,VAL,0.20102,0.20102,23.518,11.028
catalase_ps,hydrophobic,hydrophobic,A,390,,PRO,0.19681,0.19681,23.026,10.797
catalase_ps,hydrophobic,hydrophobic,C,150,,PRO,0.19681,0.19681,23.026,10.797
catalase_ps,hydrophobic,hydrophobic,C,424,,PHE,0.19525,0.19525,22.843,10.712
catalase_ps,hydrophobic,hydrophobic,A,495,,LEU,0.19304,0.19304,22.585,33.803
catalase_ps,hydrophobic,hydrophobic,A,370,,LEU,0.19304,0.19304,22.585,10.591
catalase_ps,hydrophobic,hydrophobic,B,434,,ALA,0.19188,0.19188,22.449,10.527
catalase_ps,hydrophobic,hydrophobic,A,405,,PRO,0.19177,0.19177,22.436,10.521
catalase_ps,hydrophobic,hydrophobic,C,14,,TRP,0.1908,0.1908,22.323,10.468
catalase_ps,hydrophobic,hydrophobic,A,187,,LEU,0.18875,0.18875,22.083,10.355
catalase_ps,hydrophobic,hydrophobic,C,38,,LEU,0.18875,0.18875,22.083,10.355
catalase_ps,hydrophobic,hydrophobic,D,38,,LEU,0.18875,0.18875,22.083,10.355
catalase_ps,hydrophobic,hydrophobic,B,431,,PHE,0.18789,0.18789,21.982,41.724
catalase_ps,hydrophobic,hydrophobic,A,293,,PHE,0.18789,0.18789,21.982,41.04
catalase_ps,hydrophobic,hydrophobic,B,152,,PHE,0.18789,0.18789,21.982,13.138
catalase_ps,hydrophobic,hydrophobic,B,178,,PRO,0.18672,0.18672,21.845,12.489
catalase_ps,hydrophobic,hydrophobic,C,405,,PRO,0.18672,0.18672,21.845,10.244
catalase_ps,hydrophobic,hydrophobic,A,14,,TRP,0.18205,0.18205,21.299,9.988
catalase_ps,hydrophobic,hydrophobic,B,405,,PRO,0.18167,0.18167,21.254,9.967
catalase_ps,hydrophobic,hydrophobic,D,424,,PHE,0.18052,0.18052,21.12,9.904
catalase_ps,hydrophobic,hydrophobic,D,115,,VAL,0.17986,0.17986,21.043,19.942
catalase_ps,hydrophobic,hydrophobic,B,14,,TRP,0.17799,0.17799,20.824,9.765
catalase_ps,hydrophobic,hydrophobic,D,197,,PHE,0.17683,0.17683,20.688,16.465
catalase_ps,hydrophobic,hydrophobic,C,390,,PRO,0.17663,0.17663,20.665,12.662
catalase_ps,hydrophobic,hydrophobic,C,115,,VAL,0.17457,0.17457,20.424,19.715
catalase_ps,hydrophobic,hydrophobic,D,316,,VAL,0.17457,0.17457,20.424,9.577
catalase_ps,hydrophobic,hydrophobic,C,253,,ALA,0.17444,0.17444,20.409,67.721
catalase_ps,hydrophobic,hydrophobic,C,152,,PHE,0.17315,0.17315,20.258,9.499
catalase_ps,hydrophobic,hydrophobic,B,150,,PRO,0.17158,0.17158,20.074,9.413
catalase_ps,hydrophobic,hydrophobic,A,197,,PHE,0.16947,0.16947,19.827,16.499
catalase_ps,hydrophobic,hydrophobic,A,316,,VAL,0.16928,0.16928,19.805,9.287
catalase_ps,hydrophobic,hydrophobic,C,252,,LEU,0.1673,0.1673,19.573,40.281
catalase_ps,hydrophobic,hydrophobic,C,445,,PHE,0.16578,0.16578,19.395,65.846
catalase_ps,hydrophobic,hydrophobic,A,424,,PHE,0.16578,0.16578,19.395,9.095
catalase_ps,hydrophobic,hydrophobic,D,253,,ALA,0.16572,0.16572,19.388,65.248
catalase_ps,hydrophobic,hydrophobic,C,356,,ALA,0.16572,0.16572,19.388,15.358
catalase_ps,hydrophobic,hydrophobic,D,400,,ALA,0.16572,0.16572,19.388,9.092
catalase_ps,hydrophobic,hydrophobic,B,81,,PHE,0.1621,0.1621,18.965,8.893
catalase_ps,hydrophobic,hydrophobic,D,367,,PRO,0.16149,0.16149,18.893,8.86
catalase_ps,hydrophobic,hydrophobic,B,55,,VAL,0.1587,0.1587,18.567,22.4
catalase_ps,hydrophobic,hydrophobic,A,115,,VAL,0.1587,0.1587,18.567,19.098
catalase_ps,hydrophobic,hydrophobic,D,122,,ALA,0.15699,0.15699,18.367,37.362
catalase_ps,hydrophobic,hydrophobic,C,122,,ALA,0.15699,0.15699,18.367,37.01
catalase_ps,hydrophobic,hydrophobic,A,122,,ALA,0.15699,0.15699,18.367,35.725
catalase_ps,hydrophobic,hydrophobic,C,325,,PHE,0.15473,0.15473,18.103,6.728
catalase_ps,hydrophobic,hydrophobic,D,152,,PHE,0.15105,0.15105,17.672,8.287
catalase_ps,hydrophobic,hydrophobic,D,325,,PHE,0.15105,0.15105,17.672,6.568
catalase_ps,hydrophobic,hydrophobic,A,116,,ALA,0.14827,0.14827,17.347,16.841
catalase_ps,hydrophobic,hydrophobic,B,356,,ALA,0.14827,0.14827,17.347,16.578
catalase_ps,hydrophobic,hydrophobic,A,356,,ALA,0.14827,0.14827,17.347,15.369
catalase_ps,hydrophobic,hydrophobic,A,400,,ALA,0.14827,0.14827,17.347,8.134
catalase_ps,hydrophobic,hydrophobic,A,55,,VAL,0.14812,0.14812,17.329,22.047
catalase_ps,hydrophobic,hydrophobic,C,145,,VAL,0.14812,0.14812,17.329,15.304
catalase_ps,hydrophobic,hydrophobic,A,152,,PHE,0.14736,0.14736,17.24,8.085
catalase_ps,hydrophobic,hydrophobic,C,344,,PRO,0.14635,0.14635,17.122,14.063
catalase_ps,hydrophobic,hydrophobic,A,445,,PHE,0.14368,0.14368,16.81,60.139
catalase_ps,hydrophobic,hydrophobic,D,356,,ALA,0.13955,0.13955,16.327,17.168
catalase_ps,hydrophobic,hydrophobic,D,132,,ALA,0.13955,0.13955,16.327,14.932
catalase_ps,hydrophobic,hydrophobic,A,132,,ALA,0.13955,0.13955,16.327,14.041
catalase_ps,hydrophobic,hydrophobic,D,269,,ALA,0.13955,0.13955,16.327,13.719
catalase_ps,hydrophobic,hydrophobic,D,55,,VAL,0.13754,0.13754,16.091,21.86
catalase_ps,hydrophobic,hydrophobic,D,145,,VAL,0.13754,0.13754,16.091,14.932
catalase_ps,hydrophobic,hydrophobic,D,229,,VAL,0.13754,0.13754,16.091,7.546
catalase_ps,hydrophobic,hydrophobic,A,309,,LEU,0.13727,0.13727,16.06,56.628
catalase_ps,hydrophobic,hydrophobic,A,265,,PHE,0.13631,0.13631,15.948,14.178
catalase_ps,hydrophobic,hydrophobic,C,23,,PRO,0.13626,0.13626,15.942,11.352
catalase_ps,hydrophobic,hydrophobic,C,367,,PRO,0.13626,0.13626,15.942,7.476
catalase_ps,hydrophobic,hydrophobic,D,445,,PHE,0.13263,0.13263,15.517,60.09
catalase_ps,hydrophobic,hydrophobic,C,265,,PHE,0.13263,0.13263,15.517,12.54
catalase_ps,hydrophobic,hydrophobic,B,73,,VAL,0.13225,0.13225,15.473,23.251
catalase_ps,hydrophobic,hydrophobic,A,73,,VAL,0.13225,0.13225,15.473,21.476
catalase_ps,hydrophobic,hydrophobic,D,478,,VAL,0.13225,0.13225,15.473,5.75
catalase_ps,hydrophobic,hydrophobic,D,344,,PRO,0.13121,0.13121,15.351,12.454
catalase_ps,hydrophobic,hydrophobic,A,367,,PRO,0.13121,0.13121,15.351,7.199
catalase_ps,hydrophobic,hydrophobic,B,367,,PRO,0.13121,0.13121,15.351,7.199
catalase_ps,hydrophobic,hydrophobic,A,253,,ALA,0.13083,0.13083,15.306,66.71
catalase_ps,hydrophobic,hydrophobic,C,132,,ALA,0.13083,0.13083,15.306,15.304
catalase_ps,hydrophobic,hydrophobic,B,400,,ALA,0.13083,0.13083,15.306,7.178
catalase_ps,hydrophobic,hydrophobic,C,400,,ALA,0.13083,0.13083,15.306,7.178
catalase_ps,hydrophobic,hydrophobic,B,265,,PHE,0.12894,0.12894,15.085,7.074
catalase_ps,hydrophobic,hydrophobic,A,252,,LEU,0.12869,0.12869,15.056,38.163
catalase_ps,hydrophobic,hydrophobic,C,73,,VAL,0.12696,0.12696,14.854,20.136
catalase_ps,hydrophobic,hydrophobic,B,145,,VAL,0.12696,0.12696,14.854,16.489
catalase_ps,hydrophobic,hydrophobic,A,478,,VAL,0.12696,0.12696,14.854,5.52
catalase_ps,hydrophobic,hydrophobic,C,478,,VAL,0.12696,0.12696,14.854,5.52
catalase_ps,hydrophobic,hydrophobic,B,23,,PRO,0.12616,0.12616,14.76,12.182
catalase_ps,hydrophobic,hydrophobic,B,296,,PHE,0.12526,0.12526,14.655,6.872
catalase_ps,hydrophobic,hydrophobic,A,325,,PHE,0.12526,0.12526,14.655,5.447
catalase_ps,hydrophobic,hydrophobic,B,252,,LEU,0.1244,0.1244,14.554,41.277
catalase_ps,hydrophobic,hydrophobic,B,116,,ALA,0.12211,0.12211,14.286,23.251
catalase_ps,hydrophobic,hydrophobic,B,132,,ALA,0.12211,0.12211,14.286,16.489
catalase_ps,hydrophobic,hydrophobic,A,269,,ALA,0.12211,0.12211,14.286,14.178
catalase_ps,hydrophobic,hydrophobic,B,269,,ALA,0.12211,0.12211,14.286,6.699
catalase_ps,hydrophobic,hydrophobic,A,229,,VAL,0.12167,0.12167,14.235,23.249
catalase_ps,hydrophobic,hydrophobic,C,51,,VAL,0.12167,0.12167,14.235,11.609
catalase_ps,hydrophobic,hydrophobic,C,229,,VAL,0.12167,0.12167,14.235,6.675
catalase_ps,hydrophobic,hydrophobic,C,219,,PHE,0.12157,0.12157,14.223,14.699
catalase_ps,hydrophobic,hydrophobic,C,69,,PRO,0.12112,0.12112,14.17,13.013
catalase_ps,hydrophobic,hydrophobic,B,309,,LEU,0.12011,0.12011,14.052,59.343
catalase_ps,hydrophobic,hydrophobic,D,181,,VAL,0.11638,0.11638,13.616,16.958
catalase_ps,hydrophobic,hydrophobic,A,145,,VAL,0.11638,0.11638,13.616,16.527
catalase_ps,hydrophobic,hydrophobic,B,69,,PRO,0.11607,0.11607,13.58,13.013
catalase_ps,hydrophobic,hydrophobic,D,69,,PRO,0.11607,0.11607,13.58,12.459
catalase_ps,hydrophobic,hydrophobic,B,344,,PRO,0.11607,0.11607,13.58,10.41
catalase_ps,hydrophobic,hydrophobic,D,252,,LEU,0.11582,0.11582,13.55,36.978
catalase_ps,hydrophobic,hydrophobic,C,355,,PHE,0.11421,0.11421,13.362,15.358
catalase_ps,hydrophobic,hydrophobic,B,325,,PHE,0.11421,0.11421,13.362,4.966
catalase_ps,hydrophobic,hydrophobic,D,116,,ALA,0.11338,0.11338,13.265,16.088
catalase_ps,hydrophobic,hydrophobic,D,309,,LEU,0.11153,0.11153,13.048,60.314
catalase_ps,hydrophobic,hydrophobic,C,55,,VAL,0.11109,0.11109,12.997,23.799
catalase_ps,hydrophobic,hydrophobic,B,51,,VAL,0.11109,0.11109,12.997,10.738
catalase_ps,hydrophobic,hydrophobic,D,72,,VAL,0.11109,0.11109,12.997,10.738
catalase_ps,hydrophobic,hydrophobic,A,69,,PRO,0.11102,0.11102,12.989,12.459
catalase_ps,hydrophobic,hydrophobic,A,344,,PRO,0.11102,0.11102,12.989,11.346
catalase_ps,hydrophobic,hydrophobic,D,265,,PHE,0.11052,0.11052,12.93,13.719
catalase_ps,hydrophobic,hydrophobic,A,296,,PHE,0.11052,0.11052,12.93,6.063
catalase_ps,hydrophobic,hydrophobic,C,309,,LEU,0.10724,0.10724,12.547,52.469
catalase_ps,hydrophobic,hydrophobic,D,355,,PHE,0.10684,0.10684,12.5,13.518
catalase_ps,hydrophobic,hydrophobic,C,340,,PRO,0.10598,0.10598,12.399,8.86
catalase_ps,hydrophobic,hydrophobic,C,358,,PRO,0.10598,0.10598,12.399,5.814
catalase_ps,hydrophobic,hydrophobic,C,181,,VAL,0.1058,0.1058,12.378,14.255
catalase_ps,hydrophobic,hydrophobic,B,282,,VAL,0.1058,0.1058,12.378,5.804
catalase_ps,hydrophobic,hydrophobic,C,296,,PHE,0.10315,0.10315,12.068,5.659
catalase_ps,hydrophobic,hydrophobic,D,296,,PHE,0.10315,0.10315,12.068,5.659
catalase_ps,hydrophobic,hydrophobic,C,244,,LEU,0.10295,0.10295,12.045,10.212
catalase_ps,hydrophobic,hydrophobic,C,411,,PRO,0.10093,0.10093,11.808,36.687
catalase_ps,hydrophobic,hydrophobic,A,340,,PRO,0.10093,0.10093,11.808,5.537
catalase_ps,hydrophobic,hydrophobic,A,181,,VAL,0.10051,0.10051,11.759,14.245
catalase_ps,hydrophobic,hydrophobic,A,72,,VAL,0.10051,0.10051,11.759,12.77
catalase_ps,hydrophobic,hydrophobic,B,181,,VAL,0.10051,0.10051,11.759,12.489
catalase_ps,hydrophobic,hydrophobic,C,72,,VAL,0.10051,0.10051,11.759,12.48
catalase_ps,hydrophobic,hydrophobic,B,229,,VAL,0.10051,0.10051,11.759,5.514
catalase_ps,hydrophobic,hydrophobic,B,428,,VAL,0.10051,0.10051,11.759,5.514
catalase_ps,hydrophobic,hydrophobic,C,282,,VAL,0.10051,0.10051,11.759,5.514
catalase_ps,hydrophobic,hydrophobic,B,445,,PHE,0.09947,0.09947,11.637,49.113
catalase_ps,hydrophobic,hydrophobic,D,81,,PHE,0.09947,0.09947,11.637,5.457
catalase_ps,hydrophobic,hydrophobic,B,244,,LEU,0.09866,0.09866,11.543,5.413
catalase_ps,hydrophobic,hydrophobic,A,157,,ALA,0.09594,0.09594,11.224,21.406
catalase_ps,hydrophobic,hydrophobic,B,383,,ALA,0.09594,0.09594,11.224,19.485
catalase_ps,hydrophobic,hydrophobic,C,269,,ALA,0.09594,0.09594,11.224,12.54
catalase_ps,hydrophobic,hydrophobic,D,411,,PRO,0.09588,0.09588,11.217,35.69
catalase_ps,hydrophobic,hydrophobic,B,33,,PRO,0.09588,0.09588,11.217,8.131
catalase_ps,hydrophobic,hydrophobic,D,340,,PRO,0.09588,0.09588,11.217,8.131
catalase_ps,hydrophobic,hydrophobic,B,128,,PRO,0.09588,0.09588,11.217,5.26
catalase_ps,hydrophobic,hydrophobic,D,219,,PHE,0.09579,0.09579,11.207,12.454
catalase_ps,hydrophobic,hydrophobic,A,219,,PHE,0.09579,0.09579,11.207,11.346
catalase_ps,hydrophobic,hydrophobic,C,374,,VAL,0.09522,0.09522,11.14,25.435
catalase_ps,hydrophobic,hydrophobic,D,282,,VAL,0.09522,0.09522,11.14,5.224
catalase_ps,hydrophobic,hydrophobic,A,450,,LEU,0.09437,0.09437,11.041,52.77
catalase_ps,hydrophobic,hydrophobic,C,128,,PRO,0.09084,0.09084,10.628,4.984
catalase_ps,hydrophobic,hydrophobic,D,244,,LEU,0.09008,0.09008,10.539,9.746
catalase_ps,hydrophobic,hydrophobic,D,51,,VAL,0.08993,0.08993,10.521,11.609
catalase_ps,hydrophobic,hydrophobic,A,282,,VAL,0.08993,0.08993,10.521,4.934
catalase_ps,hydrophobic,hydrophobic,B,222,,VAL,0.08993,0.08993,10.521,4.934
catalase_ps,hydrophobic,hydrophobic,B,355,,PHE,0.08842,0.08842,10.345,12.985
catalase_ps,hydrophobic,hydrophobic,D,204,,ILE,0.08757,0.08757,10.245,9.746
catalase_ps,hydrophobic,hydrophobic,C,383,,ALA,0.08722,0.08722,10.204,20.458
catalase_ps,hydrophobic,hydrophobic,D,157,,ALA,0.08722,0.08722,10.204,19.749
catalase_ps,hydrophobic,hydrophobic,B,450,,LEU,0.08579,0.08579,10.037,37.212
catalase_ps,hydrophobic,hydrophobic,A,358,,PRO,0.08579,0.08579,10.037,12.841
catalase_ps,hydrophobic,hydrophobic,B,358,,PRO,0.08579,0.08579,10.037,12.841
catalase_ps,hydrophobic,hydrophobic,D,358,,PRO,0.08579,0.08579,10.037,12.363
catalase_ps,hydrophobic,hydrophobic,C,41,,LEU,0.08579,0.08579,10.037,4.707
catalase_ps,hydrophobic,hydrophobic,B,333,,PHE,0.08473,0.08473,9.913,4.648
catalase_ps,hydrophobic,hydrophobic,D,73,,VAL,0.08464,0.08464,9.902,20.606
catalase_ps,hydrophobic,hydrophobic,A,51,,VAL,0.08464,0.08464,9.902,10.738
catalase_ps,hydrophobic,hydrophobic,D,222,,VAL,0.08464,0.08464,9.902,4.644
catalase_ps,hydrophobic,hydrophobic,C,204,,ILE,0.08319,0.08319,9.733,34.301
catalase_ps,hydrophobic,hydrophobic,D,450,,LEU,0.0815,0.0815,9.535,52.401
catalase_ps,hydrophobic,hydrophobic,A,41,,LEU,0.0815,0.0815,9.535,4.471
catalase_ps,hydrophobic,hydrophobic,B,393,,MET,0.08124,0.08124,9.505,34.439
catalase_ps,hydrophobic,hydrophobic,B,199,,PHE,0.08105,0.08105,9.482,15.96
catalase_ps,hydrophobic,hydrophobic,D,128,,PRO,0.08074,0.08074,9.446,4.43
catalase_ps,hydrophobic,hydrophobic,A,81,,PHE,0.07736,0.07736,9.051,4.244
catalase_ps,hydrophobic,hydrophobic,C,333,,PHE,0.07736,0.07736,9.051,4.244
catalase_ps,hydrophobic,hydrophobic,B,411,,PRO,0.0757,0.0757,8.856,32.105
catalase_ps,hydrophobic,hydrophobic,D,23,,PRO,0.0757,0.0757,8.856,8.306
catalase_ps,hydrophobic,hydrophobic,A,393,,MET,0.07503,0.07503,8.778,36.137
catalase_ps,hydrophobic,hydrophobic,A,428,,VAL,0.07406,0.07406,8.665,4.063
catalase_ps,hydrophobic,hydrophobic,C,428,,VAL,0.07406,0.07406,8.665,4.063
catalase_ps,hydrophobic,hydrophobic,B,478,,VAL,0.07406,0.07406,8.665,3.22
catalase_ps,hydrophobic,hydrophobic,B,219,,PHE,0.07368,0.07368,8.62,10.41
catalase_ps,hydrophobic,hydrophobic,A,333,,PHE,0.07368,0.07368,8.62,4.042
catalase_ps,hydrophobic,hydrophobic,A,411,,PRO,0.07065,0.07065,8.266,32.503
catalase_ps,hydrophobic,hydrophobic,D,349,,MET,0.07014,0.07014,8.206,8.633
catalase_ps,hydrophobic,hydrophobic,C,81,,PHE,0.07,0.07,8.19,3.84
catalase_ps,hydrophobic,hydrophobic,C,288,,ALA,0.06977,0.06977,8.163,63.448
catalase_ps,hydrophobic,hydrophobic,A,383,,ALA,0.06977,0.06977,8.163,17.759
catalase_ps,hydrophobic,hydrophobic,B,72,,VAL,0.06877,0.06877,8.046,11.028
catalase_ps,hydrophobic,hydrophobic,B,198,,LEU,0.06863,0.06863,8.029,20.129
catalase_ps,hydrophobic,hydrophobic,C,192,,LEU,0.06863,0.06863,8.029,18.993
catalase_ps,hydrophobic,hydrophobic,A,198,,LEU,0.06863,0.06863,8.029,15.742
catalase_ps,hydrophobic,hydrophobic,A,244,,LEU,0.06863,0.06863,8.029,7.128
catalase_ps,hydrophobic,hydrophobic,C,393,,MET,0.06754,0.06754,7.902,44.824
catalase_ps,hydrophobic,hydrophobic,B,349,,MET,0.06678,0.06678,7.813,6.535
catalase_ps,hydrophobic,hydrophobic,A,355,,PHE,0.06631,0.06631,7.758,11.772
catalase_ps,hydrophobic,hydrophobic,D,333,,PHE,0.06631,0.06631,7.758,3.638
catalase_ps,hydrophobic,hydrophobic,B,340,,PRO,0.0656,0.0656,7.675,3.599
catalase_ps,hydrophobic,hydrophobic,C,450,,LEU,0.06435,0.06435,7.529,56.715
catalase_ps,hydrophobic,hydrophobic,D,198,,LEU,0.06435,0.06435,7.529,16.465
catalase_ps,hydrophobic,hydrophobic,C,198,,LEU,0.06435,0.06435,7.529,15.051
catalase_ps,hydrophobic,hydrophobic,C,222,,VAL,0.06348,0.06348,7.427,3.483
catalase_ps,hydrophobic,hydrophobic,A,60,,MET,0.06266,0.06266,7.331,3.438
catalase_ps,hydrophobic,hydrophobic,A,199,,PHE,0.06263,0.06263,7.327,15.742
catalase_ps,hydrophobic,hydrophobic,A,349,,MET,0.06215,0.06215,7.271,8.673
catalase_ps,hydrophobic,hydrophobic,C,349,,MET,0.0619,0.0619,7.242,3.396
catalase_ps,hydrophobic,hydrophobic,A,204,,ILE,0.0613,0.0613,7.172,30.927
catalase_ps,hydrophobic,hydrophobic,D,288,,ALA,0.06105,0.06105,7.143,67.923
catalase_ps,hydrophobic,hydrophobic,B,288,,ALA,0.06105,0.06105,7.143,67.507
catalase_ps,hydrophobic,hydrophobic,A,288,,ALA,0.06105,0.06105,7.143,62.439
catalase_ps,hydrophobic,hydrophobic,C,116,,ALA,0.06105,0.06105,7.143,19.892
catalase_ps,hydrophobic,hydrophobic,D,383,,ALA,0.06105,0.06105,7.143,19.602
catalase_ps,hydrophobic,hydrophobic,A,33,,PRO,0.06056,0.06056,7.085,3.322
catalase_ps,hydrophobic,hydrophobic,D,192,,LEU,0.06006,0.06006,7.027,20.46
catalase_ps,hydrophobic,hydrophobic,D,41,,LEU,0.06006,0.06006,7.027,3.295
catalase_ps,hydrophobic,hydrophobic,D,338,,MET,0.05955,0.05955,6.967,3.267
catalase_ps,hydrophobic,hydrophobic,D,199,,PHE,0.05894,0.05894,6.896,16.465
catalase_ps,hydrophobic,hydrophobic,A,338,,MET,0.05879,0.05879,6.878,3.225
catalase_ps,hydrophobic,hydrophobic,C,60,,MET,0.05879,0.05879,6.878,3.225
catalase_ps,hydrophobic,hydrophobic,A,222,,VAL,0.05819,0.05819,6.808,3.192
catalase_ps,hydrophobic,hydrophobic,D,428,,VAL,0.05819,0.05819,6.808,3.192
catalase_ps,hydrophobic,hydrophobic,B,192,,LEU,0.05577,0.05577,6.525,19.671
catalase_ps,hydrophobic,hydrophobic,C,261,,LEU,0.05577,0.05577,6.525,3.06
catalase_ps,hydrophobic,hydrophobic,B,338,,MET,0.05568,0.05568,6.514,3.055
catalase_ps,hydrophobic,hydrophobic,C,339,,PRO,0.05551,0.05551,6.494,8.86
catalase_ps,hydrophobic,hydrophobic,C,346,,PRO,0.05551,0.05551,6.494,3.045
catalase_ps,hydrophobic,hydrophobic,D,393,,MET,0.05518,0.05518,6.456,31.805
catalase_ps,hydrophobic,hydrophobic,B,60,,MET,0.05492,0.05492,6.425,3.013
catalase_ps,hydrophobic,hydrophobic,D,391,,MET,0.05441,0.05441,6.366,14.06
catalase_ps,hydrophobic,hydrophobic,B,391,,MET,0.05416,0.05416,6.336,19.056
catalase_ps,hydrophobic,hydrophobic,C,391,,MET,0.05416,0.05416,6.336,12.662
catalase_ps,hydrophobic,hydrophobic,D,60,,MET,0.05308,0.05308,6.21,2.912
catalase_ps,hydrophobic,hydrophobic,A,374,,VAL,0.0529,0.0529,6.189,23.944
catalase_ps,hydrophobic,hydrophobic,D,417,,ALA,0.05233,0.05233,6.122,51.505
catalase_ps,hydrophobic,hydrophobic,B,157,,ALA,0.05233,0.05233,6.122,18.257
catalase_ps,hydrophobic,hydrophobic,B,78,,ALA,0.05233,0.05233,6.122,2.871
catalase_ps,hydrophobic,hydrophobic,D,291,,PHE,0.05158,0.05158,6.035,79.256
catalase_ps,hydrophobic,hydrophobic,D,163,,PHE,0.05158,0.05158,6.035,13.946
catalase_ps,hydrophobic,hydrophobic,B,153,,PHE,0.05158,0.05158,6.035,13.138
catalase_ps,hydrophobic,hydrophobic,A,192,,LEU,0.05148,0.05148,6.023,17.221
catalase_ps,hydrophobic,hydrophobic,B,144,,LEU,0.05148,0.05148,6.023,16.489
catalase_ps,hydrophobic,hydrophobic,A,261,,LEU,0.05148,0.05148,6.023,2.824
catalase_ps,hydrophobic,hydrophobic,D,261,,LEU,0.05148,0.05148,6.023,2.824
catalase_ps,hydrophobic,hydrophobic,A,335,,PRO,0.05047,0.05047,5.905,9.154
catalase_ps,hydrophobic,hydrophobic,B,346,,PRO,0.05047,0.05047,5.905,2.769
catalase_ps,pi_carbon,pi_carbon,B,22,,LYS,0.96978,0.96901,100.0,43.149
catalase_ps,pi_carbon,pi_carbon,C,498,,LYS,0.86995,0.86926,89.706,51.881
catalase_ps,pi_carbon,pi_carbon,D,448,,LYS,0.86981,0.86912,89.691,44.607
catalase_ps,pi_carbon,pi_carbon,D,498,,LYS,0.86925,0.86856,89.634,50.627
catalase_ps,pi_carbon,pi_carbon,C,448,,LYS,0.8691,0.86841,89.618,46.051
catalase_ps,pi_carbon,pi_carbon,A,448,,LYS,0.8684,0.867711,89.546,45.036
catalase_ps,pi_carbon,pi_carbon,D,475,,LYS,0.86357,0.862885,89.048,70.015
catalase_ps,pi_carbon,pi_carbon,D,22,,LYS,0.85789,0.857209,88.462,38.171
catalase_ps,pi_carbon,pi_carbon,A,22,,LYS,0.83981,0.839143,86.598,37.366
catalase_ps,pi_carbon,pi_carbon,B,475,,LYS,0.80327,0.802632,82.83,87.347
catalase_ps,pi_carbon,pi_carbon,C,101,,HIS,0.79142,0.79142,81.673,42.515
catalase_ps,pi_carbon,pi_carbon,A,381,,ARG,0.78388,0.783874,80.894,34.905
catalase_ps,pi_carbon,pi_carbon,C,22,,LYS,0.77671,0.776094,80.091,34.559
catalase_ps,pi_carbon,pi_carbon,A,475,,LYS,0.76655,0.765942,79.044,74.059
catalase_ps,pi_carbon,pi_carbon,A,456,,LYS,0.74999,0.749395,77.336,54.856
catalase_ps,pi_carbon,pi_carbon,C,475,,LYS,0.74776,0.747167,77.106,86.672
catalase_ps,pi_carbon,pi_carbon,D,381,,ARG,0.74698,0.746974,77.086,33.262
catalase_ps,pi_carbon,pi_carbon,A,498,,LYS,0.74376,0.74317,76.694,44.171
catalase_ps,pi_carbon,pi_carbon,B,101,,HIS,0.72152,0.72152,74.459,37.254
catalase_ps,pi_carbon,pi_carbon,B,448,,LYS,0.69706,0.696507,71.878,35.444
catalase_ps,pi_carbon,pi_carbon,C,304,,HIS,0.69277,0.69277,71.493,31.285
catalase_ps,pi_carbon,pi_carbon,B,381,,ARG,0.68556,0.685555,70.748,30.527
catalase_ps,pi_carbon,pi_carbon,D,92,,ARG,0.68363,0.683625,70.549,41.627
catalase_ps,pi_carbon,pi_carbon,D,456,,LYS,0.66839,0.66786,68.922,54.316
catalase_ps,pi_carbon,pi_carbon,C,381,,ARG,0.6498,0.649795,67.058,28.935
catalase_ps,pi_carbon,pi_carbon,B,479,,LYS,0.65016,0.649644,67.042,72.158
catalase_ps,pi_carbon,pi_carbon,D,479,,LYS,0.64702,0.646506,66.718,41.023
catalase_ps,pi_carbon,pi_carbon,C,242,,LYS,0.64665,0.646137,66.68,35.76
catalase_ps,pi_carbon,pi_carbon,D,101,,HIS,0.64542,0.64542,66.606,34.221
catalase_ps,pi_carbon,pi_carbon,D,421,,ARG,0.64007,0.640065,66.053,37.936
catalase_ps,pi_carbon,pi_carbon,D,304,,HIS,0.63905,0.63905,65.949,30.3
catalase_ps,pi_carbon,pi_carbon,B,498,,LYS,0.63901,0.638503,65.892,39.403
catalase_ps,pi_carbon,pi_carbon,B,92,,ARG,0.63143,0.631425,65.162,41.228
catalase_ps,pi_carbon,pi_carbon,A,479,,LYS,0.62473,0.624234,64.42,49.048
catalase_ps,pi_carbon,pi_carbon,C,479,,LYS,0.62163,0.621137,64.1,68.331
catalase_ps,pi_carbon,pi_carbon,D,242,,LYS,0.61371,0.613223,63.283,34.905
catalase_ps,pi_carbon,pi_carbon,D,378,,TYR,0.60793,0.60793,62.737,42.257
catalase_ps,pi_carbon,pi_carbon,C,319,,ARG,0.60392,0.603915,62.323,30.009
catalase_ps,pi_carbon,pi_carbon,B,421,,ARG,0.60141,0.601405,62.064,34.213
catalase_ps,pi_carbon,pi_carbon,B,105,,ARG,0.58577,0.585765,60.45,31.209
catalase_ps,pi_carbon,pi_carbon,A,242,,LYS,0.58608,0.585615,60.434,36.219
catalase_ps,pi_carbon,pi_carbon,A,101,,HIS,0.58264,0.58264,60.127,30.18
catalase_ps,pi_carbon,pi_carbon,A,304,,HIS,0.57798,0.57798,59.646,26.346
catalase_ps,pi_carbon,pi_carbon,C,92,,ARG,0.56929,0.569285,58.749,38.24
catalase_ps,pi_carbon,pi_carbon,D,413,,HIS,0.56543,0.56543,58.351,24.158
catalase_ps,pi_carbon,pi_carbon,B,304,,HIS,0.56527,0.56527,58.335,26.072
catalase_ps,pi_carbon,pi_carbon,B,378,,TYR,0.56464,0.56464,58.27,37.468
catalase_ps,pi_carbon,pi_carbon,B,456,,LYS,0.56016,0.559715,57.762,48.253
catalase_ps,pi_carbon,pi_carbon,C,378,,TYR,0.55664,0.55664,57.444,38.611
catalase_ps,pi_carbon,pi_carbon,A,13,,HIS,0.54994,0.54994,56.753,61.319
catalase_ps,pi_carbon,pi_carbon,A,378,,TYR,0.54379,0.54379,56.118,35.595
catalase_ps,pi_carbon,pi_carbon,D,105,,ARG,0.5425,0.542496,55.985,29.637
catalase_ps,pi_carbon,pi_carbon,D,176,,LYS,0.53303,0.532607,54.964,27.846
catalase_ps,pi_carbon,pi_carbon,C,13,,HIS,0.53125,0.53125,54.824,63.974
catalase_ps,pi_carbon,pi_carbon,C,251,,ARG,0.52914,0.529136,54.606,33.207
catalase_ps,pi_carbon,pi_carbon,A,92,,ARG,0.5262,0.526196,54.302,35.715
catalase_ps,pi_carbon,pi_carbon,B,88,,HIS,0.52413,0.52413,54.089,23.339
catalase_ps,pi_carbon,pi_carbon,B,15,,LYS,0.52397,0.523554,54.03,66.294
catalase_ps,pi_carbon,pi_carbon,A,15,,LYS,0.52306,0.522645,53.936,61.319
catalase_ps,pi_carbon,pi_carbon,A,423,,HIS,0.51986,0.51986,53.649,30.531
catalase_ps,pi_carbon,pi_carbon,D,319,,ARG,0.51777,0.517766,53.432,27.485
catalase_ps,pi_carbon,pi_carbon,D,13,,HIS,0.51598,0.51598,53.248,61.855
catalase_ps,pi_carbon,pi_carbon,B,319,,ARG,0.51498,0.514976,53.145,30.149
catalase_ps,pi_carbon,pi_carbon,B,176,,LYS,0.51466,0.514252,53.07,32.166
catalase_ps,pi_carbon,pi_carbon,A,105,,ARG,0.51151,0.511506,52.786,27.013
catalase_ps,pi_carbon,pi_carbon,A,88,,HIS,0.51103,0.51103,52.737,22.756
catalase_ps,pi_carbon,pi_carbon,C,202,,ARG,0.51083,0.510826,52.716,22.746
catalase_ps,pi_carbon,pi_carbon,B,242,,LYS,0.50911,0.508706,52.497,28.916
catalase_ps,pi_carbon,pi_carbon,C,176,,LYS,0.50877,0.508366,52.462,26.913
catalase_ps,pi_carbon,pi_carbon,C,421,,ARG,0.50821,0.508206,52.446,29.68
catalase_ps,pi_carbon,pi_carbon,A,273,,TYR,0.50593,0.50593,52.211,22.528
catalase_ps,pi_carbon,pi_carbon,C,15,,LYS,0.50539,0.504989,52.114,63.974
catalase_ps,pi_carbon,pi_carbon,B,314,,LYS,0.50132,0.500922,51.694,22.305
catalase_ps,pi_carbon,pi_carbon,D,273,,TYR,0.49606,0.49606,51.192,22.089
catalase_ps,pi_carbon,pi_carbon,D,423,,HIS,0.49398,0.49398,50.978,30.035
catalase_ps,pi_carbon,pi_carbon,A,319,,ARG,0.48901,0.489006,50.464,25.22
catalase_ps,pi_carbon,pi_carbon,B,423,,HIS,0.48887,0.48887,50.45,30.956
catalase_ps,pi_carbon,pi_carbon,C,105,,ARG,0.48621,0.486206,50.176,28.924
catalase_ps,pi_carbon,pi_carbon,C,423,,HIS,0.48522,0.48522,50.074,30.301
catalase_ps,pi_carbon,pi_carbon,B,273,,TYR,0.48426,0.48426,49.975,21.564
catalase_ps,pi_carbon,pi_carbon,D,443,,ARG,0.4832,0.483196,49.865,27.422
catalase_ps,pi_carbon,pi_carbon,B,236,,LYS,0.48254,0.482157,49.758,21.47
catalase_ps,pi_carbon,pi_carbon,A,46,,ARG,0.48149,0.481486,49.688,21.44
catalase_ps,pi_carbon,pi_carbon,A,236,,LYS,0.48099,0.480608,49.598,21.401
catalase_ps,pi_carbon,pi_carbon,A,476,,LYS,0.47763,0.477251,49.251,83.154
catalase_ps,pi_carbon,pi_carbon,C,88,,HIS,0.47561,0.47561,49.082,21.178
catalase_ps,pi_carbon,pi_carbon,B,13,,HIS,0.47205,0.47205,48.715,66.294
catalase_ps,pi_carbon,pi_carbon,C,472,,PHE,0.47156,0.47156,48.664,54.268
catalase_ps,pi_carbon,pi_carbon,C,443,,ARG,0.47143,0.471426,48.65,28.374
catalase_ps,pi_carbon,pi_carbon,C,273,,TYR,0.47135,0.47135,48.642,20.989
catalase_ps,pi_carbon,pi_carbon,D,88,,HIS,0.47112,0.47112,48.619,20.978
catalase_ps,pi_carbon,pi_carbon,A,97,,LYS,0.47145,0.471076,48.614,20.976
catalase_ps,pi_carbon,pi_carbon,C,46,,ARG,0.46728,0.467276,48.222,20.807
catalase_ps,pi_carbon,pi_carbon,B,202,,ARG,0.46552,0.465516,48.04,20.729
catalase_ps,pi_carbon,pi_carbon,D,251,,ARG,0.4649,0.464896,47.976,20.701
catalase_ps,pi_carbon,pi_carbon,C,499,,TYR,0.46462,0.46462,47.948,59.396
catalase_ps,pi_carbon,pi_carbon,B,251,,ARG,0.46461,0.464606,47.946,32.128
catalase_ps,pi_carbon,pi_carbon,A,443,,ARG,0.46438,0.464376,47.923,27.076
catalase_ps,pi_carbon,pi_carbon,B,97,,LYS,0.46361,0.463242,47.806,20.628
catalase_ps,pi_carbon,pi_carbon,A,176,,LYS,0.46152,0.461154,47.59,27.82
catalase_ps,pi_carbon,pi_carbon,C,236,,LYS,0.4596,0.459235,47.392,20.449
catalase_ps,pi_carbon,pi_carbon,D,15,,LYS,0.45149,0.451132,46.556,61.855
catalase_ps,pi_carbon,pi_carbon,D,236,,LYS,0.44994,0.449583,46.396,20.019
catalase_ps,pi_carbon,pi_carbon,A,314,,LYS,0.4468,0.446445,46.072,19.88
catalase_ps,pi_carbon,pi_carbon,A,251,,ARG,0.44596,0.445956,46.022,29.755
catalase_ps,pi_carbon,pi_carbon,C,457,,ARG,0.4405,0.440497,45.458,39.907
catalase_ps,pi_carbon,pi_carbon,B,443,,ARG,0.4364,0.436397,45.035,23.862
catalase_ps,pi_carbon,pi_carbon,D,472,,PHE,0.43472,0.43472,44.862,57.781
catalase_ps,pi_carbon,pi_carbon,D,499,,TYR,0.43308,0.43308,44.693,57.961
catalase_ps,pi_carbon,pi_carbon,B,46,,ARG,0.42764,0.427637,44.131,19.042
catalase_ps,pi_carbon,pi_carbon,B,465,,HIS,0.42539,0.42539,43.899,29.198
catalase_ps,pi_carbon,pi_carbon,C,465,,HIS,0.42516,0.42516,43.876,28.473
catalase_ps,pi_carbon,pi_carbon,D,97,,LYS,0.4247,0.424363,43.793,18.896
catalase_ps,pi_carbon,pi_carbon,A,472,,PHE,0.41998,0.41998,43.341,52.808
catalase_ps,pi_carbon,pi_carbon,D,465,,HIS,0.41694,0.41694,43.027,27.654
catalase_ps,pi_carbon,pi_carbon,C,456,,LYS,0.41363,0.413302,42.652,45.687
catalase_ps,pi_carbon,pi_carbon,D,46,,ARG,0.40939,0.409387,42.248,18.23
catalase_ps,pi_carbon,pi_carbon,C,314,,LYS,0.40492,0.404599,41.754,18.016
catalase_ps,pi_carbon,pi_carbon,B,476,,LYS,0.40327,0.40295,41.584,82.611
catalase_ps,pi_carbon,pi_carbon,D,457,,ARG,0.40286,0.402857,41.574,49.736
catalase_ps,pi_carbon,pi_carbon,A,499,,TYR,0.39249,0.39249,40.504,50.57
catalase_ps,pi_carbon,pi_carbon,B,472,,PHE,0.39051,0.39051,40.3,53.129
catalase_ps,pi_carbon,pi_carbon,C,476,,LYS,0.38882,0.388511,40.094,78.229
catalase_ps,pi_carbon,pi_carbon,A,465,,HIS,0.38719,0.38719,39.957,29.906
catalase_ps,pi_carbon,pi_carbon,A,467,,LYS,0.38201,0.381707,39.391,34.238
catalase_ps,pi_carbon,pi_carbon,D,202,,ARG,0.37783,0.377827,38.991,16.824
catalase_ps,pi_carbon,pi_carbon,A,279,,TYR,0.37678,0.37678,38.883,21.378
catalase_ps,pi_carbon,pi_carbon,B,499,,TYR,0.37457,0.37457,38.655,45.111
catalase_ps,pi_carbon,pi_carbon,C,413,,HIS,0.37455,0.37455,38.653,14.568
catalase_ps,pi_carbon,pi_carbon,A,202,,ARG,0.37107,0.371067,38.293,16.523
catalase_ps,pi_carbon,pi_carbon,D,314,,LYS,0.36644,0.366149,37.786,16.304
catalase_ps,pi_carbon,pi_carbon,D,262,,ARG,0.35106,0.351057,36.228,34.548
catalase_ps,pi_carbon,pi_carbon,D,83,,TYR,0.34804,0.34804,35.917,15.498
catalase_ps,pi_carbon,pi_carbon,A,457,,ARG,0.34681,0.346807,35.79,50.351
catalase_ps,pi_carbon,pi_carbon,B,285,,PHE,0.3463,0.3463,35.737,15.42
catalase_ps,pi_carbon,pi_carbon,B,357,,TYR,0.34626,0.34626,35.733,28.433
catalase_ps,pi_carbon,pi_carbon,A,262,,ARG,0.34475,0.344747,35.577,34.352
catalase_ps,pi_carbon,pi_carbon,D,95,,LYS,0.34268,0.342408,35.336,15.247
catalase_ps,pi_carbon,pi_carbon,B,457,,ARG,0.3418,0.341797,35.273,45.3
catalase_ps,pi_carbon,pi_carbon,D,379,,ARG,0.34105,0.341047,35.195,45.164
catalase_ps,pi_carbon,pi_carbon,B,12,,LYS,0.33882,0.338551,34.938,58.814
catalase_ps,pi_carbon,pi_carbon,A,485,,HIS,0.3303,0.3303,34.086,14.708
catalase_ps,pi_carbon,pi_carbon,A,421,,ARG,0.33001,0.330007,34.056,23.119
catalase_ps,pi_carbon,pi_carbon,D,279,,TYR,0.32897,0.32897,33.949,19.352
catalase_ps,pi_carbon,pi_carbon,C,262,,ARG,0.32809,0.328087,33.858,33.849
catalase_ps,pi_carbon,pi_carbon,B,467,,LYS,0.32557,0.325312,33.572,33.428
catalase_ps,pi_carbon,pi_carbon,D,285,,PHE,0.3242,0.3242,33.457,14.436
catalase_ps,pi_carbon,pi_carbon,C,285,,PHE,0.32051,0.32051,33.076,14.272
catalase_ps,pi_carbon,pi_carbon,C,279,,TYR,0.31827,0.31827,32.845,19.59
catalase_ps,pi_carbon,pi_carbon,D,259,,TYR,0.31429,0.31429,32.434,25.878
catalase_ps,pi_carbon,pi_carbon,B,262,,ARG,0.31245,0.312448,32.244,33.548
catalase_ps,pi_carbon,pi_carbon,B,259,,TYR,0.31202,0.31202,32.2,24.288
catalase_ps,pi_carbon,pi_carbon,A,413,,HIS,0.31076,0.31076,32.07,12.087
catalase_ps,pi_carbon,pi_carbon,C,379,,ARG,0.31046,0.310458,32.039,38.611
catalase_ps,pi_carbon,pi_carbon,D,485,,HIS,0.30898,0.30898,31.886,13.759
catalase_ps,pi_carbon,pi_carbon,C,467,,LYS,0.30713,0.306886,31.67,32.597
catalase_ps,pi_carbon,pi_carbon,A,285,,PHE,0.30209,0.30209,31.175,13.452
catalase_ps,pi_carbon,pi_carbon,A,357,,TYR,0.30071,0.30071,31.033,16.343
catalase_ps,pi_carbon,pi_carbon,C,259,,TYR,0.29945,0.29945,30.903,24.408
catalase_ps,pi_carbon,pi_carbon,C,97,,LYS,0.29935,0.299112,30.868,13.319
catalase_ps,pi_carbon,pi_carbon,C,491,,ARG,0.29835,0.298348,30.789,13.285
catalase_ps,pi_carbon,pi_carbon,B,93,,TYR,0.29444,0.29444,30.386,41.228
catalase_ps,pi_carbon,pi_carbon,D,467,,LYS,0.29429,0.294056,30.346,31.66
catalase_ps,pi_carbon,pi_carbon,C,83,,TYR,0.29185,0.29185,30.118,12.996
catalase_ps,pi_carbon,pi_carbon,A,259,,TYR,0.2904,0.2904,29.969,24.704
catalase_ps,pi_carbon,pi_carbon,C,93,,TYR,0.28948,0.28948,29.874,38.24
catalase_ps,pi_carbon,pi_carbon,C,357,,TYR,0.28665,0.28665,29.582,26.448
catalase_ps,pi_carbon,pi_carbon,B,413,,HIS,0.2824,0.2824,29.143,10.984
catalase_ps,pi_carbon,pi_carbon,B,279,,TYR,0.28149,0.28149,29.049,16.123
catalase_ps,pi_carbon,pi_carbon,C,174,,HIS,0.28117,0.28117,29.016,16.797
catalase_ps,pi_carbon,pi_carbon,A,83,,TYR,0.2801,0.2801,28.906,12.473
catalase_ps,pi_carbon,pi_carbon,B,379,,ARG,0.2768,0.276798,28.565,37.468
catalase_ps,pi_carbon,pi_carbon,A,93,,TYR,0.27586,0.27586,28.468,35.715
catalase_ps,pi_carbon,pi_carbon,D,476,,LYS,0.27497,0.274752,28.354,79.446
catalase_ps,pi_carbon,pi_carbon,D,357,,TYR,0.27148,0.27148,28.016,12.089
catalase_ps,pi_carbon,pi_carbon,D,174,,HIS,0.2714,0.2714,28.008,16.215
catalase_ps,pi_carbon,pi_carbon,A,174,,HIS,0.2714,0.2714,28.008,15.749
catalase_ps,pi_carbon,pi_carbon,C,95,,LYS,0.27103,0.270815,27.948,12.059
catalase_ps,pi_carbon,pi_carbon,B,83,,TYR,0.27061,0.27061,27.926,12.05
catalase_ps,pi_carbon,pi_carbon,B,491,,ARG,0.27049,0.270488,27.914,12.045
catalase_ps,pi_carbon,pi_carbon,D,254,,HIS,0.2614,0.2614,26.976,21.537
catalase_ps,pi_carbon,pi_carbon,D,293,,PHE,0.25788,0.25788,26.613,13.78
catalase_ps,pi_carbon,pi_carbon,B,254,,HIS,0.25691,0.25691,26.513,41.774
catalase_ps,pi_carbon,pi_carbon,B,174,,HIS,0.25613,0.25613,26.432,14.633
catalase_ps,pi_carbon,pi_carbon,A,379,,ARG,0.25559,0.255588,26.376,35.595
catalase_ps,pi_carbon,pi_carbon,A,95,,LYS,0.25455,0.254348,26.248,11.326
catalase_ps,pi_carbon,pi_carbon,D,12,,LYS,0.25329,0.253089,26.118,55.771
catalase_ps,pi_carbon,pi_carbon,D,93,,TYR,0.2512,0.2512,25.923,41.627
catalase_ps,pi_carbon,pi_carbon,D,4,,ARG,0.24815,0.248148,25.608,9.652
catalase_ps,pi_carbon,pi_carbon,D,74,,HIS,0.24714,0.24714,25.504,11.005
catalase_ps,pi_carbon,pi_carbon,C,160,,PHE,0.24683,0.24683,25.472,10.991
catalase_ps,pi_carbon,pi_carbon,C,431,,PHE,0.24683,0.24683,25.472,10.991
catalase_ps,pi_carbon,pi_carbon,D,491,,ARG,0.24638,0.246378,25.426,10.971
catalase_ps,pi_carbon,pi_carbon,C,12,,LYS,0.24522,0.245025,25.286,57.255
catalase_ps,pi_carbon,pi_carbon,C,74,,HIS,0.23854,0.23854,24.617,10.622
catalase_ps,pi_carbon,pi_carbon,C,485,,HIS,0.23753,0.23753,24.513,10.577
catalase_ps,pi_carbon,pi_carbon,C,293,,PHE,0.23578,0.23578,24.332,10.499
catalase_ps,pi_carbon,pi_carbon,A,160,,PHE,0.23209,0.23209,23.951,10.335
catalase_ps,pi_carbon,pi_carbon,A,210,,HIS,0.22777,0.22777,23.505,47.641
catalase_ps,pi_carbon,pi_carbon,A,491,,ARG,0.22676,0.226758,23.401,10.097
catalase_ps,pi_carbon,pi_carbon,A,74,,HIS,0.22599,0.22599,23.322,10.063
catalase_ps,pi_carbon,pi_carbon,B,74,,HIS,0.22482,0.22482,23.201,17.707
catalase_ps,pi_carbon,pi_carbon,B,95,,LYS,0.22413,0.223952,23.111,9.972
catalase_ps,pi_carbon,pi_carbon,B,485,,HIS,0.2225,0.2225,22.962,9.908
catalase_ps,pi_carbon,pi_carbon,A,254,,HIS,0.22227,0.22227,22.938,41.395
catalase_ps,pi_carbon,pi_carbon,A,431,,PHE,0.22104,0.22104,22.811,9.843
catalase_ps,pi_carbon,pi_carbon,B,197,,PHE,0.21736,0.21736,22.431,13.288
catalase_ps,pi_carbon,pi_carbon,C,254,,HIS,0.21661,0.21661,22.354,44.647
catalase_ps,pi_carbon,pi_carbon,D,14,,TRP,0.2137,0.2137,22.053,61.855
catalase_ps,pi_carbon,pi_carbon,B,160,,PHE,0.21367,0.21367,22.05,9.514
catalase_ps,pi_carbon,pi_carbon,D,420,,HIS,0.21188,0.21188,21.866,33.136
catalase_ps,pi_carbon,pi_carbon,C,4,,ARG,0.21028,0.210278,21.7,8.179
catalase_ps,pi_carbon,pi_carbon,B,293,,PHE,0.20999,0.20999,21.671,9.351
catalase_ps,pi_carbon,pi_carbon,C,197,,PHE,0.20999,0.20999,21.671,9.351
catalase_ps,pi_carbon,pi_carbon,A,4,,ARG,0.20727,0.207268,21.39,8.062
catalase_ps,pi_carbon,pi_carbon,B,424,,PHE,0.20631,0.20631,21.291,30.956
catalase_ps,pi_carbon,pi_carbon,B,353,,ARG,0.20385,0.203848,21.037,28.433
catalase_ps,pi_carbon,pi_carbon,D,160,,PHE,0.20262,0.20262,20.91,11.319
catalase_ps,pi_carbon,pi_carbon,D,431,,PHE,0.20262,0.20262,20.91,9.022
catalase_ps,pi_carbon,pi_carbon,B,67,,ARG,0.20027,0.200268,20.667,11.194
catalase_ps,pi_carbon,pi_carbon,A,353,,ARG,0.19913,0.199128,20.55,11.82
catalase_ps,pi_carbon,pi_carbon,A,12,,LYS,0.1984,0.198243,20.458,56.509
catalase_ps,pi_carbon,pi_carbon,C,424,,PHE,0.19525,0.19525,20.149,30.301
catalase_ps,pi_carbon,pi_carbon,C,126,,ARG,0.19481,0.194808,20.104,8.675
catalase_ps,pi_carbon,pi_carbon,C,67,,ARG,0.19452,0.194518,20.074,8.662
catalase_ps,pi_carbon,pi_carbon,A,67,,ARG,0.19367,0.193668,19.986,8.624
catalase_ps,pi_carbon,pi_carbon,C,353,,ARG,0.1931,0.193098,19.927,26.448
catalase_ps,pi_carbon,pi_carbon,B,18,,ARG,0.1923,0.192298,19.845,31.876
catalase_ps,pi_carbon,pi_carbon,C,14,,TRP,0.1908,0.1908,19.69,63.974
catalase_ps,pi_carbon,pi_carbon,A,420,,HIS,0.18918,0.18918,19.523,22.678
catalase_ps,pi_carbon,pi_carbon,D,126,,ARG,0.18821,0.188209,19.423,8.381
catalase_ps,pi_carbon,pi_carbon,B,152,,PHE,0.18789,0.18789,19.39,10.663
catalase_ps,pi_carbon,pi_carbon,A,293,,PHE,0.18789,0.18789,19.39,8.367
catalase_ps,pi_carbon,pi_carbon,B,431,,PHE,0.18789,0.18789,19.39,8.367
catalase_ps,pi_carbon,pi_carbon,D,353,,ARG,0.18434,0.184339,19.023,12.966
catalase_ps,pi_carbon,pi_carbon,B,455,,ARG,0.18212,0.182119,18.794,42.147
catalase_ps,pi_carbon,pi_carbon,A,14,,TRP,0.18205,0.18205,18.787,61.319
catalase_ps,pi_carbon,pi_carbon,D,67,,ARG,0.18059,0.180589,18.636,8.041
catalase_ps,pi_carbon,pi_carbon,D,424,,PHE,0.18052,0.18052,18.629,30.035
catalase_ps,pi_carbon,pi_carbon,A,126,,ARG,0.18048,0.180479,18.625,8.036
catalase_ps,pi_carbon,pi_carbon,C,209,,ARG,0.17854,0.178539,18.425,17.665
catalase_ps,pi_carbon,pi_carbon,B,14,,TRP,0.17799,0.17799,18.368,66.294
catalase_ps,pi_carbon,pi_carbon,D,197,,PHE,0.17683,0.17683,18.249,10.499
catalase_ps,pi_carbon,pi_carbon,B,4,,ARG,0.17611,0.176109,18.174,6.85
catalase_ps,pi_carbon,pi_carbon,B,126,,ARG,0.17604,0.176039,18.167,7.839
catalase_ps,pi_carbon,pi_carbon,A,209,,ARG,0.17552,0.175519,18.113,21.564
catalase_ps,pi_carbon,pi_carbon,C,152,,PHE,0.17315,0.17315,17.869,7.71
catalase_ps,pi_carbon,pi_carbon,C,62,,HIS,0.17275,0.17275,17.827,7.692
catalase_ps,pi_carbon,pi_carbon,C,18,,ARG,0.17274,0.172739,17.826,30.178
catalase_ps,pi_carbon,pi_carbon,C,455,,ARG,0.17222,0.172219,17.773,39.907
catalase_ps,pi_carbon,pi_carbon,D,210,,HIS,0.17065,0.17065,17.611,39.499
catalase_ps,pi_carbon,pi_carbon,A,197,,PHE,0.16947,0.16947,17.489,10.335
catalase_ps,pi_carbon,pi_carbon,B,363,,HIS,0.16926,0.16926,17.467,14.919
catalase_ps,pi_carbon,pi_carbon,B,420,,HIS,0.16693,0.16693,17.227,32.252
catalase_ps,pi_carbon,pi_carbon,C,445,,PHE,0.16578,0.16578,17.108,67.043
catalase_ps,pi_carbon,pi_carbon,A,424,,PHE,0.16578,0.16578,17.108,30.531
catalase_ps,pi_carbon,pi_carbon,B,214,,TYR,0.16501,0.16501,17.029,10.937
catalase_ps,pi_carbon,pi_carbon,C,104,,LYS,0.16349,0.16336,16.858,64.165
catalase_ps,pi_carbon,pi_carbon,B,81,,PHE,0.1621,0.1621,16.728,30.149
catalase_ps,pi_carbon,pi_carbon,D,363,,HIS,0.15926,0.15926,16.435,16.742
catalase_ps,pi_carbon,pi_carbon,B,209,,ARG,0.15886,0.158859,16.394,16.395
catalase_ps,pi_carbon,pi_carbon,C,420,,HIS,0.15833,0.15833,16.339,25.925
catalase_ps,pi_carbon,pi_carbon,C,210,,HIS,0.15693,0.15693,16.195,40.561
catalase_ps,pi_carbon,pi_carbon,D,18,,ARG,0.15642,0.156419,16.142,27.054
catalase_ps,pi_carbon,pi_carbon,D,209,,ARG,0.15556,0.155559,16.053,17.914
catalase_ps,pi_carbon,pi_carbon,C,325,,PHE,0.15473,0.15473,15.968,6.89
catalase_ps,pi_carbon,pi_carbon,D,325,,PHE,0.15105,0.15105,15.588,9.228
catalase_ps,pi_carbon,pi_carbon,D,152,,PHE,0.15105,0.15105,15.588,6.726
catalase_ps,pi_carbon,pi_carbon,D,455,,ARG,0.14908,0.149079,15.385,47.443
catalase_ps,pi_carbon,pi_carbon,D,214,,TYR,0.14758,0.14758,15.23,11.275
catalase_ps,pi_carbon,pi_carbon,A,152,,PHE,0.14736,0.14736,15.207,6.562
catalase_ps,pi_carbon,pi_carbon,A,445,,PHE,0.14368,0.14368,14.827,65.714
catalase_ps,pi_carbon,pi_carbon,A,363,,HIS,0.14205,0.14205,14.659,13.057
catalase_ps,pi_carbon,pi_carbon,A,214,,TYR,0.14151,0.14151,14.604,10.902
catalase_ps,pi_carbon,pi_carbon,C,214,,TYR,0.14113,0.14113,14.564,11.703
catalase_ps,pi_carbon,pi_carbon,B,210,,HIS,0.14066,0.14066,14.516,34.107
catalase_ps,pi_carbon,pi_carbon,C,348,,LYS,0.14015,0.140039,14.452,6.236
catalase_ps,pi_carbon,pi_carbon,D,307,,TYR,0.13997,0.13997,14.445,30.3
catalase_ps,pi_carbon,pi_carbon,D,62,,HIS,0.13733,0.13733,14.172,5.341
catalase_ps,pi_carbon,pi_carbon,A,265,,PHE,0.13631,0.13631,14.067,21.421
catalase_ps,pi_carbon,pi_carbon,A,62,,HIS,0.13617,0.13617,14.052,5.296
catalase_ps,pi_carbon,pi_carbon,A,455,,ARG,0.13572,0.135719,14.006,54.856
catalase_ps,pi_carbon,pi_carbon,B,168,,LYS,0.13573,0.135622,13.996,35.059
catalase_ps,pi_carbon,pi_carbon,D,445,,PHE,0.13263,0.13263,13.687,66.123
catalase_ps,pi_carbon,pi_carbon,C,265,,PHE,0.13263,0.13263,13.687,17.919
catalase_ps,pi_carbon,pi_carbon,A,188,,ARG,0.12941,0.129409,13.355,5.033
catalase_ps,pi_carbon,pi_carbon,B,265,,PHE,0.12894,0.12894,13.306,19.654
catalase_ps,pi_carbon,pi_carbon,C,363,,HIS,0.12601,0.12601,13.004,11.937
catalase_ps,pi_carbon,pi_carbon,C,404,,TYR,0.12563,0.12563,12.965,5.594
catalase_ps,pi_carbon,pi_carbon,A,325,,PHE,0.12526,0.12526,12.927,8.502
catalase_ps,pi_carbon,pi_carbon,B,296,,PHE,0.12526,0.12526,12.927,5.578
catalase_ps,pi_carbon,pi_carbon,B,62,,HIS,0.12485,0.12485,12.884,7.836
catalase_ps,pi_carbon,pi_carbon,C,188,,ARG,0.12424,0.124239,12.821,4.832
catalase_ps,pi_carbon,pi_carbon,A,18,,ARG,0.12367,0.123669,12.762,28.78
catalase_ps,pi_carbon,pi_carbon,D,404,,TYR,0.12331,0.12331,12.725,4.796
catalase_ps,pi_carbon,pi_carbon,D,104,,LYS,0.12318,0.123082,12.702,50.991
catalase_ps,pi_carbon,pi_carbon,B,71,,ARG,0.12231,0.122309,12.622,15.457
catalase_ps,pi_carbon,pi_carbon,C,234,,HIS,0.12168,0.12168,12.557,25.875
catalase_ps,pi_carbon,pi_carbon,C,219,,PHE,0.12157,0.12157,12.546,11.124
catalase_ps,pi_carbon,pi_carbon,D,188,,ARG,0.12151,0.121509,12.539,4.726
catalase_ps,pi_carbon,pi_carbon,B,188,,ARG,0.12122,0.121219,12.51,5.398
catalase_ps,pi_carbon,pi_carbon,C,168,,LYS,0.11855,0.118456,12.224,13.375
catalase_ps,pi_carbon,pi_carbon,A,193,,HIS,0.11841,0.11841,12.22,5.273
catalase_ps,pi_carbon,pi_carbon,D,168,,LYS,0.11785,0.117756,12.152,12.1
catalase_ps,pi_carbon,pi_carbon,B,104,,LYS,0.11519,0.115099,11.878,55.323
catalase_ps,pi_carbon,pi_carbon,C,355,,PHE,0.11421,0.11421,11.786,23.102
catalase_ps,pi_carbon,pi_carbon,B,325,,PHE,0.11421,0.11421,11.786,8.585
catalase_ps,pi_carbon,pi_carbon,C,307,,TYR,0.11157,0.11157,11.514,31.285
catalase_ps,pi_carbon,pi_carbon,D,265,,PHE,0.11052,0.11052,11.405,20.553
catalase_ps,pi_carbon,pi_carbon,A,296,,PHE,0.11052,0.11052,11.405,4.921
catalase_ps,pi_carbon,pi_carbon,A,71,,ARG,0.11026,0.110259,11.379,4.91
catalase_ps,pi_carbon,pi_carbon,A,404,,TYR,0.1082,0.1082,11.166,4.208
catalase_ps,pi_carbon,pi_carbon,C,71,,ARG,0.1081,0.108099,11.156,4.814
catalase_ps,pi_carbon,pi_carbon,A,348,,LYS,0.10706,0.106975,11.04,4.763
catalase_ps,pi_carbon,pi_carbon,D,355,,PHE,0.10684,0.10684,11.026,12.966
catalase_ps,pi_carbon,pi_carbon,C,193,,HIS,0.10609,0.10609,10.948,4.724
catalase_ps,pi_carbon,pi_carbon,D,234,,HIS,0.10563,0.10563,10.901,25.924
catalase_ps,pi_carbon,pi_carbon,D,71,,ARG,0.10537,0.105369,10.874,4.692
catalase_ps,pi_carbon,pi_carbon,B,307,,TYR,0.10506,0.10506,10.842,26.072
catalase_ps,pi_carbon,pi_carbon,A,234,,HIS,0.10331,0.10331,10.661,27.679
catalase_ps,pi_carbon,pi_carbon,C,296,,PHE,0.10315,0.10315,10.645,4.593
catalase_ps,pi_carbon,pi_carbon,D,296,,PHE,0.10315,0.10315,10.645,4.593
catalase_ps,pi_carbon,pi_carbon,B,445,,PHE,0.09947,0.09947,10.265,50.314
catalase_ps,pi_carbon,pi_carbon,D,81,,PHE,0.09947,0.09947,10.265,27.485
catalase_ps,pi_carbon,pi_carbon,A,307,,TYR,0.09938,0.09938,10.256,26.346
catalase_ps,pi_carbon,pi_carbon,D,193,,HIS,0.09781,0.09781,10.094,4.355
catalase_ps,pi_carbon,pi_carbon,B,348,,LYS,0.09787,0.097792,10.092,4.355
catalase_ps,pi_carbon,pi_carbon,C,169,,ARG,0.09604,0.096039,9.911,42.391
catalase_ps,pi_carbon,pi_carbon,A,219,,PHE,0.09579,0.09579,9.885,10.624
catalase_ps,pi_carbon,pi_carbon,D,219,,PHE,0.09579,0.09579,9.885,10.328
catalase_ps,pi_carbon,pi_carbon,A,104,,LYS,0.09521,0.095134,9.818,46.257
catalase_ps,pi_carbon,pi_carbon,B,361,,HIS,0.09454,0.09454,9.756,14.919
catalase_ps,pi_carbon,pi_carbon,D,169,,ARG,0.09274,0.092739,9.571,41.84
catalase_ps,pi_carbon,pi_carbon,D,348,,LYS,0.09254,0.092467,9.542,4.117
catalase_ps,pi_carbon,pi_carbon,D,232,,LYS,0.08974,0.089669,9.254,3.993
catalase_ps,pi_carbon,pi_carbon,B,355,,PHE,0.08842,0.08842,9.125,24.835
catalase_ps,pi_carbon,pi_carbon,C,165,,HIS,0.08587,0.08587,8.862,9.098
catalase_ps,pi_carbon,pi_carbon,B,333,,PHE,0.08473,0.08473,8.744,3.773
catalase_ps,pi_carbon,pi_carbon,B,230,,TYR,0.08421,0.08421,8.69,9.741
catalase_ps,pi_carbon,pi_carbon,D,362,,ARG,0.08273,0.082729,8.538,16.742
catalase_ps,pi_carbon,pi_carbon,A,169,,ARG,0.08228,0.082279,8.491,37.223
catalase_ps,pi_carbon,pi_carbon,C,362,,ARG,0.08216,0.082159,8.479,11.937
catalase_ps,pi_carbon,pi_carbon,A,168,,LYS,0.0814,0.081335,8.394,30.529
catalase_ps,pi_carbon,pi_carbon,B,199,,PHE,0.08105,0.08105,8.364,13.288
catalase_ps,pi_carbon,pi_carbon,A,208,,HIS,0.08099,0.08099,8.358,18.836
catalase_ps,pi_carbon,pi_carbon,B,234,,HIS,0.0806,0.0806,8.318,23.471
catalase_ps,pi_carbon,pi_carbon,A,362,,ARG,0.07972,0.079719,8.227,13.057
catalase_ps,pi_carbon,pi_carbon,A,230,,TYR,0.07892,0.07892,8.144,10.624
catalase_ps,pi_carbon,pi_carbon,B,324,,TYR,0.07858,0.07858,8.109,8.585
catalase_ps,pi_carbon,pi_carbon,D,230,,TYR,0.07815,0.07815,8.065,10.328
catalase_ps,pi_carbon,pi_carbon,A,81,,PHE,0.07736,0.07736,7.983,25.22
catalase_ps,pi_carbon,pi_carbon,C,333,,PHE,0.07736,0.07736,7.983,3.445
catalase_ps,pi_carbon,pi_carbon,D,208,,HIS,0.0761,0.0761,7.853,15.648
catalase_ps,pi_carbon,pi_carbon,A,232,,LYS,0.07558,0.07552,7.794,3.363
catalase_ps,pi_carbon,pi_carbon,B,404,,TYR,0.07439,0.07439,7.677,2.893
catalase_ps,pi_carbon,pi_carbon,D,364,,ARG,0.07409,0.074089,7.646,16.742
catalase_ps,pi_carbon,pi_carbon,B,219,,PHE,0.07368,0.07368,7.604,9.741
catalase_ps,pi_carbon,pi_carbon,A,333,,PHE,0.07368,0.07368,7.604,3.281
catalase_ps,pi_carbon,pi_carbon,B,169,,ARG,0.0725,0.072499,7.482,40.585
catalase_ps,pi_carbon,pi_carbon,A,361,,HIS,0.07145,0.07145,7.374,13.057
catalase_ps,pi_carbon,pi_carbon,B,362,,ARG,0.07124,0.071239,7.352,14.919
catalase_ps,pi_carbon,pi_carbon,C,81,,PHE,0.07,0.07,7.224,30.009
catalase_ps,pi_carbon,pi_carbon,B,208,,HIS,0.06867,0.06867,7.087,16.359
catalase_ps,pi_carbon,pi_carbon,A,355,,PHE,0.06631,0.06631,6.843,22.02
catalase_ps,pi_carbon,pi_carbon,D,333,,PHE,0.06631,0.06631,6.843,2.953
catalase_ps,pi_carbon,pi_carbon,A,324,,TYR,0.06568,0.06568,6.778,8.502
catalase_ps,pi_carbon,pi_carbon,C,220,,LYS,0.06569,0.065638,6.774,11.124
catalase_ps,pi_carbon,pi_carbon,D,136,,TYR,0.06529,0.06529,6.738,18.094
catalase_ps,pi_carbon,pi_carbon,B,165,,HIS,0.06495,0.06495,6.703,8.931
catalase_ps,pi_carbon,pi_carbon,A,220,,LYS,0.06393,0.063879,6.592,10.624
catalase_ps,pi_carbon,pi_carbon,A,199,,PHE,0.06263,0.06263,6.463,10.335
catalase_ps,pi_carbon,pi_carbon,C,230,,TYR,0.0626,0.0626,6.46,11.124
catalase_ps,pi_carbon,pi_carbon,B,232,,LYS,0.06141,0.061361,6.332,2.732
catalase_ps,pi_carbon,pi_carbon,C,208,,HIS,0.06123,0.06123,6.319,15.429
catalase_ps,pi_carbon,pi_carbon,D,165,,HIS,0.06123,0.06123,6.319,10.267
catalase_ps,pi_carbon,pi_carbon,B,193,,HIS,0.06123,0.06123,6.319,2.726
catalase_ps,pi_carbon,pi_carbon,B,220,,LYS,0.06092,0.060872,6.282,9.741
catalase_ps,pi_carbon,pi_carbon,A,165,,HIS,0.06084,0.06084,6.279,6.331
catalase_ps,pi_carbon,pi_carbon,D,361,,HIS,0.0599,0.0599,6.182,16.742
catalase_ps,pi_carbon,pi_carbon,C,361,,HIS,0.0599,0.0599,6.182,11.937
catalase_ps,pi_carbon,pi_carbon,A,155,,ARG,0.05942,0.05942,6.132,2.646
catalase_ps,pi_carbon,pi_carbon,D,199,,PHE,0.05894,0.05894,6.082,10.499
catalase_ps,pi_carbon,pi_carbon,D,220,,LYS,0.05805,0.058004,5.986,10.328
catalase_ps,pi_carbon,pi_carbon,D,300,,LYS,0.0577,0.057654,5.95,2.567
catalase_ps,pi_carbon,pi_carbon,C,155,,ARG,0.05698,0.05698,5.88,2.537
catalase_ps,pi_carbon,pi_carbon,C,232,,LYS,0.05629,0.056245,5.804,2.505
catalase_ps,pi_carbon,pi_carbon,D,324,,TYR,0.05619,0.05619,5.799,9.228
catalase_ps,pi_carbon,pi_carbon,B,76,,LYS,0.05574,0.055696,5.748,12.491
catalase_ps,pi_carbon,pi_carbon,B,37,,LYS,0.05574,0.055696,5.748,2.48
catalase_ps,pi_carbon,pi_carbon,D,387,,ARG,0.05339,0.05339,5.51,2.377
catalase_ps,pi_carbon,pi_carbon,B,129,,ARG,0.05242,0.05242,5.41,2.334
catalase_ps,pi_carbon,pi_carbon,D,163,,PHE,0.05158,0.05158,5.323,14.046
catalase_ps,pi_carbon,pi_carbon,D,291,,PHE,0.05158,0.05158,5.323,12.036
catalase_ps,pi_carbon,pi_carbon,B,153,,PHE,0.05158,0.05158,5.323,10.663
catalase_ps,pi_carbon,pi_carbon,B,65,,ARG,0.05112,0.05112,5.275,16.753
catalase_ps,pi_carbon,pi_carbon,B,369,,TYR,0.05085,0.05085,5.248,2.264
catalase_ps,hbond_donor,hbond_donor,A,247,,GLU,1.0,1.0,100.0,65.514
catalase_ps,hbond_donor,hbond_donor,C,501,,GLU,1.0,1.0,100.0,63.996
catalase_ps,hbond_donor,hbond_donor,D,225,,ASP,1.0,1.0,100.0,62.006
catalase_ps,hbond_donor,hbond_donor,D,501,,GLU,1.0,1.0,100.0,61.698
catalase_ps,hbond_donor,hbond_donor,B,247,,GLU,1.0,1.0,100.0,60.523
catalase_ps,hbond_donor,hbond_donor,C,289,,GLU,0.99998,0.99998,99.998,81.414
catalase_ps,hbond_donor,hbond_donor,C,247,,GLU,0.94268,0.94268,94.268,57.63
catalase_ps,hbond_donor,hbond_donor,A,435,,ASN,0.94082,0.94082,94.082,64.435
catalase_ps,hbond_donor,hbond_donor,B,289,,GLU,0.93965,0.93965,93.965,78.673
catalase_ps,hbond_donor,hbond_donor,A,501,,GLU,0.93475,0.93475,93.475,57.583
catalase_ps,hbond_donor,hbond_donor,A,3,,ASN,0.92656,0.92656,92.656,31.949
catalase_ps,hbond_donor,hbond_donor,A,286,,SER,0.9259,0.9259,92.59,80.448
catalase_ps,hbond_donor,hbond_donor,D,17,,GLN,0.91655,0.91655,91.655,46.151
catalase_ps,hbond_donor,hbond_donor,D,289,,GLU,0.90535,0.90535,90.535,76.969
catalase_ps,hbond_donor,hbond_donor,B,501,,GLU,0.90473,0.90473,90.473,55.755
catalase_ps,hbond_donor,hbond_donor,C,435,,ASN,0.90164,0.90164,90.164,52.749
catalase_ps,hbond_donor,hbond_donor,B,435,,ASN,0.9011,0.9011,90.11,62.817
catalase_ps,hbond_donor,hbond_donor,B,487,,GLU,0.89283,0.89283,89.283,56.091
catalase_ps,hbond_donor,hbond_donor,C,225,,ASP,0.89245,0.89245,89.245,52.004
catalase_ps,hbond_donor,hbond_donor,C,286,,SER,0.89186,0.89186,89.186,88.785
catalase_ps,hbond_donor,hbond_donor,D,247,,GLU,0.88426,0.88426,88.426,63.438
catalase_ps,hbond_donor,hbond_donor,C,272,,ASN,0.87965,0.87965,87.965,64.392
catalase_ps,hbond_donor,hbond_donor,D,227,,GLU,0.8754,0.8754,87.54,69.697
catalase_ps,hbond_donor,hbond_donor,D,435,,ASN,0.86881,0.86881,86.881,58.49
catalase_ps,hbond_donor,hbond_donor,C,306,,ASP,0.86237,0.86237,86.237,29.817
catalase_ps,hbond_donor,hbond_donor,B,395,,ASP,0.8597,0.8597,85.97,37.765
catalase_ps,hbond_donor,hbond_donor,B,306,,ASP,0.85704,0.85704,85.704,29.454
catalase_ps,hbond_donor,hbond_donor,A,289,,GLU,0.85627,0.85627,85.627,77.21
catalase_ps,hbond_donor,hbond_donor,B,225,,ASP,0.85454,0.85454,85.454,51.493
catalase_ps,hbond_donor,hbond_donor,B,286,,SER,0.85311,0.85311,85.311,86.495
catalase_ps,hbond_donor,hbond_donor,A,225,,ASP,0.84271,0.84271,84.271,51.301
catalase_ps,hbond_donor,hbond_donor,D,286,,SER,0.83952,0.83952,83.952,82.64
catalase_ps,hbond_donor,hbond_donor,B,272,,ASN,0.83771,0.83771,83.771,62.869
catalase_ps,hbond_donor,hbond_donor,B,453,,GLU,0.83644,0.83644,83.644,75.047
catalase_ps,hbond_donor,hbond_donor,A,453,,GLU,0.82973,0.82973,82.973,72.27
catalase_ps,hbond_donor,hbond_donor,C,3,,ASN,0.82351,0.82351,82.351,28.396
catalase_ps,hbond_donor,hbond_donor,D,3,,ASN,0.81025,0.81025,81.025,27.939
catalase_ps,hbond_donor,hbond_donor,B,412,,GLU,0.79182,0.79182,79.182,27.303
catalase_ps,hbond_donor,hbond_donor,D,453,,GLU,0.79,0.79,79.0,72.035
catalase_ps,hbond_donor,hbond_donor,A,306,,ASP,0.77981,0.77981,77.981,26.916
catalase_ps,hbond_donor,hbond_donor,A,272,,ASN,0.76735,0.76735,76.735,61.097
catalase_ps,hbond_donor,hbond_donor,C,17,,GLN,0.76009,0.76009,76.009,40.417
catalase_ps,hbond_donor,hbond_donor,A,497,,ASP,0.75298,0.75298,75.298,64.808
catalase_ps,hbond_donor,hbond_donor,B,3,,ASN,0.7466,0.7466,74.66,25.744
catalase_ps,hbond_donor,hbond_donor,A,490,,SER,0.74083,0.74083,74.083,54.042
catalase_ps,hbond_donor,hbond_donor,A,416,,SER,0.73856,0.73856,73.856,39.109
catalase_ps,hbond_donor,hbond_donor,D,306,,ASP,0.73581,0.73581,73.581,26.811
catalase_ps,hbond_donor,hbond_donor,D,395,,ASP,0.73532,0.73532,73.532,33.557
catalase_ps,hbond_donor,hbond_donor,C,452,,GLU,0.73454,0.73454,73.454,75.028
catalase_ps,hbond_donor,hbond_donor,B,490,,SER,0.73386,0.73386,73.386,70.798
catalase_ps,hbond_donor,hbond_donor,C,497,,ASP,0.73207,0.73207,73.207,54.757
catalase_ps,hbond_donor,hbond_donor,C,490,,SER,0.71906,0.71906,71.906,58.515
catalase_ps,hbond_donor,hbond_donor,C,227,,GLU,0.71691,0.71691,71.691,58.573
catalase_ps,hbond_donor,hbond_donor,D,272,,ASN,0.71365,0.71365,71.365,60.408
catalase_ps,hbond_donor,hbond_donor,B,497,,ASP,0.70974,0.70974,70.974,49.031
catalase_ps,hbond_donor,hbond_donor,A,21,,GLN,0.70962,0.70962,70.962,24.469
catalase_ps,hbond_donor,hbond_donor,B,227,,GLU,0.70939,0.70939,70.939,57.997
catalase_ps,hbond_donor,hbond_donor,A,227,,GLU,0.70736,0.70736,70.736,57.782
catalase_ps,hbond_donor,hbond_donor,C,453,,GLU,0.70635,0.70635,70.635,75.028
catalase_ps,hbond_donor,hbond_donor,D,497,,ASP,0.70391,0.70391,70.391,51.489
catalase_ps,hbond_donor,hbond_donor,B,452,,GLU,0.69077,0.69077,69.077,75.047
catalase_ps,hbond_donor,hbond_donor,B,17,,GLN,0.66477,0.66477,66.477,38.837
catalase_ps,hbond_donor,hbond_donor,C,432,,ASN,0.66174,0.66174,66.174,30.89
catalase_ps,hbond_donor,hbond_donor,A,17,,GLN,0.65902,0.65902,65.902,43.259
catalase_ps,hbond_donor,hbond_donor,D,490,,SER,0.65794,0.65794,65.794,52.784
catalase_ps,hbond_donor,hbond_donor,D,452,,GLU,0.64989,0.64989,64.989,72.035
catalase_ps,hbond_donor,hbond_donor,C,468,,ASP,0.64974,0.64974,64.974,22.404
catalase_ps,hbond_donor,hbond_donor,C,451,,ASN,0.64931,0.64931,64.931,75.028
catalase_ps,hbond_donor,hbond_donor,B,416,,SER,0.64574,0.64574,64.574,30.899
catalase_ps,hbond_donor,hbond_donor,D,468,,ASP,0.64449,0.64449,64.449,22.223
catalase_ps,hbond_donor,hbond_donor,B,451,,ASN,0.64139,0.64139,64.139,75.047
catalase_ps,hbond_donor,hbond_donor,C,89,,ASP,0.63625,0.63625,63.625,41.344
catalase_ps,hbond_donor,hbond_donor,C,412,,GLU,0.63161,0.63161,63.161,21.779
catalase_ps,hbond_donor,hbond_donor,D,432,,ASN,0.63087,0.63087,63.087,29.172
catalase_ps,hbond_donor,hbond_donor,A,452,,GLU,0.62361,0.62361,62.361,72.27
catalase_ps,hbond_donor,hbond_donor,D,451,,ASN,0.62134,0.62134,62.134,72.035
catalase_ps,hbond_donor,hbond_donor,D,412,,GLU,0.62088,0.62088,62.088,21.409
catalase_ps,hbond_donor,hbond_donor,C,483,,ASP,0.61966,0.61966,61.966,33.782
catalase_ps,hbond_donor,hbond_donor,A,444,,THR,0.61721,0.61721,61.721,24.747
catalase_ps,hbond_donor,hbond_donor,B,432,,ASN,0.61717,0.61717,61.717,28.638
catalase_ps,hbond_donor,hbond_donor,D,248,,ASP,0.61557,0.61557,61.557,63.438
catalase_ps,hbond_donor,hbond_donor,A,451,,ASN,0.61512,0.61512,61.512,72.27
catalase_ps,hbond_donor,hbond_donor,C,425,,SER,0.61484,0.61484,61.484,36.905
catalase_ps,hbond_donor,hbond_donor,C,440,,THR,0.61386,0.61386,61.386,26.431
catalase_ps,hbond_donor,hbond_donor,D,21,,GLN,0.61036,0.61036,61.036,21.046
catalase_ps,hbond_donor,hbond_donor,A,248,,ASP,0.60966,0.60966,60.966,65.514
catalase_ps,hbond_donor,hbond_donor,C,416,,SER,0.60822,0.60822,60.822,33.59
catalase_ps,hbond_donor,hbond_donor,D,378,,TYR,0.60793,0.60793,60.793,20.962
catalase_ps,hbond_donor,hbond_donor,A,89,,ASP,0.60734,0.60734,60.734,35.126
catalase_ps,hbond_donor,hbond_donor,B,255,,GLU,0.60686,0.60686,60.686,32.61
catalase_ps,hbond_donor,hbond_donor,C,255,,GLU,0.60652,0.60652,60.652,30.875
catalase_ps,hbond_donor,hbond_donor,B,16,,GLU,0.60382,0.60382,60.382,43.743
catalase_ps,hbond_donor,hbond_donor,D,416,,SER,0.60322,0.60322,60.322,30.896
catalase_ps,hbond_donor,hbond_donor,D,89,,ASP,0.60267,0.60267,60.267,35.011
catalase_ps,hbond_donor,hbond_donor,C,444,,THR,0.59814,0.59814,59.814,25.889
catalase_ps,hbond_donor,hbond_donor,A,16,,GLU,0.59555,0.59555,59.555,38.408
catalase_ps,hbond_donor,hbond_donor,B,444,,THR,0.59296,0.59296,59.296,24.657
catalase_ps,hbond_donor,hbond_donor,D,16,,GLU,0.59094,0.59094,59.094,46.151
catalase_ps,hbond_donor,hbond_donor,D,245,,SER,0.57232,0.57232,57.232,71.451
catalase_ps,hbond_donor,hbond_donor,A,432,,ASN,0.57218,0.57218,57.218,30.324
catalase_ps,hbond_donor,hbond_donor,C,21,,GLN,0.57111,0.57111,57.111,19.693
catalase_ps,hbond_donor,hbond_donor,B,89,,ASP,0.56601,0.56601,56.601,33.837
catalase_ps,hbond_donor,hbond_donor,B,378,,TYR,0.56464,0.56464,56.464,19.47
catalase_ps,hbond_donor,hbond_donor,A,468,,ASP,0.56442,0.56442,56.442,19.462
catalase_ps,hbond_donor,hbond_donor,D,444,,THR,0.56376,0.56376,56.376,23.622
catalase_ps,hbond_donor,hbond_donor,D,255,,GLU,0.56358,0.56358,56.358,29.328
catalase_ps,hbond_donor,hbond_donor,C,91,,THR,0.56277,0.56277,56.277,51.326
catalase_ps,hbond_donor,hbond_donor,A,412,,GLU,0.56099,0.56099,56.099,19.344
catalase_ps,hbond_donor,hbond_donor,C,16,,GLU,0.56011,0.56011,56.011,40.417
catalase_ps,hbond_donor,hbond_donor,C,378,,TYR,0.55664,0.55664,55.664,19.194
catalase_ps,hbond_donor,hbond_donor,C,248,,ASP,0.54925,0.54925,54.925,57.63
catalase_ps,hbond_donor,hbond_donor,D,483,,ASP,0.54676,0.54676,54.676,37.054
catalase_ps,hbond_donor,hbond_donor,A,100,,GLU,0.54557,0.54557,54.557,18.812
catalase_ps,hbond_donor,hbond_donor,A,378,,TYR,0.54379,0.54379,54.379,18.751
catalase_ps,hbond_donor,hbond_donor,B,284,,THR,0.54371,0.54371,54.371,65.02
catalase_ps,hbond_donor,hbond_donor,D,270,,THR,0.54219,0.54219,54.219,51.004
catalase_ps,hbond_donor,hbond_donor,B,248,,ASP,0.54008,0.54008,54.008,60.523
catalase_ps,hbond_donor,hbond_donor,C,284,,THR,0.53902,0.53902,53.902,67.678
catalase_ps,hbond_donor,hbond_donor,B,468,,ASP,0.53626,0.53626,53.626,18.491
catalase_ps,hbond_donor,hbond_donor,A,255,,GLU,0.53552,0.53552,53.552,26.89
catalase_ps,hbond_donor,hbond_donor,A,245,,SER,0.53032,0.53032,53.032,73.79
catalase_ps,hbond_donor,hbond_donor,A,483,,ASP,0.52051,0.52051,52.051,32.432
catalase_ps,hbond_donor,hbond_donor,C,493,,GLN,0.52036,0.52036,52.036,42.737
catalase_ps,hbond_donor,hbond_donor,B,21,,GLN,0.51906,0.51906,51.906,15.891
catalase_ps,hbond_donor,hbond_donor,C,270,,THR,0.51643,0.51643,51.643,56.25
catalase_ps,hbond_donor,hbond_donor,A,273,,TYR,0.50593,0.50593,50.593,58.31
catalase_ps,hbond_donor,hbond_donor,D,427,,ASP,0.50592,0.50592,50.592,34.399
catalase_ps,hbond_donor,hbond_donor,B,270,,THR,0.50129,0.50129,50.129,53.695
catalase_ps,hbond_donor,hbond_donor,A,270,,THR,0.49861,0.49861,49.861,43.652
catalase_ps,hbond_donor,hbond_donor,D,273,,TYR,0.49606,0.49606,49.606,52.39
catalase_ps,hbond_donor,hbond_donor,B,483,,ASP,0.49302,0.49302,49.302,36.588
catalase_ps,hbond_donor,hbond_donor,C,201,,ASP,0.4891,0.4891,48.91,19.525
catalase_ps,hbond_donor,hbond_donor,B,287,,GLU,0.48884,0.48884,48.884,86.495
catalase_ps,hbond_donor,hbond_donor,D,287,,GLU,0.48733,0.48733,48.733,82.64
catalase_ps,hbond_donor,hbond_donor,C,100,,GLU,0.4848,0.4848,48.48,16.717
catalase_ps,hbond_donor,hbond_donor,B,273,,TYR,0.48426,0.48426,48.426,59.646
catalase_ps,hbond_donor,hbond_donor,A,440,,THR,0.48396,0.48396,48.396,20.152
catalase_ps,hbond_donor,hbond_donor,A,460,,GLU,0.48335,0.48335,48.335,21.149
catalase_ps,hbond_donor,hbond_donor,B,425,,SER,0.48276,0.48276,48.276,29.357
catalase_ps,hbond_donor,hbond_donor,B,440,,THR,0.48213,0.48213,48.213,20.836
catalase_ps,hbond_donor,hbond_donor,C,273,,TYR,0.47135,0.47135,47.135,62.198
catalase_ps,hbond_donor,hbond_donor,C,287,,GLU,0.46925,0.46925,46.925,88.785
catalase_ps,hbond_donor,hbond_donor,C,395,,ASP,0.46912,0.46912,46.912,26.783
catalase_ps,hbond_donor,hbond_donor,D,100,,GLU,0.46868,0.46868,46.868,16.161
catalase_ps,hbond_donor,hbond_donor,D,460,,GLU,0.46743,0.46743,46.743,19.157
catalase_ps,hbond_donor,hbond_donor,D,284,,THR,0.46717,0.46717,46.717,61.86
catalase_ps,hbond_donor,hbond_donor,B,460,,GLU,0.46483,0.46483,46.483,18.453
catalase_ps,hbond_donor,hbond_donor,C,499,,TYR,0.46462,0.46462,46.462,89.239
catalase_ps,hbond_donor,hbond_donor,C,487,,GLU,0.45758,0.45758,45.758,40.572
catalase_ps,hbond_donor,hbond_donor,A,287,,GLU,0.45701,0.45701,45.701,80.448
catalase_ps,hbond_donor,hbond_donor,D,425,,SER,0.45545,0.45545,45.545,36.905
catalase_ps,hbond_donor,hbond_donor,C,318,,ASN,0.4528,0.4528,45.28,31.866
catalase_ps,hbond_donor,hbond_donor,B,436,,ASP,0.45227,0.45227,45.227,62.817
catalase_ps,hbond_donor,hbond_donor,A,429,,GLN,0.44956,0.44956,44.956,24.801
catalase_ps,hbond_donor,hbond_donor,B,427,,ASP,0.44769,0.44769,44.769,30.869
catalase_ps,hbond_donor,hbond_donor,D,487,,GLU,0.44493,0.44493,44.493,38.029
catalase_ps,hbond_donor,hbond_donor,B,100,,GLU,0.44196,0.44196,44.196,15.239
catalase_ps,hbond_donor,hbond_donor,C,85,,GLU,0.44082,0.44082,44.082,15.2
catalase_ps,hbond_donor,hbond_donor,C,460,,GLU,0.439,0.439,43.9,19.713
catalase_ps,hbond_donor,hbond_donor,D,440,,THR,0.43846,0.43846,43.846,19.302
catalase_ps,hbond_donor,hbond_donor,B,245,,SER,0.43686,0.43686,43.686,68.168
catalase_ps,hbond_donor,hbond_donor,A,487,,GLU,0.43515,0.43515,43.515,40.549
catalase_ps,hbond_donor,hbond_donor,D,499,,TYR,0.43308,0.43308,43.308,85.97
catalase_ps,hbond_donor,hbond_donor,D,493,,GLN,0.42793,0.42793,42.793,37.442
catalase_ps,hbond_donor,hbond_donor,B,493,,GLN,0.42652,0.42652,42.652,40.012
catalase_ps,hbond_donor,hbond_donor,B,482,,SER,0.42531,0.42531,42.531,36.588
catalase_ps,hbond_donor,hbond_donor,A,201,,ASP,0.42353,0.42353,42.353,16.821
catalase_ps,hbond_donor,hbond_donor,A,436,,ASP,0.42069,0.42069,42.069,64.435
catalase_ps,hbond_donor,hbond_donor,A,318,,ASN,0.41776,0.41776,41.776,31.85
catalase_ps,hbond_donor,hbond_donor,D,201,,ASP,0.41695,0.41695,41.695,17.393
catalase_ps,hbond_donor,hbond_donor,D,5,,ASP,0.41637,0.41637,41.637,21.549
catalase_ps,hbond_donor,hbond_donor,B,91,,THR,0.41529,0.41529,41.529,43.989
catalase_ps,hbond_donor,hbond_donor,D,91,,THR,0.4127,0.4127,41.27,43.673
catalase_ps,hbond_donor,hbond_donor,B,24,,ASP,0.4121,0.4121,41.21,14.21
catalase_ps,hbond_donor,hbond_donor,A,91,,THR,0.41136,0.41136,41.136,44.638
catalase_ps,hbond_donor,hbond_donor,B,318,,ASN,0.40783,0.40783,40.783,30.761
catalase_ps,hbond_donor,hbond_donor,D,414,,GLN,0.40598,0.40598,40.598,34.799
catalase_ps,hbond_donor,hbond_donor,D,436,,ASP,0.40561,0.40561,40.561,58.49
catalase_ps,hbond_donor,hbond_donor,A,24,,ASP,0.3996,0.3996,39.96,13.779
catalase_ps,hbond_donor,hbond_donor,A,482,,SER,0.39876,0.39876,39.876,36.528
catalase_ps,hbond_donor,hbond_donor,A,414,,GLN,0.39565,0.39565,39.565,39.109
catalase_ps,hbond_donor,hbond_donor,D,409,,SER,0.39528,0.39528,39.528,13.63
catalase_ps,hbond_donor,hbond_donor,A,499,,TYR,0.39249,0.39249,39.249,74.177
catalase_ps,hbond_donor,hbond_donor,C,500,,ASN,0.39133,0.39133,39.133,89.239
catalase_ps,hbond_donor,hbond_donor,A,493,,GLN,0.3913,0.3913,39.13,57.711
catalase_ps,hbond_donor,hbond_donor,C,245,,SER,0.39051,0.39051,39.051,64.909
catalase_ps,hbond_donor,hbond_donor,A,284,,THR,0.38862,0.38862,38.862,61.085
catalase_ps,hbond_donor,hbond_donor,D,419,,GLU,0.38695,0.38695,38.695,13.343
catalase_ps,hbond_donor,hbond_donor,D,85,,GLU,0.37967,0.37967,37.967,13.092
catalase_ps,hbond_donor,hbond_donor,A,279,,TYR,0.37678,0.37678,37.678,12.992
catalase_ps,hbond_donor,hbond_donor,D,482,,SER,0.37483,0.37483,37.483,37.054
catalase_ps,hbond_donor,hbond_donor,B,499,,TYR,0.37457,0.37457,37.457,71.23
catalase_ps,hbond_donor,hbond_donor,A,85,,GLU,0.37019,0.37019,37.019,12.765
catalase_ps,hbond_donor,hbond_donor,C,482,,SER,0.36972,0.36972,36.972,38.049
catalase_ps,hbond_donor,hbond_donor,A,425,,SER,0.36862,0.36862,36.862,29.357
catalase_ps,hbond_donor,hbond_donor,A,138,,GLU,0.368,0.368,36.8,18.504
catalase_ps,hbond_donor,hbond_donor,B,201,,ASP,0.36762,0.36762,36.762,16.694
catalase_ps,hbond_donor,hbond_donor,C,414,,GLN,0.36594,0.36594,36.594,33.59
catalase_ps,hbond_donor,hbond_donor,A,5,,ASP,0.36521,0.36521,36.521,22.846
catalase_ps,hbond_donor,hbond_donor,B,414,,GLN,0.36355,0.36355,36.355,34.802
catalase_ps,hbond_donor,hbond_donor,C,5,,ASP,0.36321,0.36321,36.321,21.535
catalase_ps,hbond_donor,hbond_donor,C,454,,GLN,0.36055,0.36055,36.055,84.505
catalase_ps,hbond_donor,hbond_donor,D,500,,ASN,0.35624,0.35624,35.624,85.97
catalase_ps,hbond_donor,hbond_donor,C,419,,GLU,0.34968,0.34968,34.968,12.057
catalase_ps,hbond_donor,hbond_donor,D,83,,TYR,0.34804,0.34804,34.804,12.001
catalase_ps,hbond_donor,hbond_donor,B,357,,TYR,0.34626,0.34626,34.626,19.217
catalase_ps,hbond_donor,hbond_donor,A,500,,ASN,0.34274,0.34274,34.274,83.547
catalase_ps,hbond_donor,hbond_donor,B,5,,ASP,0.33972,0.33972,33.972,22.59
catalase_ps,hbond_donor,hbond_donor,B,256,,ASP,0.33888,0.33888,33.888,44.676
catalase_ps,hbond_donor,hbond_donor,C,429,,GLN,0.33793,0.33793,33.793,11.652
catalase_ps,hbond_donor,hbond_donor,B,500,,ASN,0.33765,0.33765,33.765,71.23
catalase_ps,hbond_donor,hbond_donor,D,87,,THR,0.33517,0.33517,33.517,11.557
catalase_ps,hbond_donor,hbond_donor,B,85,,GLU,0.33488,0.33488,33.488,11.547
catalase_ps,hbond_donor,hbond_donor,C,427,,ASP,0.33412,0.33412,33.412,19.729
catalase_ps,hbond_donor,hbond_donor,A,395,,ASP,0.33296,0.33296,33.296,21.753
catalase_ps,hbond_donor,hbond_donor,A,87,,THR,0.33182,0.33182,33.182,11.442
catalase_ps,hbond_donor,hbond_donor,D,279,,TYR,0.32897,0.32897,32.897,11.343
catalase_ps,hbond_donor,hbond_donor,D,238,,ASP,0.32771,0.32771,32.771,24.515
catalase_ps,hbond_donor,hbond_donor,D,388,,ASP,0.32745,0.32745,32.745,13.367
catalase_ps,hbond_donor,hbond_donor,C,238,,ASP,0.32705,0.32705,32.705,27.864
catalase_ps,hbond_donor,hbond_donor,B,437,,ASP,0.32171,0.32171,32.171,64.007
catalase_ps,hbond_donor,hbond_donor,C,87,,THR,0.31928,0.31928,31.928,11.009
catalase_ps,hbond_donor,hbond_donor,C,279,,TYR,0.31827,0.31827,31.827,10.974
catalase_ps,hbond_donor,hbond_donor,C,24,,ASP,0.31695,0.31695,31.695,10.929
catalase_ps,hbond_donor,hbond_donor,B,8,,SER,0.31541,0.31541,31.541,24.581
catalase_ps,hbond_donor,hbond_donor,D,259,,TYR,0.31429,0.31429,31.429,30.983
catalase_ps,hbond_donor,hbond_donor,B,259,,TYR,0.31202,0.31202,31.202,25.906
catalase_ps,hbond_donor,hbond_donor,B,429,,GLN,0.31162,0.31162,31.162,26.182
catalase_ps,hbond_donor,hbond_donor,D,318,,ASN,0.30967,0.30967,30.967,27.783
catalase_ps,hbond_donor,hbond_donor,B,87,,THR,0.3028,0.3028,30.28,10.441
catalase_ps,hbond_donor,hbond_donor,D,429,,GLN,0.30174,0.30174,30.174,27.849
catalase_ps,hbond_donor,hbond_donor,C,275,,SER,0.30083,0.30083,30.083,21.65
catalase_ps,hbond_donor,hbond_donor,A,357,,TYR,0.30071,0.30071,30.071,17.147
catalase_ps,hbond_donor,hbond_donor,C,259,,TYR,0.29945,0.29945,29.945,24.407
catalase_ps,hbond_donor,hbond_donor,A,8,,SER,0.29735,0.29735,29.735,24.656
catalase_ps,hbond_donor,hbond_donor,A,437,,ASP,0.29697,0.29697,29.697,62.51
catalase_ps,hbond_donor,hbond_donor,B,93,,TYR,0.29444,0.29444,29.444,28.543
catalase_ps,hbond_donor,hbond_donor,B,419,,GLU,0.2939,0.2939,29.39,10.134
catalase_ps,hbond_donor,hbond_donor,A,454,,GLN,0.2922,0.2922,29.22,81.399
catalase_ps,hbond_donor,hbond_donor,C,83,,TYR,0.29185,0.29185,29.185,10.063
catalase_ps,hbond_donor,hbond_donor,C,371,,GLN,0.29181,0.29181,29.181,8.934
catalase_ps,hbond_donor,hbond_donor,D,454,,GLN,0.29175,0.29175,29.175,81.134
catalase_ps,hbond_donor,hbond_donor,C,119,,SER,0.29159,0.29159,29.159,37.803
catalase_ps,hbond_donor,hbond_donor,A,259,,TYR,0.2904,0.2904,29.04,26.971
catalase_ps,hbond_donor,hbond_donor,C,93,,TYR,0.28948,0.28948,28.948,32.467
catalase_ps,hbond_donor,hbond_donor,A,419,,GLU,0.28891,0.28891,28.891,9.962
catalase_ps,hbond_donor,hbond_donor,C,256,,ASP,0.28888,0.28888,28.888,40.238
catalase_ps,hbond_donor,hbond_donor,D,256,,ASP,0.28697,0.28697,28.697,42.313
catalase_ps,hbond_donor,hbond_donor,D,138,,GLU,0.28688,0.28688,28.688,15.911
catalase_ps,hbond_donor,hbond_donor,C,357,,TYR,0.28665,0.28665,28.665,17.095
catalase_ps,hbond_donor,hbond_donor,C,138,,GLU,0.28587,0.28587,28.587,16.577
catalase_ps,hbond_donor,hbond_donor,B,147,,ASN,0.28405,0.28405,28.405,19.093
catalase_ps,hbond_donor,hbond_donor,B,454,,GLN,0.28277,0.28277,28.277,84.527
catalase_ps,hbond_donor,hbond_donor,A,409,,SER,0.2819,0.2819,28.19,9.72
catalase_ps,hbond_donor,hbond_donor,B,279,,TYR,0.28149,0.28149,28.149,9.706
catalase_ps,hbond_donor,hbond_donor,A,83,,TYR,0.2801,0.2801,28.01,9.658
catalase_ps,hbond_donor,hbond_donor,D,437,,ASP,0.27856,0.27856,27.856,58.891
catalase_ps,hbond_donor,hbond_donor,C,147,,ASN,0.27836,0.27836,27.836,16.232
catalase_ps,hbond_donor,hbond_donor,D,24,,ASP,0.27821,0.27821,27.821,9.593
catalase_ps,hbond_donor,hbond_donor,A,93,,TYR,0.27586,0.27586,27.586,28.029
catalase_ps,hbond_donor,hbond_donor,B,388,,ASP,0.27296,0.27296,27.296,9.412
catalase_ps,hbond_donor,hbond_donor,D,57,,THR,0.27293,0.27293,27.293,19.281
catalase_ps,hbond_donor,hbond_donor,D,357,,TYR,0.27148,0.27148,27.148,17.047
catalase_ps,hbond_donor,hbond_donor,B,83,,TYR,0.27061,0.27061,27.061,9.331
catalase_ps,hbond_donor,hbond_donor,A,427,,ASP,0.26971,0.26971,26.971,32.217
catalase_ps,hbond_donor,hbond_donor,A,119,,SER,0.26929,0.26929,26.929,34.486
catalase_ps,hbond_donor,hbond_donor,D,147,,ASN,0.26838,0.26838,26.838,16.503
catalase_ps,hbond_donor,hbond_donor,B,138,,GLU,0.26648,0.26648,26.648,14.076
catalase_ps,hbond_donor,hbond_donor,D,119,,SER,0.26482,0.26482,26.482,35.788
catalase_ps,hbond_donor,hbond_donor,A,238,,ASP,0.26472,0.26472,26.472,22.697
catalase_ps,hbond_donor,hbond_donor,B,243,,ASN,0.26441,0.26441,26.441,15.837
catalase_ps,hbond_donor,hbond_donor,C,8,,SER,0.26133,0.26133,26.133,21.535
catalase_ps,hbond_donor,hbond_donor,C,436,,ASP,0.25921,0.25921,25.921,46.803
catalase_ps,hbond_donor,hbond_donor,C,57,,THR,0.25846,0.25846,25.846,16.903
catalase_ps,hbond_donor,hbond_donor,D,371,,GLN,0.25802,0.25802,25.802,7.899
catalase_ps,hbond_donor,hbond_donor,B,119,,SER,0.25721,0.25721,25.721,36.381
catalase_ps,hbond_donor,hbond_donor,A,388,,ASP,0.25196,0.25196,25.196,10.609
catalase_ps,hbond_donor,hbond_donor,C,388,,ASP,0.25196,0.25196,25.196,10.609
catalase_ps,hbond_donor,hbond_donor,D,93,,TYR,0.2512,0.2512,25.12,28.064
catalase_ps,hbond_donor,hbond_donor,C,409,,SER,0.24762,0.24762,24.762,16.788
catalase_ps,hbond_donor,hbond_donor,B,36,,ASP,0.24738,0.24738,24.738,8.53
catalase_ps,hbond_donor,hbond_donor,B,327,,GLU,0.24557,0.24557,24.557,11.177
catalase_ps,hbond_donor,hbond_donor,D,275,,SER,0.24448,0.24448,24.448,19.73
catalase_ps,hbond_donor,hbond_donor,A,266,,ASN,0.24446,0.24446,24.446,14.247
catalase_ps,hbond_donor,hbond_donor,A,256,,ASP,0.24431,0.24431,24.431,38.935
catalase_ps,hbond_donor,hbond_donor,A,58,,ASP,0.24288,0.24288,24.288,18.502
catalase_ps,hbond_donor,hbond_donor,C,172,,GLN,0.24213,0.24213,24.213,11.059
catalase_ps,hbond_donor,hbond_donor,B,57,,THR,0.24198,0.24198,24.198,18.721
catalase_ps,hbond_donor,hbond_donor,A,172,,GLN,0.23975,0.23975,23.975,10.204
catalase_ps,hbond_donor,hbond_donor,C,407,,SER,0.23926,0.23926,23.926,16.788
catalase_ps,hbond_donor,hbond_donor,D,422,,THR,0.23805,0.23805,23.805,19.729
catalase_ps,hbond_donor,hbond_donor,A,147,,ASN,0.23792,0.23792,23.792,15.047
catalase_ps,hbond_donor,hbond_donor,D,397,,GLN,0.23786,0.23786,23.786,33.557
catalase_ps,hbond_donor,hbond_donor,A,397,,GLN,0.23739,0.23739,23.739,21.753
catalase_ps,hbond_donor,hbond_donor,C,397,,GLN,0.23683,0.23683,23.683,26.783
catalase_ps,hbond_donor,hbond_donor,B,397,,GLN,0.23552,0.23552,23.552,37.765
catalase_ps,hbond_donor,hbond_donor,C,266,,ASN,0.23524,0.23524,23.524,32.685
catalase_ps,hbond_donor,hbond_donor,A,275,,SER,0.23229,0.23229,23.229,17.138
catalase_ps,hbond_donor,hbond_donor,D,58,,ASP,0.23047,0.23047,23.047,19.281
catalase_ps,hbond_donor,hbond_donor,B,275,,SER,0.22979,0.22979,22.979,15.173
catalase_ps,hbond_donor,hbond_donor,B,263,,ASP,0.22905,0.22905,22.905,15.422
catalase_ps,hbond_donor,hbond_donor,A,371,,GLN,0.22738,0.22738,22.738,6.961
catalase_ps,hbond_donor,hbond_donor,C,36,,ASP,0.22647,0.22647,22.647,7.809
catalase_ps,hbond_donor,hbond_donor,B,409,,SER,0.22619,0.22619,22.619,12.178
catalase_ps,hbond_donor,hbond_donor,D,172,,GLN,0.2241,0.2241,22.41,9.992
catalase_ps,hbond_donor,hbond_donor,A,407,,SER,0.22404,0.22404,22.404,7.725
catalase_ps,hbond_donor,hbond_donor,D,327,,GLU,0.22364,0.22364,22.364,9.649
catalase_ps,hbond_donor,hbond_donor,B,172,,GLN,0.22364,0.22364,22.364,7.711
catalase_ps,hbond_donor,hbond_donor,D,266,,ASN,0.22334,0.22334,22.334,33.389
catalase_ps,hbond_donor,hbond_donor,D,360,,THR,0.22291,0.22291,22.291,15.135
catalase_ps,hbond_donor,hbond_donor,A,57,,THR,0.22149,0.22149,22.149,18.502
catalase_ps,hbond_donor,hbond_donor,B,266,,ASN,0.2182,0.2182,21.82,32.707
catalase_ps,hbond_donor,hbond_donor,B,58,,ASP,0.2173,0.2173,21.73,18.721
catalase_ps,hbond_donor,hbond_donor,B,422,,THR,0.21505,0.21505,21.505,16.715
catalase_ps,hbond_donor,hbond_donor,B,277,,THR,0.21296,0.21296,21.296,7.343
catalase_ps,hbond_donor,hbond_donor,B,167,,GLN,0.21264,0.21264,21.264,6.51
catalase_ps,hbond_donor,hbond_donor,C,58,,ASP,0.21197,0.21197,21.197,19.038
catalase_ps,hbond_donor,hbond_donor,B,360,,THR,0.21104,0.21104,21.104,17.061
catalase_ps,hbond_donor,hbond_donor,B,118,,GLU,0.21056,0.21056,21.056,31.658
catalase_ps,hbond_donor,hbond_donor,A,277,,THR,0.21037,0.21037,21.037,7.254
catalase_ps,hbond_donor,hbond_donor,C,277,,THR,0.21037,0.21037,21.037,7.254
catalase_ps,hbond_donor,hbond_donor,B,238,,ASP,0.21023,0.21023,21.023,20.533
catalase_ps,hbond_donor,hbond_donor,A,433,,SER,0.21021,0.21021,21.021,73.925
catalase_ps,hbond_donor,hbond_donor,C,360,,THR,0.20911,0.20911,20.911,15.177
catalase_ps,hbond_donor,hbond_donor,B,52,,GLN,0.20909,0.20909,20.909,7.21
catalase_ps,hbond_donor,hbond_donor,D,8,,SER,0.20858,0.20858,20.858,23.413
catalase_ps,hbond_donor,hbond_donor,C,470,,GLN,0.20798,0.20798,20.798,7.171
catalase_ps,hbond_donor,hbond_donor,A,461,,ASN,0.20746,0.20746,20.746,23.117
catalase_ps,hbond_donor,hbond_donor,B,127,,ASP,0.20672,0.20672,20.672,7.128
catalase_ps,hbond_donor,hbond_donor,B,371,,GLN,0.20648,0.20648,20.648,7.878
catalase_ps,hbond_donor,hbond_donor,A,470,,GLN,0.20583,0.20583,20.583,7.097
catalase_ps,hbond_donor,hbond_donor,D,52,,GLN,0.20503,0.20503,20.503,7.07
catalase_ps,hbond_donor,hbond_donor,C,461,,ASN,0.20491,0.20491,20.491,22.074
catalase_ps,hbond_donor,hbond_donor,A,243,,ASN,0.20415,0.20415,20.415,12.696
catalase_ps,hbond_donor,hbond_donor,D,243,,ASN,0.2032,0.2032,20.32,12.46
catalase_ps,hbond_donor,hbond_donor,D,263,,ASP,0.2028,0.2028,20.28,25.531
catalase_ps,hbond_donor,hbond_donor,D,167,,GLN,0.20227,0.20227,20.227,6.975
catalase_ps,hbond_donor,hbond_donor,A,36,,ASP,0.20031,0.20031,20.031,6.907
catalase_ps,hbond_donor,hbond_donor,C,121,,SER,0.19999,0.19999,19.999,27.147
catalase_ps,hbond_donor,hbond_donor,B,294,,ASN,0.19932,0.19932,19.932,6.873
catalase_ps,hbond_donor,hbond_donor,A,52,,GLN,0.19863,0.19863,19.863,6.849
catalase_ps,hbond_donor,hbond_donor,D,294,,ASN,0.1976,0.1976,19.76,6.814
catalase_ps,hbond_donor,hbond_donor,A,360,,THR,0.19657,0.19657,19.657,15.224
catalase_ps,hbond_donor,hbond_donor,C,437,,ASP,0.19648,0.19648,19.648,51.134
catalase_ps,hbond_donor,hbond_donor,C,263,,ASP,0.19622,0.19622,19.622,14.877
catalase_ps,hbond_donor,hbond_donor,C,139,,ASP,0.19489,0.19489,19.489,17.673
catalase_ps,hbond_donor,hbond_donor,B,206,,ASP,0.19489,0.19489,19.489,14.061
catalase_ps,hbond_donor,hbond_donor,C,329,,GLU,0.19268,0.19268,19.268,6.644
catalase_ps,hbond_donor,hbond_donor,D,470,,GLN,0.19238,0.19238,19.238,6.634
catalase_ps,hbond_donor,hbond_donor,D,36,,ASP,0.19173,0.19173,19.173,6.611
catalase_ps,hbond_donor,hbond_donor,A,294,,ASN,0.19095,0.19095,19.095,6.584
catalase_ps,hbond_donor,hbond_donor,C,422,,THR,0.18996,0.18996,18.996,23.995
catalase_ps,hbond_donor,hbond_donor,C,167,,GLN,0.1868,0.1868,18.68,6.441
catalase_ps,hbond_donor,hbond_donor,D,407,,SER,0.18518,0.18518,18.518,6.385
catalase_ps,hbond_donor,hbond_donor,D,121,,SER,0.18367,0.18367,18.367,25.922
catalase_ps,hbond_donor,hbond_donor,B,438,,ASN,0.18119,0.18119,18.119,19.434
catalase_ps,hbond_donor,hbond_donor,C,239,,GLN,0.18021,0.18021,18.021,17.491
catalase_ps,hbond_donor,hbond_donor,A,337,,ASN,0.17929,0.17929,17.929,9.379
catalase_ps,hbond_donor,hbond_donor,B,470,,GLN,0.17852,0.17852,17.852,6.156
catalase_ps,hbond_donor,hbond_donor,A,329,,GLU,0.17626,0.17626,17.626,6.078
catalase_ps,hbond_donor,hbond_donor,D,329,,GLU,0.17626,0.17626,17.626,6.078
catalase_ps,hbond_donor,hbond_donor,D,139,,ASP,0.17456,0.17456,17.456,19.875
catalase_ps,hbond_donor,hbond_donor,C,433,,SER,0.17246,0.17246,17.246,59.854
catalase_ps,hbond_donor,hbond_donor,C,52,,GLN,0.17081,0.17081,17.081,5.89
catalase_ps,hbond_donor,hbond_donor,C,294,,ASN,0.16983,0.16983,16.983,5.856
catalase_ps,hbond_donor,hbond_donor,A,263,,ASP,0.16873,0.16873,16.873,23.951
catalase_ps,hbond_donor,hbond_donor,A,139,,ASP,0.16864,0.16864,16.864,21.411
catalase_ps,hbond_donor,hbond_donor,B,214,,TYR,0.16501,0.16501,16.501,23.205
catalase_ps,hbond_donor,hbond_donor,B,343,,GLU,0.16432,0.16432,16.432,5.666
catalase_ps,hbond_donor,hbond_donor,A,206,,ASP,0.16406,0.16406,16.406,12.696
catalase_ps,hbond_donor,hbond_donor,A,118,,GLU,0.16274,0.16274,16.274,29.06
catalase_ps,hbond_donor,hbond_donor,C,243,,ASN,0.16257,0.16257,16.257,9.43
catalase_ps,hbond_donor,hbond_donor,A,239,,GLN,0.16122,0.16122,16.122,14.687
catalase_ps,hbond_donor,hbond_donor,A,343,,GLU,0.16034,0.16034,16.034,5.529
catalase_ps,hbond_donor,hbond_donor,B,121,,SER,0.15875,0.15875,15.875,28.499
catalase_ps,hbond_donor,hbond_donor,D,461,,ASN,0.15832,0.15832,15.832,21.577
catalase_ps,hbond_donor,hbond_donor,D,206,,ASP,0.15814,0.15814,15.814,12.46
catalase_ps,hbond_donor,hbond_donor,A,167,,GLN,0.15763,0.15763,15.763,5.435
catalase_ps,hbond_donor,hbond_donor,D,118,,GLU,0.15737,0.15737,15.737,30.176
catalase_ps,hbond_donor,hbond_donor,B,329,,GLU,0.15636,0.15636,15.636,5.392
catalase_ps,hbond_donor,hbond_donor,A,28,,THR,0.15633,0.15633,15.633,8.719
catalase_ps,hbond_donor,hbond_donor,B,239,,GLN,0.15547,0.15547,15.547,12.61
catalase_ps,hbond_donor,hbond_donor,D,438,,ASN,0.15493,0.15493,15.493,14.947
catalase_ps,hbond_donor,hbond_donor,A,438,,ASN,0.15439,0.15439,15.439,15.564
catalase_ps,hbond_donor,hbond_donor,D,480,,ASN,0.15302,0.15302,15.302,32.899
catalase_ps,hbond_donor,hbond_donor,C,441,,GLN,0.15267,0.15267,15.267,47.056
catalase_ps,hbond_donor,hbond_donor,C,343,,GLU,0.15187,0.15187,15.187,5.237
catalase_ps,hbond_donor,hbond_donor,C,70,,GLU,0.15042,0.15042,15.042,5.187
catalase_ps,hbond_donor,hbond_donor,D,223,,ASN,0.15,0.15,15.0,78.5
catalase_ps,hbond_donor,hbond_donor,D,343,,GLU,0.14941,0.14941,14.941,5.152
catalase_ps,hbond_donor,hbond_donor,D,337,,ASN,0.14883,0.14883,14.883,8.531
catalase_ps,hbond_donor,hbond_donor,C,337,,ASN,0.14851,0.14851,14.851,7.785
catalase_ps,hbond_donor,hbond_donor,A,327,,GLU,0.14847,0.14847,14.847,7.384
catalase_ps,hbond_donor,hbond_donor,D,214,,TYR,0.14758,0.14758,14.758,19.876
catalase_ps,hbond_donor,hbond_donor,D,277,,THR,0.14705,0.14705,14.705,5.07
catalase_ps,hbond_donor,hbond_donor,B,433,,SER,0.14667,0.14667,14.667,73.004
catalase_ps,hbond_donor,hbond_donor,A,121,,SER,0.14591,0.14591,14.591,26.261
catalase_ps,hbond_donor,hbond_donor,B,28,,THR,0.14513,0.14513,14.513,9.227
catalase_ps,hbond_donor,hbond_donor,C,127,,ASP,0.1444,0.1444,14.44,4.421
catalase_ps,hbond_donor,hbond_donor,B,337,,ASN,0.14358,0.14358,14.358,8.969
catalase_ps,hbond_donor,hbond_donor,D,433,,SER,0.1433,0.1433,14.33,64.916
catalase_ps,hbond_donor,hbond_donor,B,480,,ASN,0.14276,0.14276,14.276,36.588
catalase_ps,hbond_donor,hbond_donor,B,139,,ASP,0.14173,0.14173,14.173,16.586
catalase_ps,hbond_donor,hbond_donor,A,214,,TYR,0.14151,0.14151,14.151,19.778
catalase_ps,hbond_donor,hbond_donor,C,214,,TYR,0.14113,0.14113,14.113,19.987
catalase_ps,hbond_donor,hbond_donor,A,480,,ASN,0.14009,0.14009,14.009,32.432
catalase_ps,hbond_donor,hbond_donor,D,307,,TYR,0.13997,0.13997,13.997,26.811
catalase_ps,hbond_donor,hbond_donor,D,239,,GLN,0.13877,0.13877,13.877,16.085
catalase_ps,hbond_donor,hbond_donor,B,461,,ASN,0.13791,0.13791,13.791,20.783
catalase_ps,hbond_donor,hbond_donor,A,216,,SER,0.1372,0.1372,13.72,9.61
catalase_ps,hbond_donor,hbond_donor,C,118,,GLU,0.13697,0.13697,13.697,30.542
catalase_ps,hbond_donor,hbond_donor,A,422,,THR,0.13593,0.13593,13.593,20.124
catalase_ps,hbond_donor,hbond_donor,B,70,,GLU,0.1345,0.1345,13.45,4.638
catalase_ps,hbond_donor,hbond_donor,B,386,,GLN,0.13415,0.13415,13.415,7.188
catalase_ps,hbond_donor,hbond_donor,D,386,,GLN,0.12978,0.12978,12.978,6.69
catalase_ps,hbond_donor,hbond_donor,A,320,,ASN,0.12976,0.12976,12.976,4.474
catalase_ps,hbond_donor,hbond_donor,C,320,,ASN,0.129,0.129,12.9,4.448
catalase_ps,hbond_donor,hbond_donor,B,407,,SER,0.12698,0.12698,12.698,12.178
catalase_ps,hbond_donor,hbond_donor,A,223,,ASN,0.12566,0.12566,12.566,67.294
catalase_ps,hbond_donor,hbond_donor,C,404,,TYR,0.12563,0.12563,12.563,4.332
catalase_ps,hbond_donor,hbond_donor,C,438,,ASN,0.1256,0.1256,12.56,11.106
catalase_ps,hbond_donor,hbond_donor,A,70,,GLU,0.12553,0.12553,12.553,4.328
catalase_ps,hbond_donor,hbond_donor,D,70,,GLU,0.12553,0.12553,12.553,4.328
catalase_ps,hbond_donor,hbond_donor,C,386,,GLN,0.12353,0.12353,12.353,6.101
catalase_ps,hbond_donor,hbond_donor,D,28,,THR,0.12338,0.12338,12.338,8.86
catalase_ps,hbond_donor,hbond_donor,D,404,,TYR,0.12331,0.12331,12.331,4.252
catalase_ps,hbond_donor,hbond_donor,D,123,,ASP,0.12282,0.12282,12.282,7.493
catalase_ps,hbond_donor,hbond_donor,A,123,,ASP,0.12282,0.12282,12.282,6.95
catalase_ps,hbond_donor,hbond_donor,B,32,,ASN,0.12246,0.12246,12.246,15.246
catalase_ps,hbond_donor,hbond_donor,B,441,,GLN,0.12213,0.12213,12.213,41.282
catalase_ps,hbond_donor,hbond_donor,D,441,,GLN,0.12131,0.12131,12.131,38.741
catalase_ps,hbond_donor,hbond_donor,D,320,,ASN,0.11999,0.11999,11.999,4.137
catalase_ps,hbond_donor,hbond_donor,B,216,,SER,0.11925,0.11925,11.925,9.802
catalase_ps,hbond_donor,hbond_donor,C,28,,THR,0.11811,0.11811,11.811,9.684
catalase_ps,hbond_donor,hbond_donor,B,223,,ASN,0.11805,0.11805,11.805,68.15
catalase_ps,hbond_donor,hbond_donor,B,200,,SER,0.11652,0.11652,11.652,16.694
catalase_ps,hbond_donor,hbond_donor,B,336,,SER,0.11652,0.11652,11.652,8.969
catalase_ps,hbond_donor,hbond_donor,C,480,,ASN,0.11408,0.11408,11.408,33.782
catalase_ps,hbond_donor,hbond_donor,A,127,,ASP,0.11223,0.11223,11.223,3.436
catalase_ps,hbond_donor,hbond_donor,D,127,,ASP,0.11223,0.11223,11.223,3.436
catalase_ps,hbond_donor,hbond_donor,C,307,,TYR,0.11157,0.11157,11.157,29.817
catalase_ps,hbond_donor,hbond_donor,A,402,,ASN,0.11114,0.11114,11.114,3.832
catalase_ps,hbond_donor,hbond_donor,C,206,,ASP,0.1109,0.1109,11.09,9.43
catalase_ps,hbond_donor,hbond_donor,C,216,,SER,0.10891,0.10891,10.891,8.622
catalase_ps,hbond_donor,hbond_donor,A,404,,TYR,0.1082,0.1082,10.82,3.731
catalase_ps,hbond_donor,hbond_donor,B,212,,ASP,0.10574,0.10574,10.574,7.255
catalase_ps,hbond_donor,hbond_donor,B,307,,TYR,0.10506,0.10506,10.506,29.454
catalase_ps,hbond_donor,hbond_donor,B,148,,ASN,0.10466,0.10466,10.466,22.739
catalase_ps,hbond_donor,hbond_donor,A,386,,GLN,0.10399,0.10399,10.399,5.39
catalase_ps,hbond_donor,hbond_donor,B,123,,ASP,0.10116,0.10116,10.116,6.95
catalase_ps,hbond_donor,hbond_donor,A,441,,GLN,0.10048,0.10048,10.048,41.435
catalase_ps,hbond_donor,hbond_donor,B,258,,ASP,0.1004,0.1004,10.04,29.394
catalase_ps,hbond_donor,hbond_donor,A,307,,TYR,0.09938,0.09938,9.938,26.916
catalase_ps,hbond_donor,hbond_donor,D,336,,SER,0.09857,0.09857,9.857,8.531
catalase_ps,hbond_donor,hbond_donor,D,216,,SER,0.09782,0.09782,9.782,8.462
catalase_ps,hbond_donor,hbond_donor,D,39,,ASN,0.09705,0.09705,9.705,23.076
catalase_ps,hbond_donor,hbond_donor,A,32,,ASN,0.09653,0.09653,9.653,15.439
catalase_ps,hbond_donor,hbond_donor,B,320,,ASN,0.09651,0.09651,9.651,3.328
catalase_ps,hbond_donor,hbond_donor,C,474,,GLN,0.09465,0.09465,9.465,3.264
catalase_ps,hbond_donor,hbond_donor,D,258,,ASP,0.09448,0.09448,9.448,28.225
catalase_ps,hbond_donor,hbond_donor,D,402,,ASN,0.09371,0.09371,9.371,3.231
catalase_ps,hbond_donor,hbond_donor,A,336,,SER,0.0927,0.0927,9.27,9.379
catalase_ps,hbond_donor,hbond_donor,C,32,,ASN,0.09148,0.09148,9.148,15.499
catalase_ps,hbond_donor,hbond_donor,C,402,,ASN,0.09076,0.09076,9.076,3.13
catalase_ps,hbond_donor,hbond_donor,C,223,,ASN,0.08932,0.08932,8.932,68.555
catalase_ps,hbond_donor,hbond_donor,A,212,,ASP,0.08924,0.08924,8.924,5.041
catalase_ps,hbond_donor,hbond_donor,D,200,,SER,0.08748,0.08748,8.748,17.393
catalase_ps,hbond_donor,hbond_donor,C,327,,GLU,0.08617,0.08617,8.617,2.971
catalase_ps,hbond_donor,hbond_donor,B,402,,ASN,0.08572,0.08572,8.572,2.956
catalase_ps,hbond_donor,hbond_donor,B,230,,TYR,0.08421,0.08421,8.421,2.904
catalase_ps,hbond_donor,hbond_donor,B,59,,GLU,0.08364,0.08364,8.364,18.721
catalase_ps,hbond_donor,hbond_donor,C,177,,ASP,0.08274,0.08274,8.274,2.853
catalase_ps,hbond_donor,hbond_donor,C,59,,GLU,0.08169,0.08169,8.169,19.038
catalase_ps,hbond_donor,hbond_donor,D,32,,ASN,0.08012,0.08012,8.012,13.747
catalase_ps,hbond_donor,hbond_donor,D,212,,ASP,0.0794,0.0794,7.94,4.898
catalase_ps,hbond_donor,hbond_donor,A,230,,TYR,0.07892,0.07892,7.892,2.721
catalase_ps,hbond_donor,hbond_donor,A,258,,ASP,0.07874,0.07874,7.874,25.388
catalase_ps,hbond_donor,hbond_donor,B,324,,TYR,0.07858,0.07858,7.858,19.526
catalase_ps,hbond_donor,hbond_donor,D,230,,TYR,0.07815,0.07815,7.815,2.695
catalase_ps,hbond_donor,hbond_donor,C,336,,SER,0.07725,0.07725,7.725,7.785
catalase_ps,hbond_donor,hbond_donor,C,200,,SER,0.07714,0.07714,7.714,19.525
catalase_ps,hbond_donor,hbond_donor,C,212,,ASP,0.07616,0.07616,7.616,4.393
catalase_ps,hbond_donor,hbond_donor,B,404,,TYR,0.07439,0.07439,7.439,2.565
catalase_ps,hbond_donor,hbond_donor,B,384,,ASN,0.07431,0.07431,7.431,9.031
catalase_ps,hbond_donor,hbond_donor,D,9,,ASP,0.07349,0.07349,7.349,9.726
catalase_ps,hbond_donor,hbond_donor,A,59,,GLU,0.07221,0.07221,7.221,18.502
catalase_ps,hbond_donor,hbond_donor,A,39,,ASN,0.07184,0.07184,7.184,24.23
catalase_ps,hbond_donor,hbond_donor,C,27,,THR,0.07127,0.07127,7.127,11.489
catalase_ps,hbond_donor,hbond_donor,C,396,,ASN,0.0708,0.0708,7.08,26.783
catalase_ps,hbond_donor,hbond_donor,C,258,,ASP,0.06891,0.06891,6.891,24.407
catalase_ps,hbond_donor,hbond_donor,C,113,,SER,0.06854,0.06854,6.854,2.363
catalase_ps,hbond_donor,hbond_donor,D,474,,GLN,0.06841,0.06841,6.841,2.359
catalase_ps,hbond_donor,hbond_donor,C,39,,ASN,0.06669,0.06669,6.669,23.58
catalase_ps,hbond_donor,hbond_donor,A,177,,ASP,0.06633,0.06633,6.633,2.287
catalase_ps,hbond_donor,hbond_donor,A,324,,TYR,0.06568,0.06568,6.568,15.111
catalase_ps,hbond_donor,hbond_donor,D,136,,TYR,0.06529,0.06529,6.529,2.251
catalase_ps,hbond_donor,hbond_donor,A,200,,SER,0.0643,0.0643,6.43,16.821
catalase_ps,hbond_donor,hbond_donor,D,384,,ASN,0.06423,0.06423,6.423,6.69
catalase_ps,hbond_donor,hbond_donor,D,148,,ASN,0.06264,0.06264,6.264,19.241
catalase_ps,hbond_donor,hbond_donor,C,230,,TYR,0.0626,0.0626,6.26,18.418
catalase_ps,hbond_donor,hbond_donor,B,113,,SER,0.06169,0.06169,6.169,2.127
catalase_ps,hbond_donor,hbond_donor,B,39,,ASN,0.06165,0.06165,6.165,24.944
catalase_ps,hbond_donor,hbond_donor,B,190,,GLU,0.06071,0.06071,6.071,8.341
catalase_ps,hbond_donor,hbond_donor,A,396,,ASN,0.06051,0.06051,6.051,21.753
catalase_ps,hbond_donor,hbond_donor,B,66,,GLU,0.0602,0.0602,6.02,13.367
catalase_ps,hbond_donor,hbond_donor,B,9,,ASP,0.05774,0.05774,5.774,12.867
catalase_ps,hbond_donor,hbond_donor,A,148,,ASN,0.05695,0.05695,5.695,18.124
catalase_ps,hbond_donor,hbond_donor,D,177,,ASP,0.05649,0.05649,5.649,1.948
catalase_ps,hbond_donor,hbond_donor,D,324,,TYR,0.05619,0.05619,5.619,17.916
catalase_ps,hbond_donor,hbond_donor,D,59,,GLU,0.05578,0.05578,5.578,19.281
catalase_ps,hbond_donor,hbond_donor,A,66,,GLU,0.05572,0.05572,5.572,10.609
catalase_ps,hbond_donor,hbond_donor,C,66,,GLU,0.05572,0.05572,5.572,10.609
catalase_ps,hbond_donor,hbond_donor,A,113,,SER,0.05483,0.05483,5.483,1.891
catalase_ps,hbond_donor,hbond_donor,D,113,,SER,0.05483,0.05483,5.483,1.891
catalase_ps,hbond_donor,hbond_donor,D,27,,THR,0.05345,0.05345,5.345,11.422
catalase_ps,hbond_donor,hbond_donor,C,384,,ASN,0.0534,0.0534,5.34,6.101
catalase_ps,hbond_donor,hbond_donor,A,9,,ASP,0.05249,0.05249,5.249,12.063
catalase_ps,hbond_donor,hbond_donor,A,384,,ASN,0.05233,0.05233,5.233,7.848
catalase_ps,hbond_donor,hbond_donor,B,474,,GLN,0.05154,0.05154,5.154,1.777
catalase_ps,hbond_donor,hbond_donor,C,148,,ASN,0.05125,0.05125,5.125,18.858
catalase_ps,hbond_donor,hbond_donor,B,369,,TYR,0.05085,0.05085,5.085,7.878
catalase_ps,hbond_donor,hbond_donor,C,123,,ASP,0.05058,0.05058,5.058,14.446
catalase_ps,hbond_acceptor,hbond_acceptor,B,22,,LYS,0.96978,0.96901,100.0,42.49
catalase_ps,hbond_acceptor,hbond_acceptor,A,286,,SER,0.9259,0.9259,95.551,43.608
catalase_ps,hbond_acceptor,hbond_acceptor,C,286,,SER,0.89186,0.89186,92.038,47.468
catalase_ps,hbond_acceptor,hbond_acceptor,C,498,,LYS,0.86995,0.86926,89.706,28.837
catalase_ps,hbond_acceptor,hbond_acceptor,D,448,,LYS,0.86981,0.86912,89.691,62.831
catalase_ps,hbond_acceptor,hbond_acceptor,D,498,,LYS,0.86925,0.86856,89.634,28.814
catalase_ps,hbond_acceptor,hbond_acceptor,C,448,,LYS,0.8691,0.86841,89.618,64.291
catalase_ps,hbond_acceptor,hbond_acceptor,A,448,,LYS,0.8684,0.867711,89.546,64.666
catalase_ps,hbond_acceptor,hbond_acceptor,D,475,,LYS,0.86357,0.862885,89.048,49.885
catalase_ps,hbond_acceptor,hbond_acceptor,D,22,,LYS,0.85789,0.857209,88.462,37.588
catalase_ps,hbond_acceptor,hbond_acceptor,B,286,,SER,0.85311,0.85311,88.039,46.338
catalase_ps,hbond_acceptor,hbond_acceptor,D,286,,SER,0.83952,0.83952,86.637,43.348
catalase_ps,hbond_acceptor,hbond_acceptor,A,22,,LYS,0.83981,0.839143,86.598,36.796
catalase_ps,hbond_acceptor,hbond_acceptor,B,475,,LYS,0.80327,0.802632,82.83,61.546
catalase_ps,hbond_acceptor,hbond_acceptor,A,381,,ARG,0.78388,0.783874,80.894,34.372
catalase_ps,hbond_acceptor,hbond_acceptor,C,22,,LYS,0.77671,0.776094,80.091,34.031
catalase_ps,hbond_acceptor,hbond_acceptor,A,475,,LYS,0.76655,0.765942,79.044,54.513
catalase_ps,hbond_acceptor,hbond_acceptor,A,456,,LYS,0.74999,0.749395,77.336,48.39
catalase_ps,hbond_acceptor,hbond_acceptor,C,475,,LYS,0.74776,0.747167,77.106,58.281
catalase_ps,hbond_acceptor,hbond_acceptor,D,381,,ARG,0.74698,0.746974,77.086,32.754
catalase_ps,hbond_acceptor,hbond_acceptor,A,498,,LYS,0.74376,0.74317,76.694,24.654
catalase_ps,hbond_acceptor,hbond_acceptor,A,490,,SER,0.74083,0.74083,76.452,42.428
catalase_ps,hbond_acceptor,hbond_acceptor,A,416,,SER,0.73856,0.73856,76.218,24.501
catalase_ps,hbond_acceptor,hbond_acceptor,B,490,,SER,0.73386,0.73386,75.733,44.04
catalase_ps,hbond_acceptor,hbond_acceptor,C,490,,SER,0.71906,0.71906,74.206,44.613
catalase_ps,hbond_acceptor,hbond_acceptor,B,448,,LYS,0.69706,0.696507,71.878,56.542
catalase_ps,hbond_acceptor,hbond_acceptor,B,381,,ARG,0.68556,0.685555,70.748,30.061
catalase_ps,hbond_acceptor,hbond_acceptor,D,92,,ARG,0.68363,0.683625,70.549,47.729
catalase_ps,hbond_acceptor,hbond_acceptor,D,456,,LYS,0.66839,0.66786,68.922,48.639
catalase_ps,hbond_acceptor,hbond_acceptor,D,490,,SER,0.65794,0.65794,67.898,39.654
catalase_ps,hbond_acceptor,hbond_acceptor,C,381,,ARG,0.6498,0.649795,67.058,28.493
catalase_ps,hbond_acceptor,hbond_acceptor,B,479,,LYS,0.65016,0.649644,67.042,75.655
catalase_ps,hbond_acceptor,hbond_acceptor,D,479,,LYS,0.64702,0.646506,66.718,56.833
catalase_ps,hbond_acceptor,hbond_acceptor,C,242,,LYS,0.64665,0.646137,66.68,28.333
catalase_ps,hbond_acceptor,hbond_acceptor,B,416,,SER,0.64574,0.64574,66.639,21.422
catalase_ps,hbond_acceptor,hbond_acceptor,D,421,,ARG,0.64007,0.640065,66.053,29.131
catalase_ps,hbond_acceptor,hbond_acceptor,B,498,,LYS,0.63901,0.638503,65.892,21.182
catalase_ps,hbond_acceptor,hbond_acceptor,B,92,,ARG,0.63143,0.631425,65.162,42.153
catalase_ps,hbond_acceptor,hbond_acceptor,A,479,,LYS,0.62473,0.624234,64.42,65.785
catalase_ps,hbond_acceptor,hbond_acceptor,C,479,,LYS,0.62163,0.621137,64.1,70.546
catalase_ps,hbond_acceptor,hbond_acceptor,A,444,,THR,0.61721,0.61721,63.695,80.721
catalase_ps,hbond_acceptor,hbond_acceptor,C,425,,SER,0.61484,0.61484,63.45,35.506
catalase_ps,hbond_acceptor,hbond_acceptor,C,440,,THR,0.61386,0.61386,63.349,47.589
catalase_ps,hbond_acceptor,hbond_acceptor,D,242,,LYS,0.61371,0.613223,63.283,26.889
catalase_ps,hbond_acceptor,hbond_acceptor,C,416,,SER,0.60822,0.60822,62.767,20.177
catalase_ps,hbond_acceptor,hbond_acceptor,C,319,,ARG,0.60392,0.603915,62.323,20.034
catalase_ps,hbond_acceptor,hbond_acceptor,D,416,,SER,0.60322,0.60322,62.251,20.011
catalase_ps,hbond_acceptor,hbond_acceptor,B,421,,ARG,0.60141,0.601405,62.064,27.085
catalase_ps,hbond_acceptor,hbond_acceptor,C,444,,THR,0.59814,0.59814,61.727,84.655
catalase_ps,hbond_acceptor,hbond_acceptor,B,444,,THR,0.59296,0.59296,61.192,73.248
catalase_ps,hbond_acceptor,hbond_acceptor,B,105,,ARG,0.58577,0.585765,60.45,23.251
catalase_ps,hbond_acceptor,hbond_acceptor,A,242,,LYS,0.58608,0.585615,60.434,25.679
catalase_ps,hbond_acceptor,hbond_acceptor,D,245,,SER,0.57232,0.57232,59.062,18.986
catalase_ps,hbond_acceptor,hbond_acceptor,C,92,,ARG,0.56929,0.569285,58.749,46.539
catalase_ps,hbond_acceptor,hbond_acceptor,D,444,,THR,0.56376,0.56376,58.179,78.11
catalase_ps,hbond_acceptor,hbond_acceptor,C,91,,THR,0.56277,0.56277,58.077,46.539
catalase_ps,hbond_acceptor,hbond_acceptor,B,456,,LYS,0.56016,0.559715,57.762,44.922
catalase_ps,hbond_acceptor,hbond_acceptor,B,284,,THR,0.54371,0.54371,56.11,46.338
catalase_ps,hbond_acceptor,hbond_acceptor,D,105,,ARG,0.5425,0.542496,55.985,22.08
catalase_ps,hbond_acceptor,hbond_acceptor,D,270,,THR,0.54219,0.54219,55.953,17.987
catalase_ps,hbond_acceptor,hbond_acceptor,C,284,,THR,0.53902,0.53902,55.626,47.468
catalase_ps,hbond_acceptor,hbond_acceptor,D,176,,LYS,0.53303,0.532607,54.964,27.421
catalase_ps,hbond_acceptor,hbond_acceptor,A,245,,SER,0.53032,0.53032,54.728,17.593
catalase_ps,hbond_acceptor,hbond_acceptor,C,251,,ARG,0.52914,0.529136,54.606,23.202
catalase_ps,hbond_acceptor,hbond_acceptor,A,92,,ARG,0.5262,0.526196,54.302,39.54
catalase_ps,hbond_acceptor,hbond_acceptor,B,15,,LYS,0.52397,0.523554,54.03,60.14
catalase_ps,hbond_acceptor,hbond_acceptor,A,15,,LYS,0.52306,0.522645,53.936,50.209
catalase_ps,hbond_acceptor,hbond_acceptor,D,319,,ARG,0.51777,0.517766,53.432,17.176
catalase_ps,hbond_acceptor,hbond_acceptor,C,270,,THR,0.51643,0.51643,53.295,17.132
catalase_ps,hbond_acceptor,hbond_acceptor,B,319,,ARG,0.51498,0.514976,53.145,17.084
catalase_ps,hbond_acceptor,hbond_acceptor,B,176,,LYS,0.51466,0.514252,53.07,31.676
catalase_ps,hbond_acceptor,hbond_acceptor,A,105,,ARG,0.51151,0.511506,52.786,20.125
catalase_ps,hbond_acceptor,hbond_acceptor,C,202,,ARG,0.51083,0.510826,52.716,25.782
catalase_ps,hbond_acceptor,hbond_acceptor,B,242,,LYS,0.50911,0.508706,52.497,22.306
catalase_ps,hbond_acceptor,hbond_acceptor,C,176,,LYS,0.50877,0.508366,52.462,23.98
catalase_ps,hbond_acceptor,hbond_acceptor,C,421,,ARG,0.50821,0.508206,52.446,23.161
catalase_ps,hbond_acceptor,hbond_acceptor,C,15,,LYS,0.50539,0.504989,52.114,53.725
catalase_ps,hbond_acceptor,hbond_acceptor,B,270,,THR,0.50129,0.50129,51.732,16.63
catalase_ps,hbond_acceptor,hbond_acceptor,B,314,,LYS,0.50132,0.500922,51.694,31.303
catalase_ps,hbond_acceptor,hbond_acceptor,A,270,,THR,0.49861,0.49861,51.456,16.541
catalase_ps,hbond_acceptor,hbond_acceptor,A,319,,ARG,0.48901,0.489006,50.464,16.222
catalase_ps,hbond_acceptor,hbond_acceptor,C,105,,ARG,0.48621,0.486206,50.176,21.549
catalase_ps,hbond_acceptor,hbond_acceptor,A,440,,THR,0.48396,0.48396,49.944,41.584
catalase_ps,hbond_acceptor,hbond_acceptor,D,443,,ARG,0.4832,0.483196,49.865,65.135
catalase_ps,hbond_acceptor,hbond_acceptor,B,425,,SER,0.48276,0.48276,49.82,28.244
catalase_ps,hbond_acceptor,hbond_acceptor,B,236,,LYS,0.48254,0.482157,49.758,30.48
catalase_ps,hbond_acceptor,hbond_acceptor,B,440,,THR,0.48213,0.48213,49.755,40.277
catalase_ps,hbond_acceptor,hbond_acceptor,A,46,,ARG,0.48149,0.481486,49.688,19.04
catalase_ps,hbond_acceptor,hbond_acceptor,A,236,,LYS,0.48099,0.480608,49.598,30.299
catalase_ps,hbond_acceptor,hbond_acceptor,A,476,,LYS,0.47763,0.477251,49.251,61.95
catalase_ps,hbond_acceptor,hbond_acceptor,C,443,,ARG,0.47143,0.471426,48.65,73.817
catalase_ps,hbond_acceptor,hbond_acceptor,A,97,,LYS,0.47145,0.471076,48.614,20.656
catalase_ps,hbond_acceptor,hbond_acceptor,C,46,,ARG,0.46728,0.467276,48.222,18.746
catalase_ps,hbond_acceptor,hbond_acceptor,D,284,,THR,0.46717,0.46717,48.211,43.348
catalase_ps,hbond_acceptor,hbond_acceptor,B,202,,ARG,0.46552,0.465516,48.04,25.522
catalase_ps,hbond_acceptor,hbond_acceptor,D,251,,ARG,0.4649,0.464896,47.976,20.385
catalase_ps,hbond_acceptor,hbond_acceptor,B,251,,ARG,0.46461,0.464606,47.946,20.373
catalase_ps,hbond_acceptor,hbond_acceptor,A,443,,ARG,0.46438,0.464376,47.923,68.648
catalase_ps,hbond_acceptor,hbond_acceptor,B,97,,LYS,0.46361,0.463242,47.806,20.313
catalase_ps,hbond_acceptor,hbond_acceptor,A,176,,LYS,0.46152,0.461154,47.59,27.396
catalase_ps,hbond_acceptor,hbond_acceptor,C,236,,LYS,0.4596,0.459235,47.392,29.362
catalase_ps,hbond_acceptor,hbond_acceptor,D,425,,SER,0.45545,0.45545,47.002,35.506
catalase_ps,hbond_acceptor,hbond_acceptor,D,15,,LYS,0.45149,0.451132,46.556,47.109
catalase_ps,hbond_acceptor,hbond_acceptor,D,236,,LYS,0.44994,0.449583,46.396,26.162
catalase_ps,hbond_acceptor,hbond_acceptor,A,314,,LYS,0.4468,0.446445,46.072,28.801
catalase_ps,hbond_acceptor,hbond_acceptor,A,251,,ARG,0.44596,0.445956,46.022,19.555
catalase_ps,hbond_acceptor,hbond_acceptor,C,457,,ARG,0.4405,0.440497,45.458,36.596
catalase_ps,hbond_acceptor,hbond_acceptor,D,440,,THR,0.43846,0.43846,45.248,40.414
catalase_ps,hbond_acceptor,hbond_acceptor,B,245,,SER,0.43686,0.43686,45.083,14.492
catalase_ps,hbond_acceptor,hbond_acceptor,B,443,,ARG,0.4364,0.436397,45.035,66.278
catalase_ps,hbond_acceptor,hbond_acceptor,B,46,,ARG,0.42764,0.427637,44.131,18.752
catalase_ps,hbond_acceptor,hbond_acceptor,B,482,,SER,0.42531,0.42531,43.891,47.136
catalase_ps,hbond_acceptor,hbond_acceptor,D,97,,LYS,0.4247,0.424363,43.793,18.608
catalase_ps,hbond_acceptor,hbond_acceptor,B,91,,THR,0.41529,0.41529,42.857,42.153
catalase_ps,hbond_acceptor,hbond_acceptor,C,456,,LYS,0.41363,0.413302,42.652,43.935
catalase_ps,hbond_acceptor,hbond_acceptor,D,91,,THR,0.4127,0.4127,42.59,47.729
catalase_ps,hbond_acceptor,hbond_acceptor,A,91,,THR,0.41136,0.41136,42.452,39.54
catalase_ps,hbond_acceptor,hbond_acceptor,D,46,,ARG,0.40939,0.409387,42.248,17.13
catalase_ps,hbond_acceptor,hbond_acceptor,C,314,,LYS,0.40492,0.404599,41.754,26.966
catalase_ps,hbond_acceptor,hbond_acceptor,B,476,,LYS,0.40327,0.40295,41.584,61.546
catalase_ps,hbond_acceptor,hbond_acceptor,D,457,,ARG,0.40286,0.402857,41.574,43.368
catalase_ps,hbond_acceptor,hbond_acceptor,A,482,,SER,0.39876,0.39876,41.151,44.858
catalase_ps,hbond_acceptor,hbond_acceptor,D,409,,SER,0.39528,0.39528,40.792,40.29
catalase_ps,hbond_acceptor,hbond_acceptor,C,245,,SER,0.39051,0.39051,40.3,12.955
catalase_ps,hbond_acceptor,hbond_acceptor,A,284,,THR,0.38862,0.38862,40.105,43.608
catalase_ps,hbond_acceptor,hbond_acceptor,C,476,,LYS,0.38882,0.388511,40.094,58.281
catalase_ps,hbond_acceptor,hbond_acceptor,A,467,,LYS,0.38201,0.381707,39.391,12.663
catalase_ps,hbond_acceptor,hbond_acceptor,D,202,,ARG,0.37783,0.377827,38.991,20.403
catalase_ps,hbond_acceptor,hbond_acceptor,D,482,,SER,0.37483,0.37483,38.682,44.785
catalase_ps,hbond_acceptor,hbond_acceptor,A,202,,ARG,0.37107,0.371067,38.293,19.091
catalase_ps,hbond_acceptor,hbond_acceptor,C,482,,SER,0.36972,0.36972,38.154,43.448
catalase_ps,hbond_acceptor,hbond_acceptor,A,425,,SER,0.36862,0.36862,38.041,28.244
catalase_ps,hbond_acceptor,hbond_acceptor,D,314,,LYS,0.36644,0.366149,37.786,22.503
catalase_ps,hbond_acceptor,hbond_acceptor,D,262,,ARG,0.35106,0.351057,36.228,11.646
catalase_ps,hbond_acceptor,hbond_acceptor,A,457,,ARG,0.34681,0.346807,35.79,43.001
catalase_ps,hbond_acceptor,hbond_acceptor,A,262,,ARG,0.34475,0.344747,35.577,11.437
catalase_ps,hbond_acceptor,hbond_acceptor,D,95,,LYS,0.34268,0.342408,35.336,33.111
catalase_ps,hbond_acceptor,hbond_acceptor,B,457,,ARG,0.3418,0.341797,35.273,39.814
catalase_ps,hbond_acceptor,hbond_acceptor,D,379,,ARG,0.34105,0.341047,35.195,14.955
catalase_ps,hbond_acceptor,hbond_acceptor,B,12,,LYS,0.33882,0.338551,34.938,44.968
catalase_ps,hbond_acceptor,hbond_acceptor,D,87,,THR,0.33517,0.33517,34.589,14.697
catalase_ps,hbond_acceptor,hbond_acceptor,A,87,,THR,0.33182,0.33182,34.243,14.55
catalase_ps,hbond_acceptor,hbond_acceptor,A,421,,ARG,0.33001,0.330007,34.056,15.457
catalase_ps,hbond_acceptor,hbond_acceptor,C,262,,ARG,0.32809,0.328087,33.858,10.884
catalase_ps,hbond_acceptor,hbond_acceptor,B,467,,LYS,0.32557,0.325312,33.572,10.792
catalase_ps,hbond_acceptor,hbond_acceptor,C,87,,THR,0.31928,0.31928,32.949,14.0
catalase_ps,hbond_acceptor,hbond_acceptor,B,8,,SER,0.31541,0.31541,32.55,13.831
catalase_ps,hbond_acceptor,hbond_acceptor,B,262,,ARG,0.31245,0.312448,32.244,10.365
catalase_ps,hbond_acceptor,hbond_acceptor,C,379,,ARG,0.31046,0.310458,32.039,13.613
catalase_ps,hbond_acceptor,hbond_acceptor,C,467,,LYS,0.30713,0.306886,31.67,10.181
catalase_ps,hbond_acceptor,hbond_acceptor,B,87,,THR,0.3028,0.3028,31.248,13.278
catalase_ps,hbond_acceptor,hbond_acceptor,C,275,,SER,0.30083,0.30083,31.045,13.191
catalase_ps,hbond_acceptor,hbond_acceptor,C,97,,LYS,0.29935,0.299112,30.868,13.116
catalase_ps,hbond_acceptor,hbond_acceptor,C,491,,ARG,0.29835,0.298348,30.789,44.613
catalase_ps,hbond_acceptor,hbond_acceptor,A,8,,SER,0.29735,0.29735,30.686,13.039
catalase_ps,hbond_acceptor,hbond_acceptor,D,467,,LYS,0.29429,0.294056,30.346,9.755
catalase_ps,hbond_acceptor,hbond_acceptor,C,119,,SER,0.29159,0.29159,30.092,32.834
catalase_ps,hbond_acceptor,hbond_acceptor,A,409,,SER,0.2819,0.2819,29.092,34.505
catalase_ps,hbond_acceptor,hbond_acceptor,B,379,,ARG,0.2768,0.276798,28.565,12.137
catalase_ps,hbond_acceptor,hbond_acceptor,D,476,,LYS,0.27497,0.274752,28.354,59.187
catalase_ps,hbond_acceptor,hbond_acceptor,D,57,,THR,0.27293,0.27293,28.166,9.054
catalase_ps,hbond_acceptor,hbond_acceptor,C,95,,LYS,0.27103,0.270815,27.948,36.552
catalase_ps,hbond_acceptor,hbond_acceptor,B,491,,ARG,0.27049,0.270488,27.914,44.04
catalase_ps,hbond_acceptor,hbond_acceptor,A,119,,SER,0.26929,0.26929,27.79,29.818
catalase_ps,hbond_acceptor,hbond_acceptor,D,119,,SER,0.26482,0.26482,27.329,31.474
catalase_ps,hbond_acceptor,hbond_acceptor,C,8,,SER,0.26133,0.26133,26.969,11.459
catalase_ps,hbond_acceptor,hbond_acceptor,C,57,,THR,0.25846,0.25846,26.673,8.574
catalase_ps,hbond_acceptor,hbond_acceptor,B,119,,SER,0.25721,0.25721,26.544,33.468
catalase_ps,hbond_acceptor,hbond_acceptor,A,379,,ARG,0.25559,0.255588,26.376,11.207
catalase_ps,hbond_acceptor,hbond_acceptor,A,95,,LYS,0.25455,0.254348,26.248,29.191
catalase_ps,hbond_acceptor,hbond_acceptor,D,12,,LYS,0.25329,0.253089,26.118,37.371
catalase_ps,hbond_acceptor,hbond_acceptor,D,4,,ARG,0.24815,0.248148,25.608,10.881
catalase_ps,hbond_acceptor,hbond_acceptor,C,409,,SER,0.24762,0.24762,25.554,44.267
catalase_ps,hbond_acceptor,hbond_acceptor,D,491,,ARG,0.24638,0.246378,25.426,39.654
catalase_ps,hbond_acceptor,hbond_acceptor,C,12,,LYS,0.24522,0.245025,25.286,39.88
catalase_ps,hbond_acceptor,hbond_acceptor,D,275,,SER,0.24448,0.24448,25.23,10.72
catalase_ps,hbond_acceptor,hbond_acceptor,B,57,,THR,0.24198,0.24198,24.972,8.027
catalase_ps,hbond_acceptor,hbond_acceptor,C,407,,SER,0.23926,0.23926,24.691,21.349
catalase_ps,hbond_acceptor,hbond_acceptor,D,422,,THR,0.23805,0.23805,24.566,29.131
catalase_ps,hbond_acceptor,hbond_acceptor,A,275,,SER,0.23229,0.23229,23.972,10.186
catalase_ps,hbond_acceptor,hbond_acceptor,B,275,,SER,0.22979,0.22979,23.714,10.076
catalase_ps,hbond_acceptor,hbond_acceptor,A,491,,ARG,0.22676,0.226758,23.401,42.428
catalase_ps,hbond_acceptor,hbond_acceptor,B,409,,SER,0.22619,0.22619,23.342,15.486
catalase_ps,hbond_acceptor,hbond_acceptor,A,407,,SER,0.22404,0.22404,23.12,9.824
catalase_ps,hbond_acceptor,hbond_acceptor,B,95,,LYS,0.22413,0.223952,23.111,28.03
catalase_ps,hbond_acceptor,hbond_acceptor,D,360,,THR,0.22291,0.22291,23.004,13.402
catalase_ps,hbond_acceptor,hbond_acceptor,A,57,,THR,0.22149,0.22149,22.857,7.348
catalase_ps,hbond_acceptor,hbond_acceptor,B,422,,THR,0.21505,0.21505,22.193,27.085
catalase_ps,hbond_acceptor,hbond_acceptor,D,14,,TRP,0.2137,0.2137,22.053,40.25
catalase_ps,hbond_acceptor,hbond_acceptor,B,277,,THR,0.21296,0.21296,21.977,47.301
catalase_ps,hbond_acceptor,hbond_acceptor,B,360,,THR,0.21104,0.21104,21.779,12.378
catalase_ps,hbond_acceptor,hbond_acceptor,C,277,,THR,0.21037,0.21037,21.71,45.616
catalase_ps,hbond_acceptor,hbond_acceptor,A,277,,THR,0.21037,0.21037,21.71,45.439
catalase_ps,hbond_acceptor,hbond_acceptor,C,4,,ARG,0.21028,0.210278,21.7,9.221
catalase_ps,hbond_acceptor,hbond_acceptor,A,433,,SER,0.21021,0.21021,21.693,8.945
catalase_ps,hbond_acceptor,hbond_acceptor,C,360,,THR,0.20911,0.20911,21.58,12.772
catalase_ps,hbond_acceptor,hbond_acceptor,D,8,,SER,0.20858,0.20858,21.525,9.146
catalase_ps,hbond_acceptor,hbond_acceptor,A,4,,ARG,0.20727,0.207268,21.39,9.089
catalase_ps,hbond_acceptor,hbond_acceptor,B,353,,ARG,0.20385,0.203848,21.037,8.939
catalase_ps,hbond_acceptor,hbond_acceptor,B,67,,ARG,0.20027,0.200268,20.667,11.023
catalase_ps,hbond_acceptor,hbond_acceptor,C,121,,SER,0.19999,0.19999,20.639,28.517
catalase_ps,hbond_acceptor,hbond_acceptor,A,353,,ARG,0.19913,0.199128,20.55,8.732
catalase_ps,hbond_acceptor,hbond_acceptor,A,12,,LYS,0.1984,0.198243,20.458,39.593
catalase_ps,hbond_acceptor,hbond_acceptor,A,360,,THR,0.19657,0.19657,20.286,12.115
catalase_ps,hbond_acceptor,hbond_acceptor,C,126,,ARG,0.19481,0.194808,20.104,8.542
catalase_ps,hbond_acceptor,hbond_acceptor,C,67,,ARG,0.19452,0.194518,20.074,8.53
catalase_ps,hbond_acceptor,hbond_acceptor,A,67,,ARG,0.19367,0.193668,19.986,8.492
catalase_ps,hbond_acceptor,hbond_acceptor,C,353,,ARG,0.1931,0.193098,19.927,8.467
catalase_ps,hbond_acceptor,hbond_acceptor,B,18,,ARG,0.1923,0.192298,19.845,31.39
catalase_ps,hbond_acceptor,hbond_acceptor,C,14,,TRP,0.1908,0.1908,19.69,41.254
catalase_ps,hbond_acceptor,hbond_acceptor,C,422,,THR,0.18996,0.18996,19.604,23.161
catalase_ps,hbond_acceptor,hbond_acceptor,D,126,,ARG,0.18821,0.188209,19.423,8.253
catalase_ps,hbond_acceptor,hbond_acceptor,D,407,,SER,0.18518,0.18518,19.11,8.12
catalase_ps,hbond_acceptor,hbond_acceptor,D,353,,ARG,0.18434,0.184339,19.023,8.083
catalase_ps,hbond_acceptor,hbond_acceptor,D,121,,SER,0.18367,0.18367,18.954,26.064
catalase_ps,hbond_acceptor,hbond_acceptor,B,455,,ARG,0.18212,0.182119,18.794,39.814
catalase_ps,hbond_acceptor,hbond_acceptor,A,14,,TRP,0.18205,0.18205,18.787,39.593
catalase_ps,hbond_acceptor,hbond_acceptor,D,67,,ARG,0.18059,0.180589,18.636,7.919
catalase_ps,hbond_acceptor,hbond_acceptor,A,126,,ARG,0.18048,0.180479,18.625,7.914
catalase_ps,hbond_acceptor,hbond_acceptor,C,209,,ARG,0.17854,0.178539,18.425,7.829
catalase_ps,hbond_acceptor,hbond_acceptor,B,14,,TRP,0.17799,0.17799,18.368,45.607
catalase_ps,hbond_acceptor,hbond_acceptor,B,4,,ARG,0.17611,0.176109,18.174,7.722
catalase_ps,hbond_acceptor,hbond_acceptor,B,126,,ARG,0.17604,0.176039,18.167,7.719
catalase_ps,hbond_acceptor,hbond_acceptor,A,209,,ARG,0.17552,0.175519,18.113,7.696
catalase_ps,hbond_acceptor,hbond_acceptor,C,18,,ARG,0.17274,0.172739,17.826,29.718
catalase_ps,hbond_acceptor,hbond_acceptor,C,433,,SER,0.17246,0.17246,17.798,7.562
catalase_ps,hbond_acceptor,hbond_acceptor,C,455,,ARG,0.17222,0.172219,17.773,36.596
catalase_ps,hbond_acceptor,hbond_acceptor,C,104,,LYS,0.16349,0.16336,16.858,28.483
catalase_ps,hbond_acceptor,hbond_acceptor,B,209,,ARG,0.15886,0.158859,16.394,6.966
catalase_ps,hbond_acceptor,hbond_acceptor,B,121,,SER,0.15875,0.15875,16.383,27.009
catalase_ps,hbond_acceptor,hbond_acceptor,D,18,,ARG,0.15642,0.156419,16.142,26.641
catalase_ps,hbond_acceptor,hbond_acceptor,A,28,,THR,0.15633,0.15633,16.133,5.186
catalase_ps,hbond_acceptor,hbond_acceptor,D,209,,ARG,0.15556,0.155559,16.053,6.821
catalase_ps,hbond_acceptor,hbond_acceptor,D,455,,ARG,0.14908,0.149079,15.385,43.368
catalase_ps,hbond_acceptor,hbond_acceptor,D,277,,THR,0.14705,0.14705,15.175,40.05
catalase_ps,hbond_acceptor,hbond_acceptor,B,433,,SER,0.14667,0.14667,15.136,4.866
catalase_ps,hbond_acceptor,hbond_acceptor,A,121,,SER,0.14591,0.14591,15.058,26.26
catalase_ps,hbond_acceptor,hbond_acceptor,B,28,,THR,0.14513,0.14513,14.977,4.815
catalase_ps,hbond_acceptor,hbond_acceptor,D,433,,SER,0.1433,0.1433,14.788,4.754
catalase_ps,hbond_acceptor,hbond_acceptor,C,348,,LYS,0.14015,0.140039,14.452,6.141
catalase_ps,hbond_acceptor,hbond_acceptor,A,216,,SER,0.1372,0.1372,14.159,6.016
catalase_ps,hbond_acceptor,hbond_acceptor,A,422,,THR,0.13593,0.13593,14.028,15.457
catalase_ps,hbond_acceptor,hbond_acceptor,A,455,,ARG,0.13572,0.135719,14.006,50.524
catalase_ps,hbond_acceptor,hbond_acceptor,B,168,,LYS,0.13573,0.135622,13.996,23.964
catalase_ps,hbond_acceptor,hbond_acceptor,A,188,,ARG,0.12941,0.129409,13.355,4.293
catalase_ps,hbond_acceptor,hbond_acceptor,B,407,,SER,0.12698,0.12698,13.104,15.486
catalase_ps,hbond_acceptor,hbond_acceptor,C,188,,ARG,0.12424,0.124239,12.821,4.122
catalase_ps,hbond_acceptor,hbond_acceptor,A,18,,ARG,0.12367,0.123669,12.762,28.34
catalase_ps,hbond_acceptor,hbond_acceptor,D,28,,THR,0.12338,0.12338,12.733,5.866
catalase_ps,hbond_acceptor,hbond_acceptor,D,104,,LYS,0.12318,0.123082,12.702,29.185
catalase_ps,hbond_acceptor,hbond_acceptor,B,71,,ARG,0.12231,0.122309,12.622,5.363
catalase_ps,hbond_acceptor,hbond_acceptor,D,188,,ARG,0.12151,0.121509,12.539,4.031
catalase_ps,hbond_acceptor,hbond_acceptor,B,188,,ARG,0.12122,0.121219,12.51,4.021
catalase_ps,hbond_acceptor,hbond_acceptor,B,216,,SER,0.11925,0.11925,12.306,5.229
catalase_ps,hbond_acceptor,hbond_acceptor,C,168,,LYS,0.11855,0.118456,12.224,9.405
catalase_ps,hbond_acceptor,hbond_acceptor,C,28,,THR,0.11811,0.11811,12.189,6.283
catalase_ps,hbond_acceptor,hbond_acceptor,D,168,,LYS,0.11785,0.117756,12.152,9.23
catalase_ps,hbond_acceptor,hbond_acceptor,B,200,,SER,0.11652,0.11652,12.025,25.522
catalase_ps,hbond_acceptor,hbond_acceptor,B,336,,SER,0.11652,0.11652,12.025,5.109
catalase_ps,hbond_acceptor,hbond_acceptor,B,104,,LYS,0.11519,0.115099,11.878,30.732
catalase_ps,hbond_acceptor,hbond_acceptor,A,71,,ARG,0.11026,0.110259,11.379,4.835
catalase_ps,hbond_acceptor,hbond_acceptor,C,216,,SER,0.10891,0.10891,11.239,4.776
catalase_ps,hbond_acceptor,hbond_acceptor,C,71,,ARG,0.1081,0.108099,11.156,4.74
catalase_ps,hbond_acceptor,hbond_acceptor,A,348,,LYS,0.10706,0.106975,11.04,4.691
catalase_ps,hbond_acceptor,hbond_acceptor,D,71,,ARG,0.10537,0.105369,10.874,4.62
catalase_ps,hbond_acceptor,hbond_acceptor,D,336,,SER,0.09857,0.09857,10.172,4.322
catalase_ps,hbond_acceptor,hbond_acceptor,D,216,,SER,0.09782,0.09782,10.095,4.289
catalase_ps,hbond_acceptor,hbond_acceptor,B,348,,LYS,0.09787,0.097792,10.092,4.288
catalase_ps,hbond_acceptor,hbond_acceptor,C,169,,ARG,0.09604,0.096039,9.911,23.98
catalase_ps,hbond_acceptor,hbond_acceptor,A,104,,LYS,0.09521,0.095134,9.818,26.601
catalase_ps,hbond_acceptor,hbond_acceptor,D,169,,ARG,0.09274,0.092739,9.571,24.652
catalase_ps,hbond_acceptor,hbond_acceptor,A,336,,SER,0.0927,0.0927,9.566,4.065
catalase_ps,hbond_acceptor,hbond_acceptor,D,348,,LYS,0.09254,0.092467,9.542,4.055
catalase_ps,hbond_acceptor,hbond_acceptor,D,232,,LYS,0.08974,0.089669,9.254,3.932
catalase_ps,hbond_acceptor,hbond_acceptor,D,200,,SER,0.08748,0.08748,9.028,20.403
catalase_ps,hbond_acceptor,hbond_acceptor,D,362,,ARG,0.08273,0.082729,8.538,12.597
catalase_ps,hbond_acceptor,hbond_acceptor,A,169,,ARG,0.08228,0.082279,8.491,20.726
catalase_ps,hbond_acceptor,hbond_acceptor,C,362,,ARG,0.08216,0.082159,8.479,9.663
catalase_ps,hbond_acceptor,hbond_acceptor,A,168,,LYS,0.0814,0.081335,8.394,20.726
catalase_ps,hbond_acceptor,hbond_acceptor,A,362,,ARG,0.07972,0.079719,8.227,9.166
catalase_ps,hbond_acceptor,hbond_acceptor,C,336,,SER,0.07725,0.07725,7.972,3.387
catalase_ps,hbond_acceptor,hbond_acceptor,C,200,,SER,0.07714,0.07714,7.961,25.782
catalase_ps,hbond_acceptor,hbond_acceptor,A,232,,LYS,0.07558,0.07552,7.794,3.312
catalase_ps,hbond_acceptor,hbond_acceptor,D,364,,ARG,0.07409,0.074089,7.646,6.876
catalase_ps,hbond_acceptor,hbond_acceptor,B,169,,ARG,0.0725,0.072499,7.482,23.964
catalase_ps,hbond_acceptor,hbond_acceptor,C,27,,THR,0.07127,0.07127,7.355,8.304
catalase_ps,hbond_acceptor,hbond_acceptor,B,362,,ARG,0.07124,0.071239,7.352,9.364
catalase_ps,hbond_acceptor,hbond_acceptor,C,113,,SER,0.06854,0.06854,7.073,2.274
catalase_ps,hbond_acceptor,hbond_acceptor,C,220,,LYS,0.06569,0.065638,6.774,2.878
catalase_ps,hbond_acceptor,hbond_acceptor,A,200,,SER,0.0643,0.0643,6.636,19.091
catalase_ps,hbond_acceptor,hbond_acceptor,A,220,,LYS,0.06393,0.063879,6.592,2.801
catalase_ps,hbond_acceptor,hbond_acceptor,B,113,,SER,0.06169,0.06169,6.366,5.633
catalase_ps,hbond_acceptor,hbond_acceptor,B,232,,LYS,0.06141,0.061361,6.332,2.691
catalase_ps,hbond_acceptor,hbond_acceptor,B,220,,LYS,0.06092,0.060872,6.282,2.669
catalase_ps,hbond_acceptor,hbond_acceptor,A,155,,ARG,0.05942,0.05942,6.132,2.606
catalase_ps,hbond_acceptor,hbond_acceptor,D,220,,LYS,0.05805,0.058004,5.986,2.543
catalase_ps,hbond_acceptor,hbond_acceptor,D,300,,LYS,0.0577,0.057654,5.95,2.528
catalase_ps,hbond_acceptor,hbond_acceptor,C,155,,ARG,0.05698,0.05698,5.88,2.499
catalase_ps,hbond_acceptor,hbond_acceptor,C,232,,LYS,0.05629,0.056245,5.804,2.466
catalase_ps,hbond_acceptor,hbond_acceptor,B,76,,LYS,0.05574,0.055696,5.748,16.426
catalase_ps,hbond_acceptor,hbond_acceptor,B,37,,LYS,0.05574,0.055696,5.748,1.848
catalase_ps,hbond_acceptor,hbond_acceptor,A,113,,SER,0.05483,0.05483,5.658,1.819
catalase_ps,hbond_acceptor,hbond_acceptor,D,113,,SER,0.05483,0.05483,5.658,1.819
catalase_ps,hbond_acceptor,hbond_acceptor,D,27,,THR,0.05345,0.05345,5.516,7.754
catalase_ps,hbond_acceptor,hbond_acceptor,D,387,,ARG,0.05339,0.05339,5.51,1.771
catalase_ps,hbond_acceptor,hbond_acceptor,B,129,,ARG,0.05242,0.05242,5.41,3.785
catalase_ps,hbond_acceptor,hbond_acceptor,B,65,,ARG,0.05112,0.05112,5.275,11.023
catalase_ps,oxide,oxide,D,225,,ASP,1.0,0.999684,100.0,68.115
catalase_ps,oxide,oxide,A,247,,GLU,1.0,0.999499,99.982,58.462
catalase_ps,oxide,oxide,B,247,,GLU,1.0,0.999499,99.982,55.934
catalase_ps,oxide,oxide,C,501,,GLU,1.0,0.999499,99.982,53.317
catalase_ps,oxide,oxide,D,501,,GLU,1.0,0.999499,99.982,53.317
catalase_ps,oxide,oxide,C,289,,GLU,0.99998,0.999479,99.98,53.357
catalase_ps,oxide,oxide,C,247,,GLU,0.94268,0.942208,94.251,54.186
catalase_ps,oxide,oxide,B,289,,GLU,0.93965,0.939179,93.948,51.878
catalase_ps,oxide,oxide,A,501,,GLU,0.93475,0.934282,93.458,49.838
catalase_ps,oxide,oxide,D,289,,GLU,0.90535,0.904896,90.518,50.577
catalase_ps,oxide,oxide,B,501,,GLU,0.90473,0.904277,90.456,48.237
catalase_ps,oxide,oxide,B,487,,GLU,0.89283,0.892383,89.266,32.425
catalase_ps,oxide,oxide,C,225,,ASP,0.89245,0.892168,89.245,58.453
catalase_ps,oxide,oxide,D,247,,GLU,0.88426,0.883817,88.41,54.473
catalase_ps,oxide,oxide,D,227,,GLU,0.8754,0.874961,87.524,68.115
catalase_ps,oxide,oxide,C,306,,ASP,0.86237,0.862097,86.237,31.324
catalase_ps,oxide,oxide,B,395,,ASP,0.8597,0.859428,85.97,39.349
catalase_ps,oxide,oxide,B,306,,ASP,0.85704,0.856769,85.704,31.131
catalase_ps,oxide,oxide,A,289,,GLU,0.85627,0.855841,85.611,47.694
catalase_ps,oxide,oxide,B,225,,ASP,0.85454,0.85427,85.454,56.802
catalase_ps,oxide,oxide,A,225,,ASP,0.84271,0.842444,84.271,56.299
catalase_ps,oxide,oxide,B,453,,GLU,0.83644,0.836021,83.629,55.463
catalase_ps,oxide,oxide,A,453,,GLU,0.82973,0.829314,82.958,52.78
catalase_ps,oxide,oxide,B,412,,GLU,0.79182,0.791423,79.167,38.862
catalase_ps,oxide,oxide,D,453,,GLU,0.79,0.789604,78.985,52.292
catalase_ps,oxide,oxide,A,306,,ASP,0.77981,0.779563,77.981,28.325
catalase_ps,oxide,oxide,A,497,,ASP,0.75298,0.752742,75.298,40.154
catalase_ps,oxide,oxide,D,306,,ASP,0.73581,0.735577,73.581,26.727
catalase_ps,oxide,oxide,D,395,,ASP,0.73532,0.735088,73.532,35.628
catalase_ps,oxide,oxide,C,452,,GLU,0.73454,0.734172,73.44,52.328
catalase_ps,oxide,oxide,C,497,,ASP,0.73207,0.731839,73.207,39.039
catalase_ps,oxide,oxide,C,227,,GLU,0.71691,0.716551,71.678,58.453
catalase_ps,oxide,oxide,B,497,,ASP,0.70974,0.709516,70.974,37.848
catalase_ps,oxide,oxide,B,227,,GLU,0.70939,0.709035,70.926,56.802
catalase_ps,oxide,oxide,A,227,,GLU,0.70736,0.707006,70.723,56.299
catalase_ps,oxide,oxide,C,453,,GLU,0.70635,0.705996,70.622,52.328
catalase_ps,oxide,oxide,D,497,,ASP,0.70391,0.703687,70.391,37.537
catalase_ps,oxide,oxide,B,452,,GLU,0.69077,0.690424,69.064,55.463
catalase_ps,oxide,oxide,D,452,,GLU,0.64989,0.649564,64.977,52.292
catalase_ps,oxide,oxide,C,468,,ASP,0.64974,0.649535,64.974,26.606
catalase_ps,oxide,oxide,D,468,,ASP,0.64449,0.644286,64.449,25.462
catalase_ps,oxide,oxide,C,89,,ASP,0.63625,0.636049,63.625,33.929
catalase_ps,oxide,oxide,C,412,,GLU,0.63161,0.631294,63.149,33.675
catalase_ps,oxide,oxide,A,452,,GLU,0.62361,0.623298,62.349,52.78
catalase_ps,oxide,oxide,D,412,,GLU,0.62088,0.620569,62.077,33.103
catalase_ps,oxide,oxide,C,483,,ASP,0.61966,0.619464,61.966,22.508
catalase_ps,oxide,oxide,D,248,,ASP,0.61557,0.615375,61.557,54.473
catalase_ps,oxide,oxide,A,248,,ASP,0.60966,0.609467,60.966,58.462
catalase_ps,oxide,oxide,A,89,,ASP,0.60734,0.607148,60.734,32.387
catalase_ps,oxide,oxide,B,255,,GLU,0.60686,0.606556,60.675,34.348
catalase_ps,oxide,oxide,C,255,,GLU,0.60652,0.606216,60.641,35.023
catalase_ps,oxide,oxide,B,16,,GLU,0.60382,0.603518,60.371,21.929
catalase_ps,oxide,oxide,D,89,,ASP,0.60267,0.602479,60.267,32.138
catalase_ps,oxide,oxide,A,16,,GLU,0.59555,0.595252,59.544,21.628
catalase_ps,oxide,oxide,D,16,,GLU,0.59094,0.590644,59.083,21.461
catalase_ps,oxide,oxide,B,89,,ASP,0.56601,0.565831,56.601,30.183
catalase_ps,oxide,oxide,A,468,,ASP,0.56442,0.564242,56.442,22.911
catalase_ps,oxide,oxide,D,255,,GLU,0.56358,0.563298,56.348,30.891
catalase_ps,oxide,oxide,A,412,,GLU,0.56099,0.560709,56.089,29.91
catalase_ps,oxide,oxide,C,16,,GLU,0.56011,0.559829,56.001,20.341
catalase_ps,oxide,oxide,C,248,,ASP,0.54925,0.549076,54.925,54.186
catalase_ps,oxide,oxide,D,483,,ASP,0.54676,0.546587,54.676,19.86
catalase_ps,oxide,oxide,A,100,,GLU,0.54557,0.545297,54.547,29.088
catalase_ps,oxide,oxide,B,248,,ASP,0.54008,0.539909,54.008,55.934
catalase_ps,oxide,oxide,B,468,,ASP,0.53626,0.53609,53.626,19.479
catalase_ps,oxide,oxide,A,255,,GLU,0.53552,0.535252,53.542,31.183
catalase_ps,oxide,oxide,A,483,,ASP,0.52051,0.520345,52.051,18.907
catalase_ps,oxide,oxide,D,427,,ASP,0.50592,0.50576,50.592,18.377
catalase_ps,oxide,oxide,B,483,,ASP,0.49302,0.492864,49.302,17.908
catalase_ps,oxide,oxide,C,201,,ASP,0.4891,0.488945,48.91,17.766
catalase_ps,oxide,oxide,B,287,,GLU,0.48884,0.488595,48.875,51.878
catalase_ps,oxide,oxide,D,287,,GLU,0.48733,0.487086,48.724,50.577
catalase_ps,oxide,oxide,C,100,,GLU,0.4848,0.484557,48.471,25.848
catalase_ps,oxide,oxide,A,460,,GLU,0.48335,0.483108,48.326,17.554
catalase_ps,oxide,oxide,C,287,,GLU,0.46925,0.469015,46.916,53.357
catalase_ps,oxide,oxide,C,395,,ASP,0.46912,0.468972,46.912,22.432
catalase_ps,oxide,oxide,D,100,,GLU,0.46868,0.468445,46.859,24.988
catalase_ps,oxide,oxide,D,460,,GLU,0.46743,0.467196,46.734,16.975
catalase_ps,oxide,oxide,B,460,,GLU,0.46483,0.464597,46.474,16.881
catalase_ps,oxide,oxide,C,487,,GLU,0.45758,0.457351,45.75,16.618
catalase_ps,oxide,oxide,A,287,,GLU,0.45701,0.456781,45.693,47.694
catalase_ps,oxide,oxide,B,436,,ASP,0.45227,0.452127,45.227,30.318
catalase_ps,oxide,oxide,B,427,,ASP,0.44769,0.447548,44.769,16.262
catalase_ps,oxide,oxide,D,487,,GLU,0.44493,0.444707,44.485,16.158
catalase_ps,oxide,oxide,B,100,,GLU,0.44196,0.441739,44.188,23.564
catalase_ps,oxide,oxide,C,85,,GLU,0.44082,0.440599,44.074,16.009
catalase_ps,oxide,oxide,C,460,,GLU,0.439,0.43878,43.892,15.943
catalase_ps,oxide,oxide,A,487,,GLU,0.43515,0.434932,43.507,15.803
catalase_ps,oxide,oxide,A,201,,ASP,0.42353,0.423396,42.353,15.384
catalase_ps,oxide,oxide,A,436,,ASP,0.42069,0.420557,42.069,26.068
catalase_ps,oxide,oxide,D,201,,ASP,0.41695,0.416818,41.695,15.145
catalase_ps,oxide,oxide,D,5,,ASP,0.41637,0.416238,41.637,17.793
catalase_ps,oxide,oxide,B,24,,ASP,0.4121,0.41197,41.21,21.976
catalase_ps,oxide,oxide,D,436,,ASP,0.40561,0.405482,40.561,24.851
catalase_ps,oxide,oxide,A,24,,ASP,0.3996,0.399474,39.96,21.309
catalase_ps,oxide,oxide,D,419,,GLU,0.38695,0.386756,38.688,20.631
catalase_ps,oxide,oxide,D,85,,GLU,0.37967,0.37948,37.96,13.788
catalase_ps,oxide,oxide,A,85,,GLU,0.37019,0.370005,37.012,13.444
catalase_ps,oxide,oxide,A,138,,GLU,0.368,0.367816,36.793,19.49
catalase_ps,oxide,oxide,B,201,,ASP,0.36762,0.367504,36.762,13.353
catalase_ps,oxide,oxide,A,5,,ASP,0.36521,0.365095,36.521,15.172
catalase_ps,oxide,oxide,C,5,,ASP,0.36321,0.363095,36.321,13.193
catalase_ps,oxide,oxide,C,419,,GLU,0.34968,0.349505,34.962,18.644
catalase_ps,oxide,oxide,B,5,,ASP,0.33972,0.339613,33.972,14.437
catalase_ps,oxide,oxide,B,256,,ASP,0.33888,0.338773,33.888,41.67
catalase_ps,oxide,oxide,B,85,,GLU,0.33488,0.334712,33.482,12.162
catalase_ps,oxide,oxide,C,427,,ASP,0.33412,0.334014,33.412,12.136
catalase_ps,oxide,oxide,A,395,,ASP,0.33296,0.332855,33.296,15.224
catalase_ps,oxide,oxide,D,238,,ASP,0.32771,0.327606,32.771,14.788
catalase_ps,oxide,oxide,D,388,,ASP,0.32745,0.327346,32.745,14.08
catalase_ps,oxide,oxide,C,238,,ASP,0.32705,0.326947,32.705,11.88
catalase_ps,oxide,oxide,B,437,,ASP,0.32171,0.321608,32.171,30.318
catalase_ps,oxide,oxide,C,24,,ASP,0.31695,0.31685,31.695,16.902
catalase_ps,oxide,oxide,A,437,,ASP,0.29697,0.296876,29.697,26.068
catalase_ps,oxide,oxide,B,419,,GLU,0.2939,0.293753,29.385,15.67
catalase_ps,oxide,oxide,C,256,,ASP,0.28888,0.288789,28.888,36.86
catalase_ps,oxide,oxide,A,419,,GLU,0.28891,0.288765,28.886,15.404
catalase_ps,oxide,oxide,D,256,,ASP,0.28697,0.286879,28.697,38.784
catalase_ps,oxide,oxide,D,138,,GLU,0.28688,0.286736,28.683,16.759
catalase_ps,oxide,oxide,C,138,,GLU,0.28587,0.285727,28.582,17.461
catalase_ps,oxide,oxide,D,437,,ASP,0.27856,0.278472,27.856,24.851
catalase_ps,oxide,oxide,D,24,,ASP,0.27821,0.278122,27.821,14.836
catalase_ps,oxide,oxide,B,388,,ASP,0.27296,0.272874,27.296,9.915
catalase_ps,oxide,oxide,A,427,,ASP,0.26971,0.269625,26.971,9.797
catalase_ps,oxide,oxide,B,138,,GLU,0.26648,0.266347,26.643,14.826
catalase_ps,oxide,oxide,A,238,,ASP,0.26472,0.264636,26.472,12.857
catalase_ps,oxide,oxide,C,436,,ASP,0.25921,0.259128,25.921,16.552
catalase_ps,oxide,oxide,A,388,,ASP,0.25196,0.25188,25.196,11.176
catalase_ps,oxide,oxide,C,388,,ASP,0.25196,0.25188,25.196,11.176
catalase_ps,oxide,oxide,B,36,,ASP,0.24738,0.247302,24.738,13.192
catalase_ps,oxide,oxide,B,327,,GLU,0.24557,0.245447,24.552,13.093
catalase_ps,oxide,oxide,A,256,,ASP,0.24431,0.244233,24.431,35.644
catalase_ps,oxide,oxide,A,58,,ASP,0.24288,0.242803,24.288,11.445
catalase_ps,oxide,oxide,D,58,,ASP,0.23047,0.230397,23.047,10.397
catalase_ps,oxide,oxide,B,263,,ASP,0.22905,0.228978,22.905,11.967
catalase_ps,oxide,oxide,C,36,,ASP,0.22647,0.226398,22.647,8.226
catalase_ps,oxide,oxide,D,327,,GLU,0.22364,0.223528,22.36,11.924
catalase_ps,oxide,oxide,B,58,,ASP,0.2173,0.217231,21.73,10.931
catalase_ps,oxide,oxide,C,58,,ASP,0.21197,0.211903,21.197,10.666
catalase_ps,oxide,oxide,B,118,,GLU,0.21056,0.210455,21.052,11.226
catalase_ps,oxide,oxide,B,238,,ASP,0.21023,0.210164,21.023,7.636
catalase_ps,oxide,oxide,B,127,,ASP,0.20672,0.206655,20.672,11.024
catalase_ps,oxide,oxide,D,263,,ASP,0.2028,0.202736,20.28,10.798
catalase_ps,oxide,oxide,A,36,,ASP,0.20031,0.200247,20.031,10.682
catalase_ps,oxide,oxide,C,437,,ASP,0.19648,0.196418,19.648,16.552
catalase_ps,oxide,oxide,C,263,,ASP,0.19622,0.196158,19.622,9.63
catalase_ps,oxide,oxide,C,139,,ASP,0.19489,0.194828,19.489,17.461
catalase_ps,oxide,oxide,B,206,,ASP,0.19489,0.194828,19.489,7.079
catalase_ps,oxide,oxide,C,329,,GLU,0.19268,0.192583,19.264,10.273
catalase_ps,oxide,oxide,D,36,,ASP,0.19173,0.191669,19.173,6.964
catalase_ps,oxide,oxide,A,329,,GLU,0.17626,0.176172,17.623,9.398
catalase_ps,oxide,oxide,D,329,,GLU,0.17626,0.176172,17.623,9.398
catalase_ps,oxide,oxide,D,139,,ASP,0.17456,0.174505,17.456,16.759
catalase_ps,oxide,oxide,A,263,,ASP,0.16873,0.168677,16.873,8.989
catalase_ps,oxide,oxide,A,139,,ASP,0.16864,0.168587,16.864,19.49
catalase_ps,oxide,oxide,B,343,,GLU,0.16432,0.164238,16.429,8.761
catalase_ps,oxide,oxide,A,206,,ASP,0.16406,0.164008,16.406,5.959
catalase_ps,oxide,oxide,A,118,,GLU,0.16274,0.162658,16.271,8.677
catalase_ps,oxide,oxide,A,343,,GLU,0.16034,0.16026,16.031,8.549
catalase_ps,oxide,oxide,D,206,,ASP,0.15814,0.15809,15.814,5.744
catalase_ps,oxide,oxide,D,118,,GLU,0.15737,0.157291,15.734,8.39
catalase_ps,oxide,oxide,B,329,,GLU,0.15636,0.156282,15.633,8.337
catalase_ps,oxide,oxide,C,343,,GLU,0.15187,0.151794,15.184,8.097
catalase_ps,oxide,oxide,C,70,,GLU,0.15042,0.150345,15.039,8.02
catalase_ps,oxide,oxide,D,343,,GLU,0.14941,0.149335,14.938,7.966
catalase_ps,oxide,oxide,A,327,,GLU,0.14847,0.148396,14.844,7.916
catalase_ps,oxide,oxide,C,127,,ASP,0.1444,0.144354,14.44,5.245
catalase_ps,oxide,oxide,B,139,,ASP,0.14173,0.141685,14.173,14.826
catalase_ps,oxide,oxide,C,118,,GLU,0.13697,0.136901,13.694,7.303
catalase_ps,oxide,oxide,B,70,,GLU,0.1345,0.134433,13.448,7.171
catalase_ps,oxide,oxide,A,70,,GLU,0.12553,0.125467,12.551,6.693
catalase_ps,oxide,oxide,D,70,,GLU,0.12553,0.125467,12.551,6.693
catalase_ps,oxide,oxide,D,123,,ASP,0.12282,0.122781,12.282,11.588
catalase_ps,oxide,oxide,A,123,,ASP,0.12282,0.122781,12.282,10.749
catalase_ps,oxide,oxide,A,127,,ASP,0.11223,0.112195,11.223,4.077
catalase_ps,oxide,oxide,D,127,,ASP,0.11223,0.112195,11.223,4.077
catalase_ps,oxide,oxide,C,206,,ASP,0.1109,0.110865,11.09,4.028
catalase_ps,oxide,oxide,B,212,,ASP,0.10574,0.105707,10.574,3.841
catalase_ps,oxide,oxide,B,123,,ASP,0.10116,0.101128,10.116,10.749
catalase_ps,oxide,oxide,B,258,,ASP,0.1004,0.100368,10.04,27.95
catalase_ps,oxide,oxide,D,258,,ASP,0.09448,0.09445,9.448,25.683
catalase_ps,oxide,oxide,A,212,,ASP,0.08924,0.089212,8.924,4.759
catalase_ps,oxide,oxide,C,327,,GLU,0.08617,0.086127,8.615,4.594
catalase_ps,oxide,oxide,B,59,,GLU,0.08364,0.083598,8.362,10.931
catalase_ps,oxide,oxide,C,177,,ASP,0.08274,0.082714,8.274,4.412
catalase_ps,oxide,oxide,C,59,,GLU,0.08169,0.081649,8.167,10.666
catalase_ps,oxide,oxide,D,212,,ASP,0.0794,0.079375,7.94,4.234
catalase_ps,oxide,oxide,A,258,,ASP,0.07874,0.078715,7.874,23.777
catalase_ps,oxide,oxide,C,212,,ASP,0.07616,0.076136,7.616,2.766
catalase_ps,oxide,oxide,D,9,,ASP,0.07349,0.073467,7.349,3.919
catalase_ps,oxide,oxide,A,59,,GLU,0.07221,0.072174,7.22,11.445
catalase_ps,oxide,oxide,C,258,,ASP,0.06891,0.068888,6.891,21.777
catalase_ps,oxide,oxide,A,177,,ASP,0.06633,0.066309,6.633,3.537
catalase_ps,oxide,oxide,B,190,,GLU,0.06071,0.06068,6.07,3.237
catalase_ps,oxide,oxide,B,66,,GLU,0.0602,0.06017,6.019,14.08
catalase_ps,oxide,oxide,B,9,,ASP,0.05774,0.057722,5.774,3.079
catalase_ps,oxide,oxide,D,177,,ASP,0.05649,0.056472,5.649,3.012
catalase_ps,oxide,oxide,D,59,,GLU,0.05578,0.055752,5.577,10.397
catalase_ps,oxide,oxide,A,66,,GLU,0.05572,0.055692,5.571,11.176
catalase_ps,oxide,oxide,C,66,,GLU,0.05572,0.055692,5.571,11.176
catalase_ps,oxide,oxide,A,9,,ASP,0.05249,0.052473,5.249,2.799
catalase_ps,oxide,oxide,C,123,,ASP,0.05058,0.050564,5.058,6.372
catalase_ps,calcium_phosphate,hydroxyapatite,D,225,,ASP,1.0,0.999684,100.0,52.203
catalase_ps,calcium_phosphate,hydroxyapatite,C,501,,GLU,1.0,0.999499,99.982,69.612
catalase_ps,calcium_phosphate,hydroxyapatite,D,501,,GLU,1.0,0.999499,99.982,69.586
catalase_ps,calcium_phosphate,hydroxyapatite,A,247,,GLU,1.0,0.999499,99.982,57.224
catalase_ps,calcium_phosphate,hydroxyapatite,B,247,,GLU,1.0,0.999499,99.982,55.806
catalase_ps,calcium_phosphate,hydroxyapatite,C,289,,GLU,0.99998,0.999479,99.98,40.893
catalase_ps,calcium_phosphate,hydroxyapatite,B,22,,LYS,0.96978,0.96901,96.932,36.096
catalase_ps,calcium_phosphate,hydroxyapatite,C,247,,GLU,0.94268,0.942208,94.251,55.551
catalase_ps,calcium_phosphate,hydroxyapatite,B,289,,GLU,0.93965,0.939179,93.948,39.759
catalase_ps,calcium_phosphate,hydroxyapatite,A,501,,GLU,0.93475,0.934282,93.458,62.486
catalase_ps,calcium_phosphate,hydroxyapatite,D,289,,GLU,0.90535,0.904896,90.518,38.763
catalase_ps,calcium_phosphate,hydroxyapatite,B,501,,GLU,0.90473,0.904277,90.456,57.469
catalase_ps,calcium_phosphate,hydroxyapatite,B,487,,GLU,0.89283,0.892383,89.266,33.075
catalase_ps,calcium_phosphate,hydroxyapatite,C,225,,ASP,0.89245,0.892168,89.245,59.925
catalase_ps,calcium_phosphate,hydroxyapatite,D,247,,GLU,0.88426,0.883817,88.41,54.694
catalase_ps,calcium_phosphate,hydroxyapatite,D,227,,GLU,0.8754,0.874961,87.524,52.863
catalase_ps,calcium_phosphate,hydroxyapatite,C,498,,LYS,0.86995,0.86926,86.953,72.419
catalase_ps,calcium_phosphate,hydroxyapatite,D,448,,LYS,0.86981,0.86912,86.939,32.375
catalase_ps,calcium_phosphate,hydroxyapatite,D,498,,LYS,0.86925,0.86856,86.883,71.616
catalase_ps,calcium_phosphate,hydroxyapatite,C,448,,LYS,0.8691,0.86841,86.868,32.349
catalase_ps,calcium_phosphate,hydroxyapatite,A,448,,LYS,0.8684,0.867711,86.799,32.323
catalase_ps,calcium_phosphate,hydroxyapatite,D,475,,LYS,0.86357,0.862885,86.316,42.377
catalase_ps,calcium_phosphate,hydroxyapatite,C,306,,ASP,0.86237,0.862097,86.237,26.164
catalase_ps,calcium_phosphate,hydroxyapatite,B,395,,ASP,0.8597,0.859428,85.97,30.157
catalase_ps,calcium_phosphate,hydroxyapatite,D,22,,LYS,0.85789,0.857209,85.748,31.931
catalase_ps,calcium_phosphate,hydroxyapatite,B,306,,ASP,0.85704,0.856769,85.704,25.619
catalase_ps,calcium_phosphate,hydroxyapatite,A,289,,GLU,0.85627,0.855841,85.611,36.553
catalase_ps,calcium_phosphate,hydroxyapatite,B,225,,ASP,0.85454,0.85427,85.454,58.234
catalase_ps,calcium_phosphate,hydroxyapatite,A,225,,ASP,0.84271,0.842444,84.271,57.718
catalase_ps,calcium_phosphate,hydroxyapatite,A,22,,LYS,0.83981,0.839143,83.941,31.258
catalase_ps,calcium_phosphate,hydroxyapatite,B,453,,GLU,0.83644,0.836021,83.629,72.683
catalase_ps,calcium_phosphate,hydroxyapatite,A,453,,GLU,0.82973,0.829314,82.958,74.756
catalase_ps,calcium_phosphate,hydroxyapatite,B,475,,LYS,0.80327,0.802632,80.289,51.663
catalase_ps,calcium_phosphate,hydroxyapatite,B,412,,GLU,0.79182,0.791423,79.167,30.657
catalase_ps,calcium_phosphate,hydroxyapatite,D,453,,GLU,0.79,0.789604,78.985,74.044
catalase_ps,calcium_phosphate,hydroxyapatite,A,381,,ARG,0.78388,0.783874,78.412,29.2
catalase_ps,calcium_phosphate,hydroxyapatite,A,306,,ASP,0.77981,0.779563,77.981,23.508
catalase_ps,calcium_phosphate,hydroxyapatite,C,22,,LYS,0.77671,0.776094,77.634,28.91
catalase_ps,calcium_phosphate,hydroxyapatite,A,475,,LYS,0.76655,0.765942,76.618,46.309
catalase_ps,calcium_phosphate,hydroxyapatite,A,497,,ASP,0.75298,0.752742,75.298,55.723
catalase_ps,calcium_phosphate,hydroxyapatite,A,456,,LYS,0.74999,0.749395,74.963,76.782
catalase_ps,calcium_phosphate,hydroxyapatite,C,475,,LYS,0.74776,0.747167,74.74,48.922
catalase_ps,calcium_phosphate,hydroxyapatite,D,381,,ARG,0.74698,0.746974,74.721,27.825
catalase_ps,calcium_phosphate,hydroxyapatite,A,498,,LYS,0.74376,0.74317,74.34,67.674
catalase_ps,calcium_phosphate,hydroxyapatite,D,306,,ASP,0.73581,0.735577,73.581,22.474
catalase_ps,calcium_phosphate,hydroxyapatite,D,395,,ASP,0.73532,0.735088,73.532,27.305
catalase_ps,calcium_phosphate,hydroxyapatite,C,452,,GLU,0.73454,0.734172,73.44,56.41
catalase_ps,calcium_phosphate,hydroxyapatite,C,497,,ASP,0.73207,0.731839,73.207,59.642
catalase_ps,calcium_phosphate,hydroxyapatite,C,227,,GLU,0.71691,0.716551,71.678,59.925
catalase_ps,calcium_phosphate,hydroxyapatite,B,497,,ASP,0.70974,0.709516,70.974,50.214
catalase_ps,calcium_phosphate,hydroxyapatite,B,227,,GLU,0.70939,0.709035,70.926,44.053
catalase_ps,calcium_phosphate,hydroxyapatite,A,227,,GLU,0.70736,0.707006,70.723,57.718
catalase_ps,calcium_phosphate,hydroxyapatite,C,453,,GLU,0.70635,0.705996,70.622,68.676
catalase_ps,calcium_phosphate,hydroxyapatite,D,497,,ASP,0.70391,0.703687,70.391,58.567
catalase_ps,calcium_phosphate,hydroxyapatite,B,448,,LYS,0.69706,0.696507,69.673,25.945
catalase_ps,calcium_phosphate,hydroxyapatite,B,452,,GLU,0.69077,0.690424,69.064,63.645
catalase_ps,calcium_phosphate,hydroxyapatite,B,381,,ARG,0.68556,0.685555,68.577,25.537
catalase_ps,calcium_phosphate,hydroxyapatite,D,92,,ARG,0.68363,0.683625,68.384,25.465
catalase_ps,calcium_phosphate,hydroxyapatite,D,456,,LYS,0.66839,0.66786,66.807,74.851
catalase_ps,calcium_phosphate,hydroxyapatite,C,381,,ARG,0.6498,0.649795,65.0,24.205
catalase_ps,calcium_phosphate,hydroxyapatite,B,479,,LYS,0.65016,0.649644,64.985,65.388
catalase_ps,calcium_phosphate,hydroxyapatite,D,452,,GLU,0.64989,0.649564,64.977,59.163
catalase_ps,calcium_phosphate,hydroxyapatite,C,468,,ASP,0.64974,0.649535,64.974,35.165
catalase_ps,calcium_phosphate,hydroxyapatite,D,479,,LYS,0.64702,0.646506,64.671,34.317
catalase_ps,calcium_phosphate,hydroxyapatite,C,242,,LYS,0.64665,0.646137,64.634,28.852
catalase_ps,calcium_phosphate,hydroxyapatite,D,468,,ASP,0.64449,0.644286,64.449,34.773
catalase_ps,calcium_phosphate,hydroxyapatite,D,421,,ARG,0.64007,0.640065,64.027,39.132
catalase_ps,calcium_phosphate,hydroxyapatite,B,498,,LYS,0.63901,0.638503,63.87,62.72
catalase_ps,calcium_phosphate,hydroxyapatite,C,89,,ASP,0.63625,0.636049,63.625,25.674
catalase_ps,calcium_phosphate,hydroxyapatite,B,92,,ARG,0.63143,0.631425,63.162,23.521
catalase_ps,calcium_phosphate,hydroxyapatite,C,412,,GLU,0.63161,0.631294,63.149,25.076
catalase_ps,calcium_phosphate,hydroxyapatite,A,479,,LYS,0.62473,0.624234,62.443,41.031
catalase_ps,calcium_phosphate,hydroxyapatite,A,452,,GLU,0.62361,0.623298,62.349,59.166
catalase_ps,calcium_phosphate,hydroxyapatite,C,479,,LYS,0.62163,0.621137,62.133,65.442
catalase_ps,calcium_phosphate,hydroxyapatite,D,412,,GLU,0.62088,0.620569,62.077,25.472
catalase_ps,calcium_phosphate,hydroxyapatite,C,483,,ASP,0.61966,0.619464,61.966,24.065
catalase_ps,calcium_phosphate,hydroxyapatite,D,248,,ASP,0.61557,0.615375,61.557,54.694
catalase_ps,calcium_phosphate,hydroxyapatite,D,242,,LYS,0.61371,0.613223,61.342,29.443
catalase_ps,calcium_phosphate,hydroxyapatite,A,248,,ASP,0.60966,0.609467,60.966,57.224
catalase_ps,calcium_phosphate,hydroxyapatite,A,89,,ASP,0.60734,0.607148,60.734,24.745
catalase_ps,calcium_phosphate,hydroxyapatite,B,255,,GLU,0.60686,0.606556,60.675,40.737
catalase_ps,calcium_phosphate,hydroxyapatite,C,255,,GLU,0.60652,0.606216,60.641,43.051
catalase_ps,calcium_phosphate,hydroxyapatite,C,319,,ARG,0.60392,0.603915,60.411,16.817
catalase_ps,calcium_phosphate,hydroxyapatite,B,16,,GLU,0.60382,0.603518,60.371,47.638
catalase_ps,calcium_phosphate,hydroxyapatite,D,89,,ASP,0.60267,0.602479,60.267,24.405
catalase_ps,calcium_phosphate,hydroxyapatite,B,421,,ARG,0.60141,0.601405,60.16,23.098
catalase_ps,calcium_phosphate,hydroxyapatite,A,16,,GLU,0.59555,0.595252,59.544,41.807
catalase_ps,calcium_phosphate,hydroxyapatite,D,16,,GLU,0.59094,0.590644,59.083,42.021
catalase_ps,calcium_phosphate,hydroxyapatite,B,105,,ARG,0.58577,0.585765,58.595,28.838
catalase_ps,calcium_phosphate,hydroxyapatite,A,242,,LYS,0.58608,0.585615,58.58,28.872
catalase_ps,calcium_phosphate,hydroxyapatite,C,92,,ARG,0.56929,0.569285,56.947,21.206
catalase_ps,calcium_phosphate,hydroxyapatite,B,89,,ASP,0.56601,0.565831,56.601,23.261
catalase_ps,calcium_phosphate,hydroxyapatite,A,468,,ASP,0.56442,0.564242,56.442,36.304
catalase_ps,calcium_phosphate,hydroxyapatite,D,255,,GLU,0.56358,0.563298,56.348,32.758
catalase_ps,calcium_phosphate,hydroxyapatite,A,412,,GLU,0.56099,0.560709,56.089,22.181
catalase_ps,calcium_phosphate,hydroxyapatite,C,16,,GLU,0.56011,0.559829,56.001,42.94
catalase_ps,calcium_phosphate,hydroxyapatite,B,456,,LYS,0.56016,0.559715,55.989,71.508
catalase_ps,calcium_phosphate,hydroxyapatite,C,248,,ASP,0.54925,0.549076,54.925,56.263
catalase_ps,calcium_phosphate,hydroxyapatite,D,483,,ASP,0.54676,0.546587,54.676,21.648
catalase_ps,calcium_phosphate,hydroxyapatite,A,100,,GLU,0.54557,0.545297,54.547,40.287
catalase_ps,calcium_phosphate,hydroxyapatite,D,105,,ARG,0.5425,0.542496,54.267,29.102
catalase_ps,calcium_phosphate,hydroxyapatite,B,248,,ASP,0.54008,0.539909,54.008,55.806
catalase_ps,calcium_phosphate,hydroxyapatite,B,468,,ASP,0.53626,0.53609,53.626,25.312
catalase_ps,calcium_phosphate,hydroxyapatite,A,255,,GLU,0.53552,0.535252,53.542,29.962
catalase_ps,calcium_phosphate,hydroxyapatite,D,176,,LYS,0.53303,0.532607,53.278,25.303
catalase_ps,calcium_phosphate,hydroxyapatite,C,251,,ARG,0.52914,0.529136,52.93,63.648
catalase_ps,calcium_phosphate,hydroxyapatite,A,92,,ARG,0.5262,0.526196,52.636,19.601
catalase_ps,calcium_phosphate,hydroxyapatite,B,15,,LYS,0.52397,0.523554,52.372,47.638
catalase_ps,calcium_phosphate,hydroxyapatite,A,15,,LYS,0.52306,0.522645,52.281,41.807
catalase_ps,calcium_phosphate,hydroxyapatite,A,483,,ASP,0.52051,0.520345,52.051,20.759
catalase_ps,calcium_phosphate,hydroxyapatite,D,319,,ARG,0.51777,0.517766,51.793,14.418
catalase_ps,calcium_phosphate,hydroxyapatite,B,319,,ARG,0.51498,0.514976,51.514,14.341
catalase_ps,calcium_phosphate,hydroxyapatite,B,176,,LYS,0.51466,0.514252,51.441,22.832
catalase_ps,calcium_phosphate,hydroxyapatite,A,105,,ARG,0.51151,0.511506,51.167,27.197
catalase_ps,calcium_phosphate,hydroxyapatite,C,202,,ARG,0.51083,0.510826,51.099,37.242
catalase_ps,calcium_phosphate,hydroxyapatite,B,242,,LYS,0.50911,0.508706,50.887,26.793
catalase_ps,calcium_phosphate,hydroxyapatite,C,176,,LYS,0.50877,0.508366,50.853,25.595
catalase_ps,calcium_phosphate,hydroxyapatite,C,421,,ARG,0.50821,0.508206,50.837,19.59
catalase_ps,calcium_phosphate,hydroxyapatite,D,427,,ASP,0.50592,0.50576,50.592,20.861
catalase_ps,calcium_phosphate,hydroxyapatite,C,15,,LYS,0.50539,0.504989,50.515,42.94
catalase_ps,calcium_phosphate,hydroxyapatite,B,314,,LYS,0.50132,0.500922,50.108,23.27
catalase_ps,calcium_phosphate,hydroxyapatite,B,483,,ASP,0.49302,0.492864,49.302,19.286
catalase_ps,calcium_phosphate,hydroxyapatite,A,319,,ARG,0.48901,0.489006,48.916,13.617
catalase_ps,calcium_phosphate,hydroxyapatite,C,201,,ASP,0.4891,0.488945,48.91,37.242
catalase_ps,calcium_phosphate,hydroxyapatite,B,287,,GLU,0.48884,0.488595,48.875,39.759
catalase_ps,calcium_phosphate,hydroxyapatite,D,287,,GLU,0.48733,0.487086,48.724,38.763
catalase_ps,calcium_phosphate,hydroxyapatite,C,105,,ARG,0.48621,0.486206,48.636,30.358
catalase_ps,calcium_phosphate,hydroxyapatite,C,100,,GLU,0.4848,0.484557,48.471,32.488
catalase_ps,calcium_phosphate,hydroxyapatite,D,443,,ARG,0.4832,0.483196,48.335,17.999
catalase_ps,calcium_phosphate,hydroxyapatite,A,460,,GLU,0.48335,0.483108,48.326,30.915
catalase_ps,calcium_phosphate,hydroxyapatite,B,236,,LYS,0.48254,0.482157,48.231,21.898
catalase_ps,calcium_phosphate,hydroxyapatite,A,46,,ARG,0.48149,0.481486,48.164,15.983
catalase_ps,calcium_phosphate,hydroxyapatite,A,236,,LYS,0.48099,0.480608,48.076,21.226
catalase_ps,calcium_phosphate,hydroxyapatite,A,476,,LYS,0.47763,0.477251,47.74,52.002
catalase_ps,calcium_phosphate,hydroxyapatite,C,443,,ARG,0.47143,0.471426,47.158,17.561
catalase_ps,calcium_phosphate,hydroxyapatite,A,97,,LYS,0.47145,0.471076,47.122,37.86
catalase_ps,calcium_phosphate,hydroxyapatite,C,287,,GLU,0.46925,0.469015,46.916,40.893
catalase_ps,calcium_phosphate,hydroxyapatite,C,395,,ASP,0.46912,0.468972,46.912,17.192
catalase_ps,calcium_phosphate,hydroxyapatite,D,100,,GLU,0.46868,0.468445,46.859,35.946
catalase_ps,calcium_phosphate,hydroxyapatite,C,46,,ARG,0.46728,0.467276,46.742,15.736
catalase_ps,calcium_phosphate,hydroxyapatite,D,460,,GLU,0.46743,0.467196,46.734,32.41
catalase_ps,calcium_phosphate,hydroxyapatite,B,202,,ARG,0.46552,0.465516,46.566,31.03
catalase_ps,calcium_phosphate,hydroxyapatite,D,251,,ARG,0.4649,0.464896,46.504,73.163
catalase_ps,calcium_phosphate,hydroxyapatite,B,251,,ARG,0.46461,0.464606,46.475,61.083
catalase_ps,calcium_phosphate,hydroxyapatite,B,460,,GLU,0.46483,0.464597,46.474,30.039
catalase_ps,calcium_phosphate,hydroxyapatite,A,443,,ARG,0.46438,0.464376,46.452,17.298
catalase_ps,calcium_phosphate,hydroxyapatite,B,97,,LYS,0.46361,0.463242,46.339,33.711
catalase_ps,calcium_phosphate,hydroxyapatite,A,176,,LYS,0.46152,0.461154,46.13,22.72
catalase_ps,calcium_phosphate,hydroxyapatite,C,236,,LYS,0.4596,0.459235,45.938,19.943
catalase_ps,calcium_phosphate,hydroxyapatite,C,487,,GLU,0.45758,0.457351,45.75,21.784
catalase_ps,calcium_phosphate,hydroxyapatite,A,287,,GLU,0.45701,0.456781,45.693,36.553
catalase_ps,calcium_phosphate,hydroxyapatite,B,436,,ASP,0.45227,0.452127,45.227,23.236
catalase_ps,calcium_phosphate,hydroxyapatite,D,15,,LYS,0.45149,0.451132,45.127,42.021
catalase_ps,calcium_phosphate,hydroxyapatite,D,236,,LYS,0.44994,0.449583,44.973,19.704
catalase_ps,calcium_phosphate,hydroxyapatite,B,427,,ASP,0.44769,0.447548,44.769,18.837
catalase_ps,calcium_phosphate,hydroxyapatite,A,314,,LYS,0.4468,0.446445,44.659,22.736
catalase_ps,calcium_phosphate,hydroxyapatite,A,251,,ARG,0.44596,0.445956,44.61,40.241
catalase_ps,calcium_phosphate,hydroxyapatite,D,487,,GLU,0.44493,0.444707,44.485,20.207
catalase_ps,calcium_phosphate,hydroxyapatite,B,100,,GLU,0.44196,0.441739,44.188,36.716
catalase_ps,calcium_phosphate,hydroxyapatite,C,85,,GLU,0.44082,0.440599,44.074,41.625
catalase_ps,calcium_phosphate,hydroxyapatite,C,457,,ARG,0.4405,0.440497,44.064,54.564
catalase_ps,calcium_phosphate,hydroxyapatite,C,460,,GLU,0.439,0.43878,43.892,32.753
catalase_ps,calcium_phosphate,hydroxyapatite,B,443,,ARG,0.4364,0.436397,43.653,16.256
catalase_ps,calcium_phosphate,hydroxyapatite,A,487,,GLU,0.43515,0.434932,43.507,19.455
catalase_ps,calcium_phosphate,hydroxyapatite,B,46,,ARG,0.42764,0.427637,42.777,15.808
catalase_ps,calcium_phosphate,hydroxyapatite,D,97,,LYS,0.4247,0.424363,42.45,33.257
catalase_ps,calcium_phosphate,hydroxyapatite,A,201,,ASP,0.42353,0.423396,42.353,29.594
catalase_ps,calcium_phosphate,hydroxyapatite,A,436,,ASP,0.42069,0.420557,42.069,19.978
catalase_ps,calcium_phosphate,hydroxyapatite,D,201,,ASP,0.41695,0.416818,41.695,29.601
catalase_ps,calcium_phosphate,hydroxyapatite,D,5,,ASP,0.41637,0.416238,41.637,20.547
catalase_ps,calcium_phosphate,hydroxyapatite,C,456,,LYS,0.41363,0.413302,41.343,64.518
catalase_ps,calcium_phosphate,hydroxyapatite,B,24,,ASP,0.4121,0.41197,41.21,15.346
catalase_ps,calcium_phosphate,hydroxyapatite,D,46,,ARG,0.40939,0.409387,40.952,14.379
catalase_ps,calcium_phosphate,hydroxyapatite,D,436,,ASP,0.40561,0.405482,40.561,19.046
catalase_ps,calcium_phosphate,hydroxyapatite,C,314,,LYS,0.40492,0.404599,40.473,23.536
catalase_ps,calcium_phosphate,hydroxyapatite,B,476,,LYS,0.40327,0.40295,40.308,51.663
catalase_ps,calcium_phosphate,hydroxyapatite,D,457,,ARG,0.40286,0.402857,40.298,62.841
catalase_ps,calcium_phosphate,hydroxyapatite,A,24,,ASP,0.3996,0.399474,39.96,14.881
catalase_ps,calcium_phosphate,hydroxyapatite,C,476,,LYS,0.38882,0.388511,38.863,48.922
catalase_ps,calcium_phosphate,hydroxyapatite,D,419,,GLU,0.38695,0.386756,38.688,39.132
catalase_ps,calcium_phosphate,hydroxyapatite,A,467,,LYS,0.38201,0.381707,38.183,36.85
catalase_ps,calcium_phosphate,hydroxyapatite,D,85,,GLU,0.37967,0.37948,37.96,40.765
catalase_ps,calcium_phosphate,hydroxyapatite,D,202,,ARG,0.37783,0.377827,37.795,29.601
catalase_ps,calcium_phosphate,hydroxyapatite,A,202,,ARG,0.37107,0.371067,37.118,29.594
catalase_ps,calcium_phosphate,hydroxyapatite,A,85,,GLU,0.37019,0.370005,37.012,39.629
catalase_ps,calcium_phosphate,hydroxyapatite,A,138,,GLU,0.368,0.367816,36.793,29.502
catalase_ps,calcium_phosphate,hydroxyapatite,B,201,,ASP,0.36762,0.367504,36.762,31.03
catalase_ps,calcium_phosphate,hydroxyapatite,D,314,,LYS,0.36644,0.366149,36.626,20.764
catalase_ps,calcium_phosphate,hydroxyapatite,A,5,,ASP,0.36521,0.365095,36.521,17.4
catalase_ps,calcium_phosphate,hydroxyapatite,C,5,,ASP,0.36321,0.363095,36.321,15.967
catalase_ps,calcium_phosphate,hydroxyapatite,D,262,,ARG,0.35106,0.351057,35.117,18.897
catalase_ps,calcium_phosphate,hydroxyapatite,C,419,,GLU,0.34968,0.349505,34.962,13.679
catalase_ps,calcium_phosphate,hydroxyapatite,A,457,,ARG,0.34681,0.346807,34.692,63.886
catalase_ps,calcium_phosphate,hydroxyapatite,A,262,,ARG,0.34475,0.344747,34.486,19.125
catalase_ps,calcium_phosphate,hydroxyapatite,D,95,,LYS,0.34268,0.342408,34.252,12.755
catalase_ps,calcium_phosphate,hydroxyapatite,B,457,,ARG,0.3418,0.341797,34.191,57.672
catalase_ps,calcium_phosphate,hydroxyapatite,D,379,,ARG,0.34105,0.341047,34.116,23.385
catalase_ps,calcium_phosphate,hydroxyapatite,B,5,,ASP,0.33972,0.339613,33.972,15.969
catalase_ps,calcium_phosphate,hydroxyapatite,B,256,,ASP,0.33888,0.338773,33.888,40.023
catalase_ps,calcium_phosphate,hydroxyapatite,B,12,,LYS,0.33882,0.338551,33.866,36.23
catalase_ps,calcium_phosphate,hydroxyapatite,B,85,,GLU,0.33488,0.334712,33.482,42.787
catalase_ps,calcium_phosphate,hydroxyapatite,C,427,,ASP,0.33412,0.334014,33.412,14.5
catalase_ps,calcium_phosphate,hydroxyapatite,A,395,,ASP,0.33296,0.332855,33.296,11.667
catalase_ps,calcium_phosphate,hydroxyapatite,A,421,,ARG,0.33001,0.330007,33.011,13.081
catalase_ps,calcium_phosphate,hydroxyapatite,C,262,,ARG,0.32809,0.328087,32.819,19.528
catalase_ps,calcium_phosphate,hydroxyapatite,D,238,,ASP,0.32771,0.327606,32.771,12.203
catalase_ps,calcium_phosphate,hydroxyapatite,D,388,,ASP,0.32745,0.327346,32.745,16.424
catalase_ps,calcium_phosphate,hydroxyapatite,C,238,,ASP,0.32705,0.326947,32.705,12.179
catalase_ps,calcium_phosphate,hydroxyapatite,B,467,,LYS,0.32557,0.325312,32.541,33.859
catalase_ps,calcium_phosphate,hydroxyapatite,B,437,,ASP,0.32171,0.321608,32.171,23.236
catalase_ps,calcium_phosphate,hydroxyapatite,C,24,,ASP,0.31695,0.31685,31.695,11.803
catalase_ps,calcium_phosphate,hydroxyapatite,B,262,,ARG,0.31245,0.312448,31.255,18.748
catalase_ps,calcium_phosphate,hydroxyapatite,C,379,,ARG,0.31046,0.310458,31.056,22.208
catalase_ps,calcium_phosphate,hydroxyapatite,C,467,,LYS,0.30713,0.306886,30.698,37.398
catalase_ps,calcium_phosphate,hydroxyapatite,C,97,,LYS,0.29935,0.299112,29.921,29.192
catalase_ps,calcium_phosphate,hydroxyapatite,C,491,,ARG,0.29835,0.298348,29.844,28.15
catalase_ps,calcium_phosphate,hydroxyapatite,A,437,,ASP,0.29697,0.296876,29.697,19.978
catalase_ps,calcium_phosphate,hydroxyapatite,D,467,,LYS,0.29429,0.294056,29.415,36.69
catalase_ps,calcium_phosphate,hydroxyapatite,B,419,,GLU,0.2939,0.293753,29.385,11.638
catalase_ps,calcium_phosphate,hydroxyapatite,C,256,,ASP,0.28888,0.288789,28.888,36.808
catalase_ps,calcium_phosphate,hydroxyapatite,A,419,,GLU,0.28891,0.288765,28.886,11.545
catalase_ps,calcium_phosphate,hydroxyapatite,D,256,,ASP,0.28697,0.286879,28.697,36.277
catalase_ps,calcium_phosphate,hydroxyapatite,D,138,,GLU,0.28688,0.286736,28.683,29.886
catalase_ps,calcium_phosphate,hydroxyapatite,C,138,,GLU,0.28587,0.285727,28.582,29.466
catalase_ps,calcium_phosphate,hydroxyapatite,D,437,,ASP,0.27856,0.278472,27.856,19.046
catalase_ps,calcium_phosphate,hydroxyapatite,D,24,,ASP,0.27821,0.278122,27.821,10.36
catalase_ps,calcium_phosphate,hydroxyapatite,B,379,,ARG,0.2768,0.276798,27.689,20.232
catalase_ps,calcium_phosphate,hydroxyapatite,D,476,,LYS,0.27497,0.274752,27.484,49.683
catalase_ps,calcium_phosphate,hydroxyapatite,B,388,,ASP,0.27296,0.272874,27.296,10.165
catalase_ps,calcium_phosphate,hydroxyapatite,C,95,,LYS,0.27103,0.270815,27.09,10.088
catalase_ps,calcium_phosphate,hydroxyapatite,B,491,,ARG,0.27049,0.270488,27.057,43.317
catalase_ps,calcium_phosphate,hydroxyapatite,A,427,,ASP,0.26971,0.269625,26.971,12.08
catalase_ps,calcium_phosphate,hydroxyapatite,B,138,,GLU,0.26648,0.266347,26.643,25.51
catalase_ps,calcium_phosphate,hydroxyapatite,A,238,,ASP,0.26472,0.264636,26.472,9.858
catalase_ps,calcium_phosphate,hydroxyapatite,C,436,,ASP,0.25921,0.259128,25.921,12.686
catalase_ps,calcium_phosphate,hydroxyapatite,A,379,,ARG,0.25559,0.255588,25.567,23.222
catalase_ps,calcium_phosphate,hydroxyapatite,A,95,,LYS,0.25455,0.254348,25.443,9.475
catalase_ps,calcium_phosphate,hydroxyapatite,D,12,,LYS,0.25329,0.253089,25.317,31.118
catalase_ps,calcium_phosphate,hydroxyapatite,A,388,,ASP,0.25196,0.25188,25.196,11.457
catalase_ps,calcium_phosphate,hydroxyapatite,C,388,,ASP,0.25196,0.25188,25.196,11.457
catalase_ps,calcium_phosphate,hydroxyapatite,D,4,,ARG,0.24815,0.248148,24.823,24.749
catalase_ps,calcium_phosphate,hydroxyapatite,B,36,,ASP,0.24738,0.247302,24.738,11.287
catalase_ps,calcium_phosphate,hydroxyapatite,D,491,,ARG,0.24638,0.246378,24.646,25.743
catalase_ps,calcium_phosphate,hydroxyapatite,B,327,,GLU,0.24557,0.245447,24.552,9.143
catalase_ps,calcium_phosphate,hydroxyapatite,C,12,,LYS,0.24522,0.245025,24.51,30.151
catalase_ps,calcium_phosphate,hydroxyapatite,A,256,,ASP,0.24431,0.244233,24.431,32.894
catalase_ps,calcium_phosphate,hydroxyapatite,A,58,,ASP,0.24288,0.242803,24.288,9.195
catalase_ps,calcium_phosphate,hydroxyapatite,D,58,,ASP,0.23047,0.230397,23.047,8.396
catalase_ps,calcium_phosphate,hydroxyapatite,B,263,,ASP,0.22905,0.228978,22.905,20.168
catalase_ps,calcium_phosphate,hydroxyapatite,A,491,,ARG,0.22676,0.226758,22.683,24.648
catalase_ps,calcium_phosphate,hydroxyapatite,C,36,,ASP,0.22647,0.226398,22.647,7.272
catalase_ps,calcium_phosphate,hydroxyapatite,B,95,,LYS,0.22413,0.223952,22.402,8.342
catalase_ps,calcium_phosphate,hydroxyapatite,D,327,,GLU,0.22364,0.223528,22.36,8.327
catalase_ps,calcium_phosphate,hydroxyapatite,B,58,,ASP,0.2173,0.217231,21.73,8.766
catalase_ps,calcium_phosphate,hydroxyapatite,C,58,,ASP,0.21197,0.211903,21.197,8.712
catalase_ps,calcium_phosphate,hydroxyapatite,B,118,,GLU,0.21056,0.210455,21.052,9.914
catalase_ps,calcium_phosphate,hydroxyapatite,C,4,,ARG,0.21028,0.210278,21.034,15.967
catalase_ps,calcium_phosphate,hydroxyapatite,B,238,,ASP,0.21023,0.210164,21.023,7.829
catalase_ps,calcium_phosphate,hydroxyapatite,A,4,,ARG,0.20727,0.207268,20.733,21.321
catalase_ps,calcium_phosphate,hydroxyapatite,B,127,,ASP,0.20672,0.206655,20.672,14.255
catalase_ps,calcium_phosphate,hydroxyapatite,B,353,,ARG,0.20385,0.203848,20.391,7.593
catalase_ps,calcium_phosphate,hydroxyapatite,D,263,,ASP,0.2028,0.202736,20.28,20.629
catalase_ps,calcium_phosphate,hydroxyapatite,B,67,,ARG,0.20027,0.200268,20.033,11.606
catalase_ps,calcium_phosphate,hydroxyapatite,A,36,,ASP,0.20031,0.200247,20.031,7.459
catalase_ps,calcium_phosphate,hydroxyapatite,A,353,,ARG,0.19913,0.199128,19.919,7.418
catalase_ps,calcium_phosphate,hydroxyapatite,A,12,,LYS,0.1984,0.198243,19.831,31.099
catalase_ps,calcium_phosphate,hydroxyapatite,C,437,,ASP,0.19648,0.196418,19.648,12.686
catalase_ps,calcium_phosphate,hydroxyapatite,C,263,,ASP,0.19622,0.196158,19.622,19.528
catalase_ps,calcium_phosphate,hydroxyapatite,B,206,,ASP,0.19489,0.194828,19.489,24.667
catalase_ps,calcium_phosphate,hydroxyapatite,C,139,,ASP,0.19489,0.194828,19.489,17.901
catalase_ps,calcium_phosphate,hydroxyapatite,C,126,,ARG,0.19481,0.194808,19.487,12.634
catalase_ps,calcium_phosphate,hydroxyapatite,C,67,,ARG,0.19452,0.194518,19.458,9.32
catalase_ps,calcium_phosphate,hydroxyapatite,A,67,,ARG,0.19367,0.193668,19.373,9.289
catalase_ps,calcium_phosphate,hydroxyapatite,C,353,,ARG,0.1931,0.193098,19.316,7.193
catalase_ps,calcium_phosphate,hydroxyapatite,C,329,,GLU,0.19268,0.192583,19.264,7.174
catalase_ps,calcium_phosphate,hydroxyapatite,B,18,,ARG,0.1923,0.192298,19.236,49.147
catalase_ps,calcium_phosphate,hydroxyapatite,D,36,,ASP,0.19173,0.191669,19.173,6.217
catalase_ps,calcium_phosphate,hydroxyapatite,D,126,,ARG,0.18821,0.188209,18.827,11.19
catalase_ps,calcium_phosphate,hydroxyapatite,D,353,,ARG,0.18434,0.184339,18.44,5.133
catalase_ps,calcium_phosphate,hydroxyapatite,B,455,,ARG,0.18212,0.182119,18.218,85.621
catalase_ps,calcium_phosphate,hydroxyapatite,D,67,,ARG,0.18059,0.180589,18.065,6.727
catalase_ps,calcium_phosphate,hydroxyapatite,A,126,,ARG,0.18048,0.180479,18.054,10.902
catalase_ps,calcium_phosphate,hydroxyapatite,C,209,,ARG,0.17854,0.178539,17.86,7.559
catalase_ps,calcium_phosphate,hydroxyapatite,A,329,,GLU,0.17626,0.176172,17.623,6.562
catalase_ps,calcium_phosphate,hydroxyapatite,D,329,,GLU,0.17626,0.176172,17.623,6.562
catalase_ps,calcium_phosphate,hydroxyapatite,B,4,,ARG,0.17611,0.176109,17.616,19.211
catalase_ps,calcium_phosphate,hydroxyapatite,B,126,,ARG,0.17604,0.176039,17.609,14.255
catalase_ps,calcium_phosphate,hydroxyapatite,A,209,,ARG,0.17552,0.175519,17.557,7.824
catalase_ps,calcium_phosphate,hydroxyapatite,D,139,,ASP,0.17456,0.174505,17.456,17.181
catalase_ps,calcium_phosphate,hydroxyapatite,C,18,,ARG,0.17274,0.172739,17.279,46.1
catalase_ps,calcium_phosphate,hydroxyapatite,C,455,,ARG,0.17222,0.172219,17.227,80.895
catalase_ps,calcium_phosphate,hydroxyapatite,A,263,,ASP,0.16873,0.168677,16.873,19.125
catalase_ps,calcium_phosphate,hydroxyapatite,A,139,,ASP,0.16864,0.168587,16.864,19.981
catalase_ps,calcium_phosphate,hydroxyapatite,B,343,,GLU,0.16432,0.164238,16.429,8.385
catalase_ps,calcium_phosphate,hydroxyapatite,A,206,,ASP,0.16406,0.164008,16.406,26.724
catalase_ps,calcium_phosphate,hydroxyapatite,C,104,,LYS,0.16349,0.16336,16.341,43.906
catalase_ps,calcium_phosphate,hydroxyapatite,A,118,,GLU,0.16274,0.162658,16.271,6.059
catalase_ps,calcium_phosphate,hydroxyapatite,A,343,,GLU,0.16034,0.16026,16.031,8.349
catalase_ps,calcium_phosphate,hydroxyapatite,B,209,,ARG,0.15886,0.158859,15.891,6.789
catalase_ps,calcium_phosphate,hydroxyapatite,D,206,,ASP,0.15814,0.15809,15.814,26.579
catalase_ps,calcium_phosphate,hydroxyapatite,D,118,,GLU,0.15737,0.157291,15.734,5.859
catalase_ps,calcium_phosphate,hydroxyapatite,D,18,,ARG,0.15642,0.156419,15.647,44.633
catalase_ps,calcium_phosphate,hydroxyapatite,B,329,,GLU,0.15636,0.156282,15.633,5.822
catalase_ps,calcium_phosphate,hydroxyapatite,D,209,,ARG,0.15556,0.155559,15.561,6.822
catalase_ps,calcium_phosphate,hydroxyapatite,C,343,,GLU,0.15187,0.151794,15.184,8.099
catalase_ps,calcium_phosphate,hydroxyapatite,C,70,,GLU,0.15042,0.150345,15.039,9.627
catalase_ps,calcium_phosphate,hydroxyapatite,D,343,,GLU,0.14941,0.149335,14.938,7.723
catalase_ps,calcium_phosphate,hydroxyapatite,D,455,,ARG,0.14908,0.149079,14.913,87.055
catalase_ps,calcium_phosphate,hydroxyapatite,A,327,,GLU,0.14847,0.148396,14.844,5.528
catalase_ps,calcium_phosphate,hydroxyapatite,C,127,,ASP,0.1444,0.144354,14.44,9.445
catalase_ps,calcium_phosphate,hydroxyapatite,B,139,,ASP,0.14173,0.141685,14.173,15.199
catalase_ps,calcium_phosphate,hydroxyapatite,C,348,,LYS,0.14015,0.140039,14.008,5.217
catalase_ps,calcium_phosphate,hydroxyapatite,C,118,,GLU,0.13697,0.136901,13.694,5.1
catalase_ps,calcium_phosphate,hydroxyapatite,A,455,,ARG,0.13572,0.135719,13.576,94.524
catalase_ps,calcium_phosphate,hydroxyapatite,B,168,,LYS,0.13573,0.135622,13.567,21.116
catalase_ps,calcium_phosphate,hydroxyapatite,B,70,,GLU,0.1345,0.134433,13.448,9.564
catalase_ps,calcium_phosphate,hydroxyapatite,A,188,,ARG,0.12941,0.129409,12.945,3.604
catalase_ps,calcium_phosphate,hydroxyapatite,A,70,,GLU,0.12553,0.125467,12.551,8.781
catalase_ps,calcium_phosphate,hydroxyapatite,D,70,,GLU,0.12553,0.125467,12.551,8.599
catalase_ps,calcium_phosphate,hydroxyapatite,C,188,,ARG,0.12424,0.124239,12.428,3.46
catalase_ps,calcium_phosphate,hydroxyapatite,A,18,,ARG,0.12367,0.123669,12.371,46.249
catalase_ps,calcium_phosphate,hydroxyapatite,D,104,,LYS,0.12318,0.123082,12.312,41.617
catalase_ps,calcium_phosphate,hydroxyapatite,D,123,,ASP,0.12282,0.122781,12.282,8.092
catalase_ps,calcium_phosphate,hydroxyapatite,A,123,,ASP,0.12282,0.122781,12.282,7.506
catalase_ps,calcium_phosphate,hydroxyapatite,B,71,,ARG,0.12231,0.122309,12.235,10.5
catalase_ps,calcium_phosphate,hydroxyapatite,D,188,,ARG,0.12151,0.121509,12.155,3.384
catalase_ps,calcium_phosphate,hydroxyapatite,B,188,,ARG,0.12122,0.121219,12.126,5.065
catalase_ps,calcium_phosphate,hydroxyapatite,C,168,,LYS,0.11855,0.118456,11.849,8.348
catalase_ps,calcium_phosphate,hydroxyapatite,D,168,,LYS,0.11785,0.117756,11.779,8.096
catalase_ps,calcium_phosphate,hydroxyapatite,B,104,,LYS,0.11519,0.115099,11.513,41.581
catalase_ps,calcium_phosphate,hydroxyapatite,A,127,,ASP,0.11223,0.112195,11.223,10.902
catalase_ps,calcium_phosphate,hydroxyapatite,D,127,,ASP,0.11223,0.112195,11.223,8.365
catalase_ps,calcium_phosphate,hydroxyapatite,C,206,,ASP,0.1109,0.110865,11.09,26.731
catalase_ps,calcium_phosphate,hydroxyapatite,A,71,,ARG,0.11026,0.110259,11.029,8.781
catalase_ps,calcium_phosphate,hydroxyapatite,C,71,,ARG,0.1081,0.108099,10.813,9.627
catalase_ps,calcium_phosphate,hydroxyapatite,A,348,,LYS,0.10706,0.106975,10.701,3.985
catalase_ps,calcium_phosphate,hydroxyapatite,B,212,,ASP,0.10574,0.105707,10.574,21.697
catalase_ps,calcium_phosphate,hydroxyapatite,D,71,,ARG,0.10537,0.105369,10.54,8.599
catalase_ps,calcium_phosphate,hydroxyapatite,B,123,,ASP,0.10116,0.101128,10.116,7.506
catalase_ps,calcium_phosphate,hydroxyapatite,B,258,,ASP,0.1004,0.100368,10.04,20.125
catalase_ps,calcium_phosphate,hydroxyapatite,B,348,,LYS,0.09787,0.097792,9.782,3.643
catalase_ps,calcium_phosphate,hydroxyapatite,C,169,,ARG,0.09604,0.096039,9.607,23.576
catalase_ps,calcium_phosphate,hydroxyapatite,A,104,,LYS,0.09521,0.095134,9.516,38.807
catalase_ps,calcium_phosphate,hydroxyapatite,D,258,,ASP,0.09448,0.09445,9.448,18.778
catalase_ps,calcium_phosphate,hydroxyapatite,D,169,,ARG,0.09274,0.092739,9.277,23.302
catalase_ps,calcium_phosphate,hydroxyapatite,D,348,,LYS,0.09254,0.092467,9.25,3.444
catalase_ps,calcium_phosphate,hydroxyapatite,D,232,,LYS,0.08974,0.089669,8.97,3.34
catalase_ps,calcium_phosphate,hydroxyapatite,A,212,,ASP,0.08924,0.089212,8.924,21.226
catalase_ps,calcium_phosphate,hydroxyapatite,C,101,,HIS,0.79142,0.088493,8.852,27.432
catalase_ps,calcium_phosphate,hydroxyapatite,C,327,,GLU,0.08617,0.086127,8.615,3.208
catalase_ps,calcium_phosphate,hydroxyapatite,B,59,,GLU,0.08364,0.083598,8.362,8.766
catalase_ps,calcium_phosphate,hydroxyapatite,D,362,,ARG,0.08273,0.082729,8.276,5.442
catalase_ps,calcium_phosphate,hydroxyapatite,C,177,,ASP,0.08274,0.082714,8.274,22.018
catalase_ps,calcium_phosphate,hydroxyapatite,A,169,,ARG,0.08228,0.082279,8.231,20.279
catalase_ps,calcium_phosphate,hydroxyapatite,C,362,,ARG,0.08216,0.082159,8.219,3.363
catalase_ps,calcium_phosphate,hydroxyapatite,C,59,,GLU,0.08169,0.081649,8.167,8.712
catalase_ps,calcium_phosphate,hydroxyapatite,A,168,,LYS,0.0814,0.081335,8.136,20.279
catalase_ps,calcium_phosphate,hydroxyapatite,B,101,,HIS,0.72152,0.080677,8.07,23.748
catalase_ps,calcium_phosphate,hydroxyapatite,A,362,,ARG,0.07972,0.079719,7.974,3.859
catalase_ps,calcium_phosphate,hydroxyapatite,D,212,,ASP,0.0794,0.079375,7.94,19.704
catalase_ps,calcium_phosphate,hydroxyapatite,A,258,,ASP,0.07874,0.078715,7.874,16.604
catalase_ps,calcium_phosphate,hydroxyapatite,C,304,,HIS,0.69277,0.077463,7.749,26.164
catalase_ps,calcium_phosphate,hydroxyapatite,C,212,,ASP,0.07616,0.076136,7.616,19.943
catalase_ps,calcium_phosphate,hydroxyapatite,A,232,,LYS,0.07558,0.07552,7.554,2.813
catalase_ps,calcium_phosphate,hydroxyapatite,D,364,,ARG,0.07409,0.074089,7.411,6.754
catalase_ps,calcium_phosphate,hydroxyapatite,D,9,,ASP,0.07349,0.073467,7.349,12.164
catalase_ps,calcium_phosphate,hydroxyapatite,B,169,,ARG,0.0725,0.072499,7.252,21.116
catalase_ps,calcium_phosphate,hydroxyapatite,A,59,,GLU,0.07221,0.072174,7.22,9.195
catalase_ps,calcium_phosphate,hydroxyapatite,D,101,,HIS,0.64542,0.072168,7.219,24.723
catalase_ps,calcium_phosphate,hydroxyapatite,D,304,,HIS,0.63905,0.071456,7.148,22.474
catalase_ps,calcium_phosphate,hydroxyapatite,B,362,,ARG,0.07124,0.071239,7.126,2.805
catalase_ps,calcium_phosphate,hydroxyapatite,C,258,,ASP,0.06891,0.068888,6.891,15.207
catalase_ps,calcium_phosphate,hydroxyapatite,A,177,,ASP,0.06633,0.066309,6.633,19.648
catalase_ps,calcium_phosphate,hydroxyapatite,C,220,,LYS,0.06569,0.065638,6.566,7.621
catalase_ps,calcium_phosphate,hydroxyapatite,A,101,,HIS,0.58264,0.065148,6.517,26.283
catalase_ps,calcium_phosphate,hydroxyapatite,A,304,,HIS,0.57798,0.064627,6.465,23.508
catalase_ps,calcium_phosphate,hydroxyapatite,A,220,,LYS,0.06393,0.063879,6.39,8.349
catalase_ps,calcium_phosphate,hydroxyapatite,D,413,,HIS,0.56543,0.063224,6.324,25.472
catalase_ps,calcium_phosphate,hydroxyapatite,B,304,,HIS,0.56527,0.063206,6.323,25.619
catalase_ps,calcium_phosphate,hydroxyapatite,A,13,,HIS,0.54994,0.061492,6.151,43.268
catalase_ps,calcium_phosphate,hydroxyapatite,B,232,,LYS,0.06141,0.061361,6.138,2.286
catalase_ps,calcium_phosphate,hydroxyapatite,B,220,,LYS,0.06092,0.060872,6.089,8.385
catalase_ps,calcium_phosphate,hydroxyapatite,B,190,,GLU,0.06071,0.06068,6.07,6.776
catalase_ps,calcium_phosphate,hydroxyapatite,B,66,,GLU,0.0602,0.06017,6.019,19.667
catalase_ps,calcium_phosphate,hydroxyapatite,A,155,,ARG,0.05942,0.05942,5.944,2.213
catalase_ps,calcium_phosphate,hydroxyapatite,C,13,,HIS,0.53125,0.059402,5.942,42.94
catalase_ps,calcium_phosphate,hydroxyapatite,B,88,,HIS,0.52413,0.058606,5.862,19.635
catalase_ps,calcium_phosphate,hydroxyapatite,A,423,,HIS,0.51986,0.058129,5.815,18.837
catalase_ps,calcium_phosphate,hydroxyapatite,D,220,,LYS,0.05805,0.058004,5.802,7.723
catalase_ps,calcium_phosphate,hydroxyapatite,B,9,,ASP,0.05774,0.057722,5.774,14.761
catalase_ps,calcium_phosphate,hydroxyapatite,D,13,,HIS,0.51598,0.057695,5.771,44.067
catalase_ps,calcium_phosphate,hydroxyapatite,D,300,,LYS,0.0577,0.057654,5.767,1.91
catalase_ps,calcium_phosphate,hydroxyapatite,A,88,,HIS,0.51103,0.057141,5.716,20.313
catalase_ps,calcium_phosphate,hydroxyapatite,C,155,,ARG,0.05698,0.05698,5.7,2.123
catalase_ps,calcium_phosphate,hydroxyapatite,D,177,,ASP,0.05649,0.056472,5.649,21.943
catalase_ps,calcium_phosphate,hydroxyapatite,C,232,,LYS,0.05629,0.056245,5.626,2.095
catalase_ps,calcium_phosphate,hydroxyapatite,D,59,,GLU,0.05578,0.055752,5.577,8.396
catalase_ps,calcium_phosphate,hydroxyapatite,C,66,,GLU,0.05572,0.055692,5.571,14.52
catalase_ps,calcium_phosphate,hydroxyapatite,A,66,,GLU,0.05572,0.055692,5.571,14.382
catalase_ps,calcium_phosphate,hydroxyapatite,B,76,,LYS,0.05574,0.055696,5.571,10.851
catalase_ps,calcium_phosphate,hydroxyapatite,B,37,,LYS,0.05574,0.055696,5.571,10.198
catalase_ps,calcium_phosphate,hydroxyapatite,D,423,,HIS,0.49398,0.055235,5.525,14.5
catalase_ps,calcium_phosphate,hydroxyapatite,B,423,,HIS,0.48887,0.054663,5.468,12.08
catalase_ps,calcium_phosphate,hydroxyapatite,C,423,,HIS,0.48522,0.054255,5.427,20.861
catalase_ps,calcium_phosphate,hydroxyapatite,D,387,,ARG,0.05339,0.05339,5.341,12.667
catalase_ps,calcium_phosphate,hydroxyapatite,C,88,,HIS,0.47561,0.053181,5.32,21.657
catalase_ps,calcium_phosphate,hydroxyapatite,B,13,,HIS,0.47205,0.052783,5.28,49.246
catalase_ps,calcium_phosphate,hydroxyapatite,D,88,,HIS,0.47112,0.052679,5.27,24.405
catalase_ps,calcium_phosphate,hydroxyapatite,A,9,,ASP,0.05249,0.052473,5.249,9.339
catalase_ps,calcium_phosphate,hydroxyapatite,B,129,,ARG,0.05242,0.05242,5.244,1.953
catalase_ps,calcium_phosphate,hydroxyapatite,B,65,,ARG,0.05112,0.05112,5.114,12.126
catalase_ps,calcium_phosphate,hydroxyapatite,C,123,,ASP,0.05058,0.050564,5.058,4.45
catalase_ps,calcium_phosphate,hydroxyapatite,B,465,,HIS,0.42539,0.047565,4.758,33.859
catalase_ps,calcium_phosphate,hydroxyapatite,C,465,,HIS,0.42516,0.04754,4.755,13.203
catalase_ps,calcium_phosphate,hydroxyapatite,D,465,,HIS,0.41694,0.04662,4.664,36.69
catalase_ps,calcium_phosphate,hydroxyapatite,A,465,,HIS,0.38719,0.043294,4.331,36.85
catalase_ps,calcium_phosphate,hydroxyapatite,C,413,,HIS,0.37455,0.041881,4.189,25.076
catalase_ps,calcium_phosphate,hydroxyapatite,A,485,,HIS,0.3303,0.036933,3.694,36.96
catalase_ps,calcium_phosphate,hydroxyapatite,A,413,,HIS,0.31076,0.034748,3.476,30.614
catalase_ps,calcium_phosphate,hydroxyapatite,D,485,,HIS,0.30898,0.034549,3.456,38.213
catalase_ps,calcium_phosphate,hydroxyapatite,B,413,,HIS,0.2824,0.031577,3.159,36.001
catalase_ps,calcium_phosphate,hydroxyapatite,C,174,,HIS,0.28117,0.031439,3.145,4.749
catalase_ps,calcium_phosphate,hydroxyapatite,D,174,,HIS,0.2714,0.030347,3.036,4.585
catalase_ps,calcium_phosphate,hydroxyapatite,A,174,,HIS,0.2714,0.030347,3.036,4.195
catalase_ps,calcium_phosphate,hydroxyapatite,D,254,,HIS,0.2614,0.029229,2.924,33.684
catalase_ps,calcium_phosphate,hydroxyapatite,B,254,,HIS,0.25691,0.028727,2.874,54.493
catalase_ps,calcium_phosphate,hydroxyapatite,B,174,,HIS,0.25613,0.028639,2.865,3.767
catalase_ps,calcium_phosphate,hydroxyapatite,D,74,,HIS,0.24714,0.027634,2.764,1.029
catalase_ps,calcium_phosphate,hydroxyapatite,C,74,,HIS,0.23854,0.026673,2.668,0.994
catalase_ps,calcium_phosphate,hydroxyapatite,C,485,,HIS,0.23753,0.02656,2.657,41.101
catalase_ps,calcium_phosphate,hydroxyapatite,A,210,,HIS,0.22777,0.025468,2.548,29.639
catalase_ps,calcium_phosphate,hydroxyapatite,A,74,,HIS,0.22599,0.025269,2.528,0.941
catalase_ps,calcium_phosphate,hydroxyapatite,B,74,,HIS,0.22482,0.025138,2.515,7.567
catalase_ps,calcium_phosphate,hydroxyapatite,B,485,,HIS,0.2225,0.024879,2.489,51.42
catalase_ps,calcium_phosphate,hydroxyapatite,A,254,,HIS,0.22227,0.024853,2.486,47.663
catalase_ps,calcium_phosphate,hydroxyapatite,C,254,,HIS,0.21661,0.02422,2.423,55.022
catalase_ps,calcium_phosphate,hydroxyapatite,D,420,,HIS,0.21188,0.023692,2.37,39.132
catalase_ps,calcium_phosphate,hydroxyapatite,A,420,,HIS,0.18918,0.021153,2.116,23.838
catalase_ps,calcium_phosphate,hydroxyapatite,C,62,,HIS,0.17275,0.019316,1.932,3.761
catalase_ps,calcium_phosphate,hydroxyapatite,D,210,,HIS,0.17065,0.019081,1.909,29.665
catalase_ps,calcium_phosphate,hydroxyapatite,B,363,,HIS,0.16926,0.018926,1.893,3.752
catalase_ps,calcium_phosphate,hydroxyapatite,B,420,,HIS,0.16693,0.018665,1.867,34.04
catalase_ps,calcium_phosphate,hydroxyapatite,D,363,,HIS,0.15926,0.017808,1.781,6.754
catalase_ps,calcium_phosphate,hydroxyapatite,C,420,,HIS,0.15833,0.017704,1.771,32.61
catalase_ps,calcium_phosphate,hydroxyapatite,C,210,,HIS,0.15693,0.017547,1.755,35.758
catalase_ps,calcium_phosphate,hydroxyapatite,A,363,,HIS,0.14205,0.015883,1.589,3.412
catalase_ps,calcium_phosphate,hydroxyapatite,B,210,,HIS,0.14066,0.015728,1.573,25.739
catalase_ps,calcium_phosphate,hydroxyapatite,D,62,,HIS,0.13733,0.015356,1.536,2.649
catalase_ps,calcium_phosphate,hydroxyapatite,A,62,,HIS,0.13617,0.015226,1.523,3.256
catalase_ps,calcium_phosphate,hydroxyapatite,C,363,,HIS,0.12601,0.01409,1.409,3.835
catalase_ps,calcium_phosphate,hydroxyapatite,B,62,,HIS,0.12485,0.01396,1.396,5.538
catalase_ps,calcium_phosphate,hydroxyapatite,C,234,,HIS,0.12168,0.013606,1.361,0.507
catalase_ps,calcium_phosphate,hydroxyapatite,A,193,,HIS,0.11841,0.01324,1.324,0.493
catalase_ps,calcium_phosphate,hydroxyapatite,C,193,,HIS,0.10609,0.011863,1.187,0.442
catalase_ps,calcium_phosphate,hydroxyapatite,D,234,,HIS,0.10563,0.011811,1.181,0.44
catalase_ps,calcium_phosphate,hydroxyapatite,A,234,,HIS,0.10331,0.011552,1.156,0.43
catalase_ps,calcium_phosphate,hydroxyapatite,D,193,,HIS,0.09781,0.010937,1.094,0.407
catalase_ps,calcium_phosphate,hydroxyapatite,B,361,,HIS,0.09454,0.010571,1.057,2.805
catalase_ps,calcium_phosphate,hydroxyapatite,C,165,,HIS,0.08587,0.009602,0.96,4.77
catalase_ps,calcium_phosphate,hydroxyapatite,A,208,,HIS,0.08099,0.009056,0.906,7.824
catalase_ps,calcium_phosphate,hydroxyapatite,B,234,,HIS,0.0806,0.009012,0.902,0.336
catalase_ps,calcium_phosphate,hydroxyapatite,D,208,,HIS,0.0761,0.008509,0.851,6.822
catalase_ps,calcium_phosphate,hydroxyapatite,A,361,,HIS,0.07145,0.007989,0.799,3.859
catalase_ps,calcium_phosphate,hydroxyapatite,B,208,,HIS,0.06867,0.007678,0.768,6.789
catalase_ps,calcium_phosphate,hydroxyapatite,B,165,,HIS,0.06495,0.007262,0.726,5.323
catalase_ps,calcium_phosphate,hydroxyapatite,C,208,,HIS,0.06123,0.006846,0.685,7.559
catalase_ps,calcium_phosphate,hydroxyapatite,D,165,,HIS,0.06123,0.006846,0.685,4.642
catalase_ps,calcium_phosphate,hydroxyapatite,B,193,,HIS,0.06123,0.006846,0.685,0.255
catalase_ps,calcium_phosphate,hydroxyapatite,A,165,,HIS,0.06084,0.006803,0.681,3.283
catalase_ps,calcium_phosphate,hydroxyapatite,D,361,,HIS,0.0599,0.006698,0.67,6.754
catalase_ps,calcium_phosphate,hydroxyapatite,C,361,,HIS,0.0599,0.006698,0.67,3.835
catalase_ps,metal_coord,metal_coord,D,225,,ASP,1.0,0.999684,100.0,58.116
catalase_ps,metal_coord,metal_coord,C,501,,GLU,1.0,0.999499,99.982,53.317
catalase_ps,metal_coord,metal_coord,D,501,,GLU,1.0,0.999499,99.982,52.801
catalase_ps,metal_coord,metal_coord,A,247,,GLU,1.0,0.999499,99.982,49.88
catalase_ps,metal_coord,metal_coord,B,247,,GLU,1.0,0.999499,99.982,47.723
catalase_ps,metal_coord,metal_coord,C,289,,GLU,0.99998,0.999479,99.98,45.525
catalase_ps,metal_coord,metal_coord,C,247,,GLU,0.94268,0.942208,94.251,46.231
catalase_ps,metal_coord,metal_coord,B,289,,GLU,0.93965,0.939179,93.948,44.262
catalase_ps,metal_coord,metal_coord,A,501,,GLU,0.93475,0.934282,93.458,49.838
catalase_ps,metal_coord,metal_coord,D,289,,GLU,0.90535,0.904896,90.518,43.153
catalase_ps,metal_coord,metal_coord,B,501,,GLU,0.90473,0.904277,90.456,48.237
catalase_ps,metal_coord,metal_coord,B,487,,GLU,0.89283,0.892383,89.266,34.563
catalase_ps,metal_coord,metal_coord,C,225,,ASP,0.89245,0.892168,89.245,49.872
catalase_ps,metal_coord,metal_coord,D,247,,GLU,0.88426,0.883817,88.41,46.476
catalase_ps,metal_coord,metal_coord,D,227,,GLU,0.8754,0.874961,87.524,64.684
catalase_ps,metal_coord,metal_coord,C,306,,ASP,0.86237,0.862097,86.237,48.202
catalase_ps,metal_coord,metal_coord,B,395,,ASP,0.8597,0.859428,85.97,51.354
catalase_ps,metal_coord,metal_coord,B,306,,ASP,0.85704,0.856769,85.704,44.085
catalase_ps,metal_coord,metal_coord,A,289,,GLU,0.85627,0.855841,85.611,40.693
catalase_ps,metal_coord,metal_coord,B,225,,ASP,0.85454,0.85427,85.454,48.464
catalase_ps,metal_coord,metal_coord,A,225,,ASP,0.84271,0.842444,84.271,48.035
catalase_ps,metal_coord,metal_coord,B,453,,GLU,0.83644,0.836021,83.629,47.321
catalase_ps,metal_coord,metal_coord,A,453,,GLU,0.82973,0.829314,82.958,45.032
catalase_ps,metal_coord,metal_coord,C,101,,HIS,0.79142,0.79142,79.167,68.065
catalase_ps,metal_coord,metal_coord,B,412,,GLU,0.79182,0.791423,79.167,41.912
catalase_ps,metal_coord,metal_coord,D,453,,GLU,0.79,0.789604,78.985,44.616
catalase_ps,metal_coord,metal_coord,A,306,,ASP,0.77981,0.779563,77.981,42.085
catalase_ps,metal_coord,metal_coord,A,497,,ASP,0.75298,0.752742,75.298,40.154
catalase_ps,metal_coord,metal_coord,C,394,,MET,0.74949,0.74949,74.973,39.867
catalase_ps,metal_coord,metal_coord,D,306,,ASP,0.73581,0.735577,73.581,42.615
catalase_ps,metal_coord,metal_coord,D,395,,ASP,0.73532,0.735088,73.532,48.369
catalase_ps,metal_coord,metal_coord,C,452,,GLU,0.73454,0.734172,73.44,44.647
catalase_ps,metal_coord,metal_coord,C,497,,ASP,0.73207,0.731839,73.207,39.039
catalase_ps,metal_coord,metal_coord,B,101,,HIS,0.72152,0.72152,72.175,62.052
catalase_ps,metal_coord,metal_coord,C,227,,GLU,0.71691,0.716551,71.678,54.78
catalase_ps,metal_coord,metal_coord,B,497,,ASP,0.70974,0.709516,70.974,37.848
catalase_ps,metal_coord,metal_coord,B,227,,GLU,0.70939,0.709035,70.926,53.639
catalase_ps,metal_coord,metal_coord,A,227,,GLU,0.70736,0.707006,70.723,53.899
catalase_ps,metal_coord,metal_coord,C,453,,GLU,0.70635,0.705996,70.622,44.647
catalase_ps,metal_coord,metal_coord,D,497,,ASP,0.70391,0.703687,70.391,37.537
catalase_ps,metal_coord,metal_coord,C,304,,HIS,0.69277,0.69277,69.299,48.202
catalase_ps,metal_coord,metal_coord,B,452,,GLU,0.69077,0.690424,69.064,47.321
catalase_ps,metal_coord,metal_coord,D,452,,GLU,0.64989,0.649564,64.977,44.616
catalase_ps,metal_coord,metal_coord,C,468,,ASP,0.64974,0.649535,64.974,34.648
catalase_ps,metal_coord,metal_coord,D,101,,HIS,0.64542,0.64542,64.562,59.417
catalase_ps,metal_coord,metal_coord,D,468,,ASP,0.64449,0.644286,64.449,34.65
catalase_ps,metal_coord,metal_coord,D,304,,HIS,0.63905,0.63905,63.925,42.615
catalase_ps,metal_coord,metal_coord,C,89,,ASP,0.63625,0.636049,63.625,59.3
catalase_ps,metal_coord,metal_coord,C,412,,GLU,0.63161,0.631294,63.149,43.566
catalase_ps,metal_coord,metal_coord,A,452,,GLU,0.62361,0.623298,62.349,45.032
catalase_ps,metal_coord,metal_coord,D,412,,GLU,0.62088,0.620569,62.077,49.539
catalase_ps,metal_coord,metal_coord,C,483,,ASP,0.61966,0.619464,61.966,26.568
catalase_ps,metal_coord,metal_coord,D,248,,ASP,0.61557,0.615375,61.557,46.476
catalase_ps,metal_coord,metal_coord,A,248,,ASP,0.60966,0.609467,60.966,49.88
catalase_ps,metal_coord,metal_coord,A,89,,ASP,0.60734,0.607148,60.734,59.647
catalase_ps,metal_coord,metal_coord,B,255,,GLU,0.60686,0.606556,60.675,43.986
catalase_ps,metal_coord,metal_coord,C,255,,GLU,0.60652,0.606216,60.641,44.561
catalase_ps,metal_coord,metal_coord,B,16,,GLU,0.60382,0.603518,60.371,33.344
catalase_ps,metal_coord,metal_coord,D,89,,ASP,0.60267,0.602479,60.267,57.269
catalase_ps,metal_coord,metal_coord,A,16,,GLU,0.59555,0.595252,59.544,35.502
catalase_ps,metal_coord,metal_coord,D,16,,GLU,0.59094,0.590644,59.083,34.306
catalase_ps,metal_coord,metal_coord,A,394,,MET,0.58365,0.58365,58.383,30.739
catalase_ps,metal_coord,metal_coord,A,101,,HIS,0.58264,0.58264,58.282,60.168
catalase_ps,metal_coord,metal_coord,A,304,,HIS,0.57798,0.57798,57.816,42.085
catalase_ps,metal_coord,metal_coord,B,89,,ASP,0.56601,0.565831,56.601,58.142
catalase_ps,metal_coord,metal_coord,D,413,,HIS,0.56543,0.56543,56.561,44.434
catalase_ps,metal_coord,metal_coord,B,304,,HIS,0.56527,0.56527,56.545,44.085
catalase_ps,metal_coord,metal_coord,A,468,,ASP,0.56442,0.564242,56.442,31.551
catalase_ps,metal_coord,metal_coord,D,255,,GLU,0.56358,0.563298,56.348,34.46
catalase_ps,metal_coord,metal_coord,A,412,,GLU,0.56099,0.560709,56.089,36.839
catalase_ps,metal_coord,metal_coord,C,16,,GLU,0.56011,0.559829,56.001,33.825
catalase_ps,metal_coord,metal_coord,A,13,,HIS,0.54994,0.54994,55.011,37.129
catalase_ps,metal_coord,metal_coord,C,248,,ASP,0.54925,0.549076,54.925,46.231
catalase_ps,metal_coord,metal_coord,D,483,,ASP,0.54676,0.546587,54.676,26.523
catalase_ps,metal_coord,metal_coord,A,100,,GLU,0.54557,0.545297,54.547,53.789
catalase_ps,metal_coord,metal_coord,B,248,,ASP,0.54008,0.539909,54.008,47.723
catalase_ps,metal_coord,metal_coord,B,468,,ASP,0.53626,0.53609,53.626,29.807
catalase_ps,metal_coord,metal_coord,A,255,,GLU,0.53552,0.535252,53.542,33.496
catalase_ps,metal_coord,metal_coord,C,13,,HIS,0.53125,0.53125,53.142,33.825
catalase_ps,metal_coord,metal_coord,D,394,,MET,0.52454,0.52454,52.471,40.76
catalase_ps,metal_coord,metal_coord,B,88,,HIS,0.52413,0.52413,52.43,56.158
catalase_ps,metal_coord,metal_coord,A,483,,ASP,0.52051,0.520345,52.051,26.371
catalase_ps,metal_coord,metal_coord,A,423,,HIS,0.51986,0.51986,52.002,29.991
catalase_ps,metal_coord,metal_coord,D,13,,HIS,0.51598,0.51598,51.614,36.584
catalase_ps,metal_coord,metal_coord,A,88,,HIS,0.51103,0.51103,51.119,52.727
catalase_ps,metal_coord,metal_coord,D,427,,ASP,0.50592,0.50576,50.592,30.721
catalase_ps,metal_coord,metal_coord,D,423,,HIS,0.49398,0.49398,49.414,25.669
catalase_ps,metal_coord,metal_coord,B,483,,ASP,0.49302,0.492864,49.302,22.177
catalase_ps,metal_coord,metal_coord,B,394,,MET,0.49233,0.49233,49.249,44.424
catalase_ps,metal_coord,metal_coord,C,201,,ASP,0.4891,0.488945,48.91,15.158
catalase_ps,metal_coord,metal_coord,B,423,,HIS,0.48887,0.48887,48.902,23.514
catalase_ps,metal_coord,metal_coord,B,287,,GLU,0.48884,0.488595,48.875,44.262
catalase_ps,metal_coord,metal_coord,D,287,,GLU,0.48733,0.487086,48.724,43.153
catalase_ps,metal_coord,metal_coord,C,423,,HIS,0.48522,0.48522,48.537,30.721
catalase_ps,metal_coord,metal_coord,C,100,,GLU,0.4848,0.484557,48.471,59.275
catalase_ps,metal_coord,metal_coord,A,460,,GLU,0.48335,0.483108,48.326,25.771
catalase_ps,metal_coord,metal_coord,C,88,,HIS,0.47561,0.47561,47.576,58.997
catalase_ps,metal_coord,metal_coord,B,13,,HIS,0.47205,0.47205,47.22,35.133
catalase_ps,metal_coord,metal_coord,D,88,,HIS,0.47112,0.47112,47.127,57.269
catalase_ps,metal_coord,metal_coord,C,287,,GLU,0.46925,0.469015,46.916,45.525
catalase_ps,metal_coord,metal_coord,C,395,,ASP,0.46912,0.468972,46.912,44.468
catalase_ps,metal_coord,metal_coord,D,100,,GLU,0.46868,0.468445,46.859,53.208
catalase_ps,metal_coord,metal_coord,D,460,,GLU,0.46743,0.467196,46.734,24.922
catalase_ps,metal_coord,metal_coord,B,460,,GLU,0.46483,0.464597,46.474,24.783
catalase_ps,metal_coord,metal_coord,C,487,,GLU,0.45758,0.457351,45.75,21.542
catalase_ps,metal_coord,metal_coord,A,287,,GLU,0.45701,0.456781,45.693,40.693
catalase_ps,metal_coord,metal_coord,B,436,,ASP,0.45227,0.452127,45.227,25.868
catalase_ps,metal_coord,metal_coord,B,427,,ASP,0.44769,0.447548,44.769,29.991
catalase_ps,metal_coord,metal_coord,D,487,,GLU,0.44493,0.444707,44.485,23.365
catalase_ps,metal_coord,metal_coord,B,100,,GLU,0.44196,0.441739,44.188,53.604
catalase_ps,metal_coord,metal_coord,C,85,,GLU,0.44082,0.440599,44.074,13.659
catalase_ps,metal_coord,metal_coord,C,460,,GLU,0.439,0.43878,43.892,23.406
catalase_ps,metal_coord,metal_coord,A,487,,GLU,0.43515,0.434932,43.507,23.723
catalase_ps,metal_coord,metal_coord,B,465,,HIS,0.42539,0.42539,42.552,44.21
catalase_ps,metal_coord,metal_coord,C,465,,HIS,0.42516,0.42516,42.529,22.679
catalase_ps,metal_coord,metal_coord,A,201,,ASP,0.42353,0.423396,42.353,13.126
catalase_ps,metal_coord,metal_coord,A,436,,ASP,0.42069,0.420557,42.069,22.241
catalase_ps,metal_coord,metal_coord,D,465,,HIS,0.41694,0.41694,41.707,47.383
catalase_ps,metal_coord,metal_coord,D,201,,ASP,0.41695,0.416818,41.695,12.922
catalase_ps,metal_coord,metal_coord,D,5,,ASP,0.41637,0.416238,41.637,15.181
catalase_ps,metal_coord,metal_coord,B,24,,ASP,0.4121,0.41197,41.21,21.976
catalase_ps,metal_coord,metal_coord,D,436,,ASP,0.40561,0.405482,40.561,21.203
catalase_ps,metal_coord,metal_coord,C,376,,CYS,0.40386,0.40386,40.399,12.52
catalase_ps,metal_coord,metal_coord,A,24,,ASP,0.3996,0.399474,39.96,21.309
catalase_ps,metal_coord,metal_coord,A,465,,HIS,0.38719,0.38719,38.731,44.472
catalase_ps,metal_coord,metal_coord,D,419,,GLU,0.38695,0.386756,38.688,30.854
catalase_ps,metal_coord,metal_coord,D,85,,GLU,0.37967,0.37948,37.96,20.243
catalase_ps,metal_coord,metal_coord,C,413,,HIS,0.37455,0.37455,37.467,49.774
catalase_ps,metal_coord,metal_coord,A,85,,GLU,0.37019,0.370005,37.012,11.471
catalase_ps,metal_coord,metal_coord,A,138,,GLU,0.368,0.367816,36.793,16.629
catalase_ps,metal_coord,metal_coord,B,201,,ASP,0.36762,0.367504,36.762,11.393
catalase_ps,metal_coord,metal_coord,A,5,,ASP,0.36521,0.365095,36.521,12.945
catalase_ps,metal_coord,metal_coord,C,5,,ASP,0.36321,0.363095,36.321,11.256
catalase_ps,metal_coord,metal_coord,C,419,,GLU,0.34968,0.349505,34.962,26.657
catalase_ps,metal_coord,metal_coord,B,5,,ASP,0.33972,0.339613,33.972,12.318
catalase_ps,metal_coord,metal_coord,B,256,,ASP,0.33888,0.338773,33.888,43.517
catalase_ps,metal_coord,metal_coord,B,85,,GLU,0.33488,0.334712,33.482,10.376
catalase_ps,metal_coord,metal_coord,C,427,,ASP,0.33412,0.334014,33.412,25.669
catalase_ps,metal_coord,metal_coord,A,395,,ASP,0.33296,0.332855,33.296,33.409
catalase_ps,metal_coord,metal_coord,A,485,,HIS,0.3303,0.3303,33.04,39.854
catalase_ps,metal_coord,metal_coord,D,238,,ASP,0.32771,0.327606,32.771,17.476
catalase_ps,metal_coord,metal_coord,D,388,,ASP,0.32745,0.327346,32.745,17.571
catalase_ps,metal_coord,metal_coord,C,238,,ASP,0.32705,0.326947,32.705,15.001
catalase_ps,metal_coord,metal_coord,B,437,,ASP,0.32171,0.321608,32.171,25.868
catalase_ps,metal_coord,metal_coord,C,24,,ASP,0.31695,0.31685,31.695,16.902
catalase_ps,metal_coord,metal_coord,A,413,,HIS,0.31076,0.31076,31.086,43.858
catalase_ps,metal_coord,metal_coord,D,485,,HIS,0.30898,0.30898,30.908,40.31
catalase_ps,metal_coord,metal_coord,A,437,,ASP,0.29697,0.296876,29.697,22.241
catalase_ps,metal_coord,metal_coord,B,419,,GLU,0.2939,0.293753,29.385,19.373
catalase_ps,metal_coord,metal_coord,A,376,,CYS,0.29074,0.29074,29.083,9.013
catalase_ps,metal_coord,metal_coord,C,256,,ASP,0.28888,0.288789,28.888,38.164
catalase_ps,metal_coord,metal_coord,A,419,,GLU,0.28891,0.288765,28.886,19.785
catalase_ps,metal_coord,metal_coord,D,256,,ASP,0.28697,0.286879,28.697,41.194
catalase_ps,metal_coord,metal_coord,D,138,,GLU,0.28688,0.286736,28.683,14.299
catalase_ps,metal_coord,metal_coord,C,138,,GLU,0.28587,0.285727,28.582,14.898
catalase_ps,metal_coord,metal_coord,B,413,,HIS,0.2824,0.2824,28.249,47.854
catalase_ps,metal_coord,metal_coord,C,174,,HIS,0.28117,0.28117,28.126,14.392
catalase_ps,metal_coord,metal_coord,D,437,,ASP,0.27856,0.278472,27.856,21.203
catalase_ps,metal_coord,metal_coord,D,24,,ASP,0.27821,0.278122,27.821,14.836
catalase_ps,metal_coord,metal_coord,D,376,,CYS,0.27743,0.27743,27.752,8.601
catalase_ps,metal_coord,metal_coord,B,388,,ASP,0.27296,0.272874,27.296,14.556
catalase_ps,metal_coord,metal_coord,A,174,,HIS,0.2714,0.2714,27.149,13.397
catalase_ps,metal_coord,metal_coord,D,174,,HIS,0.2714,0.2714,27.149,12.605
catalase_ps,metal_coord,metal_coord,A,427,,ASP,0.26971,0.269625,26.971,23.514
catalase_ps,metal_coord,metal_coord,B,138,,GLU,0.26648,0.266347,26.643,12.649
catalase_ps,metal_coord,metal_coord,A,238,,ASP,0.26472,0.264636,26.472,14.117
catalase_ps,metal_coord,metal_coord,D,254,,HIS,0.2614,0.2614,26.148,41.351
catalase_ps,metal_coord,metal_coord,C,436,,ASP,0.25921,0.259128,25.921,14.122
catalase_ps,metal_coord,metal_coord,B,376,,CYS,0.25747,0.25747,25.755,7.982
catalase_ps,metal_coord,metal_coord,B,254,,HIS,0.25691,0.25691,25.699,65.891
catalase_ps,metal_coord,metal_coord,B,174,,HIS,0.25613,0.25613,25.621,10.076
catalase_ps,metal_coord,metal_coord,A,388,,ASP,0.25196,0.25188,25.196,16.407
catalase_ps,metal_coord,metal_coord,C,388,,ASP,0.25196,0.25188,25.196,16.407
catalase_ps,metal_coord,metal_coord,B,36,,ASP,0.24738,0.247302,24.738,13.192
catalase_ps,metal_coord,metal_coord,D,74,,HIS,0.24714,0.24714,24.722,12.538
catalase_ps,metal_coord,metal_coord,B,327,,GLU,0.24557,0.245447,24.552,13.093
catalase_ps,metal_coord,metal_coord,A,256,,ASP,0.24431,0.244233,24.431,37.302
catalase_ps,metal_coord,metal_coord,A,58,,ASP,0.24288,0.242803,24.288,15.929
catalase_ps,metal_coord,metal_coord,C,74,,HIS,0.23854,0.23854,23.862,12.725
catalase_ps,metal_coord,metal_coord,C,485,,HIS,0.23753,0.23753,23.761,40.746
catalase_ps,metal_coord,metal_coord,D,58,,ASP,0.23047,0.230397,23.047,14.774
catalase_ps,metal_coord,metal_coord,B,263,,ASP,0.22905,0.228978,22.905,12.214
catalase_ps,metal_coord,metal_coord,A,210,,HIS,0.22777,0.22777,22.784,16.47
catalase_ps,metal_coord,metal_coord,C,36,,ASP,0.22647,0.226398,22.647,16.652
catalase_ps,metal_coord,metal_coord,A,74,,HIS,0.22599,0.22599,22.606,12.055
catalase_ps,metal_coord,metal_coord,B,74,,HIS,0.22482,0.22482,22.489,11.993
catalase_ps,metal_coord,metal_coord,D,327,,GLU,0.22364,0.223528,22.36,11.924
catalase_ps,metal_coord,metal_coord,B,485,,HIS,0.2225,0.2225,22.257,49.842
catalase_ps,metal_coord,metal_coord,A,254,,HIS,0.22227,0.22227,22.234,39.159
catalase_ps,metal_coord,metal_coord,B,58,,ASP,0.2173,0.217231,21.73,14.899
catalase_ps,metal_coord,metal_coord,C,254,,HIS,0.21661,0.21661,21.668,61.23
catalase_ps,metal_coord,metal_coord,C,58,,ASP,0.21197,0.211903,21.197,16.278
catalase_ps,metal_coord,metal_coord,D,420,,HIS,0.21188,0.21188,21.195,31.933
catalase_ps,metal_coord,metal_coord,B,118,,GLU,0.21056,0.210455,21.052,11.226
catalase_ps,metal_coord,metal_coord,B,238,,ASP,0.21023,0.210164,21.023,10.876
catalase_ps,metal_coord,metal_coord,B,127,,ASP,0.20672,0.206655,20.672,9.542
catalase_ps,metal_coord,metal_coord,D,263,,ASP,0.2028,0.202736,20.28,10.815
catalase_ps,metal_coord,metal_coord,A,36,,ASP,0.20031,0.200247,20.031,10.682
catalase_ps,metal_coord,metal_coord,C,437,,ASP,0.19648,0.196418,19.648,14.122
catalase_ps,metal_coord,metal_coord,C,263,,ASP,0.19622,0.196158,19.622,10.115
catalase_ps,metal_coord,metal_coord,C,139,,ASP,0.19489,0.194828,19.489,14.898
catalase_ps,metal_coord,metal_coord,B,206,,ASP,0.19489,0.194828,19.489,10.393
catalase_ps,metal_coord,metal_coord,C,329,,GLU,0.19268,0.192583,19.264,10.273
catalase_ps,metal_coord,metal_coord,D,36,,ASP,0.19173,0.191669,19.173,14.697
catalase_ps,metal_coord,metal_coord,A,420,,HIS,0.18918,0.18918,18.924,25.495
catalase_ps,metal_coord,metal_coord,A,329,,GLU,0.17626,0.176172,17.623,9.398
catalase_ps,metal_coord,metal_coord,D,329,,GLU,0.17626,0.176172,17.623,9.398
catalase_ps,metal_coord,metal_coord,D,139,,ASP,0.17456,0.174505,17.456,16.145
catalase_ps,metal_coord,metal_coord,C,62,,HIS,0.17275,0.17275,17.28,16.707
catalase_ps,metal_coord,metal_coord,D,210,,HIS,0.17065,0.17065,17.07,13.162
catalase_ps,metal_coord,metal_coord,B,363,,HIS,0.16926,0.16926,16.931,12.582
catalase_ps,metal_coord,metal_coord,A,263,,ASP,0.16873,0.168677,16.873,8.998
catalase_ps,metal_coord,metal_coord,A,139,,ASP,0.16864,0.168587,16.864,18.452
catalase_ps,metal_coord,metal_coord,B,420,,HIS,0.16693,0.16693,16.698,24.574
catalase_ps,metal_coord,metal_coord,B,343,,GLU,0.16432,0.164238,16.429,8.761
catalase_ps,metal_coord,metal_coord,A,206,,ASP,0.16406,0.164008,16.406,8.749
catalase_ps,metal_coord,metal_coord,A,118,,GLU,0.16274,0.162658,16.271,8.677
catalase_ps,metal_coord,metal_coord,A,343,,GLU,0.16034,0.16026,16.031,8.549
catalase_ps,metal_coord,metal_coord,D,363,,HIS,0.15926,0.15926,15.931,10.701
catalase_ps,metal_coord,metal_coord,C,420,,HIS,0.15833,0.15833,15.838,27.09
catalase_ps,metal_coord,metal_coord,D,206,,ASP,0.15814,0.15809,15.814,8.433
catalase_ps,metal_coord,metal_coord,D,118,,GLU,0.15737,0.157291,15.734,8.39
catalase_ps,metal_coord,metal_coord,C,210,,HIS,0.15693,0.15693,15.698,17.551
catalase_ps,metal_coord,metal_coord,B,329,,GLU,0.15636,0.156282,15.633,8.337
catalase_ps,metal_coord,metal_coord,C,343,,GLU,0.15187,0.151794,15.184,8.097
catalase_ps,metal_coord,metal_coord,C,70,,GLU,0.15042,0.150345,15.039,8.02
catalase_ps,metal_coord,metal_coord,D,343,,GLU,0.14941,0.149335,14.938,7.966
catalase_ps,metal_coord,metal_coord,A,327,,GLU,0.14847,0.148396,14.844,7.916
catalase_ps,metal_coord,metal_coord,C,127,,ASP,0.1444,0.144354,14.44,4.475
catalase_ps,metal_coord,metal_coord,A,363,,HIS,0.14205,0.14205,14.209,11.389
catalase_ps,metal_coord,metal_coord,B,139,,ASP,0.14173,0.141685,14.173,14.376
catalase_ps,metal_coord,metal_coord,B,210,,HIS,0.14066,0.14066,14.07,11.166
catalase_ps,metal_coord,metal_coord,D,62,,HIS,0.13733,0.13733,13.737,13.131
catalase_ps,metal_coord,metal_coord,C,118,,GLU,0.13697,0.136901,13.694,7.303
catalase_ps,metal_coord,metal_coord,A,62,,HIS,0.13617,0.13617,13.621,14.456
catalase_ps,metal_coord,metal_coord,B,70,,GLU,0.1345,0.134433,13.448,7.171
catalase_ps,metal_coord,metal_coord,C,363,,HIS,0.12601,0.12601,12.605,9.917
catalase_ps,metal_coord,metal_coord,A,70,,GLU,0.12553,0.125467,12.551,6.693
catalase_ps,metal_coord,metal_coord,D,70,,GLU,0.12553,0.125467,12.551,6.693
catalase_ps,metal_coord,metal_coord,B,62,,HIS,0.12485,0.12485,12.489,14.049
catalase_ps,metal_coord,metal_coord,D,123,,ASP,0.12282,0.122781,12.282,11.588
catalase_ps,metal_coord,metal_coord,A,123,,ASP,0.12282,0.122781,12.282,10.749
catalase_ps,metal_coord,metal_coord,C,234,,HIS,0.12168,0.12168,12.172,6.132
catalase_ps,metal_coord,metal_coord,A,193,,HIS,0.11841,0.11841,11.845,3.671
catalase_ps,metal_coord,metal_coord,A,127,,ASP,0.11223,0.112195,11.223,3.478
catalase_ps,metal_coord,metal_coord,D,127,,ASP,0.11223,0.112195,11.223,3.478
catalase_ps,metal_coord,metal_coord,C,206,,ASP,0.1109,0.110865,11.09,10.2
catalase_ps,metal_coord,metal_coord,C,193,,HIS,0.10609,0.10609,10.612,3.289
catalase_ps,metal_coord,metal_coord,B,212,,ASP,0.10574,0.105707,10.574,5.639
catalase_ps,metal_coord,metal_coord,D,234,,HIS,0.10563,0.10563,10.566,5.635
catalase_ps,metal_coord,metal_coord,A,234,,HIS,0.10331,0.10331,10.334,5.511
catalase_ps,metal_coord,metal_coord,B,123,,ASP,0.10116,0.101128,10.116,10.749
catalase_ps,metal_coord,metal_coord,B,258,,ASP,0.1004,0.100368,10.04,28.82
catalase_ps,metal_coord,metal_coord,D,193,,HIS,0.09781,0.09781,9.784,3.032
catalase_ps,metal_coord,metal_coord,B,361,,HIS,0.09454,0.09454,9.457,8.178
catalase_ps,metal_coord,metal_coord,D,258,,ASP,0.09448,0.09445,9.448,26.891
catalase_ps,metal_coord,metal_coord,A,212,,ASP,0.08924,0.089212,8.924,4.759
catalase_ps,metal_coord,metal_coord,C,327,,GLU,0.08617,0.086127,8.615,4.594
catalase_ps,metal_coord,metal_coord,C,165,,HIS,0.08587,0.08587,8.59,2.662
catalase_ps,metal_coord,metal_coord,B,59,,GLU,0.08364,0.083598,8.362,14.899
catalase_ps,metal_coord,metal_coord,C,177,,ASP,0.08274,0.082714,8.274,4.412
catalase_ps,metal_coord,metal_coord,C,59,,GLU,0.08169,0.081649,8.167,16.278
catalase_ps,metal_coord,metal_coord,B,393,,MET,0.08124,0.08124,8.127,33.485
catalase_ps,metal_coord,metal_coord,A,208,,HIS,0.08099,0.08099,8.102,16.47
catalase_ps,metal_coord,metal_coord,B,234,,HIS,0.0806,0.0806,8.063,4.299
catalase_ps,metal_coord,metal_coord,D,212,,ASP,0.0794,0.079375,7.94,4.234
catalase_ps,metal_coord,metal_coord,A,258,,ASP,0.07874,0.078715,7.874,23.777
catalase_ps,metal_coord,metal_coord,C,212,,ASP,0.07616,0.076136,7.616,4.061
catalase_ps,metal_coord,metal_coord,D,208,,HIS,0.0761,0.0761,7.612,13.162
catalase_ps,metal_coord,metal_coord,A,393,,MET,0.07503,0.07503,7.505,35.136
catalase_ps,metal_coord,metal_coord,D,9,,ASP,0.07349,0.073467,7.349,3.919
catalase_ps,metal_coord,metal_coord,A,59,,GLU,0.07221,0.072174,7.22,15.929
catalase_ps,metal_coord,metal_coord,A,361,,HIS,0.07145,0.07145,7.147,6.619
catalase_ps,metal_coord,metal_coord,D,349,,MET,0.07014,0.07014,7.016,2.174
catalase_ps,metal_coord,metal_coord,C,258,,ASP,0.06891,0.068888,6.891,21.777
catalase_ps,metal_coord,metal_coord,B,208,,HIS,0.06867,0.06867,6.869,11.166
catalase_ps,metal_coord,metal_coord,C,393,,MET,0.06754,0.06754,6.756,43.583
catalase_ps,metal_coord,metal_coord,B,349,,MET,0.06678,0.06678,6.68,2.07
catalase_ps,metal_coord,metal_coord,A,177,,ASP,0.06633,0.066309,6.633,3.537
catalase_ps,metal_coord,metal_coord,B,165,,HIS,0.06495,0.06495,6.497,2.014
catalase_ps,metal_coord,metal_coord,A,60,,MET,0.06266,0.06266,6.268,15.929
catalase_ps,metal_coord,metal_coord,A,349,,MET,0.06215,0.06215,6.217,1.927
catalase_ps,metal_coord,metal_coord,C,349,,MET,0.0619,0.0619,6.192,1.919
catalase_ps,metal_coord,metal_coord,C,208,,HIS,0.06123,0.06123,6.125,11.637
catalase_ps,metal_coord,metal_coord,B,193,,HIS,0.06123,0.06123,6.125,3.266
catalase_ps,metal_coord,metal_coord,D,165,,HIS,0.06123,0.06123,6.125,1.898
catalase_ps,metal_coord,metal_coord,A,165,,HIS,0.06084,0.06084,6.086,1.886
catalase_ps,metal_coord,metal_coord,B,190,,GLU,0.06071,0.06068,6.07,3.237
catalase_ps,metal_coord,metal_coord,B,66,,GLU,0.0602,0.06017,6.019,15.884
catalase_ps,metal_coord,metal_coord,D,361,,HIS,0.0599,0.0599,5.992,6.794
catalase_ps,metal_coord,metal_coord,C,361,,HIS,0.0599,0.0599,5.992,5.763
catalase_ps,metal_coord,metal_coord,D,338,,MET,0.05955,0.05955,5.957,3.177
catalase_ps,metal_coord,metal_coord,C,60,,MET,0.05879,0.05879,5.881,16.278
catalase_ps,metal_coord,metal_coord,A,338,,MET,0.05879,0.05879,5.881,3.136
catalase_ps,metal_coord,metal_coord,B,9,,ASP,0.05774,0.057722,5.774,3.079
catalase_ps,metal_coord,metal_coord,D,177,,ASP,0.05649,0.056472,5.649,3.012
catalase_ps,metal_coord,metal_coord,D,59,,GLU,0.05578,0.055752,5.577,14.774
catalase_ps,metal_coord,metal_coord,C,66,,GLU,0.05572,0.055692,5.571,14.89
catalase_ps,metal_coord,metal_coord,A,66,,GLU,0.05572,0.055692,5.571,13.756
catalase_ps,metal_coord,metal_coord,B,338,,MET,0.05568,0.05568,5.57,2.97
catalase_ps,metal_coord,metal_coord,D,393,,MET,0.05518,0.05518,5.52,30.924
catalase_ps,metal_coord,metal_coord,B,60,,MET,0.05492,0.05492,5.494,14.899
catalase_ps,metal_coord,metal_coord,D,391,,MET,0.05441,0.05441,5.443,2.902
catalase_ps,metal_coord,metal_coord,B,391,,MET,0.05416,0.05416,5.418,7.223
catalase_ps,metal_coord,metal_coord,C,391,,MET,0.05416,0.05416,5.418,2.889
catalase_ps,metal_coord,metal_coord,D,60,,MET,0.05308,0.05308,5.31,14.774
catalase_ps,metal_coord,metal_coord,A,9,,ASP,0.05249,0.052473,5.249,2.799
catalase_ps,metal_coord,metal_coord,C,123,,ASP,0.05058,0.050564,5.058,6.372
catalase_ps,soft_metal_sulfur,gold,C,394,,MET,0.74949,0.74949,100.0,63.046
catalase_ps,soft_metal_sulfur,gold,A,394,,MET,0.58365,0.58365,77.873,50.827
catalase_ps,soft_metal_sulfur,gold,D,394,,MET,0.52454,0.52454,69.986,44.734
catalase_ps,soft_metal_sulfur,gold,B,394,,MET,0.49233,0.49233,65.689,44.26
catalase_ps,soft_metal_sulfur,gold,C,376,,CYS,0.40386,0.40386,53.885,31.164
catalase_ps,soft_metal_sulfur,gold,A,376,,CYS,0.29074,0.29074,38.792,22.435
catalase_ps,soft_metal_sulfur,gold,D,376,,CYS,0.27743,0.27743,37.016,21.408
catalase_ps,soft_metal_sulfur,gold,B,376,,CYS,0.25747,0.25747,34.353,19.868
catalase_ps,soft_metal_sulfur,gold,B,393,,MET,0.08124,0.08124,10.839,52.697
catalase_ps,soft_metal_sulfur,gold,A,393,,MET,0.07503,0.07503,10.011,56.039
catalase_ps,soft_metal_sulfur,gold,D,349,,MET,0.07014,0.07014,9.358,5.412
catalase_ps,soft_metal_sulfur,gold,C,393,,MET,0.06754,0.06754,9.011,73.015
catalase_ps,soft_metal_sulfur,gold,B,349,,MET,0.06678,0.06678,8.91,5.153
catalase_ps,soft_metal_sulfur,gold,A,60,,MET,0.06266,0.06266,8.36,4.835
catalase_ps,soft_metal_sulfur,gold,A,349,,MET,0.06215,0.06215,8.292,4.796
catalase_ps,soft_metal_sulfur,gold,C,349,,MET,0.0619,0.0619,8.259,4.777
catalase_ps,soft_metal_sulfur,gold,D,338,,MET,0.05955,0.05955,7.945,4.595
catalase_ps,soft_metal_sulfur,gold,A,338,,MET,0.05879,0.05879,7.844,4.537
catalase_ps,soft_metal_sulfur,gold,C,60,,MET,0.05879,0.05879,7.844,4.537
catalase_ps,soft_metal_sulfur,gold,B,338,,MET,0.05568,0.05568,7.429,4.297
catalase_ps,soft_metal_sulfur,gold,D,393,,MET,0.05518,0.05518,7.362,55.202
catalase_ps,soft_metal_sulfur,gold,B,60,,MET,0.05492,0.05492,7.328,4.238
catalase_ps,soft_metal_sulfur,gold,D,391,,MET,0.05441,0.05441,7.26,6.659
catalase_ps,soft_metal_sulfur,gold,B,391,,MET,0.05416,0.05416,7.226,14.647
catalase_ps,soft_metal_sulfur,gold,C,391,,MET,0.05416,0.05416,7.226,6.629
catalase_ps,soft_metal_sulfur,gold,D,60,,MET,0.05308,0.05308,7.082,4.096
catalase_ps,phosphate,phosphate,B,22,,LYS,0.96978,0.96901,100.0,42.49
catalase_ps,phosphate,phosphate,A,286,,SER,0.9259,0.9259,95.551,30.716
catalase_ps,phosphate,phosphate,C,286,,SER,0.89186,0.89186,92.038,29.587
catalase_ps,phosphate,phosphate,C,498,,LYS,0.86995,0.86926,89.706,28.837
catalase_ps,phosphate,phosphate,D,448,,LYS,0.86981,0.86912,89.691,38.11
catalase_ps,phosphate,phosphate,D,498,,LYS,0.86925,0.86856,89.634,28.814
catalase_ps,phosphate,phosphate,C,448,,LYS,0.8691,0.86841,89.618,38.079
catalase_ps,phosphate,phosphate,A,448,,LYS,0.8684,0.867711,89.546,38.049
catalase_ps,phosphate,phosphate,D,475,,LYS,0.86357,0.862885,89.048,49.885
catalase_ps,phosphate,phosphate,D,22,,LYS,0.85789,0.857209,88.462,37.588
catalase_ps,phosphate,phosphate,B,286,,SER,0.85311,0.85311,88.039,28.301
catalase_ps,phosphate,phosphate,D,286,,SER,0.83952,0.83952,86.637,27.85
catalase_ps,phosphate,phosphate,A,22,,LYS,0.83981,0.839143,86.598,36.796
catalase_ps,phosphate,phosphate,B,475,,LYS,0.80327,0.802632,82.83,61.546
catalase_ps,phosphate,phosphate,A,381,,ARG,0.78388,0.783874,80.894,34.372
catalase_ps,phosphate,phosphate,C,22,,LYS,0.77671,0.776094,80.091,34.031
catalase_ps,phosphate,phosphate,A,475,,LYS,0.76655,0.765942,79.044,54.513
catalase_ps,phosphate,phosphate,A,456,,LYS,0.74999,0.749395,77.336,48.39
catalase_ps,phosphate,phosphate,C,475,,LYS,0.74776,0.747167,77.106,58.281
catalase_ps,phosphate,phosphate,D,381,,ARG,0.74698,0.746974,77.086,32.754
catalase_ps,phosphate,phosphate,A,498,,LYS,0.74376,0.74317,76.694,24.654
catalase_ps,phosphate,phosphate,A,490,,SER,0.74083,0.74083,76.452,42.428
catalase_ps,phosphate,phosphate,A,416,,SER,0.73856,0.73856,76.218,25.654
catalase_ps,phosphate,phosphate,B,490,,SER,0.73386,0.73386,75.733,44.04
catalase_ps,phosphate,phosphate,C,490,,SER,0.71906,0.71906,74.206,44.613
catalase_ps,phosphate,phosphate,B,448,,LYS,0.69706,0.696507,71.878,30.541
catalase_ps,phosphate,phosphate,B,381,,ARG,0.68556,0.685555,70.748,30.061
catalase_ps,phosphate,phosphate,D,92,,ARG,0.68363,0.683625,70.549,29.976
catalase_ps,phosphate,phosphate,D,456,,LYS,0.66839,0.66786,68.922,48.639
catalase_ps,phosphate,phosphate,D,490,,SER,0.65794,0.65794,67.898,39.654
catalase_ps,phosphate,phosphate,C,381,,ARG,0.6498,0.649795,67.058,28.493
catalase_ps,phosphate,phosphate,B,479,,LYS,0.65016,0.649644,67.042,75.655
catalase_ps,phosphate,phosphate,D,479,,LYS,0.64702,0.646506,66.718,56.833
catalase_ps,phosphate,phosphate,C,242,,LYS,0.64665,0.646137,66.68,29.102
catalase_ps,phosphate,phosphate,B,416,,SER,0.64574,0.64574,66.639,22.469
catalase_ps,phosphate,phosphate,D,421,,ARG,0.64007,0.640065,66.053,23.852
catalase_ps,phosphate,phosphate,B,498,,LYS,0.63901,0.638503,65.892,21.182
catalase_ps,phosphate,phosphate,B,92,,ARG,0.63143,0.631425,65.162,27.688
catalase_ps,phosphate,phosphate,A,479,,LYS,0.62473,0.624234,64.42,65.785
catalase_ps,phosphate,phosphate,C,479,,LYS,0.62163,0.621137,64.1,70.546
catalase_ps,phosphate,phosphate,C,425,,SER,0.61484,0.61484,63.45,39.138
catalase_ps,phosphate,phosphate,D,242,,LYS,0.61371,0.613223,63.283,27.726
catalase_ps,phosphate,phosphate,C,416,,SER,0.60822,0.60822,62.767,21.567
catalase_ps,phosphate,phosphate,C,319,,ARG,0.60392,0.603915,62.323,20.034
catalase_ps,phosphate,phosphate,D,416,,SER,0.60322,0.60322,62.251,22.109
catalase_ps,phosphate,phosphate,B,421,,ARG,0.60141,0.601405,62.064,22.384
catalase_ps,phosphate,phosphate,B,105,,ARG,0.58577,0.585765,60.45,23.251
catalase_ps,phosphate,phosphate,A,242,,LYS,0.58608,0.585615,60.434,26.796
catalase_ps,phosphate,phosphate,D,245,,SER,0.57232,0.57232,59.062,18.986
catalase_ps,phosphate,phosphate,C,92,,ARG,0.56929,0.569285,58.749,24.963
catalase_ps,phosphate,phosphate,B,456,,LYS,0.56016,0.559715,57.762,44.922
catalase_ps,phosphate,phosphate,D,105,,ARG,0.5425,0.542496,55.985,22.08
catalase_ps,phosphate,phosphate,D,176,,LYS,0.53303,0.532607,54.964,27.421
catalase_ps,phosphate,phosphate,A,245,,SER,0.53032,0.53032,54.728,17.593
catalase_ps,phosphate,phosphate,C,251,,ARG,0.52914,0.529136,54.606,24.264
catalase_ps,phosphate,phosphate,A,92,,ARG,0.5262,0.526196,54.302,23.073
catalase_ps,phosphate,phosphate,B,15,,LYS,0.52397,0.523554,54.03,55.986
catalase_ps,phosphate,phosphate,A,15,,LYS,0.52306,0.522645,53.936,46.209
catalase_ps,phosphate,phosphate,D,319,,ARG,0.51777,0.517766,53.432,17.176
catalase_ps,phosphate,phosphate,B,319,,ARG,0.51498,0.514976,53.145,17.084
catalase_ps,phosphate,phosphate,B,176,,LYS,0.51466,0.514252,53.07,31.676
catalase_ps,phosphate,phosphate,A,105,,ARG,0.51151,0.511506,52.786,20.125
catalase_ps,phosphate,phosphate,C,202,,ARG,0.51083,0.510826,52.716,25.782
catalase_ps,phosphate,phosphate,B,242,,LYS,0.50911,0.508706,52.497,22.996
catalase_ps,phosphate,phosphate,C,176,,LYS,0.50877,0.508366,52.462,25.023
catalase_ps,phosphate,phosphate,C,421,,ARG,0.50821,0.508206,52.446,19.246
catalase_ps,phosphate,phosphate,C,15,,LYS,0.50539,0.504989,52.114,49.366
catalase_ps,phosphate,phosphate,B,314,,LYS,0.50132,0.500922,51.694,21.965
catalase_ps,phosphate,phosphate,A,319,,ARG,0.48901,0.489006,50.464,16.222
catalase_ps,phosphate,phosphate,C,105,,ARG,0.48621,0.486206,50.176,21.549
catalase_ps,phosphate,phosphate,D,443,,ARG,0.4832,0.483196,49.865,21.188
catalase_ps,phosphate,phosphate,B,425,,SER,0.48276,0.48276,49.82,31.986
catalase_ps,phosphate,phosphate,B,236,,LYS,0.48254,0.482157,49.758,21.142
catalase_ps,phosphate,phosphate,A,46,,ARG,0.48149,0.481486,49.688,19.04
catalase_ps,phosphate,phosphate,A,236,,LYS,0.48099,0.480608,49.598,21.074
catalase_ps,phosphate,phosphate,A,476,,LYS,0.47763,0.477251,49.251,61.95
catalase_ps,phosphate,phosphate,C,443,,ARG,0.47143,0.471426,48.65,20.672
catalase_ps,phosphate,phosphate,A,97,,LYS,0.47145,0.471076,48.614,20.656
catalase_ps,phosphate,phosphate,C,46,,ARG,0.46728,0.467276,48.222,18.746
catalase_ps,phosphate,phosphate,B,202,,ARG,0.46552,0.465516,48.04,25.522
catalase_ps,phosphate,phosphate,D,251,,ARG,0.4649,0.464896,47.976,20.385
catalase_ps,phosphate,phosphate,B,251,,ARG,0.46461,0.464606,47.946,21.632
catalase_ps,phosphate,phosphate,A,443,,ARG,0.46438,0.464376,47.923,20.363
catalase_ps,phosphate,phosphate,B,97,,LYS,0.46361,0.463242,47.806,20.313
catalase_ps,phosphate,phosphate,A,176,,LYS,0.46152,0.461154,47.59,27.396
catalase_ps,phosphate,phosphate,C,236,,LYS,0.4596,0.459235,47.392,20.137
catalase_ps,phosphate,phosphate,D,425,,SER,0.45545,0.45545,47.002,39.138
catalase_ps,phosphate,phosphate,D,15,,LYS,0.45149,0.451132,46.556,40.268
catalase_ps,phosphate,phosphate,D,236,,LYS,0.44994,0.449583,46.396,19.714
catalase_ps,phosphate,phosphate,A,314,,LYS,0.4468,0.446445,46.072,19.576
catalase_ps,phosphate,phosphate,A,251,,ARG,0.44596,0.445956,46.022,20.645
catalase_ps,phosphate,phosphate,C,457,,ARG,0.4405,0.440497,45.458,36.596
catalase_ps,phosphate,phosphate,B,245,,SER,0.43686,0.43686,45.083,14.492
catalase_ps,phosphate,phosphate,B,443,,ARG,0.4364,0.436397,45.035,19.136
catalase_ps,phosphate,phosphate,B,46,,ARG,0.42764,0.427637,44.131,18.752
catalase_ps,phosphate,phosphate,B,482,,SER,0.42531,0.42531,43.891,48.227
catalase_ps,phosphate,phosphate,D,97,,LYS,0.4247,0.424363,43.793,18.608
catalase_ps,phosphate,phosphate,C,456,,LYS,0.41363,0.413302,42.652,43.935
catalase_ps,phosphate,phosphate,D,46,,ARG,0.40939,0.409387,42.248,17.13
catalase_ps,phosphate,phosphate,C,314,,LYS,0.40492,0.404599,41.754,17.741
catalase_ps,phosphate,phosphate,B,476,,LYS,0.40327,0.40295,41.584,61.546
catalase_ps,phosphate,phosphate,D,457,,ARG,0.40286,0.402857,41.574,43.368
catalase_ps,phosphate,phosphate,A,482,,SER,0.39876,0.39876,41.151,46.477
catalase_ps,phosphate,phosphate,D,409,,SER,0.39528,0.39528,40.792,40.29
catalase_ps,phosphate,phosphate,C,245,,SER,0.39051,0.39051,40.3,12.955
catalase_ps,phosphate,phosphate,C,476,,LYS,0.38882,0.388511,40.094,58.281
catalase_ps,phosphate,phosphate,A,467,,LYS,0.38201,0.381707,39.391,14.099
catalase_ps,phosphate,phosphate,D,202,,ARG,0.37783,0.377827,38.991,20.403
catalase_ps,phosphate,phosphate,D,482,,SER,0.37483,0.37483,38.682,46.3
catalase_ps,phosphate,phosphate,A,202,,ARG,0.37107,0.371067,38.293,19.091
catalase_ps,phosphate,phosphate,C,482,,SER,0.36972,0.36972,38.154,44.613
catalase_ps,phosphate,phosphate,A,425,,SER,0.36862,0.36862,38.041,31.986
catalase_ps,phosphate,phosphate,D,314,,LYS,0.36644,0.366149,37.786,16.055
catalase_ps,phosphate,phosphate,D,262,,ARG,0.35106,0.351057,36.228,12.653
catalase_ps,phosphate,phosphate,A,457,,ARG,0.34681,0.346807,35.79,43.001
catalase_ps,phosphate,phosphate,A,262,,ARG,0.34475,0.344747,35.577,12.443
catalase_ps,phosphate,phosphate,D,95,,LYS,0.34268,0.342408,35.336,15.014
catalase_ps,phosphate,phosphate,B,457,,ARG,0.3418,0.341797,35.273,39.814
catalase_ps,phosphate,phosphate,D,379,,ARG,0.34105,0.341047,35.195,14.955
catalase_ps,phosphate,phosphate,B,12,,LYS,0.33882,0.338551,34.938,40.117
catalase_ps,phosphate,phosphate,A,421,,ARG,0.33001,0.330007,34.056,13.578
catalase_ps,phosphate,phosphate,C,262,,ARG,0.32809,0.328087,33.858,11.834
catalase_ps,phosphate,phosphate,B,467,,LYS,0.32557,0.325312,33.572,12.37
catalase_ps,phosphate,phosphate,B,8,,SER,0.31541,0.31541,32.55,13.831
catalase_ps,phosphate,phosphate,B,262,,ARG,0.31245,0.312448,32.244,11.408
catalase_ps,phosphate,phosphate,C,379,,ARG,0.31046,0.310458,32.039,13.613
catalase_ps,phosphate,phosphate,C,467,,LYS,0.30713,0.306886,31.67,11.758
catalase_ps,phosphate,phosphate,C,275,,SER,0.30083,0.30083,31.045,13.191
catalase_ps,phosphate,phosphate,C,97,,LYS,0.29935,0.299112,30.868,13.116
catalase_ps,phosphate,phosphate,C,491,,ARG,0.29835,0.298348,30.789,44.613
catalase_ps,phosphate,phosphate,A,8,,SER,0.29735,0.29735,30.686,13.039
catalase_ps,phosphate,phosphate,D,467,,LYS,0.29429,0.294056,30.346,11.302
catalase_ps,phosphate,phosphate,C,119,,SER,0.29159,0.29159,30.092,32.834
catalase_ps,phosphate,phosphate,A,409,,SER,0.2819,0.2819,29.092,34.505
catalase_ps,phosphate,phosphate,B,379,,ARG,0.2768,0.276798,28.565,12.137
catalase_ps,phosphate,phosphate,D,476,,LYS,0.27497,0.274752,28.354,59.187
catalase_ps,phosphate,phosphate,C,95,,LYS,0.27103,0.270815,27.948,11.875
catalase_ps,phosphate,phosphate,B,491,,ARG,0.27049,0.270488,27.914,44.04
catalase_ps,phosphate,phosphate,A,119,,SER,0.26929,0.26929,27.79,29.818
catalase_ps,phosphate,phosphate,D,119,,SER,0.26482,0.26482,27.329,31.474
catalase_ps,phosphate,phosphate,C,8,,SER,0.26133,0.26133,26.969,11.459
catalase_ps,phosphate,phosphate,B,119,,SER,0.25721,0.25721,26.544,33.468
catalase_ps,phosphate,phosphate,A,379,,ARG,0.25559,0.255588,26.376,11.207
catalase_ps,phosphate,phosphate,A,95,,LYS,0.25455,0.254348,26.248,11.153
catalase_ps,phosphate,phosphate,D,12,,LYS,0.25329,0.253089,26.118,32.195
catalase_ps,phosphate,phosphate,D,4,,ARG,0.24815,0.248148,25.608,10.881
catalase_ps,phosphate,phosphate,C,409,,SER,0.24762,0.24762,25.554,44.267
catalase_ps,phosphate,phosphate,D,491,,ARG,0.24638,0.246378,25.426,39.654
catalase_ps,phosphate,phosphate,C,12,,LYS,0.24522,0.245025,25.286,35.492
catalase_ps,phosphate,phosphate,D,275,,SER,0.24448,0.24448,25.23,10.72
catalase_ps,phosphate,phosphate,C,407,,SER,0.23926,0.23926,24.691,21.349
catalase_ps,phosphate,phosphate,A,275,,SER,0.23229,0.23229,23.972,10.186
catalase_ps,phosphate,phosphate,B,275,,SER,0.22979,0.22979,23.714,10.076
catalase_ps,phosphate,phosphate,A,491,,ARG,0.22676,0.226758,23.401,42.428
catalase_ps,phosphate,phosphate,B,409,,SER,0.22619,0.22619,23.342,15.486
catalase_ps,phosphate,phosphate,A,407,,SER,0.22404,0.22404,23.12,9.824
catalase_ps,phosphate,phosphate,B,95,,LYS,0.22413,0.223952,23.111,9.82
catalase_ps,phosphate,phosphate,C,4,,ARG,0.21028,0.210278,21.7,9.221
catalase_ps,phosphate,phosphate,A,433,,SER,0.21021,0.21021,21.693,8.945
catalase_ps,phosphate,phosphate,D,8,,SER,0.20858,0.20858,21.525,9.146
catalase_ps,phosphate,phosphate,A,4,,ARG,0.20727,0.207268,21.39,9.089
catalase_ps,phosphate,phosphate,B,353,,ARG,0.20385,0.203848,21.037,8.939
catalase_ps,phosphate,phosphate,B,67,,ARG,0.20027,0.200268,20.667,11.023
catalase_ps,phosphate,phosphate,C,121,,SER,0.19999,0.19999,20.639,28.517
catalase_ps,phosphate,phosphate,A,353,,ARG,0.19913,0.199128,20.55,8.732
catalase_ps,phosphate,phosphate,A,12,,LYS,0.1984,0.198243,20.458,34.307
catalase_ps,phosphate,phosphate,C,126,,ARG,0.19481,0.194808,20.104,8.542
catalase_ps,phosphate,phosphate,C,67,,ARG,0.19452,0.194518,20.074,8.53
catalase_ps,phosphate,phosphate,A,67,,ARG,0.19367,0.193668,19.986,8.492
catalase_ps,phosphate,phosphate,C,353,,ARG,0.1931,0.193098,19.927,8.467
catalase_ps,phosphate,phosphate,B,18,,ARG,0.1923,0.192298,19.845,31.39
catalase_ps,phosphate,phosphate,D,126,,ARG,0.18821,0.188209,19.423,8.253
catalase_ps,phosphate,phosphate,D,407,,SER,0.18518,0.18518,19.11,8.12
catalase_ps,phosphate,phosphate,D,353,,ARG,0.18434,0.184339,19.023,8.083
catalase_ps,phosphate,phosphate,D,121,,SER,0.18367,0.18367,18.954,26.064
catalase_ps,phosphate,phosphate,B,455,,ARG,0.18212,0.182119,18.794,39.814
catalase_ps,phosphate,phosphate,D,67,,ARG,0.18059,0.180589,18.636,7.919
catalase_ps,phosphate,phosphate,A,126,,ARG,0.18048,0.180479,18.625,7.914
catalase_ps,phosphate,phosphate,C,209,,ARG,0.17854,0.178539,18.425,8.898
catalase_ps,phosphate,phosphate,B,4,,ARG,0.17611,0.176109,18.174,7.722
catalase_ps,phosphate,phosphate,B,126,,ARG,0.17604,0.176039,18.167,7.719
catalase_ps,phosphate,phosphate,A,209,,ARG,0.17552,0.175519,18.113,9.21
catalase_ps,phosphate,phosphate,C,18,,ARG,0.17274,0.172739,17.826,29.718
catalase_ps,phosphate,phosphate,C,433,,SER,0.17246,0.17246,17.798,7.562
catalase_ps,phosphate,phosphate,C,455,,ARG,0.17222,0.172219,17.773,36.596
catalase_ps,phosphate,phosphate,C,104,,LYS,0.16349,0.16336,16.858,32.363
catalase_ps,phosphate,phosphate,B,209,,ARG,0.15886,0.158859,16.394,7.992
catalase_ps,phosphate,phosphate,B,121,,SER,0.15875,0.15875,16.383,27.009
catalase_ps,phosphate,phosphate,D,18,,ARG,0.15642,0.156419,16.142,26.641
catalase_ps,phosphate,phosphate,D,209,,ARG,0.15556,0.155559,16.053,8.031
catalase_ps,phosphate,phosphate,D,455,,ARG,0.14908,0.149079,15.385,43.368
catalase_ps,phosphate,phosphate,B,433,,SER,0.14667,0.14667,15.136,4.866
catalase_ps,phosphate,phosphate,A,121,,SER,0.14591,0.14591,15.058,26.26
catalase_ps,phosphate,phosphate,D,433,,SER,0.1433,0.1433,14.788,4.754
catalase_ps,phosphate,phosphate,C,348,,LYS,0.14015,0.140039,14.452,6.141
catalase_ps,phosphate,phosphate,A,216,,SER,0.1372,0.1372,14.159,6.016
catalase_ps,phosphate,phosphate,A,455,,ARG,0.13572,0.135719,14.006,50.524
catalase_ps,phosphate,phosphate,B,168,,LYS,0.13573,0.135622,13.996,25.155
catalase_ps,phosphate,phosphate,A,188,,ARG,0.12941,0.129409,13.355,4.293
catalase_ps,phosphate,phosphate,B,407,,SER,0.12698,0.12698,13.104,15.486
catalase_ps,phosphate,phosphate,C,188,,ARG,0.12424,0.124239,12.821,4.122
catalase_ps,phosphate,phosphate,A,18,,ARG,0.12367,0.123669,12.762,28.34
catalase_ps,phosphate,phosphate,D,104,,LYS,0.12318,0.123082,12.702,24.474
catalase_ps,phosphate,phosphate,B,71,,ARG,0.12231,0.122309,12.622,6.465
catalase_ps,phosphate,phosphate,D,188,,ARG,0.12151,0.121509,12.539,4.031
catalase_ps,phosphate,phosphate,B,188,,ARG,0.12122,0.121219,12.51,4.021
catalase_ps,phosphate,phosphate,B,216,,SER,0.11925,0.11925,12.306,5.229
catalase_ps,phosphate,phosphate,C,168,,LYS,0.11855,0.118456,12.224,9.826
catalase_ps,phosphate,phosphate,D,168,,LYS,0.11785,0.117756,12.152,9.53
catalase_ps,phosphate,phosphate,B,200,,SER,0.11652,0.11652,12.025,25.522
catalase_ps,phosphate,phosphate,B,336,,SER,0.11652,0.11652,12.025,5.109
catalase_ps,phosphate,phosphate,B,104,,LYS,0.11519,0.115099,11.878,25.927
catalase_ps,phosphate,phosphate,A,71,,ARG,0.11026,0.110259,11.379,4.835
catalase_ps,phosphate,phosphate,C,216,,SER,0.10891,0.10891,11.239,4.776
catalase_ps,phosphate,phosphate,C,71,,ARG,0.1081,0.108099,11.156,4.74
catalase_ps,phosphate,phosphate,A,348,,LYS,0.10706,0.106975,11.04,4.691
catalase_ps,phosphate,phosphate,D,71,,ARG,0.10537,0.105369,10.874,4.62
catalase_ps,phosphate,phosphate,D,336,,SER,0.09857,0.09857,10.172,4.322
catalase_ps,phosphate,phosphate,D,216,,SER,0.09782,0.09782,10.095,4.289
catalase_ps,phosphate,phosphate,B,348,,LYS,0.09787,0.097792,10.092,4.288
catalase_ps,phosphate,phosphate,C,169,,ARG,0.09604,0.096039,9.911,25.342
catalase_ps,phosphate,phosphate,A,104,,LYS,0.09521,0.095134,9.818,22.286
catalase_ps,phosphate,phosphate,D,169,,ARG,0.09274,0.092739,9.571,25.886
catalase_ps,phosphate,phosphate,A,336,,SER,0.0927,0.0927,9.566,4.065
catalase_ps,phosphate,phosphate,D,348,,LYS,0.09254,0.092467,9.542,4.055
catalase_ps,phosphate,phosphate,D,232,,LYS,0.08974,0.089669,9.254,3.932
catalase_ps,phosphate,phosphate,C,101,,HIS,0.79142,0.088493,9.132,11.044
catalase_ps,phosphate,phosphate,D,200,,SER,0.08748,0.08748,9.028,20.403
catalase_ps,phosphate,phosphate,D,362,,ARG,0.08273,0.082729,8.538,6.483
catalase_ps,phosphate,phosphate,A,169,,ARG,0.08228,0.082279,8.491,21.959
catalase_ps,phosphate,phosphate,C,362,,ARG,0.08216,0.082159,8.479,4.006
catalase_ps,phosphate,phosphate,A,168,,LYS,0.0814,0.081335,8.394,21.959
catalase_ps,phosphate,phosphate,B,101,,HIS,0.72152,0.080677,8.326,8.439
catalase_ps,phosphate,phosphate,A,362,,ARG,0.07972,0.079719,8.227,4.542
catalase_ps,phosphate,phosphate,C,304,,HIS,0.69277,0.077463,7.994,2.57
catalase_ps,phosphate,phosphate,C,336,,SER,0.07725,0.07725,7.972,3.387
catalase_ps,phosphate,phosphate,C,200,,SER,0.07714,0.07714,7.961,25.782
catalase_ps,phosphate,phosphate,A,232,,LYS,0.07558,0.07552,7.794,3.312
catalase_ps,phosphate,phosphate,D,364,,ARG,0.07409,0.074089,7.646,7.951
catalase_ps,phosphate,phosphate,B,169,,ARG,0.0725,0.072499,7.482,25.155
catalase_ps,phosphate,phosphate,D,101,,HIS,0.64542,0.072168,7.448,8.562
catalase_ps,phosphate,phosphate,D,304,,HIS,0.63905,0.071456,7.374,2.37
catalase_ps,phosphate,phosphate,B,362,,ARG,0.07124,0.071239,7.352,3.342
catalase_ps,phosphate,phosphate,C,113,,SER,0.06854,0.06854,7.073,3.386
catalase_ps,phosphate,phosphate,C,220,,LYS,0.06569,0.065638,6.774,2.878
catalase_ps,phosphate,phosphate,A,101,,HIS,0.58264,0.065148,6.723,7.028
catalase_ps,phosphate,phosphate,A,304,,HIS,0.57798,0.064627,6.669,2.144
catalase_ps,phosphate,phosphate,A,200,,SER,0.0643,0.0643,6.636,19.091
catalase_ps,phosphate,phosphate,A,220,,LYS,0.06393,0.063879,6.592,2.801
catalase_ps,phosphate,phosphate,D,413,,HIS,0.56543,0.063224,6.525,2.772
catalase_ps,phosphate,phosphate,B,304,,HIS,0.56527,0.063206,6.523,2.097
catalase_ps,phosphate,phosphate,B,113,,SER,0.06169,0.06169,6.366,6.722
catalase_ps,phosphate,phosphate,A,13,,HIS,0.54994,0.061492,6.346,30.057
catalase_ps,phosphate,phosphate,B,232,,LYS,0.06141,0.061361,6.332,2.691
catalase_ps,phosphate,phosphate,B,220,,LYS,0.06092,0.060872,6.282,2.669
catalase_ps,phosphate,phosphate,A,155,,ARG,0.05942,0.05942,6.132,2.606
catalase_ps,phosphate,phosphate,C,13,,HIS,0.53125,0.059402,6.13,32.582
catalase_ps,phosphate,phosphate,B,88,,HIS,0.52413,0.058606,6.048,2.57
catalase_ps,phosphate,phosphate,A,423,,HIS,0.51986,0.058129,5.999,2.549
catalase_ps,phosphate,phosphate,D,220,,LYS,0.05805,0.058004,5.986,2.543
catalase_ps,phosphate,phosphate,D,13,,HIS,0.51598,0.057695,5.954,30.465
catalase_ps,phosphate,phosphate,D,300,,LYS,0.0577,0.057654,5.95,2.528
catalase_ps,phosphate,phosphate,A,88,,HIS,0.51103,0.057141,5.897,2.506
catalase_ps,phosphate,phosphate,C,155,,ARG,0.05698,0.05698,5.88,2.499
catalase_ps,phosphate,phosphate,C,232,,LYS,0.05629,0.056245,5.804,2.466
catalase_ps,phosphate,phosphate,B,76,,LYS,0.05574,0.055696,5.748,17.528
catalase_ps,phosphate,phosphate,B,37,,LYS,0.05574,0.055696,5.748,2.442
catalase_ps,phosphate,phosphate,D,423,,HIS,0.49398,0.055235,5.7,2.422
catalase_ps,phosphate,phosphate,D,113,,SER,0.05483,0.05483,5.658,3.018
catalase_ps,phosphate,phosphate,A,113,,SER,0.05483,0.05483,5.658,2.958
catalase_ps,phosphate,phosphate,B,423,,HIS,0.48887,0.054663,5.641,2.397
catalase_ps,phosphate,phosphate,C,423,,HIS,0.48522,0.054255,5.599,2.379
catalase_ps,phosphate,phosphate,D,387,,ARG,0.05339,0.05339,5.51,2.234
catalase_ps,phosphate,phosphate,C,88,,HIS,0.47561,0.053181,5.488,2.332
catalase_ps,phosphate,phosphate,B,13,,HIS,0.47205,0.052783,5.447,36.73
catalase_ps,phosphate,phosphate,D,88,,HIS,0.47112,0.052679,5.436,2.31
catalase_ps,phosphate,phosphate,B,129,,ARG,0.05242,0.05242,5.41,4.874
catalase_ps,phosphate,phosphate,B,65,,ARG,0.05112,0.05112,5.275,9.27
catalase_ps,phosphate,phosphate,B,465,,HIS,0.42539,0.047565,4.909,12.37
catalase_ps,phosphate,phosphate,C,465,,HIS,0.42516,0.04754,4.906,11.758
catalase_ps,phosphate,phosphate,D,465,,HIS,0.41694,0.04662,4.811,11.302
catalase_ps,phosphate,phosphate,A,465,,HIS,0.38719,0.043294,4.468,14.099
catalase_ps,phosphate,phosphate,C,413,,HIS,0.37455,0.041881,4.322,1.836
catalase_ps,phosphate,phosphate,A,485,,HIS,0.3303,0.036933,3.811,19.105
catalase_ps,phosphate,phosphate,A,413,,HIS,0.31076,0.034748,3.586,1.524
catalase_ps,phosphate,phosphate,D,485,,HIS,0.30898,0.034549,3.565,17.951
catalase_ps,phosphate,phosphate,B,413,,HIS,0.2824,0.031577,3.259,1.385
catalase_ps,phosphate,phosphate,C,174,,HIS,0.28117,0.031439,3.244,5.59
catalase_ps,phosphate,phosphate,D,174,,HIS,0.2714,0.030347,3.132,5.397
catalase_ps,phosphate,phosphate,A,174,,HIS,0.2714,0.030347,3.132,4.939
catalase_ps,phosphate,phosphate,D,254,,HIS,0.2614,0.029229,3.016,2.371
catalase_ps,phosphate,phosphate,B,254,,HIS,0.25691,0.028727,2.965,22.694
catalase_ps,phosphate,phosphate,B,174,,HIS,0.25613,0.028639,2.956,4.435
catalase_ps,phosphate,phosphate,D,74,,HIS,0.24714,0.027634,2.852,3.616
catalase_ps,phosphate,phosphate,C,74,,HIS,0.23854,0.026673,2.753,4.175
catalase_ps,phosphate,phosphate,C,485,,HIS,0.23753,0.02656,2.741,17.377
catalase_ps,phosphate,phosphate,A,210,,HIS,0.22777,0.025468,2.628,34.889
catalase_ps,phosphate,phosphate,A,74,,HIS,0.22599,0.025269,2.608,3.512
catalase_ps,phosphate,phosphate,B,74,,HIS,0.22482,0.025138,2.594,11.613
catalase_ps,phosphate,phosphate,B,485,,HIS,0.2225,0.024879,2.567,19.74
catalase_ps,phosphate,phosphate,A,254,,HIS,0.22227,0.024853,2.565,21.926
catalase_ps,phosphate,phosphate,C,254,,HIS,0.21661,0.02422,2.5,25.524
catalase_ps,phosphate,phosphate,D,420,,HIS,0.21188,0.023692,2.445,22.02
catalase_ps,phosphate,phosphate,A,420,,HIS,0.18918,0.021153,2.183,13.769
catalase_ps,phosphate,phosphate,C,62,,HIS,0.17275,0.019316,1.993,0.847
catalase_ps,phosphate,phosphate,D,210,,HIS,0.17065,0.019081,1.969,26.419
catalase_ps,phosphate,phosphate,B,363,,HIS,0.16926,0.018926,1.953,4.417
catalase_ps,phosphate,phosphate,B,420,,HIS,0.16693,0.018665,1.926,22.59
catalase_ps,phosphate,phosphate,D,363,,HIS,0.15926,0.017808,1.838,7.951
catalase_ps,phosphate,phosphate,C,420,,HIS,0.15833,0.017704,1.827,17.447
catalase_ps,phosphate,phosphate,C,210,,HIS,0.15693,0.017547,1.811,28.167
catalase_ps,phosphate,phosphate,A,363,,HIS,0.14205,0.015883,1.639,4.064
catalase_ps,phosphate,phosphate,B,210,,HIS,0.14066,0.015728,1.623,22.922
catalase_ps,phosphate,phosphate,D,62,,HIS,0.13733,0.015356,1.585,0.509
catalase_ps,phosphate,phosphate,A,62,,HIS,0.13617,0.015226,1.571,0.505
catalase_ps,phosphate,phosphate,C,363,,HIS,0.12601,0.01409,1.454,4.514
catalase_ps,phosphate,phosphate,B,62,,HIS,0.12485,0.01396,1.441,2.854
catalase_ps,phosphate,phosphate,C,234,,HIS,0.12168,0.013606,1.404,0.597
catalase_ps,phosphate,phosphate,A,193,,HIS,0.11841,0.01324,1.366,0.581
catalase_ps,phosphate,phosphate,C,193,,HIS,0.10609,0.011863,1.224,0.52
catalase_ps,phosphate,phosphate,D,234,,HIS,0.10563,0.011811,1.219,0.518
catalase_ps,phosphate,phosphate,A,234,,HIS,0.10331,0.011552,1.192,0.507
catalase_ps,phosphate,phosphate,D,193,,HIS,0.09781,0.010937,1.129,0.48
catalase_ps,phosphate,phosphate,B,361,,HIS,0.09454,0.010571,1.091,3.342
catalase_ps,phosphate,phosphate,C,165,,HIS,0.08587,0.009602,0.991,5.615
catalase_ps,phosphate,phosphate,A,208,,HIS,0.08099,0.009056,0.935,8.787
catalase_ps,phosphate,phosphate,B,234,,HIS,0.0806,0.009012,0.93,0.395
catalase_ps,phosphate,phosphate,D,208,,HIS,0.0761,0.008509,0.878,7.895
catalase_ps,phosphate,phosphate,A,361,,HIS,0.07145,0.007989,0.824,4.542
catalase_ps,phosphate,phosphate,B,208,,HIS,0.06867,0.007678,0.792,7.992
catalase_ps,phosphate,phosphate,B,165,,HIS,0.06495,0.007262,0.749,6.265
catalase_ps,phosphate,phosphate,C,208,,HIS,0.06123,0.006846,0.707,8.898
catalase_ps,phosphate,phosphate,D,165,,HIS,0.06123,0.006846,0.707,5.464
catalase_ps,phosphate,phosphate,B,193,,HIS,0.06123,0.006846,0.707,0.3
catalase_ps,phosphate,phosphate,A,165,,HIS,0.06084,0.006803,0.702,3.865
catalase_ps,phosphate,phosphate,D,361,,HIS,0.0599,0.006698,0.691,7.951
catalase_ps,phosphate,phosphate,C,361,,HIS,0.0599,0.006698,0.691,4.514
