case_id,map_key,internal_chemistry_key,chain,res_seq,icode,res_name,scrsa,local_score,propensity,multiscale_persistence
hsa_paa_fe3o4,anionic,anionic,A,566,,THR,0.94837,0.94837,100.0,53.009
hsa_paa_fe3o4,anionic,anionic,A,58,,SER,0.91405,0.91405,96.381,30.887
hsa_paa_fe3o4,anionic,anionic,A,496,,THR,0.87786,0.87786,92.565,29.664
hsa_paa_fe3o4,anionic,anionic,A,467,,THR,0.8725,0.8725,92.0,38.021
hsa_paa_fe3o4,anionic,anionic,A,125,,THR,0.8408,0.8408,88.657,42.125
hsa_paa_fe3o4,anionic,anionic,A,355,,THR,0.81503,0.81503,85.94,50.126
hsa_paa_fe3o4,anionic,anionic,A,508,,THR,0.78141,0.78141,82.395,42.439
hsa_paa_fe3o4,anionic,anionic,A,515,,THR,0.77922,0.77922,82.164,33.989
hsa_paa_fe3o4,anionic,anionic,A,236,,THR,0.75046,0.75046,79.132,47.738
hsa_paa_fe3o4,anionic,anionic,A,478,,THR,0.73148,0.73148,77.13,99.516
hsa_paa_fe3o4,anionic,anionic,A,304,,SER,0.72387,0.72387,76.328,24.461
hsa_paa_fe3o4,anionic,anionic,A,475,,LYS,0.68703,0.686996,72.44,86.319
hsa_paa_fe3o4,anionic,anionic,A,273,,SER,0.65968,0.65968,69.559,43.926
hsa_paa_fe3o4,anionic,anionic,A,270,,SER,0.64616,0.64616,68.134,28.185
hsa_paa_fe3o4,anionic,anionic,A,517,,SER,0.64086,0.64086,67.575,40.271
hsa_paa_fe3o4,anionic,anionic,A,65,,SER,0.62628,0.62628,66.038,48.321
hsa_paa_fe3o4,anionic,anionic,A,419,,SER,0.6117,0.6117,64.5,29.443
hsa_paa_fe3o4,anionic,anionic,A,243,,THR,0.60627,0.60627,63.928,52.701
hsa_paa_fe3o4,anionic,anionic,A,389,,LYS,0.60196,0.60193,63.47,26.256
hsa_paa_fe3o4,anionic,anionic,A,240,,LYS,0.58132,0.581291,61.294,57.805
hsa_paa_fe3o4,anionic,anionic,A,195,,LYS,0.57663,0.576601,60.799,49.865
hsa_paa_fe3o4,anionic,anionic,A,51,,LYS,0.57409,0.574061,60.531,42.539
hsa_paa_fe3o4,anionic,anionic,A,186,,ARG,0.56628,0.56628,59.711,40.259
hsa_paa_fe3o4,anionic,anionic,A,133,,THR,0.56577,0.56577,59.657,35.44
hsa_paa_fe3o4,anionic,anionic,A,521,,ARG,0.56059,0.56059,59.111,56.218
hsa_paa_fe3o4,anionic,anionic,A,166,,THR,0.55683,0.55683,58.714,45.424
hsa_paa_fe3o4,anionic,anionic,A,435,,SER,0.54978,0.54978,57.971,49.715
hsa_paa_fe3o4,anionic,anionic,A,205,,LYS,0.54536,0.545333,57.502,31.674
hsa_paa_fe3o4,anionic,anionic,A,540,,THR,0.53576,0.53576,56.493,38.928
hsa_paa_fe3o4,anionic,anionic,A,212,,LYS,0.52705,0.527024,55.572,40.604
hsa_paa_fe3o4,anionic,anionic,A,117,,ARG,0.51726,0.51726,54.542,17.479
hsa_paa_fe3o4,anionic,anionic,A,52,,THR,0.50865,0.50865,53.634,36.586
hsa_paa_fe3o4,anionic,anionic,A,76,,THR,0.50798,0.50798,53.563,26.489
hsa_paa_fe3o4,anionic,anionic,A,474,,THR,0.49142,0.49142,51.817,73.388
hsa_paa_fe3o4,anionic,anionic,A,105,,HIS,0.73152,0.487294,51.382,16.466
hsa_paa_fe3o4,anionic,anionic,A,162,,LYS,0.48456,0.484536,51.091,52.797
hsa_paa_fe3o4,anionic,anionic,A,527,,THR,0.47686,0.47686,50.282,42.519
hsa_paa_fe3o4,anionic,anionic,A,444,,LYS,0.47562,0.475596,50.149,32.467
hsa_paa_fe3o4,anionic,anionic,A,372,,LYS,0.46819,0.468167,49.365,15.82
hsa_paa_fe3o4,anionic,anionic,A,500,,LYS,0.46447,0.464447,48.973,33.477
hsa_paa_fe3o4,anionic,anionic,A,557,,LYS,0.44961,0.449587,47.406,25.111
hsa_paa_fe3o4,anionic,anionic,A,524,,LYS,0.44589,0.445868,47.014,67.952
hsa_paa_fe3o4,anionic,anionic,A,564,,LYS,0.42884,0.428819,45.216,56.456
hsa_paa_fe3o4,anionic,anionic,A,232,,SER,0.42804,0.42804,45.134,29.53
hsa_paa_fe3o4,anionic,anionic,A,41,,LYS,0.42731,0.427289,45.055,14.439
hsa_paa_fe3o4,anionic,anionic,A,218,,ARG,0.4248,0.4248,44.793,18.228
hsa_paa_fe3o4,anionic,anionic,A,128,,HIS,0.60922,0.405825,42.792,54.377
hsa_paa_fe3o4,anionic,anionic,A,209,,ARG,0.40385,0.40385,42.584,31.455
hsa_paa_fe3o4,anionic,anionic,A,9,,HIS,0.58442,0.389305,41.05,30.822
hsa_paa_fe3o4,anionic,anionic,A,68,,THR,0.38845,0.38845,40.96,54.433
hsa_paa_fe3o4,anionic,anionic,A,480,,SER,0.38267,0.38267,40.35,48.598
hsa_paa_fe3o4,anionic,anionic,A,351,,LYS,0.37901,0.378991,39.962,29.126
hsa_paa_fe3o4,anionic,anionic,A,410,,ARG,0.37371,0.37371,39.405,23.828
hsa_paa_fe3o4,anionic,anionic,A,538,,LYS,0.37158,0.371561,39.179,24.473
hsa_paa_fe3o4,anionic,anionic,A,432,,LYS,0.36043,0.360412,38.003,50.383
hsa_paa_fe3o4,anionic,anionic,A,190,,LYS,0.35671,0.356692,37.611,57.007
hsa_paa_fe3o4,anionic,anionic,A,541,,LYS,0.35671,0.356692,37.611,38.928
hsa_paa_fe3o4,anionic,anionic,A,359,,LYS,0.34928,0.349262,36.828,20.583
hsa_paa_fe3o4,anionic,anionic,A,274,,LYS,0.34737,0.347353,36.626,43.32
hsa_paa_fe3o4,anionic,anionic,A,367,,HIS,0.50669,0.337526,35.59,14.723
hsa_paa_fe3o4,anionic,anionic,A,160,,ARG,0.3353,0.3353,35.355,33.981
hsa_paa_fe3o4,anionic,anionic,A,428,,ARG,0.32444,0.32444,34.21,14.152
hsa_paa_fe3o4,anionic,anionic,A,506,,THR,0.3237,0.3237,34.132,14.12
hsa_paa_fe3o4,anionic,anionic,A,440,,HIS,0.48545,0.323377,34.098,39.117
hsa_paa_fe3o4,anionic,anionic,A,313,,LYS,0.32327,0.323254,34.085,27.374
hsa_paa_fe3o4,anionic,anionic,A,181,,LYS,0.30841,0.308395,32.518,13.452
hsa_paa_fe3o4,anionic,anionic,A,545,,LYS,0.30841,0.308395,32.518,13.452
hsa_paa_fe3o4,anionic,anionic,A,489,,SER,0.3078,0.3078,32.456,13.426
hsa_paa_fe3o4,anionic,anionic,A,439,,LYS,0.30469,0.304675,32.126,27.395
hsa_paa_fe3o4,anionic,anionic,A,312,,SER,0.30432,0.30432,32.089,27.374
hsa_paa_fe3o4,anionic,anionic,A,535,,HIS,0.45492,0.30304,31.954,46.345
hsa_paa_fe3o4,anionic,anionic,A,323,,LYS,0.30098,0.300965,31.735,10.17
hsa_paa_fe3o4,anionic,anionic,A,114,,ARG,0.29837,0.29837,31.461,10.082
hsa_paa_fe3o4,anionic,anionic,A,560,,LYS,0.29355,0.293535,30.952,32.414
hsa_paa_fe3o4,anionic,anionic,A,519,,LYS,0.2824,0.282386,29.776,64.724
hsa_paa_fe3o4,anionic,anionic,A,12,,LYS,0.2824,0.282386,29.776,30.822
hsa_paa_fe3o4,anionic,anionic,A,73,,LYS,0.27594,0.275926,29.095,34.193
hsa_paa_fe3o4,anionic,anionic,A,276,,LYS,0.27497,0.274956,28.993,27.145
hsa_paa_fe3o4,anionic,anionic,A,378,,LYS,0.27497,0.274956,28.993,9.291
hsa_paa_fe3o4,anionic,anionic,A,445,,ARG,0.26872,0.26872,28.335,46.572
hsa_paa_fe3o4,anionic,anionic,A,136,,LYS,0.26382,0.263807,27.817,35.44
hsa_paa_fe3o4,anionic,anionic,A,472,,ARG,0.2619,0.2619,27.616,52.588
hsa_paa_fe3o4,anionic,anionic,A,317,,LYS,0.2601,0.260087,27.425,11.345
hsa_paa_fe3o4,anionic,anionic,A,436,,LYS,0.25639,0.256377,27.033,50.885
hsa_paa_fe3o4,anionic,anionic,A,466,,LYS,0.25267,0.252657,26.641,38.021
hsa_paa_fe3o4,anionic,anionic,A,233,,LYS,0.24896,0.248948,26.25,48.235
hsa_paa_fe3o4,anionic,anionic,A,525,,LYS,0.24524,0.245228,25.858,50.945
hsa_paa_fe3o4,anionic,anionic,A,146,,HIS,0.36711,0.244546,25.786,26.268
hsa_paa_fe3o4,anionic,anionic,A,10,,ARG,0.24045,0.24045,25.354,30.822
hsa_paa_fe3o4,anionic,anionic,A,145,,ARG,0.23729,0.23729,25.021,20.349
hsa_paa_fe3o4,anionic,anionic,A,247,,HIS,0.35184,0.234374,24.713,10.223
hsa_paa_fe3o4,anionic,anionic,A,67,,HIS,0.35006,0.233189,24.588,48.321
hsa_paa_fe3o4,anionic,anionic,A,454,,SER,0.23078,0.23078,24.334,10.066
hsa_paa_fe3o4,anionic,anionic,A,137,,LYS,0.21923,0.219219,23.115,21.069
hsa_paa_fe3o4,anionic,anionic,A,199,,LYS,0.2162,0.216189,22.796,25.284
hsa_paa_fe3o4,anionic,anionic,A,413,,LYS,0.21552,0.215509,22.724,30.759
hsa_paa_fe3o4,anionic,anionic,A,352,,THR,0.21153,0.21153,22.305,54.248
hsa_paa_fe3o4,anionic,anionic,A,262,,LYS,0.20808,0.20807,21.94,9.076
hsa_paa_fe3o4,anionic,anionic,A,338,,HIS,0.29899,0.199169,21.001,15.202
hsa_paa_fe3o4,anionic,anionic,A,192,,SER,0.19203,0.19203,20.248,50.683
hsa_paa_fe3o4,anionic,anionic,A,193,,SER,0.19192,0.19192,20.237,57.457
hsa_paa_fe3o4,anionic,anionic,A,510,,HIS,0.28753,0.191535,20.196,42.439
hsa_paa_fe3o4,anionic,anionic,A,536,,LYS,0.1895,0.189491,19.981,42.293
hsa_paa_fe3o4,anionic,anionic,A,225,,LYS,0.1895,0.189491,19.981,8.265
hsa_paa_fe3o4,anionic,anionic,A,159,,LYS,0.18579,0.185781,19.589,33.981
hsa_paa_fe3o4,anionic,anionic,A,197,,ARG,0.18264,0.18264,19.258,42.548
hsa_paa_fe3o4,anionic,anionic,A,64,,LYS,0.18207,0.182061,19.197,35.259
hsa_paa_fe3o4,anionic,anionic,A,402,,LYS,0.18207,0.182061,19.197,6.152
hsa_paa_fe3o4,anionic,anionic,A,202,,SER,0.18082,0.18082,19.066,38.015
hsa_paa_fe3o4,anionic,anionic,A,47,,THR,0.17616,0.17616,18.575,7.684
hsa_paa_fe3o4,anionic,anionic,A,422,,THR,0.16929,0.16929,17.851,29.443
hsa_paa_fe3o4,anionic,anionic,A,20,,LYS,0.15606,0.156052,16.455,6.807
hsa_paa_fe3o4,anionic,anionic,A,288,,HIS,0.21738,0.144805,15.269,11.653
hsa_paa_fe3o4,anionic,anionic,A,337,,ARG,0.13607,0.13607,14.348,15.202
hsa_paa_fe3o4,anionic,anionic,A,93,,LYS,0.13377,0.133763,14.105,4.52
hsa_paa_fe3o4,anionic,anionic,A,356,,THR,0.12262,0.12262,12.93,56.134
hsa_paa_fe3o4,anionic,anionic,A,144,,ARG,0.12037,0.12037,12.692,20.349
hsa_paa_fe3o4,anionic,anionic,A,281,,LYS,0.1189,0.118894,12.537,7.91
hsa_paa_fe3o4,anionic,anionic,A,414,,LYS,0.11595,0.115944,12.226,14.458
hsa_paa_fe3o4,anionic,anionic,A,286,,LYS,0.11519,0.115184,12.145,15.671
hsa_paa_fe3o4,anionic,anionic,A,336,,ARG,0.11463,0.11463,12.087,19.623
hsa_paa_fe3o4,anionic,anionic,A,257,,ARG,0.10769,0.10769,11.355,4.697
hsa_paa_fe3o4,anionic,anionic,A,484,,ARG,0.10712,0.10712,11.295,4.672
hsa_paa_fe3o4,anionic,anionic,A,534,,LYS,0.10551,0.105505,11.125,26.086
hsa_paa_fe3o4,anionic,anionic,A,239,,THR,0.09502,0.09502,10.019,87.949
hsa_paa_fe3o4,anionic,anionic,A,174,,LYS,0.09289,0.092885,9.794,3.139
hsa_paa_fe3o4,anionic,anionic,A,420,,THR,0.09034,0.09034,9.526,38.007
hsa_paa_fe3o4,anionic,anionic,A,287,,SER,0.08486,0.08486,8.948,15.042
hsa_paa_fe3o4,anionic,anionic,A,348,,ARG,0.07722,0.07722,8.142,19.9
hsa_paa_fe3o4,anionic,anionic,A,242,,HIS,0.06401,0.04264,4.496,57.805
hsa_paa_fe3o4,cationic,cationic,A,121,,ASP,1.0,0.995013,100.0,57.395
hsa_paa_fe3o4,cationic,cationic,A,562,,ASP,1.0,0.995013,100.0,34.618
hsa_paa_fe3o4,cationic,cationic,A,471,,ASP,1.0,0.995013,100.0,33.233
hsa_paa_fe3o4,cationic,cationic,A,119,,GLU,1.0,0.992119,99.709,44.427
hsa_paa_fe3o4,cationic,cationic,A,549,,ASP,0.98786,0.982934,98.786,31.32
hsa_paa_fe3o4,cationic,cationic,A,324,,ASP,0.9867,0.981779,98.67,23.632
hsa_paa_fe3o4,cationic,cationic,A,308,,ASP,0.97928,0.974396,97.928,36.934
hsa_paa_fe3o4,cationic,cationic,A,297,,GLU,0.98204,0.974301,97.918,31.158
hsa_paa_fe3o4,cationic,cationic,A,566,,THR,0.94837,0.94837,95.312,38.19
hsa_paa_fe3o4,cationic,cationic,A,227,,GLU,0.94521,0.937761,94.246,33.945
hsa_paa_fe3o4,cationic,cationic,A,556,,GLU,0.94015,0.932741,93.742,20.854
hsa_paa_fe3o4,cationic,cationic,A,129,,ASP,0.93261,0.927959,93.261,65.105
hsa_paa_fe3o4,cationic,cationic,A,314,,ASP,0.93061,0.925969,93.061,35.535
hsa_paa_fe3o4,cationic,cationic,A,518,,GLU,0.92575,0.918454,92.306,47.788
hsa_paa_fe3o4,cationic,cationic,A,58,,SER,0.91405,0.91405,91.863,58.941
hsa_paa_fe3o4,cationic,cationic,A,492,,GLU,0.92102,0.913762,91.834,26.393
hsa_paa_fe3o4,cationic,cationic,A,495,,GLU,0.91634,0.909119,91.368,57.942
hsa_paa_fe3o4,cationic,cationic,A,501,,GLU,0.91263,0.905438,90.998,26.152
hsa_paa_fe3o4,cationic,cationic,A,390,,GLN,0.89259,0.89259,89.706,66.769
hsa_paa_fe3o4,cationic,cationic,A,104,,GLN,0.89249,0.89249,89.696,25.778
hsa_paa_fe3o4,cationic,cationic,A,496,,THR,0.87786,0.87786,88.226,44.85
hsa_paa_fe3o4,cationic,cationic,A,109,,ASN,0.87563,0.87563,88.002,51.213
hsa_paa_fe3o4,cationic,cationic,A,467,,THR,0.8725,0.8725,87.687,33.221
hsa_paa_fe3o4,cationic,cationic,A,512,,ASP,0.86664,0.862318,86.664,24.907
hsa_paa_fe3o4,cationic,cationic,A,17,,GLU,0.85381,0.847081,85.133,35.334
hsa_paa_fe3o4,cationic,cationic,A,125,,THR,0.8408,0.8408,84.501,51.088
hsa_paa_fe3o4,cationic,cationic,A,187,,ASP,0.84222,0.83802,84.222,55.073
hsa_paa_fe3o4,cationic,cationic,A,132,,GLU,0.83175,0.825195,82.933,56.658
hsa_paa_fe3o4,cationic,cationic,A,173,,ASP,0.82647,0.822348,82.647,23.752
hsa_paa_fe3o4,cationic,cationic,A,355,,THR,0.81503,0.81503,81.911,51.336
hsa_paa_fe3o4,cationic,cationic,A,311,,GLU,0.81887,0.812417,81.649,32.255
hsa_paa_fe3o4,cationic,cationic,A,48,,GLU,0.81546,0.809034,81.309,62.466
hsa_paa_fe3o4,cationic,cationic,A,72,,ASP,0.81281,0.808757,81.281,23.36
hsa_paa_fe3o4,cationic,cationic,A,368,,GLU,0.80693,0.800571,80.458,26.848
hsa_paa_fe3o4,cationic,cationic,A,63,,ASP,0.8004,0.796409,80.04,43.066
hsa_paa_fe3o4,cationic,cationic,A,508,,THR,0.78141,0.78141,78.533,22.57
hsa_paa_fe3o4,cationic,cationic,A,515,,THR,0.77922,0.77922,78.313,22.507
hsa_paa_fe3o4,cationic,cationic,A,167,,GLU,0.78538,0.779191,78.31,36.88
hsa_paa_fe3o4,cationic,cationic,A,386,,ASN,0.7738,0.7738,77.768,78.786
hsa_paa_fe3o4,cationic,cationic,A,382,,GLU,0.7788,0.772663,77.654,52.972
hsa_paa_fe3o4,cationic,cationic,A,44,,ASN,0.77216,0.77216,77.603,51.094
hsa_paa_fe3o4,cationic,cationic,A,37,,GLU,0.77623,0.770113,77.397,31.423
hsa_paa_fe3o4,cationic,cationic,A,294,,GLU,0.773,0.766908,77.075,33.932
hsa_paa_fe3o4,cationic,cationic,A,266,,GLU,0.76062,0.754626,75.841,52.376
hsa_paa_fe3o4,cationic,cationic,A,425,,GLU,0.75701,0.751044,75.481,26.583
hsa_paa_fe3o4,cationic,cationic,A,236,,THR,0.75046,0.75046,75.422,41.585
hsa_paa_fe3o4,cationic,cationic,A,184,,GLU,0.74065,0.734813,73.85,53.552
hsa_paa_fe3o4,cationic,cationic,A,478,,THR,0.73148,0.73148,73.515,49.961
hsa_paa_fe3o4,cationic,cationic,A,304,,SER,0.72387,0.72387,72.75,20.908
hsa_paa_fe3o4,cationic,cationic,A,543,,GLN,0.71882,0.71882,72.242,36.606
hsa_paa_fe3o4,cationic,cationic,A,259,,ASP,0.72091,0.717315,72.091,34.281
hsa_paa_fe3o4,cationic,cationic,A,57,,GLU,0.72018,0.714504,71.809,58.941
hsa_paa_fe3o4,cationic,cationic,A,100,,GLU,0.70369,0.698144,70.164,29.733
hsa_paa_fe3o4,cationic,cationic,A,61,,ASN,0.6946,0.6946,69.808,49.364
hsa_paa_fe3o4,cationic,cationic,A,358,,GLU,0.67344,0.668133,67.148,46.381
hsa_paa_fe3o4,cationic,cationic,A,273,,SER,0.65968,0.65968,66.299,19.054
hsa_paa_fe3o4,cationic,cationic,A,270,,SER,0.64616,0.64616,64.94,55.75
hsa_paa_fe3o4,cationic,cationic,A,318,,ASN,0.64478,0.64478,64.801,35.321
hsa_paa_fe3o4,cationic,cationic,A,517,,SER,0.64086,0.64086,64.407,50.309
hsa_paa_fe3o4,cationic,cationic,A,38,,ASP,0.63857,0.635386,63.857,31.423
hsa_paa_fe3o4,cationic,cationic,A,376,,GLU,0.63667,0.631653,63.482,27.801
hsa_paa_fe3o4,cationic,cationic,A,479,,GLU,0.63408,0.629083,63.224,50.351
hsa_paa_fe3o4,cationic,cationic,A,65,,SER,0.62628,0.62628,62.942,29.309
hsa_paa_fe3o4,cationic,cationic,A,503,,ASN,0.61995,0.61995,62.306,37.025
hsa_paa_fe3o4,cationic,cationic,A,465,,GLU,0.61829,0.613417,61.649,42.919
hsa_paa_fe3o4,cationic,cationic,A,107,,ASP,0.61508,0.612013,61.508,51.213
hsa_paa_fe3o4,cationic,cationic,A,419,,SER,0.6117,0.6117,61.477,24.974
hsa_paa_fe3o4,cationic,cationic,A,243,,THR,0.60627,0.60627,60.931,24.707
hsa_paa_fe3o4,cationic,cationic,A,237,,ASP,0.59725,0.594272,59.725,41.585
hsa_paa_fe3o4,cationic,cationic,A,130,,ASN,0.5907,0.5907,59.366,96.203
hsa_paa_fe3o4,cationic,cationic,A,269,,ASP,0.59163,0.58868,59.163,55.75
hsa_paa_fe3o4,cationic,cationic,A,442,,GLU,0.59211,0.587444,59.039,16.967
hsa_paa_fe3o4,cationic,cationic,A,285,,GLU,0.5879,0.583267,58.619,14.938
hsa_paa_fe3o4,cationic,cationic,A,301,,ASP,0.57979,0.576899,57.979,12.898
hsa_paa_fe3o4,cationic,cationic,A,133,,THR,0.56577,0.56577,56.861,60.477
hsa_paa_fe3o4,cationic,cationic,A,166,,THR,0.55683,0.55683,55.962,38.589
hsa_paa_fe3o4,cationic,cationic,A,563,,ASP,0.55613,0.553357,55.613,44.722
hsa_paa_fe3o4,cationic,cationic,A,131,,GLU,0.55694,0.552551,55.532,73.197
hsa_paa_fe3o4,cationic,cationic,A,385,,GLN,0.55092,0.55092,55.368,75.322
hsa_paa_fe3o4,cationic,cationic,A,435,,SER,0.54978,0.54978,55.254,15.88
hsa_paa_fe3o4,cationic,cationic,A,483,,ASN,0.54789,0.54789,55.064,26.878
hsa_paa_fe3o4,cationic,cationic,A,292,,GLU,0.55144,0.547094,54.984,15.802
hsa_paa_fe3o4,cationic,cationic,A,111,,ASN,0.54556,0.54556,54.829,15.758
hsa_paa_fe3o4,cationic,cationic,A,89,,ASP,0.5443,0.541586,54.43,12.108
hsa_paa_fe3o4,cationic,cationic,A,540,,THR,0.53576,0.53576,53.845,36.606
hsa_paa_fe3o4,cationic,cationic,A,45,,GLU,0.53218,0.527986,53.063,51.094
hsa_paa_fe3o4,cationic,cationic,A,383,,GLU,0.51444,0.510386,51.294,58.303
hsa_paa_fe3o4,cationic,cationic,A,52,,THR,0.50865,0.50865,51.12,14.692
hsa_paa_fe3o4,cationic,cationic,A,76,,THR,0.50798,0.50798,51.053,14.672
hsa_paa_fe3o4,cationic,cationic,A,321,,GLU,0.50688,0.502885,50.541,27.341
hsa_paa_fe3o4,cationic,cationic,A,277,,GLU,0.49791,0.493986,49.646,18.706
hsa_paa_fe3o4,cationic,cationic,A,474,,THR,0.49142,0.49142,49.388,64.061
hsa_paa_fe3o4,cationic,cationic,A,183,,ASP,0.49102,0.488571,49.102,35.336
hsa_paa_fe3o4,cationic,cationic,A,400,,GLU,0.49124,0.487369,48.981,27.995
hsa_paa_fe3o4,cationic,cationic,A,340,,ASP,0.4851,0.482681,48.51,17.754
hsa_paa_fe3o4,cationic,cationic,A,401,,TYR,0.48186,0.48186,48.428,30.233
hsa_paa_fe3o4,cationic,cationic,A,354,,GLU,0.48264,0.478836,48.124,47.023
hsa_paa_fe3o4,cationic,cationic,A,527,,THR,0.47686,0.47686,47.925,13.773
hsa_paa_fe3o4,cationic,cationic,A,391,,ASN,0.44427,0.44427,44.65,47.997
hsa_paa_fe3o4,cationic,cationic,A,13,,ASP,0.44427,0.442054,44.427,12.768
hsa_paa_fe3o4,cationic,cationic,A,232,,SER,0.42804,0.42804,43.019,19.222
hsa_paa_fe3o4,cationic,cationic,A,550,,ASP,0.42005,0.417955,42.005,31.32
hsa_paa_fe3o4,cationic,cationic,A,33,,GLN,0.41663,0.41663,41.872,14.527
hsa_paa_fe3o4,cationic,cationic,A,56,,ASP,0.41414,0.412075,41.414,56.995
hsa_paa_fe3o4,cationic,cationic,A,295,,ASN,0.40787,0.40787,40.991,36.949
hsa_paa_fe3o4,cationic,cationic,A,365,,ASP,0.40231,0.400304,40.231,26.848
hsa_paa_fe3o4,cationic,cationic,A,375,,ASP,0.40231,0.400304,40.231,23.072
hsa_paa_fe3o4,cationic,cationic,A,522,,GLN,0.39568,0.39568,39.766,16.699
hsa_paa_fe3o4,cationic,cationic,A,18,,ASN,0.39066,0.39066,39.262,35.334
hsa_paa_fe3o4,cationic,cationic,A,68,,THR,0.38845,0.38845,39.04,29.309
hsa_paa_fe3o4,cationic,cationic,A,542,,GLU,0.38577,0.38273,38.465,36.606
hsa_paa_fe3o4,cationic,cationic,A,480,,SER,0.38267,0.38267,38.459,51.224
hsa_paa_fe3o4,cationic,cationic,A,94,,GLN,0.37797,0.37797,37.986,23.997
hsa_paa_fe3o4,cationic,cationic,A,565,,GLU,0.3768,0.373831,37.57,38.19
hsa_paa_fe3o4,cationic,cationic,A,267,,ASN,0.37131,0.37131,37.317,68.149
hsa_paa_fe3o4,cationic,cationic,A,263,,TYR,0.36341,0.36341,36.523,53.011
hsa_paa_fe3o4,cationic,cationic,A,204,,GLN,0.36174,0.36174,36.355,15.671
hsa_paa_fe3o4,cationic,cationic,A,459,,GLN,0.35204,0.35204,35.38,7.871
hsa_paa_fe3o4,cationic,cationic,A,16,,GLU,0.3454,0.342678,34.44,39.273
hsa_paa_fe3o4,cationic,cationic,A,280,,GLU,0.3454,0.342678,34.44,18.706
hsa_paa_fe3o4,cationic,cationic,A,570,,GLU,0.3454,0.342678,34.44,9.898
hsa_paa_fe3o4,cationic,cationic,A,505,,GLU,0.34091,0.338223,33.992,37.025
hsa_paa_fe3o4,cationic,cationic,A,188,,GLU,0.33653,0.333878,33.555,33.849
hsa_paa_fe3o4,cationic,cationic,A,393,,GLU,0.32745,0.324869,32.65,50.739
hsa_paa_fe3o4,cationic,cationic,A,268,,GLN,0.324,0.324,32.562,77.546
hsa_paa_fe3o4,cationic,cationic,A,506,,THR,0.3237,0.3237,32.532,37.025
hsa_paa_fe3o4,cationic,cationic,A,170,,GLN,0.31355,0.31355,31.512,31.562
hsa_paa_fe3o4,cationic,cationic,A,333,,GLU,0.31201,0.309551,31.11,10.406
hsa_paa_fe3o4,cationic,cationic,A,489,,SER,0.3078,0.3078,30.934,8.89
hsa_paa_fe3o4,cationic,cationic,A,141,,GLU,0.30962,0.30718,30.872,14.364
hsa_paa_fe3o4,cationic,cationic,A,396,,GLU,0.30951,0.307071,30.861,26.937
hsa_paa_fe3o4,cationic,cationic,A,312,,SER,0.30432,0.30432,30.585,67.455
hsa_paa_fe3o4,cationic,cationic,A,397,,GLN,0.30066,0.30066,30.217,17.553
hsa_paa_fe3o4,cationic,cationic,A,208,,GLU,0.29605,0.293717,29.519,8.484
hsa_paa_fe3o4,cationic,cationic,A,108,,ASP,0.28688,0.285449,28.688,41.627
hsa_paa_fe3o4,cationic,cationic,A,451,,ASP,0.28447,0.283051,28.447,17.787
hsa_paa_fe3o4,cationic,cationic,A,256,,ASP,0.28354,0.282126,28.354,38.614
hsa_paa_fe3o4,cationic,cationic,A,249,,ASP,0.28354,0.282126,28.354,17.423
hsa_paa_fe3o4,cationic,cationic,A,452,,TYR,0.28174,0.28174,28.315,17.787
hsa_paa_fe3o4,cationic,cationic,A,405,,ASN,0.27803,0.27803,27.942,10.269
hsa_paa_fe3o4,cationic,cationic,A,531,,GLU,0.27518,0.273011,27.438,7.886
hsa_paa_fe3o4,cationic,cationic,A,429,,ASN,0.27065,0.27065,27.201,7.817
hsa_paa_fe3o4,cationic,cationic,A,97,,GLU,0.26017,0.25812,25.941,35.819
hsa_paa_fe3o4,cationic,cationic,A,417,,GLN,0.24571,0.24571,24.694,7.097
hsa_paa_fe3o4,cationic,cationic,A,230,,GLU,0.23936,0.237474,23.866,46.308
hsa_paa_fe3o4,cationic,cationic,A,454,,SER,0.23078,0.23078,23.194,17.787
hsa_paa_fe3o4,cationic,cationic,A,60,,GLU,0.2198,0.218068,21.916,26.361
hsa_paa_fe3o4,cationic,cationic,A,352,,THR,0.21153,0.21153,21.259,43.481
hsa_paa_fe3o4,cationic,cationic,A,161,,TYR,0.19535,0.19535,19.633,5.642
hsa_paa_fe3o4,cationic,cationic,A,95,,GLU,0.19629,0.194743,19.572,26.11
hsa_paa_fe3o4,cationic,cationic,A,192,,SER,0.19203,0.19203,19.299,11.09
hsa_paa_fe3o4,cationic,cationic,A,193,,SER,0.19192,0.19192,19.288,11.09
hsa_paa_fe3o4,cationic,cationic,A,411,,TYR,0.18326,0.18326,18.418,5.293
hsa_paa_fe3o4,cationic,cationic,A,520,,GLU,0.18391,0.182461,18.338,47.788
hsa_paa_fe3o4,cationic,cationic,A,202,,SER,0.18082,0.18082,18.173,15.671
hsa_paa_fe3o4,cationic,cationic,A,47,,THR,0.17616,0.17616,17.704,58.756
hsa_paa_fe3o4,cationic,cationic,A,138,,TYR,0.17079,0.17079,17.165,16.064
hsa_paa_fe3o4,cationic,cationic,A,255,,ASP,0.17131,0.170456,17.131,17.895
hsa_paa_fe3o4,cationic,cationic,A,422,,THR,0.16929,0.16929,17.014,36.272
hsa_paa_fe3o4,cationic,cationic,A,252,,GLU,0.1683,0.166974,16.781,23.605
hsa_paa_fe3o4,cationic,cationic,A,6,,GLU,0.16597,0.164662,16.549,4.756
hsa_paa_fe3o4,cationic,cationic,A,150,,TYR,0.15871,0.15871,15.951,7.723
hsa_paa_fe3o4,cationic,cationic,A,244,,GLU,0.15535,0.154126,15.49,29.166
hsa_paa_fe3o4,cationic,cationic,A,341,,TYR,0.13198,0.13198,13.264,13.742
hsa_paa_fe3o4,cationic,cationic,A,494,,ASP,0.13123,0.130576,13.123,57.942
hsa_paa_fe3o4,cationic,cationic,A,356,,THR,0.12262,0.12262,12.323,51.336
hsa_paa_fe3o4,cationic,cationic,A,30,,TYR,0.11244,0.11244,11.3,5.741
hsa_paa_fe3o4,cationic,cationic,A,153,,GLU,0.10955,0.108687,10.923,7.723
hsa_paa_fe3o4,cationic,cationic,A,296,,ASP,0.10498,0.104456,10.498,42.939
hsa_paa_fe3o4,cationic,cationic,A,239,,THR,0.09502,0.09502,9.55,55.756
hsa_paa_fe3o4,cationic,cationic,A,334,,TYR,0.09254,0.09254,9.3,10.406
hsa_paa_fe3o4,cationic,cationic,A,420,,THR,0.09034,0.09034,9.079,25.167
hsa_paa_fe3o4,cationic,cationic,A,148,,TYR,0.08879,0.08879,8.924,2.565
hsa_paa_fe3o4,cationic,cationic,A,497,,TYR,0.08851,0.08851,8.895,50.344
hsa_paa_fe3o4,cationic,cationic,A,32,,GLN,0.08632,0.08632,8.675,17.775
hsa_paa_fe3o4,cationic,cationic,A,287,,SER,0.08486,0.08486,8.529,19.298
hsa_paa_fe3o4,cationic,cationic,A,140,,TYR,0.0782,0.0782,7.859,14.364
hsa_paa_fe3o4,cationic,cationic,A,404,,GLN,0.07749,0.07749,7.788,24.187
hsa_paa_fe3o4,cationic,cationic,A,319,,TYR,0.07522,0.07522,7.56,35.321
hsa_paa_fe3o4,cationic,cationic,A,99,,ASN,0.07314,0.07314,7.351,35.358
hsa_paa_fe3o4,cationic,cationic,A,332,,TYR,0.06337,0.06337,6.369,10.406
hsa_paa_fe3o4,hydrophobic,hydrophobic,A,116,,VAL,0.89403,0.89403,100.0,52.425
hsa_paa_fe3o4,hydrophobic,hydrophobic,A,504,,ALA,0.86346,0.86346,96.581,46.71
hsa_paa_fe3o4,hydrophobic,hydrophobic,A,498,,VAL,0.86229,0.86229,96.45,32.577
hsa_paa_fe3o4,hydrophobic,hydrophobic,A,547,,VAL,0.857,0.857,95.858,71.498
hsa_paa_fe3o4,hydrophobic,hydrophobic,A,172,,ALA,0.84602,0.84602,94.63,40.379
hsa_paa_fe3o4,hydrophobic,hydrophobic,A,364,,ALA,0.81985,0.81985,91.703,42.714
hsa_paa_fe3o4,hydrophobic,hydrophobic,A,300,,ALA,0.81113,0.81113,90.727,37.986
hsa_paa_fe3o4,hydrophobic,hydrophobic,A,96,,PRO,0.79735,0.79735,89.186,20.766
hsa_paa_fe3o4,hydrophobic,hydrophobic,A,229,,ALA,0.77625,0.77625,86.826,27.22
hsa_paa_fe3o4,hydrophobic,hydrophobic,A,569,,ALA,0.71519,0.71519,79.996,26.877
hsa_paa_fe3o4,hydrophobic,hydrophobic,A,502,,PHE,0.70734,0.70734,79.118,27.064
hsa_paa_fe3o4,hydrophobic,hydrophobic,A,113,,PRO,0.68632,0.68632,76.767,32.332
hsa_paa_fe3o4,hydrophobic,hydrophobic,A,55,,ALA,0.6803,0.6803,76.094,43.306
hsa_paa_fe3o4,hydrophobic,hydrophobic,A,362,,ALA,0.6803,0.6803,76.094,37.375
hsa_paa_fe3o4,hydrophobic,hydrophobic,A,122,,VAL,0.67714,0.67714,75.74,51.401
hsa_paa_fe3o4,hydrophobic,hydrophobic,A,443,,ALA,0.67158,0.67158,75.118,47.456
hsa_paa_fe3o4,hydrophobic,hydrophobic,A,191,,ALA,0.67158,0.67158,75.118,21.125
hsa_paa_fe3o4,hydrophobic,hydrophobic,A,92,,ALA,0.67158,0.67158,75.118,17.49
hsa_paa_fe3o4,hydrophobic,hydrophobic,A,421,,PRO,0.66614,0.66614,74.51,21.206
hsa_paa_fe3o4,hydrophobic,hydrophobic,A,282,,PRO,0.63081,0.63081,70.558,36.873
hsa_paa_fe3o4,hydrophobic,hydrophobic,A,320,,ALA,0.62797,0.62797,70.24,29.262
hsa_paa_fe3o4,hydrophobic,hydrophobic,A,490,,ALA,0.62797,0.62797,70.24,25.371
hsa_paa_fe3o4,hydrophobic,hydrophobic,A,441,,PRO,0.59044,0.59044,66.043,32.867
hsa_paa_fe3o4,hydrophobic,hydrophobic,A,163,,ALA,0.57564,0.57564,64.387,24.154
hsa_paa_fe3o4,hydrophobic,hydrophobic,A,546,,ALA,0.56692,0.56692,63.412,60.948
hsa_paa_fe3o4,hydrophobic,hydrophobic,A,325,,VAL,0.56075,0.56075,62.722,43.801
hsa_paa_fe3o4,hydrophobic,hydrophobic,A,303,,PRO,0.55007,0.55007,61.527,28.596
hsa_paa_fe3o4,hydrophobic,hydrophobic,A,553,,ALA,0.54076,0.54076,60.486,52.391
hsa_paa_fe3o4,hydrophobic,hydrophobic,A,54,,VAL,0.52901,0.52901,59.171,42.78
hsa_paa_fe3o4,hydrophobic,hydrophobic,A,511,,ALA,0.52331,0.52331,58.534,31.916
hsa_paa_fe3o4,hydrophobic,hydrophobic,A,298,,MET,0.51732,0.51732,57.864,26.744
hsa_paa_fe3o4,hydrophobic,hydrophobic,A,291,,ALA,0.51459,0.51459,57.558,18.775
hsa_paa_fe3o4,hydrophobic,hydrophobic,A,283,,LEU,0.51047,0.51047,57.098,46.867
hsa_paa_fe3o4,hydrophobic,hydrophobic,A,379,,PRO,0.5097,0.5097,57.012,26.233
hsa_paa_fe3o4,hydrophobic,hydrophobic,A,175,,ALA,0.50587,0.50587,56.583,64.417
hsa_paa_fe3o4,hydrophobic,hydrophobic,A,176,,ALA,0.50587,0.50587,56.583,56.929
hsa_paa_fe3o4,hydrophobic,hydrophobic,A,118,,PRO,0.49456,0.49456,55.318,18.922
hsa_paa_fe3o4,hydrophobic,hydrophobic,A,394,,LEU,0.49331,0.49331,55.178,26.627
hsa_paa_fe3o4,hydrophobic,hydrophobic,A,35,,PRO,0.48951,0.48951,54.753,20.328
hsa_paa_fe3o4,hydrophobic,hydrophobic,A,115,,LEU,0.47615,0.47615,53.259,52.425
hsa_paa_fe3o4,hydrophobic,hydrophobic,A,551,,PHE,0.47156,0.47156,52.745,74.948
hsa_paa_fe3o4,hydrophobic,hydrophobic,A,180,,PRO,0.46932,0.46932,52.495,44.874
hsa_paa_fe3o4,hydrophobic,hydrophobic,A,468,,PRO,0.46428,0.46428,51.931,27.47
hsa_paa_fe3o4,hydrophobic,hydrophobic,A,329,,MET,0.45389,0.45389,50.769,30.997
hsa_paa_fe3o4,hydrophobic,hydrophobic,A,552,,ALA,0.45354,0.45354,50.73,76.969
hsa_paa_fe3o4,hydrophobic,hydrophobic,A,126,,ALA,0.43609,0.43609,48.778,37.261
hsa_paa_fe3o4,hydrophobic,hydrophobic,A,523,,ILE,0.43345,0.43345,48.483,16.584
hsa_paa_fe3o4,hydrophobic,hydrophobic,A,307,,ALA,0.42737,0.42737,47.803,36.851
hsa_paa_fe3o4,hydrophobic,hydrophobic,A,469,,VAL,0.42321,0.42321,47.337,23.113
hsa_paa_fe3o4,hydrophobic,hydrophobic,A,493,,VAL,0.41792,0.41792,46.746,15.99
hsa_paa_fe3o4,hydrophobic,hydrophobic,A,322,,ALA,0.39248,0.39248,43.9,48.335
hsa_paa_fe3o4,hydrophobic,hydrophobic,A,499,,PRO,0.38858,0.38858,43.464,35.994
hsa_paa_fe3o4,hydrophobic,hydrophobic,A,339,,PRO,0.38353,0.38353,42.899,14.674
hsa_paa_fe3o4,hydrophobic,hydrophobic,A,214,,TRP,0.37977,0.37977,42.478,33.688
hsa_paa_fe3o4,hydrophobic,hydrophobic,A,306,,ALA,0.37504,0.37504,41.949,41.304
hsa_paa_fe3o4,hydrophobic,hydrophobic,A,179,,LEU,0.36462,0.36462,40.784,61.991
hsa_paa_fe3o4,hydrophobic,hydrophobic,A,507,,PHE,0.35735,0.35735,39.971,54.462
hsa_paa_fe3o4,hydrophobic,hydrophobic,A,398,,LEU,0.35604,0.35604,39.824,21.375
hsa_paa_fe3o4,hydrophobic,hydrophobic,A,78,,ALA,0.34887,0.34887,39.022,24.081
hsa_paa_fe3o4,hydrophobic,hydrophobic,A,374,,PHE,0.3463,0.3463,38.735,13.25
hsa_paa_fe3o4,hydrophobic,hydrophobic,A,40,,VAL,0.34386,0.34386,38.462,20.372
hsa_paa_fe3o4,hydrophobic,hydrophobic,A,142,,ILE,0.34151,0.34151,38.199,11.352
hsa_paa_fe3o4,hydrophobic,hydrophobic,A,380,,LEU,0.33888,0.33888,37.905,26.233
hsa_paa_fe3o4,hydrophobic,hydrophobic,A,213,,ALA,0.33143,0.33143,37.071,35.819
hsa_paa_fe3o4,hydrophobic,hydrophobic,A,371,,ALA,0.33143,0.33143,37.071,17.134
hsa_paa_fe3o4,hydrophobic,hydrophobic,A,258,,ALA,0.32271,0.32271,36.096,18.458
hsa_paa_fe3o4,hydrophobic,hydrophobic,A,77,,VAL,0.3227,0.3227,36.095,19.836
hsa_paa_fe3o4,hydrophobic,hydrophobic,A,555,,VAL,0.31741,0.31741,35.503,58.927
hsa_paa_fe3o4,hydrophobic,hydrophobic,A,513,,ILE,0.31086,0.31086,34.771,37.989
hsa_paa_fe3o4,hydrophobic,hydrophobic,A,482,,VAL,0.30683,0.30683,34.32,24.842
hsa_paa_fe3o4,hydrophobic,hydrophobic,A,363,,ALA,0.29654,0.29654,33.169,53.232
hsa_paa_fe3o4,hydrophobic,hydrophobic,A,36,,PHE,0.29104,0.29104,32.554,29.283
hsa_paa_fe3o4,hydrophobic,hydrophobic,A,49,,PHE,0.29104,0.29104,32.554,11.024
hsa_paa_fe3o4,hydrophobic,hydrophobic,A,409,,VAL,0.28038,0.28038,31.361,23.682
hsa_paa_fe3o4,hydrophobic,hydrophobic,A,238,,LEU,0.27883,0.27883,31.188,11.347
hsa_paa_fe3o4,hydrophobic,hydrophobic,A,284,,LEU,0.27454,0.27454,30.708,50.661
hsa_paa_fe3o4,hydrophobic,hydrophobic,A,406,,ALA,0.27038,0.27038,30.243,25.504
hsa_paa_fe3o4,hydrophobic,hydrophobic,A,228,,PHE,0.26893,0.26893,30.081,39.99
hsa_paa_fe3o4,hydrophobic,hydrophobic,A,548,,MET,0.26459,0.26459,29.595,82.647
hsa_paa_fe3o4,hydrophobic,hydrophobic,A,59,,ALA,0.26166,0.26166,29.267,10.011
hsa_paa_fe3o4,hydrophobic,hydrophobic,A,69,,LEU,0.2488,0.2488,27.829,21.106
hsa_paa_fe3o4,hydrophobic,hydrophobic,A,366,,PRO,0.24728,0.24728,27.659,20.807
hsa_paa_fe3o4,hydrophobic,hydrophobic,A,198,,LEU,0.24022,0.24022,26.869,11.861
hsa_paa_fe3o4,hydrophobic,hydrophobic,A,387,,LEU,0.24022,0.24022,26.869,9.221
hsa_paa_fe3o4,hydrophobic,hydrophobic,A,554,,PHE,0.22841,0.22841,25.548,55.365
hsa_paa_fe3o4,hydrophobic,hydrophobic,A,182,,LEU,0.22735,0.22735,25.43,36.86
hsa_paa_fe3o4,hydrophobic,hydrophobic,A,219,,LEU,0.21877,0.21877,24.47,16.821
hsa_paa_fe3o4,hydrophobic,hydrophobic,A,135,,LEU,0.21877,0.21877,24.47,14.009
hsa_paa_fe3o4,hydrophobic,hydrophobic,A,481,,LEU,0.21019,0.21019,23.51,19.782
hsa_paa_fe3o4,hydrophobic,hydrophobic,A,171,,ALA,0.20932,0.20932,23.413,40.379
hsa_paa_fe3o4,hydrophobic,hydrophobic,A,210,,ALA,0.20932,0.20932,23.413,20.69
hsa_paa_fe3o4,hydrophobic,hydrophobic,A,561,,ALA,0.20932,0.20932,23.413,5.451
hsa_paa_fe3o4,hydrophobic,hydrophobic,A,70,,PHE,0.20631,0.20631,23.076,17.413
hsa_paa_fe3o4,hydrophobic,hydrophobic,A,206,,PHE,0.20631,0.20631,23.076,11.504
hsa_paa_fe3o4,hydrophobic,hydrophobic,A,395,,PHE,0.20262,0.20262,22.664,27.397
hsa_paa_fe3o4,hydrophobic,hydrophobic,A,509,,PHE,0.20262,0.20262,22.664,21.425
hsa_paa_fe3o4,hydrophobic,hydrophobic,A,302,,LEU,0.19732,0.19732,22.071,28.596
hsa_paa_fe3o4,hydrophobic,hydrophobic,A,120,,VAL,0.19573,0.19573,21.893,59.262
hsa_paa_fe3o4,hydrophobic,hydrophobic,A,8,,ALA,0.19188,0.19188,21.462,36.82
hsa_paa_fe3o4,hydrophobic,hydrophobic,A,486,,PRO,0.19177,0.19177,21.45,7.337
hsa_paa_fe3o4,hydrophobic,hydrophobic,A,532,,LEU,0.18875,0.18875,21.112,11.489
hsa_paa_fe3o4,hydrophobic,hydrophobic,A,350,,ALA,0.18316,0.18316,20.487,12.588
hsa_paa_fe3o4,hydrophobic,hydrophobic,A,299,,PRO,0.18167,0.18167,20.32,44.468
hsa_paa_fe3o4,hydrophobic,hydrophobic,A,544,,LEU,0.18017,0.18017,20.153,59.44
hsa_paa_fe3o4,hydrophobic,hydrophobic,A,447,,PRO,0.17663,0.17663,19.757,8.76
hsa_paa_fe3o4,hydrophobic,hydrophobic,A,455,,VAL,0.17457,0.17457,19.526,12.916
hsa_paa_fe3o4,hydrophobic,hydrophobic,A,327,,LEU,0.17159,0.17159,19.193,50.694
hsa_paa_fe3o4,hydrophobic,hydrophobic,A,123,,MET,0.17015,0.17015,19.032,56.593
hsa_paa_fe3o4,hydrophobic,hydrophobic,A,216,,VAL,0.16928,0.16928,18.934,39.27
hsa_paa_fe3o4,hydrophobic,hydrophobic,A,463,,LEU,0.1673,0.1673,18.713,11.461
hsa_paa_fe3o4,hydrophobic,hydrophobic,A,433,,VAL,0.16399,0.16399,18.343,6.274
hsa_paa_fe3o4,hydrophobic,hydrophobic,A,453,,LEU,0.16301,0.16301,18.233,12.916
hsa_paa_fe3o4,hydrophobic,hydrophobic,A,31,,LEU,0.16301,0.16301,18.233,6.237
hsa_paa_fe3o4,hydrophobic,hydrophobic,A,11,,PHE,0.1621,0.1621,18.131,18.303
hsa_paa_fe3o4,hydrophobic,hydrophobic,A,112,,LEU,0.15872,0.15872,17.753,37.353
hsa_paa_fe3o4,hydrophobic,hydrophobic,A,516,,LEU,0.15872,0.15872,17.753,12.229
hsa_paa_fe3o4,hydrophobic,hydrophobic,A,381,,VAL,0.1587,0.1587,17.751,26.233
hsa_paa_fe3o4,hydrophobic,hydrophobic,A,158,,ALA,0.15699,0.15699,17.56,13.916
hsa_paa_fe3o4,hydrophobic,hydrophobic,A,491,,LEU,0.15443,0.15443,17.273,29.936
hsa_paa_fe3o4,hydrophobic,hydrophobic,A,134,,PHE,0.14736,0.14736,16.483,14.009
hsa_paa_fe3o4,hydrophobic,hydrophobic,A,347,,LEU,0.14585,0.14585,16.314,17.648
hsa_paa_fe3o4,hydrophobic,hydrophobic,A,194,,ALA,0.13955,0.13955,15.609,31.035
hsa_paa_fe3o4,hydrophobic,hydrophobic,A,164,,ALA,0.13955,0.13955,15.609,28.891
hsa_paa_fe3o4,hydrophobic,hydrophobic,A,528,,ALA,0.13955,0.13955,15.609,9.607
hsa_paa_fe3o4,hydrophobic,hydrophobic,A,66,,LEU,0.13298,0.13298,14.874,14.607
hsa_paa_fe3o4,hydrophobic,hydrophobic,A,46,,VAL,0.13225,0.13225,14.793,23.411
hsa_paa_fe3o4,hydrophobic,hydrophobic,A,344,,VAL,0.13225,0.13225,14.793,22.38
hsa_paa_fe3o4,hydrophobic,hydrophobic,A,462,,VAL,0.13225,0.13225,14.793,9.618
hsa_paa_fe3o4,hydrophobic,hydrophobic,A,110,,PRO,0.13121,0.13121,14.676,11.093
hsa_paa_fe3o4,hydrophobic,hydrophobic,A,537,,PRO,0.13121,0.13121,14.676,9.358
hsa_paa_fe3o4,hydrophobic,hydrophobic,A,102,,PHE,0.12894,0.12894,14.422,8.708
hsa_paa_fe3o4,hydrophobic,hydrophobic,A,290,,ILE,0.12697,0.12697,14.202,23.216
hsa_paa_fe3o4,hydrophobic,hydrophobic,A,14,,LEU,0.1244,0.1244,13.915,10.962
hsa_paa_fe3o4,hydrophobic,hydrophobic,A,310,,VAL,0.11638,0.11638,13.017,35.007
hsa_paa_fe3o4,hydrophobic,hydrophobic,A,407,,LEU,0.11582,0.11582,12.955,17.36
hsa_paa_fe3o4,hydrophobic,hydrophobic,A,568,,PHE,0.11421,0.11421,12.775,31.734
hsa_paa_fe3o4,hydrophobic,hydrophobic,A,388,,ILE,0.11384,0.11384,12.733,10.584
hsa_paa_fe3o4,hydrophobic,hydrophobic,A,539,,ALA,0.11338,0.11338,12.682,9.358
hsa_paa_fe3o4,hydrophobic,hydrophobic,A,178,,LEU,0.11153,0.11153,12.475,67.064
hsa_paa_fe3o4,hydrophobic,hydrophobic,A,529,,LEU,0.11153,0.11153,12.475,16.828
hsa_paa_fe3o4,hydrophobic,hydrophobic,A,264,,ILE,0.10946,0.10946,12.243,6.524
hsa_paa_fe3o4,hydrophobic,hydrophobic,A,155,,LEU,0.10724,0.10724,11.995,13.916
hsa_paa_fe3o4,hydrophobic,hydrophobic,A,26,,ALA,0.10466,0.10466,11.707,6.138
hsa_paa_fe3o4,hydrophobic,hydrophobic,A,326,,PHE,0.10315,0.10315,11.538,62.278
hsa_paa_fe3o4,hydrophobic,hydrophobic,A,185,,LEU,0.10295,0.10295,11.515,12.638
hsa_paa_fe3o4,hydrophobic,hydrophobic,A,156,,PHE,0.09947,0.09947,11.126,16.622
hsa_paa_fe3o4,hydrophobic,hydrophobic,A,42,,LEU,0.09866,0.09866,11.035,21.11
hsa_paa_fe3o4,hydrophobic,hydrophobic,A,260,,LEU,0.09866,0.09866,11.035,18.458
hsa_paa_fe3o4,hydrophobic,hydrophobic,A,103,,LEU,0.09866,0.09866,11.035,5.927
hsa_paa_fe3o4,hydrophobic,hydrophobic,A,254,,ALA,0.09594,0.09594,10.731,5.969
hsa_paa_fe3o4,hydrophobic,hydrophobic,A,424,,VAL,0.09522,0.09522,10.651,31.155
hsa_paa_fe3o4,hydrophobic,hydrophobic,A,139,,LEU,0.09437,0.09437,10.556,16.677
hsa_paa_fe3o4,hydrophobic,hydrophobic,A,203,,LEU,0.09437,0.09437,10.556,14.174
hsa_paa_fe3o4,hydrophobic,hydrophobic,A,309,,PHE,0.0921,0.0921,10.302,28.114
hsa_paa_fe3o4,hydrophobic,hydrophobic,A,74,,LEU,0.09008,0.09008,10.076,15.793
hsa_paa_fe3o4,hydrophobic,hydrophobic,A,43,,VAL,0.08993,0.08993,10.059,20.353
hsa_paa_fe3o4,hydrophobic,hydrophobic,A,331,,LEU,0.0815,0.0815,9.116,27.05
hsa_paa_fe3o4,hydrophobic,hydrophobic,A,293,,VAL,0.07935,0.07935,8.876,18.775
hsa_paa_fe3o4,hydrophobic,hydrophobic,A,7,,VAL,0.07935,0.07935,8.876,10.378
hsa_paa_fe3o4,hydrophobic,hydrophobic,A,201,,ALA,0.06977,0.06977,7.804,15.471
hsa_paa_fe3o4,hydrophobic,hydrophobic,A,305,,LEU,0.06863,0.06863,7.676,33.327
hsa_paa_fe3o4,hydrophobic,hydrophobic,A,261,,ALA,0.06105,0.06105,6.829,22.646
hsa_paa_fe3o4,hydrophobic,hydrophobic,A,21,,ALA,0.06105,0.06105,6.829,4.47
hsa_paa_fe3o4,hydrophobic,hydrophobic,A,251,,LEU,0.06006,0.06006,6.718,5.969
hsa_paa_fe3o4,hydrophobic,hydrophobic,A,235,,VAL,0.05819,0.05819,6.509,12.895
hsa_paa_fe3o4,hydrophobic,hydrophobic,A,24,,LEU,0.05577,0.05577,6.238,8.474
hsa_paa_fe3o4,hydrophobic,hydrophobic,A,165,,PHE,0.05526,0.05526,6.181,27.401
hsa_paa_fe3o4,hydrophobic,hydrophobic,A,426,,VAL,0.0529,0.0529,5.917,5.667
hsa_paa_fe3o4,hydrophobic,hydrophobic,A,449,,ALA,0.05233,0.05233,5.853,8.76
hsa_paa_fe3o4,hydrophobic,hydrophobic,A,223,,PHE,0.05158,0.05158,5.769,10.344
hsa_paa_fe3o4,pi_carbon,pi_carbon,A,105,,HIS,0.73152,0.73152,100.0,42.424
hsa_paa_fe3o4,pi_carbon,pi_carbon,A,502,,PHE,0.70734,0.70734,96.695,46.109
hsa_paa_fe3o4,pi_carbon,pi_carbon,A,475,,LYS,0.68703,0.686996,93.913,41.378
hsa_paa_fe3o4,pi_carbon,pi_carbon,A,128,,HIS,0.60922,0.60922,83.281,35.401
hsa_paa_fe3o4,pi_carbon,pi_carbon,A,389,,LYS,0.60196,0.60193,82.285,37.966
hsa_paa_fe3o4,pi_carbon,pi_carbon,A,9,,HIS,0.58442,0.58442,79.891,55.352
hsa_paa_fe3o4,pi_carbon,pi_carbon,A,240,,LYS,0.58132,0.581291,79.463,32.835
hsa_paa_fe3o4,pi_carbon,pi_carbon,A,195,,LYS,0.57663,0.576601,78.822,49.492
hsa_paa_fe3o4,pi_carbon,pi_carbon,A,51,,LYS,0.57409,0.574061,78.475,44.792
hsa_paa_fe3o4,pi_carbon,pi_carbon,A,186,,ARG,0.56628,0.56628,77.411,53.695
hsa_paa_fe3o4,pi_carbon,pi_carbon,A,521,,ARG,0.56059,0.56059,76.634,66.895
hsa_paa_fe3o4,pi_carbon,pi_carbon,A,205,,LYS,0.54536,0.545333,74.548,32.776
hsa_paa_fe3o4,pi_carbon,pi_carbon,A,212,,LYS,0.52705,0.527024,72.045,57.152
hsa_paa_fe3o4,pi_carbon,pi_carbon,A,117,,ARG,0.51726,0.51726,70.71,22.556
hsa_paa_fe3o4,pi_carbon,pi_carbon,A,367,,HIS,0.50669,0.50669,69.265,33.029
hsa_paa_fe3o4,pi_carbon,pi_carbon,A,440,,HIS,0.48545,0.48545,66.362,69.022
hsa_paa_fe3o4,pi_carbon,pi_carbon,A,162,,LYS,0.48456,0.484536,66.237,54.779
hsa_paa_fe3o4,pi_carbon,pi_carbon,A,401,,TYR,0.48186,0.48186,65.871,43.098
hsa_paa_fe3o4,pi_carbon,pi_carbon,A,444,,LYS,0.47562,0.475596,65.015,48.519
hsa_paa_fe3o4,pi_carbon,pi_carbon,A,551,,PHE,0.47156,0.47156,64.463,41.216
hsa_paa_fe3o4,pi_carbon,pi_carbon,A,372,,LYS,0.46819,0.468167,63.999,35.516
hsa_paa_fe3o4,pi_carbon,pi_carbon,A,500,,LYS,0.46447,0.464447,63.491,59.93
hsa_paa_fe3o4,pi_carbon,pi_carbon,A,535,,HIS,0.45492,0.45492,62.188,79.159
hsa_paa_fe3o4,pi_carbon,pi_carbon,A,557,,LYS,0.44961,0.449587,61.459,42.365
hsa_paa_fe3o4,pi_carbon,pi_carbon,A,524,,LYS,0.44589,0.445868,60.951,66.895
hsa_paa_fe3o4,pi_carbon,pi_carbon,A,564,,LYS,0.42884,0.428819,58.62,27.953
hsa_paa_fe3o4,pi_carbon,pi_carbon,A,41,,LYS,0.42731,0.427289,58.411,18.632
hsa_paa_fe3o4,pi_carbon,pi_carbon,A,218,,ARG,0.4248,0.4248,58.071,27.691
hsa_paa_fe3o4,pi_carbon,pi_carbon,A,209,,ARG,0.40385,0.40385,55.207,60.68
hsa_paa_fe3o4,pi_carbon,pi_carbon,A,214,,TRP,0.37977,0.37977,51.915,59.11
hsa_paa_fe3o4,pi_carbon,pi_carbon,A,351,,LYS,0.37901,0.378991,51.809,19.894
hsa_paa_fe3o4,pi_carbon,pi_carbon,A,410,,ARG,0.37371,0.37371,51.087,38.741
hsa_paa_fe3o4,pi_carbon,pi_carbon,A,538,,LYS,0.37158,0.371561,50.793,36.573
hsa_paa_fe3o4,pi_carbon,pi_carbon,A,146,,HIS,0.36711,0.36711,50.185,43.44
hsa_paa_fe3o4,pi_carbon,pi_carbon,A,263,,TYR,0.36341,0.36341,49.679,24.92
hsa_paa_fe3o4,pi_carbon,pi_carbon,A,432,,LYS,0.36043,0.360412,49.269,40.206
hsa_paa_fe3o4,pi_carbon,pi_carbon,A,507,,PHE,0.35735,0.35735,48.85,36.502
hsa_paa_fe3o4,pi_carbon,pi_carbon,A,190,,LYS,0.35671,0.356692,48.76,60.165
hsa_paa_fe3o4,pi_carbon,pi_carbon,A,541,,LYS,0.35671,0.356692,48.76,23.251
hsa_paa_fe3o4,pi_carbon,pi_carbon,A,247,,HIS,0.35184,0.35184,48.097,18.134
hsa_paa_fe3o4,pi_carbon,pi_carbon,A,67,,HIS,0.35006,0.35006,47.854,32.2
hsa_paa_fe3o4,pi_carbon,pi_carbon,A,359,,LYS,0.34928,0.349262,47.745,15.23
hsa_paa_fe3o4,pi_carbon,pi_carbon,A,274,,LYS,0.34737,0.347353,47.484,27.136
hsa_paa_fe3o4,pi_carbon,pi_carbon,A,374,,PHE,0.3463,0.3463,47.34,47.505
hsa_paa_fe3o4,pi_carbon,pi_carbon,A,160,,ARG,0.3353,0.3353,45.836,56.707
hsa_paa_fe3o4,pi_carbon,pi_carbon,A,428,,ARG,0.32444,0.32444,44.351,21.149
hsa_paa_fe3o4,pi_carbon,pi_carbon,A,313,,LYS,0.32327,0.323254,44.189,21.072
hsa_paa_fe3o4,pi_carbon,pi_carbon,A,181,,LYS,0.30841,0.308395,42.158,20.103
hsa_paa_fe3o4,pi_carbon,pi_carbon,A,545,,LYS,0.30841,0.308395,42.158,20.103
hsa_paa_fe3o4,pi_carbon,pi_carbon,A,439,,LYS,0.30469,0.304675,41.65,51.505
hsa_paa_fe3o4,pi_carbon,pi_carbon,A,323,,LYS,0.30098,0.300965,41.142,20.902
hsa_paa_fe3o4,pi_carbon,pi_carbon,A,338,,HIS,0.29899,0.29899,40.872,33.76
hsa_paa_fe3o4,pi_carbon,pi_carbon,A,114,,ARG,0.29837,0.29837,40.788,13.011
hsa_paa_fe3o4,pi_carbon,pi_carbon,A,560,,LYS,0.29355,0.293535,40.127,48.441
hsa_paa_fe3o4,pi_carbon,pi_carbon,A,49,,PHE,0.29104,0.29104,39.786,37.724
hsa_paa_fe3o4,pi_carbon,pi_carbon,A,36,,PHE,0.29104,0.29104,39.786,18.972
hsa_paa_fe3o4,pi_carbon,pi_carbon,A,510,,HIS,0.28753,0.28753,39.306,26.354
hsa_paa_fe3o4,pi_carbon,pi_carbon,A,12,,LYS,0.2824,0.282386,38.603,55.352
hsa_paa_fe3o4,pi_carbon,pi_carbon,A,519,,LYS,0.2824,0.282386,38.603,54.95
hsa_paa_fe3o4,pi_carbon,pi_carbon,A,452,,TYR,0.28174,0.28174,38.514,18.366
hsa_paa_fe3o4,pi_carbon,pi_carbon,A,73,,LYS,0.27594,0.275926,37.72,21.028
hsa_paa_fe3o4,pi_carbon,pi_carbon,A,276,,LYS,0.27497,0.274956,37.587,27.136
hsa_paa_fe3o4,pi_carbon,pi_carbon,A,378,,LYS,0.27497,0.274956,37.587,17.923
hsa_paa_fe3o4,pi_carbon,pi_carbon,A,228,,PHE,0.26893,0.26893,36.763,17.53
hsa_paa_fe3o4,pi_carbon,pi_carbon,A,445,,ARG,0.26872,0.26872,36.734,80.164
hsa_paa_fe3o4,pi_carbon,pi_carbon,A,136,,LYS,0.26382,0.263807,36.063,51.037
hsa_paa_fe3o4,pi_carbon,pi_carbon,A,472,,ARG,0.2619,0.2619,35.802,46.433
hsa_paa_fe3o4,pi_carbon,pi_carbon,A,317,,LYS,0.2601,0.260087,35.554,21.857
hsa_paa_fe3o4,pi_carbon,pi_carbon,A,436,,LYS,0.25639,0.256377,35.047,40.206
hsa_paa_fe3o4,pi_carbon,pi_carbon,A,466,,LYS,0.25267,0.252657,34.539,11.017
hsa_paa_fe3o4,pi_carbon,pi_carbon,A,233,,LYS,0.24896,0.248948,34.032,16.228
hsa_paa_fe3o4,pi_carbon,pi_carbon,A,525,,LYS,0.24524,0.245228,33.523,45.05
hsa_paa_fe3o4,pi_carbon,pi_carbon,A,10,,ARG,0.24045,0.24045,32.87,55.352
hsa_paa_fe3o4,pi_carbon,pi_carbon,A,145,,ARG,0.23729,0.23729,32.438,38.886
hsa_paa_fe3o4,pi_carbon,pi_carbon,A,554,,PHE,0.22841,0.22841,31.224,55.108
hsa_paa_fe3o4,pi_carbon,pi_carbon,A,137,,LYS,0.21923,0.219219,29.968,51.037
hsa_paa_fe3o4,pi_carbon,pi_carbon,A,288,,HIS,0.21738,0.21738,29.716,18.839
hsa_paa_fe3o4,pi_carbon,pi_carbon,A,199,,LYS,0.2162,0.216189,29.553,25.998
hsa_paa_fe3o4,pi_carbon,pi_carbon,A,413,,LYS,0.21552,0.215509,29.46,57.913
hsa_paa_fe3o4,pi_carbon,pi_carbon,A,262,,LYS,0.20808,0.20807,28.443,29.616
hsa_paa_fe3o4,pi_carbon,pi_carbon,A,206,,PHE,0.20631,0.20631,28.203,48.997
hsa_paa_fe3o4,pi_carbon,pi_carbon,A,70,,PHE,0.20631,0.20631,28.203,36.293
hsa_paa_fe3o4,pi_carbon,pi_carbon,A,509,,PHE,0.20262,0.20262,27.698,41.936
hsa_paa_fe3o4,pi_carbon,pi_carbon,A,395,,PHE,0.20262,0.20262,27.698,13.208
hsa_paa_fe3o4,pi_carbon,pi_carbon,A,161,,TYR,0.19535,0.19535,26.705,78.286
hsa_paa_fe3o4,pi_carbon,pi_carbon,A,536,,LYS,0.1895,0.189491,25.904,69.156
hsa_paa_fe3o4,pi_carbon,pi_carbon,A,225,,LYS,0.1895,0.189491,25.904,15.511
hsa_paa_fe3o4,pi_carbon,pi_carbon,A,159,,LYS,0.18579,0.185781,25.397,56.707
hsa_paa_fe3o4,pi_carbon,pi_carbon,A,411,,TYR,0.18326,0.18326,25.052,38.741
hsa_paa_fe3o4,pi_carbon,pi_carbon,A,197,,ARG,0.18264,0.18264,24.967,69.335
hsa_paa_fe3o4,pi_carbon,pi_carbon,A,402,,LYS,0.18207,0.182061,24.888,37.786
hsa_paa_fe3o4,pi_carbon,pi_carbon,A,64,,LYS,0.18207,0.182061,24.888,11.868
hsa_paa_fe3o4,pi_carbon,pi_carbon,A,138,,TYR,0.17079,0.17079,23.347,46.864
hsa_paa_fe3o4,pi_carbon,pi_carbon,A,11,,PHE,0.1621,0.1621,22.159,80.384
hsa_paa_fe3o4,pi_carbon,pi_carbon,A,150,,TYR,0.15871,0.15871,21.696,10.346
hsa_paa_fe3o4,pi_carbon,pi_carbon,A,20,,LYS,0.15606,0.156052,21.333,6.805
hsa_paa_fe3o4,pi_carbon,pi_carbon,A,134,,PHE,0.14736,0.14736,20.144,41.092
hsa_paa_fe3o4,pi_carbon,pi_carbon,A,337,,ARG,0.13607,0.13607,18.601,30.768
hsa_paa_fe3o4,pi_carbon,pi_carbon,A,93,,LYS,0.13377,0.133763,18.286,5.833
hsa_paa_fe3o4,pi_carbon,pi_carbon,A,341,,TYR,0.13198,0.13198,18.042,28.093
hsa_paa_fe3o4,pi_carbon,pi_carbon,A,102,,PHE,0.12894,0.12894,17.626,42.424
hsa_paa_fe3o4,pi_carbon,pi_carbon,A,144,,ARG,0.12037,0.12037,16.455,39.917
hsa_paa_fe3o4,pi_carbon,pi_carbon,A,281,,LYS,0.1189,0.118894,16.253,10.207
hsa_paa_fe3o4,pi_carbon,pi_carbon,A,414,,LYS,0.11595,0.115944,15.85,33.552
hsa_paa_fe3o4,pi_carbon,pi_carbon,A,286,,LYS,0.11519,0.115184,15.746,19.686
hsa_paa_fe3o4,pi_carbon,pi_carbon,A,336,,ARG,0.11463,0.11463,15.67,41.864
hsa_paa_fe3o4,pi_carbon,pi_carbon,A,568,,PHE,0.11421,0.11421,15.613,7.445
hsa_paa_fe3o4,pi_carbon,pi_carbon,A,30,,TYR,0.11244,0.11244,15.371,7.33
hsa_paa_fe3o4,pi_carbon,pi_carbon,A,257,,ARG,0.10769,0.10769,14.721,7.02
hsa_paa_fe3o4,pi_carbon,pi_carbon,A,484,,ARG,0.10712,0.10712,14.643,4.671
hsa_paa_fe3o4,pi_carbon,pi_carbon,A,534,,LYS,0.10551,0.105505,14.423,48.884
hsa_paa_fe3o4,pi_carbon,pi_carbon,A,326,,PHE,0.10315,0.10315,14.101,20.902
hsa_paa_fe3o4,pi_carbon,pi_carbon,A,156,,PHE,0.09947,0.09947,13.598,18.594
hsa_paa_fe3o4,pi_carbon,pi_carbon,A,174,,LYS,0.09289,0.092885,12.698,6.055
hsa_paa_fe3o4,pi_carbon,pi_carbon,A,334,,TYR,0.09254,0.09254,12.65,26.505
hsa_paa_fe3o4,pi_carbon,pi_carbon,A,309,,PHE,0.0921,0.0921,12.59,6.004
hsa_paa_fe3o4,pi_carbon,pi_carbon,A,148,,TYR,0.08879,0.08879,12.138,41.624
hsa_paa_fe3o4,pi_carbon,pi_carbon,A,497,,TYR,0.08851,0.08851,12.099,3.86
hsa_paa_fe3o4,pi_carbon,pi_carbon,A,140,,TYR,0.0782,0.0782,10.69,30.521
hsa_paa_fe3o4,pi_carbon,pi_carbon,A,348,,ARG,0.07722,0.07722,10.556,19.894
hsa_paa_fe3o4,pi_carbon,pi_carbon,A,319,,TYR,0.07522,0.07522,10.283,32.243
hsa_paa_fe3o4,pi_carbon,pi_carbon,A,242,,HIS,0.06401,0.06401,8.75,42.065
hsa_paa_fe3o4,pi_carbon,pi_carbon,A,332,,TYR,0.06337,0.06337,8.663,10.163
hsa_paa_fe3o4,pi_carbon,pi_carbon,A,165,,PHE,0.05526,0.05526,7.554,35.187
hsa_paa_fe3o4,pi_carbon,pi_carbon,A,223,,PHE,0.05158,0.05158,7.051,15.714
hsa_paa_fe3o4,hbond_donor,hbond_donor,A,121,,ASP,1.0,1.0,100.0,57.508
hsa_paa_fe3o4,hbond_donor,hbond_donor,A,119,,GLU,1.0,1.0,100.0,44.575
hsa_paa_fe3o4,hbond_donor,hbond_donor,A,562,,ASP,1.0,1.0,100.0,34.682
hsa_paa_fe3o4,hbond_donor,hbond_donor,A,471,,ASP,1.0,1.0,100.0,33.24
hsa_paa_fe3o4,hbond_donor,hbond_donor,A,549,,ASP,0.98786,0.98786,98.786,31.379
hsa_paa_fe3o4,hbond_donor,hbond_donor,A,324,,ASP,0.9867,0.9867,98.67,23.668
hsa_paa_fe3o4,hbond_donor,hbond_donor,A,297,,GLU,0.98204,0.98204,98.204,31.256
hsa_paa_fe3o4,hbond_donor,hbond_donor,A,308,,ASP,0.97928,0.97928,97.928,36.909
hsa_paa_fe3o4,hbond_donor,hbond_donor,A,566,,THR,0.94837,0.94837,94.837,38.104
hsa_paa_fe3o4,hbond_donor,hbond_donor,A,227,,GLU,0.94521,0.94521,94.521,34.061
hsa_paa_fe3o4,hbond_donor,hbond_donor,A,556,,GLU,0.94015,0.94015,94.015,20.954
hsa_paa_fe3o4,hbond_donor,hbond_donor,A,129,,ASP,0.93261,0.93261,93.261,65.103
hsa_paa_fe3o4,hbond_donor,hbond_donor,A,314,,ASP,0.93061,0.93061,93.061,35.509
hsa_paa_fe3o4,hbond_donor,hbond_donor,A,518,,GLU,0.92575,0.92575,92.575,47.833
hsa_paa_fe3o4,hbond_donor,hbond_donor,A,492,,GLU,0.92102,0.92102,92.102,26.483
hsa_paa_fe3o4,hbond_donor,hbond_donor,A,495,,GLU,0.91634,0.91634,91.634,57.909
hsa_paa_fe3o4,hbond_donor,hbond_donor,A,58,,SER,0.91405,0.91405,91.405,58.899
hsa_paa_fe3o4,hbond_donor,hbond_donor,A,501,,GLU,0.91263,0.91263,91.263,26.242
hsa_paa_fe3o4,hbond_donor,hbond_donor,A,390,,GLN,0.89259,0.89259,89.259,66.618
hsa_paa_fe3o4,hbond_donor,hbond_donor,A,104,,GLN,0.89249,0.89249,89.249,25.663
hsa_paa_fe3o4,hbond_donor,hbond_donor,A,496,,THR,0.87786,0.87786,87.786,44.886
hsa_paa_fe3o4,hbond_donor,hbond_donor,A,109,,ASN,0.87563,0.87563,87.563,51.113
hsa_paa_fe3o4,hbond_donor,hbond_donor,A,467,,THR,0.8725,0.8725,87.25,33.226
hsa_paa_fe3o4,hbond_donor,hbond_donor,A,512,,ASP,0.86664,0.86664,86.664,24.919
hsa_paa_fe3o4,hbond_donor,hbond_donor,A,17,,GLU,0.85381,0.85381,85.381,35.434
hsa_paa_fe3o4,hbond_donor,hbond_donor,A,187,,ASP,0.84222,0.84222,84.222,55.191
hsa_paa_fe3o4,hbond_donor,hbond_donor,A,125,,THR,0.8408,0.8408,84.08,50.993
hsa_paa_fe3o4,hbond_donor,hbond_donor,A,132,,GLU,0.83175,0.83175,83.175,56.725
hsa_paa_fe3o4,hbond_donor,hbond_donor,A,173,,ASP,0.82647,0.82647,82.647,23.764
hsa_paa_fe3o4,hbond_donor,hbond_donor,A,311,,GLU,0.81887,0.81887,81.887,32.296
hsa_paa_fe3o4,hbond_donor,hbond_donor,A,48,,GLU,0.81546,0.81546,81.546,62.508
hsa_paa_fe3o4,hbond_donor,hbond_donor,A,355,,THR,0.81503,0.81503,81.503,51.378
hsa_paa_fe3o4,hbond_donor,hbond_donor,A,72,,ASP,0.81281,0.81281,81.281,23.372
hsa_paa_fe3o4,hbond_donor,hbond_donor,A,368,,GLU,0.80693,0.80693,80.693,26.951
hsa_paa_fe3o4,hbond_donor,hbond_donor,A,63,,ASP,0.8004,0.8004,80.04,42.987
hsa_paa_fe3o4,hbond_donor,hbond_donor,A,167,,GLU,0.78538,0.78538,78.538,36.903
hsa_paa_fe3o4,hbond_donor,hbond_donor,A,508,,THR,0.78141,0.78141,78.141,22.469
hsa_paa_fe3o4,hbond_donor,hbond_donor,A,515,,THR,0.77922,0.77922,77.922,22.406
hsa_paa_fe3o4,hbond_donor,hbond_donor,A,382,,GLU,0.7788,0.7788,77.88,53.027
hsa_paa_fe3o4,hbond_donor,hbond_donor,A,37,,GLU,0.77623,0.77623,77.623,31.532
hsa_paa_fe3o4,hbond_donor,hbond_donor,A,386,,ASN,0.7738,0.7738,77.38,78.549
hsa_paa_fe3o4,hbond_donor,hbond_donor,A,294,,GLU,0.773,0.773,77.3,33.955
hsa_paa_fe3o4,hbond_donor,hbond_donor,A,44,,ASN,0.77216,0.77216,77.216,51.171
hsa_paa_fe3o4,hbond_donor,hbond_donor,A,266,,GLU,0.76062,0.76062,76.062,52.313
hsa_paa_fe3o4,hbond_donor,hbond_donor,A,425,,GLU,0.75701,0.75701,75.701,26.635
hsa_paa_fe3o4,hbond_donor,hbond_donor,A,236,,THR,0.75046,0.75046,75.046,41.484
hsa_paa_fe3o4,hbond_donor,hbond_donor,A,184,,GLU,0.74065,0.74065,74.065,53.722
hsa_paa_fe3o4,hbond_donor,hbond_donor,A,478,,THR,0.73148,0.73148,73.148,49.916
hsa_paa_fe3o4,hbond_donor,hbond_donor,A,304,,SER,0.72387,0.72387,72.387,20.814
hsa_paa_fe3o4,hbond_donor,hbond_donor,A,259,,ASP,0.72091,0.72091,72.091,34.304
hsa_paa_fe3o4,hbond_donor,hbond_donor,A,57,,GLU,0.72018,0.72018,72.018,58.899
hsa_paa_fe3o4,hbond_donor,hbond_donor,A,543,,GLN,0.71882,0.71882,71.882,36.559
hsa_paa_fe3o4,hbond_donor,hbond_donor,A,100,,GLU,0.70369,0.70369,70.369,29.818
hsa_paa_fe3o4,hbond_donor,hbond_donor,A,61,,ASN,0.6946,0.6946,69.46,49.307
hsa_paa_fe3o4,hbond_donor,hbond_donor,A,358,,GLU,0.67344,0.67344,67.344,46.325
hsa_paa_fe3o4,hbond_donor,hbond_donor,A,273,,SER,0.65968,0.65968,65.968,18.968
hsa_paa_fe3o4,hbond_donor,hbond_donor,A,270,,SER,0.64616,0.64616,64.616,55.584
hsa_paa_fe3o4,hbond_donor,hbond_donor,A,318,,ASN,0.64478,0.64478,64.478,35.278
hsa_paa_fe3o4,hbond_donor,hbond_donor,A,517,,SER,0.64086,0.64086,64.086,50.335
hsa_paa_fe3o4,hbond_donor,hbond_donor,A,38,,ASP,0.63857,0.63857,63.857,31.532
hsa_paa_fe3o4,hbond_donor,hbond_donor,A,376,,GLU,0.63667,0.63667,63.667,27.871
hsa_paa_fe3o4,hbond_donor,hbond_donor,A,479,,GLU,0.63408,0.63408,63.408,50.269
hsa_paa_fe3o4,hbond_donor,hbond_donor,A,65,,SER,0.62628,0.62628,62.628,29.178
hsa_paa_fe3o4,hbond_donor,hbond_donor,A,503,,ASN,0.61995,0.61995,61.995,36.936
hsa_paa_fe3o4,hbond_donor,hbond_donor,A,465,,GLU,0.61829,0.61829,61.829,42.866
hsa_paa_fe3o4,hbond_donor,hbond_donor,A,107,,ASP,0.61508,0.61508,61.508,51.113
hsa_paa_fe3o4,hbond_donor,hbond_donor,A,419,,SER,0.6117,0.6117,61.17,24.896
hsa_paa_fe3o4,hbond_donor,hbond_donor,A,243,,THR,0.60627,0.60627,60.627,24.632
hsa_paa_fe3o4,hbond_donor,hbond_donor,A,237,,ASP,0.59725,0.59725,59.725,41.484
hsa_paa_fe3o4,hbond_donor,hbond_donor,A,442,,GLU,0.59211,0.59211,59.211,17.026
hsa_paa_fe3o4,hbond_donor,hbond_donor,A,269,,ASP,0.59163,0.59163,59.163,55.584
hsa_paa_fe3o4,hbond_donor,hbond_donor,A,130,,ASN,0.5907,0.5907,59.07,96.25
hsa_paa_fe3o4,hbond_donor,hbond_donor,A,285,,GLU,0.5879,0.5879,58.79,14.994
hsa_paa_fe3o4,hbond_donor,hbond_donor,A,301,,ASP,0.57979,0.57979,57.979,12.922
hsa_paa_fe3o4,hbond_donor,hbond_donor,A,133,,THR,0.56577,0.56577,56.577,60.532
hsa_paa_fe3o4,hbond_donor,hbond_donor,A,131,,GLU,0.55694,0.55694,55.694,73.184
hsa_paa_fe3o4,hbond_donor,hbond_donor,A,166,,THR,0.55683,0.55683,55.683,38.594
hsa_paa_fe3o4,hbond_donor,hbond_donor,A,563,,ASP,0.55613,0.55613,55.613,44.745
hsa_paa_fe3o4,hbond_donor,hbond_donor,A,292,,GLU,0.55144,0.55144,55.144,15.856
hsa_paa_fe3o4,hbond_donor,hbond_donor,A,385,,GLN,0.55092,0.55092,55.092,75.277
hsa_paa_fe3o4,hbond_donor,hbond_donor,A,435,,SER,0.54978,0.54978,54.978,15.808
hsa_paa_fe3o4,hbond_donor,hbond_donor,A,483,,ASN,0.54789,0.54789,54.789,26.757
hsa_paa_fe3o4,hbond_donor,hbond_donor,A,111,,ASN,0.54556,0.54556,54.556,15.687
hsa_paa_fe3o4,hbond_donor,hbond_donor,A,89,,ASP,0.5443,0.5443,54.43,12.131
hsa_paa_fe3o4,hbond_donor,hbond_donor,A,540,,THR,0.53576,0.53576,53.576,36.559
hsa_paa_fe3o4,hbond_donor,hbond_donor,A,45,,GLU,0.53218,0.53218,53.218,51.171
hsa_paa_fe3o4,hbond_donor,hbond_donor,A,383,,GLU,0.51444,0.51444,51.444,58.348
hsa_paa_fe3o4,hbond_donor,hbond_donor,A,52,,THR,0.50865,0.50865,50.865,14.626
hsa_paa_fe3o4,hbond_donor,hbond_donor,A,76,,THR,0.50798,0.50798,50.798,14.606
hsa_paa_fe3o4,hbond_donor,hbond_donor,A,321,,GLU,0.50688,0.50688,50.688,27.344
hsa_paa_fe3o4,hbond_donor,hbond_donor,A,277,,GLU,0.49791,0.49791,49.791,18.795
hsa_paa_fe3o4,hbond_donor,hbond_donor,A,474,,THR,0.49142,0.49142,49.142,63.917
hsa_paa_fe3o4,hbond_donor,hbond_donor,A,400,,GLU,0.49124,0.49124,49.124,27.981
hsa_paa_fe3o4,hbond_donor,hbond_donor,A,183,,ASP,0.49102,0.49102,49.102,35.416
hsa_paa_fe3o4,hbond_donor,hbond_donor,A,340,,ASP,0.4851,0.4851,48.51,17.744
hsa_paa_fe3o4,hbond_donor,hbond_donor,A,354,,GLU,0.48264,0.48264,48.264,46.921
hsa_paa_fe3o4,hbond_donor,hbond_donor,A,401,,TYR,0.48186,0.48186,48.186,30.209
hsa_paa_fe3o4,hbond_donor,hbond_donor,A,527,,THR,0.47686,0.47686,47.686,13.712
hsa_paa_fe3o4,hbond_donor,hbond_donor,A,391,,ASN,0.44427,0.44427,44.427,47.856
hsa_paa_fe3o4,hbond_donor,hbond_donor,A,13,,ASP,0.44427,0.44427,44.427,12.775
hsa_paa_fe3o4,hbond_donor,hbond_donor,A,232,,SER,0.42804,0.42804,42.804,19.19
hsa_paa_fe3o4,hbond_donor,hbond_donor,A,550,,ASP,0.42005,0.42005,42.005,31.379
hsa_paa_fe3o4,hbond_donor,hbond_donor,A,33,,GLN,0.41663,0.41663,41.663,14.462
hsa_paa_fe3o4,hbond_donor,hbond_donor,A,56,,ASP,0.41414,0.41414,41.414,56.99
hsa_paa_fe3o4,hbond_donor,hbond_donor,A,295,,ASN,0.40787,0.40787,40.787,36.973
hsa_paa_fe3o4,hbond_donor,hbond_donor,A,365,,ASP,0.40231,0.40231,40.231,26.951
hsa_paa_fe3o4,hbond_donor,hbond_donor,A,375,,ASP,0.40231,0.40231,40.231,23.156
hsa_paa_fe3o4,hbond_donor,hbond_donor,A,522,,GLN,0.39568,0.39568,39.568,16.666
hsa_paa_fe3o4,hbond_donor,hbond_donor,A,18,,ASN,0.39066,0.39066,39.066,35.434
hsa_paa_fe3o4,hbond_donor,hbond_donor,A,68,,THR,0.38845,0.38845,38.845,29.178
hsa_paa_fe3o4,hbond_donor,hbond_donor,A,542,,GLU,0.38577,0.38577,38.577,36.559
hsa_paa_fe3o4,hbond_donor,hbond_donor,A,480,,SER,0.38267,0.38267,38.267,51.175
hsa_paa_fe3o4,hbond_donor,hbond_donor,A,94,,GLN,0.37797,0.37797,37.797,23.993
hsa_paa_fe3o4,hbond_donor,hbond_donor,A,565,,GLU,0.3768,0.3768,37.68,38.104
hsa_paa_fe3o4,hbond_donor,hbond_donor,A,267,,ASN,0.37131,0.37131,37.131,68.136
hsa_paa_fe3o4,hbond_donor,hbond_donor,A,263,,TYR,0.36341,0.36341,36.341,53.05
hsa_paa_fe3o4,hbond_donor,hbond_donor,A,204,,GLN,0.36174,0.36174,36.174,15.601
hsa_paa_fe3o4,hbond_donor,hbond_donor,A,459,,GLN,0.35204,0.35204,35.204,7.846
hsa_paa_fe3o4,hbond_donor,hbond_donor,A,16,,GLU,0.3454,0.3454,34.54,39.36
hsa_paa_fe3o4,hbond_donor,hbond_donor,A,280,,GLU,0.3454,0.3454,34.54,18.795
hsa_paa_fe3o4,hbond_donor,hbond_donor,A,570,,GLU,0.3454,0.3454,34.54,9.932
hsa_paa_fe3o4,hbond_donor,hbond_donor,A,505,,GLU,0.34091,0.34091,34.091,36.936
hsa_paa_fe3o4,hbond_donor,hbond_donor,A,188,,GLU,0.33653,0.33653,33.653,33.894
hsa_paa_fe3o4,hbond_donor,hbond_donor,A,393,,GLU,0.32745,0.32745,32.745,50.692
hsa_paa_fe3o4,hbond_donor,hbond_donor,A,268,,GLN,0.324,0.324,32.4,77.455
hsa_paa_fe3o4,hbond_donor,hbond_donor,A,506,,THR,0.3237,0.3237,32.37,36.936
hsa_paa_fe3o4,hbond_donor,hbond_donor,A,170,,GLN,0.31355,0.31355,31.355,31.599
hsa_paa_fe3o4,hbond_donor,hbond_donor,A,333,,GLU,0.31201,0.31201,31.201,10.429
hsa_paa_fe3o4,hbond_donor,hbond_donor,A,141,,GLU,0.30962,0.30962,30.962,14.374
hsa_paa_fe3o4,hbond_donor,hbond_donor,A,396,,GLU,0.30951,0.30951,30.951,26.96
hsa_paa_fe3o4,hbond_donor,hbond_donor,A,489,,SER,0.3078,0.3078,30.78,8.85
hsa_paa_fe3o4,hbond_donor,hbond_donor,A,312,,SER,0.30432,0.30432,30.432,67.6
hsa_paa_fe3o4,hbond_donor,hbond_donor,A,397,,GLN,0.30066,0.30066,30.066,17.545
hsa_paa_fe3o4,hbond_donor,hbond_donor,A,208,,GLU,0.29605,0.29605,29.605,8.513
hsa_paa_fe3o4,hbond_donor,hbond_donor,A,108,,ASP,0.28688,0.28688,28.688,41.597
hsa_paa_fe3o4,hbond_donor,hbond_donor,A,451,,ASP,0.28447,0.28447,28.447,17.763
hsa_paa_fe3o4,hbond_donor,hbond_donor,A,256,,ASP,0.28354,0.28354,28.354,38.647
hsa_paa_fe3o4,hbond_donor,hbond_donor,A,249,,ASP,0.28354,0.28354,28.354,17.459
hsa_paa_fe3o4,hbond_donor,hbond_donor,A,452,,TYR,0.28174,0.28174,28.174,17.763
hsa_paa_fe3o4,hbond_donor,hbond_donor,A,405,,ASN,0.27803,0.27803,27.803,10.223
hsa_paa_fe3o4,hbond_donor,hbond_donor,A,531,,GLU,0.27518,0.27518,27.518,7.913
hsa_paa_fe3o4,hbond_donor,hbond_donor,A,429,,ASN,0.27065,0.27065,27.065,7.782
hsa_paa_fe3o4,hbond_donor,hbond_donor,A,97,,GLU,0.26017,0.26017,26.017,35.911
hsa_paa_fe3o4,hbond_donor,hbond_donor,A,417,,GLN,0.24571,0.24571,24.571,7.065
hsa_paa_fe3o4,hbond_donor,hbond_donor,A,230,,GLU,0.23936,0.23936,23.936,46.369
hsa_paa_fe3o4,hbond_donor,hbond_donor,A,454,,SER,0.23078,0.23078,23.078,17.763
hsa_paa_fe3o4,hbond_donor,hbond_donor,A,60,,GLU,0.2198,0.2198,21.98,26.293
hsa_paa_fe3o4,hbond_donor,hbond_donor,A,352,,THR,0.21153,0.21153,21.153,43.396
hsa_paa_fe3o4,hbond_donor,hbond_donor,A,95,,GLU,0.19629,0.19629,19.629,26.096
hsa_paa_fe3o4,hbond_donor,hbond_donor,A,161,,TYR,0.19535,0.19535,19.535,5.617
hsa_paa_fe3o4,hbond_donor,hbond_donor,A,192,,SER,0.19203,0.19203,19.203,11.04
hsa_paa_fe3o4,hbond_donor,hbond_donor,A,193,,SER,0.19192,0.19192,19.192,11.04
hsa_paa_fe3o4,hbond_donor,hbond_donor,A,520,,GLU,0.18391,0.18391,18.391,47.833
hsa_paa_fe3o4,hbond_donor,hbond_donor,A,411,,TYR,0.18326,0.18326,18.326,5.269
hsa_paa_fe3o4,hbond_donor,hbond_donor,A,202,,SER,0.18082,0.18082,18.082,15.601
hsa_paa_fe3o4,hbond_donor,hbond_donor,A,47,,THR,0.17616,0.17616,17.616,58.869
hsa_paa_fe3o4,hbond_donor,hbond_donor,A,255,,ASP,0.17131,0.17131,17.131,17.918
hsa_paa_fe3o4,hbond_donor,hbond_donor,A,138,,TYR,0.17079,0.17079,17.079,16.062
hsa_paa_fe3o4,hbond_donor,hbond_donor,A,422,,THR,0.16929,0.16929,16.929,36.292
hsa_paa_fe3o4,hbond_donor,hbond_donor,A,252,,GLU,0.1683,0.1683,16.83,23.67
hsa_paa_fe3o4,hbond_donor,hbond_donor,A,6,,GLU,0.16597,0.16597,16.597,4.772
hsa_paa_fe3o4,hbond_donor,hbond_donor,A,150,,TYR,0.15871,0.15871,15.871,7.714
hsa_paa_fe3o4,hbond_donor,hbond_donor,A,244,,GLU,0.15535,0.15535,15.535,29.163
hsa_paa_fe3o4,hbond_donor,hbond_donor,A,341,,TYR,0.13198,0.13198,13.198,13.753
hsa_paa_fe3o4,hbond_donor,hbond_donor,A,494,,ASP,0.13123,0.13123,13.123,57.909
hsa_paa_fe3o4,hbond_donor,hbond_donor,A,356,,THR,0.12262,0.12262,12.262,51.378
hsa_paa_fe3o4,hbond_donor,hbond_donor,A,30,,TYR,0.11244,0.11244,11.244,5.715
hsa_paa_fe3o4,hbond_donor,hbond_donor,A,153,,GLU,0.10955,0.10955,10.955,7.714
hsa_paa_fe3o4,hbond_donor,hbond_donor,A,296,,ASP,0.10498,0.10498,10.498,42.984
hsa_paa_fe3o4,hbond_donor,hbond_donor,A,239,,THR,0.09502,0.09502,9.502,55.728
hsa_paa_fe3o4,hbond_donor,hbond_donor,A,334,,TYR,0.09254,0.09254,9.254,10.429
hsa_paa_fe3o4,hbond_donor,hbond_donor,A,420,,THR,0.09034,0.09034,9.034,25.054
hsa_paa_fe3o4,hbond_donor,hbond_donor,A,148,,TYR,0.08879,0.08879,8.879,2.553
hsa_paa_fe3o4,hbond_donor,hbond_donor,A,497,,TYR,0.08851,0.08851,8.851,50.362
hsa_paa_fe3o4,hbond_donor,hbond_donor,A,32,,GLN,0.08632,0.08632,8.632,17.695
hsa_paa_fe3o4,hbond_donor,hbond_donor,A,287,,SER,0.08486,0.08486,8.486,19.345
hsa_paa_fe3o4,hbond_donor,hbond_donor,A,140,,TYR,0.0782,0.0782,7.82,14.374
hsa_paa_fe3o4,hbond_donor,hbond_donor,A,404,,GLN,0.07749,0.07749,7.749,24.078
hsa_paa_fe3o4,hbond_donor,hbond_donor,A,319,,TYR,0.07522,0.07522,7.522,35.278
hsa_paa_fe3o4,hbond_donor,hbond_donor,A,99,,ASN,0.07314,0.07314,7.314,35.462
hsa_paa_fe3o4,hbond_donor,hbond_donor,A,332,,TYR,0.06337,0.06337,6.337,10.429
hsa_paa_fe3o4,hbond_acceptor,hbond_acceptor,A,566,,THR,0.94837,0.94837,100.0,46.763
hsa_paa_fe3o4,hbond_acceptor,hbond_acceptor,A,58,,SER,0.91405,0.91405,96.381,31.037
hsa_paa_fe3o4,hbond_acceptor,hbond_acceptor,A,496,,THR,0.87786,0.87786,92.565,29.808
hsa_paa_fe3o4,hbond_acceptor,hbond_acceptor,A,467,,THR,0.8725,0.8725,92.0,38.205
hsa_paa_fe3o4,hbond_acceptor,hbond_acceptor,A,125,,THR,0.8408,0.8408,88.657,28.55
hsa_paa_fe3o4,hbond_acceptor,hbond_acceptor,A,355,,THR,0.81503,0.81503,85.94,50.126
hsa_paa_fe3o4,hbond_acceptor,hbond_acceptor,A,508,,THR,0.78141,0.78141,82.395,34.085
hsa_paa_fe3o4,hbond_acceptor,hbond_acceptor,A,515,,THR,0.77922,0.77922,82.164,33.989
hsa_paa_fe3o4,hbond_acceptor,hbond_acceptor,A,236,,THR,0.75046,0.75046,79.132,47.738
hsa_paa_fe3o4,hbond_acceptor,hbond_acceptor,A,478,,THR,0.73148,0.73148,77.13,100.0
hsa_paa_fe3o4,hbond_acceptor,hbond_acceptor,A,304,,SER,0.72387,0.72387,76.328,24.579
hsa_paa_fe3o4,hbond_acceptor,hbond_acceptor,A,475,,LYS,0.68703,0.686996,72.44,86.739
hsa_paa_fe3o4,hbond_acceptor,hbond_acceptor,A,273,,SER,0.65968,0.65968,69.559,43.926
hsa_paa_fe3o4,hbond_acceptor,hbond_acceptor,A,270,,SER,0.64616,0.64616,68.134,28.185
hsa_paa_fe3o4,hbond_acceptor,hbond_acceptor,A,517,,SER,0.64086,0.64086,67.575,40.271
hsa_paa_fe3o4,hbond_acceptor,hbond_acceptor,A,65,,SER,0.62628,0.62628,66.038,40.638
hsa_paa_fe3o4,hbond_acceptor,hbond_acceptor,A,419,,SER,0.6117,0.6117,64.5,29.587
hsa_paa_fe3o4,hbond_acceptor,hbond_acceptor,A,243,,THR,0.60627,0.60627,63.928,43.551
hsa_paa_fe3o4,hbond_acceptor,hbond_acceptor,A,389,,LYS,0.60196,0.60193,63.47,26.256
hsa_paa_fe3o4,hbond_acceptor,hbond_acceptor,A,240,,LYS,0.58132,0.581291,61.294,55.945
hsa_paa_fe3o4,hbond_acceptor,hbond_acceptor,A,195,,LYS,0.57663,0.576601,60.799,49.865
hsa_paa_fe3o4,hbond_acceptor,hbond_acceptor,A,51,,LYS,0.57409,0.574061,60.531,42.746
hsa_paa_fe3o4,hbond_acceptor,hbond_acceptor,A,186,,ARG,0.56628,0.56628,59.711,40.259
hsa_paa_fe3o4,hbond_acceptor,hbond_acceptor,A,133,,THR,0.56577,0.56577,59.657,35.613
hsa_paa_fe3o4,hbond_acceptor,hbond_acceptor,A,521,,ARG,0.56059,0.56059,59.111,56.218
hsa_paa_fe3o4,hbond_acceptor,hbond_acceptor,A,166,,THR,0.55683,0.55683,58.714,35.36
hsa_paa_fe3o4,hbond_acceptor,hbond_acceptor,A,435,,SER,0.54978,0.54978,57.971,49.957
hsa_paa_fe3o4,hbond_acceptor,hbond_acceptor,A,205,,LYS,0.54536,0.545333,57.502,31.674
hsa_paa_fe3o4,hbond_acceptor,hbond_acceptor,A,540,,THR,0.53576,0.53576,56.493,38.928
hsa_paa_fe3o4,hbond_acceptor,hbond_acceptor,A,212,,LYS,0.52705,0.527024,55.572,57.169
hsa_paa_fe3o4,hbond_acceptor,hbond_acceptor,A,117,,ARG,0.51726,0.51726,54.542,17.564
hsa_paa_fe3o4,hbond_acceptor,hbond_acceptor,A,52,,THR,0.50865,0.50865,53.634,36.764
hsa_paa_fe3o4,hbond_acceptor,hbond_acceptor,A,76,,THR,0.50798,0.50798,53.563,26.618
hsa_paa_fe3o4,hbond_acceptor,hbond_acceptor,A,474,,THR,0.49142,0.49142,51.817,73.745
hsa_paa_fe3o4,hbond_acceptor,hbond_acceptor,A,162,,LYS,0.48456,0.484536,51.091,53.054
hsa_paa_fe3o4,hbond_acceptor,hbond_acceptor,A,527,,THR,0.47686,0.47686,50.282,42.726
hsa_paa_fe3o4,hbond_acceptor,hbond_acceptor,A,444,,LYS,0.47562,0.475596,50.149,25.274
hsa_paa_fe3o4,hbond_acceptor,hbond_acceptor,A,372,,LYS,0.46819,0.468167,49.365,15.897
hsa_paa_fe3o4,hbond_acceptor,hbond_acceptor,A,500,,LYS,0.46447,0.464447,48.973,20.259
hsa_paa_fe3o4,hbond_acceptor,hbond_acceptor,A,557,,LYS,0.44961,0.449587,47.406,25.233
hsa_paa_fe3o4,hbond_acceptor,hbond_acceptor,A,524,,LYS,0.44589,0.445868,47.014,68.282
hsa_paa_fe3o4,hbond_acceptor,hbond_acceptor,A,564,,LYS,0.42884,0.428819,45.216,56.731
hsa_paa_fe3o4,hbond_acceptor,hbond_acceptor,A,232,,SER,0.42804,0.42804,45.134,29.53
hsa_paa_fe3o4,hbond_acceptor,hbond_acceptor,A,41,,LYS,0.42731,0.427289,45.055,14.509
hsa_paa_fe3o4,hbond_acceptor,hbond_acceptor,A,218,,ARG,0.4248,0.4248,44.793,18.529
hsa_paa_fe3o4,hbond_acceptor,hbond_acceptor,A,209,,ARG,0.40385,0.40385,42.584,40.604
hsa_paa_fe3o4,hbond_acceptor,hbond_acceptor,A,68,,THR,0.38845,0.38845,40.96,44.262
hsa_paa_fe3o4,hbond_acceptor,hbond_acceptor,A,480,,SER,0.38267,0.38267,40.35,48.598
hsa_paa_fe3o4,hbond_acceptor,hbond_acceptor,A,214,,TRP,0.37977,0.37977,40.044,39.554
hsa_paa_fe3o4,hbond_acceptor,hbond_acceptor,A,351,,LYS,0.37901,0.378991,39.962,29.126
hsa_paa_fe3o4,hbond_acceptor,hbond_acceptor,A,410,,ARG,0.37371,0.37371,39.405,23.944
hsa_paa_fe3o4,hbond_acceptor,hbond_acceptor,A,538,,LYS,0.37158,0.371561,39.179,24.473
hsa_paa_fe3o4,hbond_acceptor,hbond_acceptor,A,432,,LYS,0.36043,0.360412,38.003,50.628
hsa_paa_fe3o4,hbond_acceptor,hbond_acceptor,A,190,,LYS,0.35671,0.356692,37.611,57.007
hsa_paa_fe3o4,hbond_acceptor,hbond_acceptor,A,541,,LYS,0.35671,0.356692,37.611,38.928
hsa_paa_fe3o4,hbond_acceptor,hbond_acceptor,A,359,,LYS,0.34928,0.349262,36.828,20.583
hsa_paa_fe3o4,hbond_acceptor,hbond_acceptor,A,274,,LYS,0.34737,0.347353,36.626,43.531
hsa_paa_fe3o4,hbond_acceptor,hbond_acceptor,A,160,,ARG,0.3353,0.3353,35.355,34.146
hsa_paa_fe3o4,hbond_acceptor,hbond_acceptor,A,428,,ARG,0.32444,0.32444,34.21,14.152
hsa_paa_fe3o4,hbond_acceptor,hbond_acceptor,A,506,,THR,0.3237,0.3237,34.132,14.12
hsa_paa_fe3o4,hbond_acceptor,hbond_acceptor,A,313,,LYS,0.32327,0.323254,34.085,27.374
hsa_paa_fe3o4,hbond_acceptor,hbond_acceptor,A,181,,LYS,0.30841,0.308395,32.518,13.452
hsa_paa_fe3o4,hbond_acceptor,hbond_acceptor,A,545,,LYS,0.30841,0.308395,32.518,13.452
hsa_paa_fe3o4,hbond_acceptor,hbond_acceptor,A,489,,SER,0.3078,0.3078,32.456,13.426
hsa_paa_fe3o4,hbond_acceptor,hbond_acceptor,A,439,,LYS,0.30469,0.304675,32.126,13.29
hsa_paa_fe3o4,hbond_acceptor,hbond_acceptor,A,312,,SER,0.30432,0.30432,32.089,21.31
hsa_paa_fe3o4,hbond_acceptor,hbond_acceptor,A,323,,LYS,0.30098,0.300965,31.735,10.219
hsa_paa_fe3o4,hbond_acceptor,hbond_acceptor,A,114,,ARG,0.29837,0.29837,31.461,10.131
hsa_paa_fe3o4,hbond_acceptor,hbond_acceptor,A,560,,LYS,0.29355,0.293535,30.952,32.414
hsa_paa_fe3o4,hbond_acceptor,hbond_acceptor,A,519,,LYS,0.2824,0.282386,29.776,64.724
hsa_paa_fe3o4,hbond_acceptor,hbond_acceptor,A,12,,LYS,0.2824,0.282386,29.776,17.753
hsa_paa_fe3o4,hbond_acceptor,hbond_acceptor,A,73,,LYS,0.27594,0.275926,29.095,34.193
hsa_paa_fe3o4,hbond_acceptor,hbond_acceptor,A,276,,LYS,0.27497,0.274956,28.993,27.145
hsa_paa_fe3o4,hbond_acceptor,hbond_acceptor,A,378,,LYS,0.27497,0.274956,28.993,9.336
hsa_paa_fe3o4,hbond_acceptor,hbond_acceptor,A,445,,ARG,0.26872,0.26872,28.335,32.467
hsa_paa_fe3o4,hbond_acceptor,hbond_acceptor,A,136,,LYS,0.26382,0.263807,27.817,35.613
hsa_paa_fe3o4,hbond_acceptor,hbond_acceptor,A,472,,ARG,0.2619,0.2619,27.616,52.844
hsa_paa_fe3o4,hbond_acceptor,hbond_acceptor,A,317,,LYS,0.2601,0.260087,27.425,11.345
hsa_paa_fe3o4,hbond_acceptor,hbond_acceptor,A,436,,LYS,0.25639,0.256377,27.033,49.957
hsa_paa_fe3o4,hbond_acceptor,hbond_acceptor,A,466,,LYS,0.25267,0.252657,26.641,38.205
hsa_paa_fe3o4,hbond_acceptor,hbond_acceptor,A,233,,LYS,0.24896,0.248948,26.25,48.47
hsa_paa_fe3o4,hbond_acceptor,hbond_acceptor,A,525,,LYS,0.24524,0.245228,25.858,50.945
hsa_paa_fe3o4,hbond_acceptor,hbond_acceptor,A,10,,ARG,0.24045,0.24045,25.354,17.753
hsa_paa_fe3o4,hbond_acceptor,hbond_acceptor,A,145,,ARG,0.23729,0.23729,25.021,12.145
hsa_paa_fe3o4,hbond_acceptor,hbond_acceptor,A,454,,SER,0.23078,0.23078,24.334,10.066
hsa_paa_fe3o4,hbond_acceptor,hbond_acceptor,A,137,,LYS,0.21923,0.219219,23.115,21.069
hsa_paa_fe3o4,hbond_acceptor,hbond_acceptor,A,199,,LYS,0.2162,0.216189,22.796,25.284
hsa_paa_fe3o4,hbond_acceptor,hbond_acceptor,A,413,,LYS,0.21552,0.215509,22.724,30.759
hsa_paa_fe3o4,hbond_acceptor,hbond_acceptor,A,352,,THR,0.21153,0.21153,22.305,54.512
hsa_paa_fe3o4,hbond_acceptor,hbond_acceptor,A,262,,LYS,0.20808,0.20807,21.94,9.076
hsa_paa_fe3o4,hbond_acceptor,hbond_acceptor,A,192,,SER,0.19203,0.19203,20.248,50.93
hsa_paa_fe3o4,hbond_acceptor,hbond_acceptor,A,193,,SER,0.19192,0.19192,20.237,50.93
hsa_paa_fe3o4,hbond_acceptor,hbond_acceptor,A,536,,LYS,0.1895,0.189491,19.981,29.075
hsa_paa_fe3o4,hbond_acceptor,hbond_acceptor,A,225,,LYS,0.1895,0.189491,19.981,8.265
hsa_paa_fe3o4,hbond_acceptor,hbond_acceptor,A,159,,LYS,0.18579,0.185781,19.589,34.146
hsa_paa_fe3o4,hbond_acceptor,hbond_acceptor,A,197,,ARG,0.18264,0.18264,19.258,42.548
hsa_paa_fe3o4,hbond_acceptor,hbond_acceptor,A,64,,LYS,0.18207,0.182061,19.197,35.259
hsa_paa_fe3o4,hbond_acceptor,hbond_acceptor,A,402,,LYS,0.18207,0.182061,19.197,6.182
hsa_paa_fe3o4,hbond_acceptor,hbond_acceptor,A,202,,SER,0.18082,0.18082,19.066,38.199
hsa_paa_fe3o4,hbond_acceptor,hbond_acceptor,A,47,,THR,0.17616,0.17616,18.575,7.684
hsa_paa_fe3o4,hbond_acceptor,hbond_acceptor,A,422,,THR,0.16929,0.16929,17.851,29.587
hsa_paa_fe3o4,hbond_acceptor,hbond_acceptor,A,20,,LYS,0.15606,0.156052,16.455,6.807
hsa_paa_fe3o4,hbond_acceptor,hbond_acceptor,A,337,,ARG,0.13607,0.13607,14.348,8.513
hsa_paa_fe3o4,hbond_acceptor,hbond_acceptor,A,93,,LYS,0.13377,0.133763,14.105,4.542
hsa_paa_fe3o4,hbond_acceptor,hbond_acceptor,A,356,,THR,0.12262,0.12262,12.93,56.134
hsa_paa_fe3o4,hbond_acceptor,hbond_acceptor,A,144,,ARG,0.12037,0.12037,12.692,12.145
hsa_paa_fe3o4,hbond_acceptor,hbond_acceptor,A,281,,LYS,0.1189,0.118894,12.537,7.948
hsa_paa_fe3o4,hbond_acceptor,hbond_acceptor,A,414,,LYS,0.11595,0.115944,12.226,14.458
hsa_paa_fe3o4,hbond_acceptor,hbond_acceptor,A,286,,LYS,0.11519,0.115184,12.145,10.83
hsa_paa_fe3o4,hbond_acceptor,hbond_acceptor,A,336,,ARG,0.11463,0.11463,12.087,10.935
hsa_paa_fe3o4,hbond_acceptor,hbond_acceptor,A,257,,ARG,0.10769,0.10769,11.355,4.697
hsa_paa_fe3o4,hbond_acceptor,hbond_acceptor,A,484,,ARG,0.10712,0.10712,11.295,4.672
hsa_paa_fe3o4,hbond_acceptor,hbond_acceptor,A,534,,LYS,0.10551,0.105505,11.125,12.867
hsa_paa_fe3o4,hbond_acceptor,hbond_acceptor,A,239,,THR,0.09502,0.09502,10.019,86.929
hsa_paa_fe3o4,hbond_acceptor,hbond_acceptor,A,174,,LYS,0.09289,0.092885,9.794,3.154
hsa_paa_fe3o4,hbond_acceptor,hbond_acceptor,A,420,,THR,0.09034,0.09034,9.526,38.007
hsa_paa_fe3o4,hbond_acceptor,hbond_acceptor,A,287,,SER,0.08486,0.08486,8.948,8.726
hsa_paa_fe3o4,hbond_acceptor,hbond_acceptor,A,348,,ARG,0.07722,0.07722,8.142,19.9
hsa_paa_fe3o4,oxide,oxide,A,121,,ASP,1.0,0.995013,100.0,53.457
hsa_paa_fe3o4,oxide,oxide,A,562,,ASP,1.0,0.995013,100.0,41.654
hsa_paa_fe3o4,oxide,oxide,A,471,,ASP,1.0,0.995013,100.0,26.767
hsa_paa_fe3o4,oxide,oxide,A,119,,GLU,1.0,0.992119,99.709,53.457
hsa_paa_fe3o4,oxide,oxide,A,549,,ASP,0.98786,0.982934,98.786,37.686
hsa_paa_fe3o4,oxide,oxide,A,324,,ASP,0.9867,0.981779,98.67,26.411
hsa_paa_fe3o4,oxide,oxide,A,308,,ASP,0.97928,0.974396,97.928,35.919
hsa_paa_fe3o4,oxide,oxide,A,297,,GLU,0.98204,0.974301,97.918,29.02
hsa_paa_fe3o4,oxide,oxide,A,227,,GLU,0.94521,0.937761,94.246,31.616
hsa_paa_fe3o4,oxide,oxide,A,556,,GLU,0.94015,0.932741,93.742,25.092
hsa_paa_fe3o4,oxide,oxide,A,129,,ASP,0.93261,0.927959,93.261,34.207
hsa_paa_fe3o4,oxide,oxide,A,314,,ASP,0.93061,0.925969,93.061,34.134
hsa_paa_fe3o4,oxide,oxide,A,518,,GLU,0.92575,0.918454,92.306,29.616
hsa_paa_fe3o4,oxide,oxide,A,492,,GLU,0.92102,0.913762,91.834,33.684
hsa_paa_fe3o4,oxide,oxide,A,495,,GLU,0.91634,0.909119,91.368,38.326
hsa_paa_fe3o4,oxide,oxide,A,501,,GLU,0.91263,0.905438,90.998,24.358
hsa_paa_fe3o4,oxide,oxide,A,512,,ASP,0.86664,0.862318,86.664,23.198
hsa_paa_fe3o4,oxide,oxide,A,17,,GLU,0.85381,0.847081,85.133,32.006
hsa_paa_fe3o4,oxide,oxide,A,187,,ASP,0.84222,0.83802,84.222,64.437
hsa_paa_fe3o4,oxide,oxide,A,132,,GLU,0.83175,0.825195,82.933,37.063
hsa_paa_fe3o4,oxide,oxide,A,173,,ASP,0.82647,0.822348,82.647,22.122
hsa_paa_fe3o4,oxide,oxide,A,311,,GLU,0.81887,0.812417,81.649,29.948
hsa_paa_fe3o4,oxide,oxide,A,48,,GLU,0.81546,0.809034,81.309,35.968
hsa_paa_fe3o4,oxide,oxide,A,72,,ASP,0.81281,0.808757,81.281,21.757
hsa_paa_fe3o4,oxide,oxide,A,368,,GLU,0.80693,0.800571,80.458,32.305
hsa_paa_fe3o4,oxide,oxide,A,63,,ASP,0.8004,0.796409,80.04,29.358
hsa_paa_fe3o4,oxide,oxide,A,167,,GLU,0.78538,0.779191,78.31,20.961
hsa_paa_fe3o4,oxide,oxide,A,382,,GLU,0.7788,0.772663,77.654,34.516
hsa_paa_fe3o4,oxide,oxide,A,37,,GLU,0.77623,0.770113,77.397,37.81
hsa_paa_fe3o4,oxide,oxide,A,294,,GLU,0.773,0.766908,77.075,28.27
hsa_paa_fe3o4,oxide,oxide,A,266,,GLU,0.76062,0.754626,75.841,27.817
hsa_paa_fe3o4,oxide,oxide,A,425,,GLU,0.75701,0.751044,75.481,20.204
hsa_paa_fe3o4,oxide,oxide,A,184,,GLU,0.74065,0.734813,73.85,64.437
hsa_paa_fe3o4,oxide,oxide,A,259,,ASP,0.72091,0.717315,72.091,31.472
hsa_paa_fe3o4,oxide,oxide,A,57,,GLU,0.72018,0.714504,71.809,41.529
hsa_paa_fe3o4,oxide,oxide,A,100,,GLU,0.70369,0.698144,70.164,30.964
hsa_paa_fe3o4,oxide,oxide,A,358,,GLU,0.67344,0.668133,67.148,24.629
hsa_paa_fe3o4,oxide,oxide,A,38,,ASP,0.63857,0.635386,63.857,37.81
hsa_paa_fe3o4,oxide,oxide,A,376,,GLU,0.63667,0.631653,63.482,27.761
hsa_paa_fe3o4,oxide,oxide,A,479,,GLU,0.63408,0.629083,63.224,16.923
hsa_paa_fe3o4,oxide,oxide,A,465,,GLU,0.61829,0.613417,61.649,16.502
hsa_paa_fe3o4,oxide,oxide,A,107,,ASP,0.61508,0.612013,61.508,24.143
hsa_paa_fe3o4,oxide,oxide,A,237,,ASP,0.59725,0.594272,59.725,21.906
hsa_paa_fe3o4,oxide,oxide,A,269,,ASP,0.59163,0.58868,59.163,21.7
hsa_paa_fe3o4,oxide,oxide,A,442,,GLU,0.59211,0.587444,59.039,21.655
hsa_paa_fe3o4,oxide,oxide,A,285,,GLU,0.5879,0.583267,58.619,15.691
hsa_paa_fe3o4,oxide,oxide,A,301,,ASP,0.57979,0.576899,57.979,15.519
hsa_paa_fe3o4,oxide,oxide,A,563,,ASP,0.55613,0.553357,55.613,51.71
hsa_paa_fe3o4,oxide,oxide,A,131,,GLU,0.55694,0.552551,55.532,50.787
hsa_paa_fe3o4,oxide,oxide,A,292,,GLU,0.55144,0.547094,54.984,20.167
hsa_paa_fe3o4,oxide,oxide,A,89,,ASP,0.5443,0.541586,54.43,14.569
hsa_paa_fe3o4,oxide,oxide,A,45,,GLU,0.53218,0.527986,53.063,35.968
hsa_paa_fe3o4,oxide,oxide,A,383,,GLU,0.51444,0.510386,51.294,34.516
hsa_paa_fe3o4,oxide,oxide,A,321,,GLU,0.50688,0.502885,50.541,13.528
hsa_paa_fe3o4,oxide,oxide,A,277,,GLU,0.49791,0.493986,49.646,22.508
hsa_paa_fe3o4,oxide,oxide,A,183,,ASP,0.49102,0.488571,49.102,45.097
hsa_paa_fe3o4,oxide,oxide,A,400,,GLU,0.49124,0.487369,48.981,17.966
hsa_paa_fe3o4,oxide,oxide,A,340,,ASP,0.4851,0.482681,48.51,17.793
hsa_paa_fe3o4,oxide,oxide,A,354,,GLU,0.48264,0.478836,48.124,17.651
hsa_paa_fe3o4,oxide,oxide,A,13,,ASP,0.44427,0.442054,44.427,16.295
hsa_paa_fe3o4,oxide,oxide,A,550,,ASP,0.42005,0.417955,42.005,37.686
hsa_paa_fe3o4,oxide,oxide,A,56,,ASP,0.41414,0.412075,41.414,30.307
hsa_paa_fe3o4,oxide,oxide,A,365,,ASP,0.40231,0.400304,40.231,32.305
hsa_paa_fe3o4,oxide,oxide,A,375,,ASP,0.40231,0.400304,40.231,27.761
hsa_paa_fe3o4,oxide,oxide,A,542,,GLU,0.38577,0.38273,38.465,10.296
hsa_paa_fe3o4,oxide,oxide,A,565,,GLU,0.3768,0.373831,37.57,13.78
hsa_paa_fe3o4,oxide,oxide,A,16,,GLU,0.3454,0.342678,34.44,32.006
hsa_paa_fe3o4,oxide,oxide,A,280,,GLU,0.3454,0.342678,34.44,22.508
hsa_paa_fe3o4,oxide,oxide,A,570,,GLU,0.3454,0.342678,34.44,9.219
hsa_paa_fe3o4,oxide,oxide,A,505,,GLU,0.34091,0.338223,33.992,9.099
hsa_paa_fe3o4,oxide,oxide,A,188,,GLU,0.33653,0.333878,33.555,43.199
hsa_paa_fe3o4,oxide,oxide,A,393,,GLU,0.32745,0.324869,32.65,17.0
hsa_paa_fe3o4,oxide,oxide,A,333,,GLU,0.31201,0.309551,31.11,8.327
hsa_paa_fe3o4,oxide,oxide,A,141,,GLU,0.30962,0.30718,30.872,8.264
hsa_paa_fe3o4,oxide,oxide,A,396,,GLU,0.30951,0.307071,30.861,23.295
hsa_paa_fe3o4,oxide,oxide,A,208,,GLU,0.29605,0.293717,29.519,7.901
hsa_paa_fe3o4,oxide,oxide,A,108,,ASP,0.28688,0.285449,28.688,24.143
hsa_paa_fe3o4,oxide,oxide,A,451,,ASP,0.28447,0.283051,28.447,7.615
hsa_paa_fe3o4,oxide,oxide,A,256,,ASP,0.28354,0.282126,28.354,49.28
hsa_paa_fe3o4,oxide,oxide,A,249,,ASP,0.28354,0.282126,28.354,16.228
hsa_paa_fe3o4,oxide,oxide,A,531,,GLU,0.27518,0.273011,27.438,7.344
hsa_paa_fe3o4,oxide,oxide,A,97,,GLU,0.26017,0.25812,25.941,30.964
hsa_paa_fe3o4,oxide,oxide,A,230,,GLU,0.23936,0.237474,23.866,31.616
hsa_paa_fe3o4,oxide,oxide,A,60,,GLU,0.2198,0.218068,21.916,8.039
hsa_paa_fe3o4,oxide,oxide,A,95,,GLU,0.19629,0.194743,19.572,16.694
hsa_paa_fe3o4,oxide,oxide,A,520,,GLU,0.18391,0.182461,18.338,29.616
hsa_paa_fe3o4,oxide,oxide,A,255,,ASP,0.17131,0.170456,17.131,22.838
hsa_paa_fe3o4,oxide,oxide,A,252,,GLU,0.1683,0.166974,16.781,28.403
hsa_paa_fe3o4,oxide,oxide,A,6,,GLU,0.16597,0.164662,16.549,6.07
hsa_paa_fe3o4,oxide,oxide,A,244,,GLU,0.15535,0.154126,15.49,16.081
hsa_paa_fe3o4,oxide,oxide,A,494,,ASP,0.13123,0.130576,13.123,38.326
hsa_paa_fe3o4,oxide,oxide,A,153,,GLU,0.10955,0.108687,10.923,2.924
hsa_paa_fe3o4,oxide,oxide,A,296,,ASP,0.10498,0.104456,10.498,39.766
hsa_paa_fe3o4,calcium_phosphate,hydroxyapatite,A,562,,ASP,1.0,0.995013,100.0,46.444
hsa_paa_fe3o4,calcium_phosphate,hydroxyapatite,A,121,,ASP,1.0,0.995013,100.0,42.543
hsa_paa_fe3o4,calcium_phosphate,hydroxyapatite,A,471,,ASP,1.0,0.995013,100.0,37.879
hsa_paa_fe3o4,calcium_phosphate,hydroxyapatite,A,119,,GLU,1.0,0.992119,99.709,51.223
hsa_paa_fe3o4,calcium_phosphate,hydroxyapatite,A,549,,ASP,0.98786,0.982934,98.786,34.96
hsa_paa_fe3o4,calcium_phosphate,hydroxyapatite,A,324,,ASP,0.9867,0.981779,98.67,26.236
hsa_paa_fe3o4,calcium_phosphate,hydroxyapatite,A,308,,ASP,0.97928,0.974396,97.928,29.365
hsa_paa_fe3o4,calcium_phosphate,hydroxyapatite,A,297,,GLU,0.98204,0.974301,97.918,32.51
hsa_paa_fe3o4,calcium_phosphate,hydroxyapatite,A,227,,GLU,0.94521,0.937761,94.246,27.913
hsa_paa_fe3o4,calcium_phosphate,hydroxyapatite,A,556,,GLU,0.94015,0.932741,93.742,34.277
hsa_paa_fe3o4,calcium_phosphate,hydroxyapatite,A,129,,ASP,0.93261,0.927959,93.261,38.582
hsa_paa_fe3o4,calcium_phosphate,hydroxyapatite,A,314,,ASP,0.93061,0.925969,93.061,45.485
hsa_paa_fe3o4,calcium_phosphate,hydroxyapatite,A,518,,GLU,0.92575,0.918454,92.306,39.759
hsa_paa_fe3o4,calcium_phosphate,hydroxyapatite,A,492,,GLU,0.92102,0.913762,91.834,31.032
hsa_paa_fe3o4,calcium_phosphate,hydroxyapatite,A,495,,GLU,0.91634,0.909119,91.368,31.333
hsa_paa_fe3o4,calcium_phosphate,hydroxyapatite,A,501,,GLU,0.91263,0.905438,90.998,34.217
hsa_paa_fe3o4,calcium_phosphate,hydroxyapatite,A,512,,ASP,0.86664,0.862318,86.664,21.555
hsa_paa_fe3o4,calcium_phosphate,hydroxyapatite,A,17,,GLU,0.85381,0.847081,85.133,27.526
hsa_paa_fe3o4,calcium_phosphate,hydroxyapatite,A,187,,ASP,0.84222,0.83802,84.222,67.869
hsa_paa_fe3o4,calcium_phosphate,hydroxyapatite,A,132,,GLU,0.83175,0.825195,82.933,38.059
hsa_paa_fe3o4,calcium_phosphate,hydroxyapatite,A,173,,ASP,0.82647,0.822348,82.647,18.719
hsa_paa_fe3o4,calcium_phosphate,hydroxyapatite,A,311,,GLU,0.81887,0.812417,81.649,24.483
hsa_paa_fe3o4,calcium_phosphate,hydroxyapatite,A,48,,GLU,0.81546,0.809034,81.309,39.088
hsa_paa_fe3o4,calcium_phosphate,hydroxyapatite,A,72,,ASP,0.81281,0.808757,81.281,26.955
hsa_paa_fe3o4,calcium_phosphate,hydroxyapatite,A,368,,GLU,0.80693,0.800571,80.458,41.041
hsa_paa_fe3o4,calcium_phosphate,hydroxyapatite,A,63,,ASP,0.8004,0.796409,80.04,29.487
hsa_paa_fe3o4,calcium_phosphate,hydroxyapatite,A,167,,GLU,0.78538,0.779191,78.31,23.482
hsa_paa_fe3o4,calcium_phosphate,hydroxyapatite,A,382,,GLU,0.7788,0.772663,77.654,31.866
hsa_paa_fe3o4,calcium_phosphate,hydroxyapatite,A,37,,GLU,0.77623,0.770113,77.397,37.486
hsa_paa_fe3o4,calcium_phosphate,hydroxyapatite,A,294,,GLU,0.773,0.766908,77.075,23.112
hsa_paa_fe3o4,calcium_phosphate,hydroxyapatite,A,266,,GLU,0.76062,0.754626,75.841,22.742
hsa_paa_fe3o4,calcium_phosphate,hydroxyapatite,A,425,,GLU,0.75701,0.751044,75.481,21.997
hsa_paa_fe3o4,calcium_phosphate,hydroxyapatite,A,184,,GLU,0.74065,0.734813,73.85,66.881
hsa_paa_fe3o4,calcium_phosphate,hydroxyapatite,A,259,,ASP,0.72091,0.717315,72.091,30.386
hsa_paa_fe3o4,calcium_phosphate,hydroxyapatite,A,57,,GLU,0.72018,0.714504,71.809,33.951
hsa_paa_fe3o4,calcium_phosphate,hydroxyapatite,A,100,,GLU,0.70369,0.698144,70.164,28.818
hsa_paa_fe3o4,calcium_phosphate,hydroxyapatite,A,475,,LYS,0.68703,0.686996,69.044,47.554
hsa_paa_fe3o4,calcium_phosphate,hydroxyapatite,A,358,,GLU,0.67344,0.668133,67.148,30.603
hsa_paa_fe3o4,calcium_phosphate,hydroxyapatite,A,38,,ASP,0.63857,0.635386,63.857,37.486
hsa_paa_fe3o4,calcium_phosphate,hydroxyapatite,A,376,,GLU,0.63667,0.631653,63.482,36.306
hsa_paa_fe3o4,calcium_phosphate,hydroxyapatite,A,479,,GLU,0.63408,0.629083,63.224,29.109
hsa_paa_fe3o4,calcium_phosphate,hydroxyapatite,A,465,,GLU,0.61829,0.613417,61.649,17.714
hsa_paa_fe3o4,calcium_phosphate,hydroxyapatite,A,107,,ASP,0.61508,0.612013,61.508,27.046
hsa_paa_fe3o4,calcium_phosphate,hydroxyapatite,A,389,,LYS,0.60196,0.60193,60.495,18.14
hsa_paa_fe3o4,calcium_phosphate,hydroxyapatite,A,237,,ASP,0.59725,0.594272,59.725,35.427
hsa_paa_fe3o4,calcium_phosphate,hydroxyapatite,A,269,,ASP,0.59163,0.58868,59.163,17.741
hsa_paa_fe3o4,calcium_phosphate,hydroxyapatite,A,442,,GLU,0.59211,0.587444,59.039,40.134
hsa_paa_fe3o4,calcium_phosphate,hydroxyapatite,A,285,,GLU,0.5879,0.583267,58.619,19.679
hsa_paa_fe3o4,calcium_phosphate,hydroxyapatite,A,240,,LYS,0.58132,0.581291,58.42,36.042
hsa_paa_fe3o4,calcium_phosphate,hydroxyapatite,A,301,,ASP,0.57979,0.576899,57.979,11.799
hsa_paa_fe3o4,calcium_phosphate,hydroxyapatite,A,195,,LYS,0.57663,0.576601,57.949,22.881
hsa_paa_fe3o4,calcium_phosphate,hydroxyapatite,A,51,,LYS,0.57409,0.574061,57.694,28.289
hsa_paa_fe3o4,calcium_phosphate,hydroxyapatite,A,186,,ARG,0.56628,0.56628,56.912,74.177
hsa_paa_fe3o4,calcium_phosphate,hydroxyapatite,A,521,,ARG,0.56059,0.56059,56.34,53.894
hsa_paa_fe3o4,calcium_phosphate,hydroxyapatite,A,563,,ASP,0.55613,0.553357,55.613,54.09
hsa_paa_fe3o4,calcium_phosphate,hydroxyapatite,A,131,,GLU,0.55694,0.552551,55.532,53.75
hsa_paa_fe3o4,calcium_phosphate,hydroxyapatite,A,292,,GLU,0.55144,0.547094,54.984,16.487
hsa_paa_fe3o4,calcium_phosphate,hydroxyapatite,A,205,,LYS,0.54536,0.545333,54.807,11.154
hsa_paa_fe3o4,calcium_phosphate,hydroxyapatite,A,89,,ASP,0.5443,0.541586,54.43,13.813
hsa_paa_fe3o4,calcium_phosphate,hydroxyapatite,A,45,,GLU,0.53218,0.527986,53.063,40.293
hsa_paa_fe3o4,calcium_phosphate,hydroxyapatite,A,212,,LYS,0.52705,0.527024,52.966,25.047
hsa_paa_fe3o4,calcium_phosphate,hydroxyapatite,A,117,,ARG,0.51726,0.51726,51.985,15.588
hsa_paa_fe3o4,calcium_phosphate,hydroxyapatite,A,383,,GLU,0.51444,0.510386,51.294,31.866
hsa_paa_fe3o4,calcium_phosphate,hydroxyapatite,A,321,,GLU,0.50688,0.502885,50.541,15.155
hsa_paa_fe3o4,calcium_phosphate,hydroxyapatite,A,277,,GLU,0.49791,0.493986,49.646,33.5
hsa_paa_fe3o4,calcium_phosphate,hydroxyapatite,A,183,,ASP,0.49102,0.488571,49.102,63.228
hsa_paa_fe3o4,calcium_phosphate,hydroxyapatite,A,400,,GLU,0.49124,0.487369,48.981,20.174
hsa_paa_fe3o4,calcium_phosphate,hydroxyapatite,A,105,,HIS,0.73152,0.487294,48.974,14.685
hsa_paa_fe3o4,calcium_phosphate,hydroxyapatite,A,162,,LYS,0.48456,0.484536,48.696,30.306
hsa_paa_fe3o4,calcium_phosphate,hydroxyapatite,A,340,,ASP,0.4851,0.482681,48.51,34.881
hsa_paa_fe3o4,calcium_phosphate,hydroxyapatite,A,354,,GLU,0.48264,0.478836,48.124,25.852
hsa_paa_fe3o4,calcium_phosphate,hydroxyapatite,A,444,,LYS,0.47562,0.475596,47.798,43.725
hsa_paa_fe3o4,calcium_phosphate,hydroxyapatite,A,372,,LYS,0.46819,0.468167,47.051,26.173
hsa_paa_fe3o4,calcium_phosphate,hydroxyapatite,A,500,,LYS,0.46447,0.464447,46.677,45.834
hsa_paa_fe3o4,calcium_phosphate,hydroxyapatite,A,557,,LYS,0.44961,0.449587,45.184,34.277
hsa_paa_fe3o4,calcium_phosphate,hydroxyapatite,A,524,,LYS,0.44589,0.445868,44.81,35.109
hsa_paa_fe3o4,calcium_phosphate,hydroxyapatite,A,13,,ASP,0.44427,0.442054,44.427,29.078
hsa_paa_fe3o4,calcium_phosphate,hydroxyapatite,A,564,,LYS,0.42884,0.428819,43.097,54.09
hsa_paa_fe3o4,calcium_phosphate,hydroxyapatite,A,41,,LYS,0.42731,0.427289,42.943,32.025
hsa_paa_fe3o4,calcium_phosphate,hydroxyapatite,A,218,,ARG,0.4248,0.4248,42.693,11.033
hsa_paa_fe3o4,calcium_phosphate,hydroxyapatite,A,550,,ASP,0.42005,0.417955,42.005,34.96
hsa_paa_fe3o4,calcium_phosphate,hydroxyapatite,A,56,,ASP,0.41414,0.412075,41.414,23.042
hsa_paa_fe3o4,calcium_phosphate,hydroxyapatite,A,128,,HIS,0.60922,0.405825,40.786,38.582
hsa_paa_fe3o4,calcium_phosphate,hydroxyapatite,A,209,,ARG,0.40385,0.40385,40.587,25.047
hsa_paa_fe3o4,calcium_phosphate,hydroxyapatite,A,375,,ASP,0.40231,0.400304,40.231,36.306
hsa_paa_fe3o4,calcium_phosphate,hydroxyapatite,A,365,,ASP,0.40231,0.400304,40.231,31.465
hsa_paa_fe3o4,calcium_phosphate,hydroxyapatite,A,9,,HIS,0.58442,0.389305,39.126,31.066
hsa_paa_fe3o4,calcium_phosphate,hydroxyapatite,A,542,,GLU,0.38577,0.38273,38.465,21.431
hsa_paa_fe3o4,calcium_phosphate,hydroxyapatite,A,351,,LYS,0.37901,0.378991,38.089,19.125
hsa_paa_fe3o4,calcium_phosphate,hydroxyapatite,A,565,,GLU,0.3768,0.373831,37.57,24.189
hsa_paa_fe3o4,calcium_phosphate,hydroxyapatite,A,410,,ARG,0.37371,0.37371,37.558,17.757
hsa_paa_fe3o4,calcium_phosphate,hydroxyapatite,A,538,,LYS,0.37158,0.371561,37.342,16.908
hsa_paa_fe3o4,calcium_phosphate,hydroxyapatite,A,432,,LYS,0.36043,0.360412,36.222,18.588
hsa_paa_fe3o4,calcium_phosphate,hydroxyapatite,A,190,,LYS,0.35671,0.356692,35.848,54.64
hsa_paa_fe3o4,calcium_phosphate,hydroxyapatite,A,541,,LYS,0.35671,0.356692,35.848,21.431
hsa_paa_fe3o4,calcium_phosphate,hydroxyapatite,A,359,,LYS,0.34928,0.349262,35.101,30.603
hsa_paa_fe3o4,calcium_phosphate,hydroxyapatite,A,274,,LYS,0.34737,0.347353,34.909,18.754
hsa_paa_fe3o4,calcium_phosphate,hydroxyapatite,A,16,,GLU,0.3454,0.342678,34.44,33.302
hsa_paa_fe3o4,calcium_phosphate,hydroxyapatite,A,280,,GLU,0.3454,0.342678,34.44,27.524
hsa_paa_fe3o4,calcium_phosphate,hydroxyapatite,A,570,,GLU,0.3454,0.342678,34.44,7.009
hsa_paa_fe3o4,calcium_phosphate,hydroxyapatite,A,505,,GLU,0.34091,0.338223,33.992,6.918
hsa_paa_fe3o4,calcium_phosphate,hydroxyapatite,A,367,,HIS,0.50669,0.337526,33.922,46.362
hsa_paa_fe3o4,calcium_phosphate,hydroxyapatite,A,160,,ARG,0.3353,0.3353,33.698,20.568
hsa_paa_fe3o4,calcium_phosphate,hydroxyapatite,A,188,,GLU,0.33653,0.333878,33.555,63.132
hsa_paa_fe3o4,calcium_phosphate,hydroxyapatite,A,393,,GLU,0.32745,0.324869,32.65,19.044
hsa_paa_fe3o4,calcium_phosphate,hydroxyapatite,A,428,,ARG,0.32444,0.32444,32.607,29.369
hsa_paa_fe3o4,calcium_phosphate,hydroxyapatite,A,440,,HIS,0.48545,0.323377,32.5,27.025
hsa_paa_fe3o4,calcium_phosphate,hydroxyapatite,A,313,,LYS,0.32327,0.323254,32.487,37.647
hsa_paa_fe3o4,calcium_phosphate,hydroxyapatite,A,333,,GLU,0.31201,0.309551,31.11,12.783
hsa_paa_fe3o4,calcium_phosphate,hydroxyapatite,A,181,,LYS,0.30841,0.308395,30.994,42.912
hsa_paa_fe3o4,calcium_phosphate,hydroxyapatite,A,545,,LYS,0.30841,0.308395,30.994,38.916
hsa_paa_fe3o4,calcium_phosphate,hydroxyapatite,A,141,,GLU,0.30962,0.30718,30.872,12.885
hsa_paa_fe3o4,calcium_phosphate,hydroxyapatite,A,396,,GLU,0.30951,0.307071,30.861,19.044
hsa_paa_fe3o4,calcium_phosphate,hydroxyapatite,A,439,,LYS,0.30469,0.304675,30.62,18.927
hsa_paa_fe3o4,calcium_phosphate,hydroxyapatite,A,535,,HIS,0.45492,0.30304,30.456,32.019
hsa_paa_fe3o4,calcium_phosphate,hydroxyapatite,A,323,,LYS,0.30098,0.300965,30.247,38.657
hsa_paa_fe3o4,calcium_phosphate,hydroxyapatite,A,114,,ARG,0.29837,0.29837,29.987,6.103
hsa_paa_fe3o4,calcium_phosphate,hydroxyapatite,A,208,,GLU,0.29605,0.293717,29.519,25.047
hsa_paa_fe3o4,calcium_phosphate,hydroxyapatite,A,560,,LYS,0.29355,0.293535,29.501,52.381
hsa_paa_fe3o4,calcium_phosphate,hydroxyapatite,A,108,,ASP,0.28688,0.285449,28.688,27.046
hsa_paa_fe3o4,calcium_phosphate,hydroxyapatite,A,451,,ASP,0.28447,0.283051,28.447,5.789
hsa_paa_fe3o4,calcium_phosphate,hydroxyapatite,A,519,,LYS,0.2824,0.282386,28.38,48.878
hsa_paa_fe3o4,calcium_phosphate,hydroxyapatite,A,12,,LYS,0.2824,0.282386,28.38,34.707
hsa_paa_fe3o4,calcium_phosphate,hydroxyapatite,A,256,,ASP,0.28354,0.282126,28.354,43.534
hsa_paa_fe3o4,calcium_phosphate,hydroxyapatite,A,249,,ASP,0.28354,0.282126,28.354,21.901
hsa_paa_fe3o4,calcium_phosphate,hydroxyapatite,A,73,,LYS,0.27594,0.275926,27.731,32.688
hsa_paa_fe3o4,calcium_phosphate,hydroxyapatite,A,378,,LYS,0.27497,0.274956,27.633,39.386
hsa_paa_fe3o4,calcium_phosphate,hydroxyapatite,A,276,,LYS,0.27497,0.274956,27.633,29.841
hsa_paa_fe3o4,calcium_phosphate,hydroxyapatite,A,531,,GLU,0.27518,0.273011,27.438,11.407
hsa_paa_fe3o4,calcium_phosphate,hydroxyapatite,A,445,,ARG,0.26872,0.26872,27.007,49.88
hsa_paa_fe3o4,calcium_phosphate,hydroxyapatite,A,136,,LYS,0.26382,0.263807,26.513,14.557
hsa_paa_fe3o4,calcium_phosphate,hydroxyapatite,A,472,,ARG,0.2619,0.2619,26.321,44.801
hsa_paa_fe3o4,calcium_phosphate,hydroxyapatite,A,317,,LYS,0.2601,0.260087,26.139,35.743
hsa_paa_fe3o4,calcium_phosphate,hydroxyapatite,A,97,,GLU,0.26017,0.25812,25.941,26.278
hsa_paa_fe3o4,calcium_phosphate,hydroxyapatite,A,436,,LYS,0.25639,0.256377,25.766,18.588
hsa_paa_fe3o4,calcium_phosphate,hydroxyapatite,A,466,,LYS,0.25267,0.252657,25.392,26.1
hsa_paa_fe3o4,calcium_phosphate,hydroxyapatite,A,233,,LYS,0.24896,0.248948,25.02,14.659
hsa_paa_fe3o4,calcium_phosphate,hydroxyapatite,A,525,,LYS,0.24524,0.245228,24.646,20.827
hsa_paa_fe3o4,calcium_phosphate,hydroxyapatite,A,146,,HIS,0.36711,0.244546,24.577,18.148
hsa_paa_fe3o4,calcium_phosphate,hydroxyapatite,A,10,,ARG,0.24045,0.24045,24.165,37.967
hsa_paa_fe3o4,calcium_phosphate,hydroxyapatite,A,230,,GLU,0.23936,0.237474,23.866,29.129
hsa_paa_fe3o4,calcium_phosphate,hydroxyapatite,A,145,,ARG,0.23729,0.23729,23.848,18.148
hsa_paa_fe3o4,calcium_phosphate,hydroxyapatite,A,247,,HIS,0.35184,0.234374,23.555,20.21
hsa_paa_fe3o4,calcium_phosphate,hydroxyapatite,A,67,,HIS,0.35006,0.233189,23.436,7.027
hsa_paa_fe3o4,calcium_phosphate,hydroxyapatite,A,137,,LYS,0.21923,0.219219,22.032,14.557
hsa_paa_fe3o4,calcium_phosphate,hydroxyapatite,A,60,,GLU,0.2198,0.218068,21.916,6.572
hsa_paa_fe3o4,calcium_phosphate,hydroxyapatite,A,199,,LYS,0.2162,0.216189,21.727,12.019
hsa_paa_fe3o4,calcium_phosphate,hydroxyapatite,A,413,,LYS,0.21552,0.215509,21.659,21.251
hsa_paa_fe3o4,calcium_phosphate,hydroxyapatite,A,262,,LYS,0.20808,0.20807,20.911,27.888
hsa_paa_fe3o4,calcium_phosphate,hydroxyapatite,A,338,,HIS,0.29899,0.199169,20.017,25.405
hsa_paa_fe3o4,calcium_phosphate,hydroxyapatite,A,95,,GLU,0.19629,0.194743,19.572,13.648
hsa_paa_fe3o4,calcium_phosphate,hydroxyapatite,A,510,,HIS,0.28753,0.191535,19.25,29.201
hsa_paa_fe3o4,calcium_phosphate,hydroxyapatite,A,536,,LYS,0.1895,0.189491,19.044,29.22
hsa_paa_fe3o4,calcium_phosphate,hydroxyapatite,A,225,,LYS,0.1895,0.189491,19.044,5.711
hsa_paa_fe3o4,calcium_phosphate,hydroxyapatite,A,159,,LYS,0.18579,0.185781,18.671,20.568
hsa_paa_fe3o4,calcium_phosphate,hydroxyapatite,A,197,,ARG,0.18264,0.18264,18.356,24.952
hsa_paa_fe3o4,calcium_phosphate,hydroxyapatite,A,520,,GLU,0.18391,0.182461,18.338,53.894
hsa_paa_fe3o4,calcium_phosphate,hydroxyapatite,A,64,,LYS,0.18207,0.182061,18.297,28.15
hsa_paa_fe3o4,calcium_phosphate,hydroxyapatite,A,402,,LYS,0.18207,0.182061,18.297,13.692
hsa_paa_fe3o4,calcium_phosphate,hydroxyapatite,A,255,,ASP,0.17131,0.170456,17.131,21.917
hsa_paa_fe3o4,calcium_phosphate,hydroxyapatite,A,252,,GLU,0.1683,0.166974,16.781,27.173
hsa_paa_fe3o4,calcium_phosphate,hydroxyapatite,A,6,,GLU,0.16597,0.164662,16.549,16.695
hsa_paa_fe3o4,calcium_phosphate,hydroxyapatite,A,20,,LYS,0.15606,0.156052,15.683,27.526
hsa_paa_fe3o4,calcium_phosphate,hydroxyapatite,A,244,,GLU,0.15535,0.154126,15.49,29.893
hsa_paa_fe3o4,calcium_phosphate,hydroxyapatite,A,288,,HIS,0.21738,0.144805,14.553,25.413
hsa_paa_fe3o4,calcium_phosphate,hydroxyapatite,A,337,,ARG,0.13607,0.13607,13.675,13.557
hsa_paa_fe3o4,calcium_phosphate,hydroxyapatite,A,93,,LYS,0.13377,0.133763,13.443,11.81
hsa_paa_fe3o4,calcium_phosphate,hydroxyapatite,A,494,,ASP,0.13123,0.130576,13.123,34.827
hsa_paa_fe3o4,calcium_phosphate,hydroxyapatite,A,144,,ARG,0.12037,0.12037,12.097,18.6
hsa_paa_fe3o4,calcium_phosphate,hydroxyapatite,A,281,,LYS,0.1189,0.118894,11.949,17.381
hsa_paa_fe3o4,calcium_phosphate,hydroxyapatite,A,414,,LYS,0.11595,0.115944,11.653,41.14
hsa_paa_fe3o4,calcium_phosphate,hydroxyapatite,A,286,,LYS,0.11519,0.115184,11.576,28.996
hsa_paa_fe3o4,calcium_phosphate,hydroxyapatite,A,336,,ARG,0.11463,0.11463,11.52,22.886
hsa_paa_fe3o4,calcium_phosphate,hydroxyapatite,A,153,,GLU,0.10955,0.108687,10.923,3.275
hsa_paa_fe3o4,calcium_phosphate,hydroxyapatite,A,257,,ARG,0.10769,0.10769,10.823,38.502
hsa_paa_fe3o4,calcium_phosphate,hydroxyapatite,A,484,,ARG,0.10712,0.10712,10.766,3.228
hsa_paa_fe3o4,calcium_phosphate,hydroxyapatite,A,534,,LYS,0.10551,0.105505,10.603,26.25
hsa_paa_fe3o4,calcium_phosphate,hydroxyapatite,A,296,,ASP,0.10498,0.104456,10.498,32.51
hsa_paa_fe3o4,calcium_phosphate,hydroxyapatite,A,174,,LYS,0.09289,0.092885,9.335,27.582
hsa_paa_fe3o4,calcium_phosphate,hydroxyapatite,A,348,,ARG,0.07722,0.07722,7.761,9.331
hsa_paa_fe3o4,calcium_phosphate,hydroxyapatite,A,242,,HIS,0.06401,0.04264,4.285,23.448
hsa_paa_fe3o4,metal_coord,metal_coord,A,121,,ASP,1.0,0.995013,100.0,51.143
hsa_paa_fe3o4,metal_coord,metal_coord,A,562,,ASP,1.0,0.995013,100.0,41.501
hsa_paa_fe3o4,metal_coord,metal_coord,A,471,,ASP,1.0,0.995013,100.0,21.724
hsa_paa_fe3o4,metal_coord,metal_coord,A,119,,GLU,1.0,0.992119,99.709,47.099
hsa_paa_fe3o4,metal_coord,metal_coord,A,549,,ASP,0.98786,0.982934,98.786,36.362
hsa_paa_fe3o4,metal_coord,metal_coord,A,324,,ASP,0.9867,0.981779,98.67,31.345
hsa_paa_fe3o4,metal_coord,metal_coord,A,308,,ASP,0.97928,0.974396,97.928,33.428
hsa_paa_fe3o4,metal_coord,metal_coord,A,297,,GLU,0.98204,0.974301,97.918,34.847
hsa_paa_fe3o4,metal_coord,metal_coord,A,227,,GLU,0.94521,0.937761,94.246,25.659
hsa_paa_fe3o4,metal_coord,metal_coord,A,556,,GLU,0.94015,0.932741,93.742,34.121
hsa_paa_fe3o4,metal_coord,metal_coord,A,129,,ASP,0.93261,0.927959,93.261,49.668
hsa_paa_fe3o4,metal_coord,metal_coord,A,314,,ASP,0.93061,0.925969,93.061,38.85
hsa_paa_fe3o4,metal_coord,metal_coord,A,518,,GLU,0.92575,0.918454,92.306,24.036
hsa_paa_fe3o4,metal_coord,metal_coord,A,492,,GLU,0.92102,0.913762,91.834,31.348
hsa_paa_fe3o4,metal_coord,metal_coord,A,495,,GLU,0.91634,0.909119,91.368,35.668
hsa_paa_fe3o4,metal_coord,metal_coord,A,501,,GLU,0.91263,0.905438,90.998,29.7
hsa_paa_fe3o4,metal_coord,metal_coord,A,512,,ASP,0.86664,0.862318,86.664,34.528
hsa_paa_fe3o4,metal_coord,metal_coord,A,17,,GLU,0.85381,0.847081,85.133,25.976
hsa_paa_fe3o4,metal_coord,metal_coord,A,187,,ASP,0.84222,0.83802,84.222,52.296
hsa_paa_fe3o4,metal_coord,metal_coord,A,132,,GLU,0.83175,0.825195,82.933,30.08
hsa_paa_fe3o4,metal_coord,metal_coord,A,173,,ASP,0.82647,0.822348,82.647,23.332
hsa_paa_fe3o4,metal_coord,metal_coord,A,311,,GLU,0.81887,0.812417,81.649,27.871
hsa_paa_fe3o4,metal_coord,metal_coord,A,48,,GLU,0.81546,0.809034,81.309,29.191
hsa_paa_fe3o4,metal_coord,metal_coord,A,72,,ASP,0.81281,0.808757,81.281,35.026
hsa_paa_fe3o4,metal_coord,metal_coord,A,368,,GLU,0.80693,0.800571,80.458,44.292
hsa_paa_fe3o4,metal_coord,metal_coord,A,63,,ASP,0.8004,0.796409,80.04,27.322
hsa_paa_fe3o4,metal_coord,metal_coord,A,167,,GLU,0.78538,0.779191,78.31,22.39
hsa_paa_fe3o4,metal_coord,metal_coord,A,382,,GLU,0.7788,0.772663,77.654,28.013
hsa_paa_fe3o4,metal_coord,metal_coord,A,37,,GLU,0.77623,0.770113,77.397,38.486
hsa_paa_fe3o4,metal_coord,metal_coord,A,294,,GLU,0.773,0.766908,77.075,26.31
hsa_paa_fe3o4,metal_coord,metal_coord,A,266,,GLU,0.76062,0.754626,75.841,30.387
hsa_paa_fe3o4,metal_coord,metal_coord,A,425,,GLU,0.75701,0.751044,75.481,16.397
hsa_paa_fe3o4,metal_coord,metal_coord,A,184,,GLU,0.74065,0.734813,73.85,52.296
hsa_paa_fe3o4,metal_coord,metal_coord,A,105,,HIS,0.73152,0.73152,73.519,25.096
hsa_paa_fe3o4,metal_coord,metal_coord,A,259,,ASP,0.72091,0.717315,72.091,25.542
hsa_paa_fe3o4,metal_coord,metal_coord,A,57,,GLU,0.72018,0.714504,71.809,38.649
hsa_paa_fe3o4,metal_coord,metal_coord,A,100,,GLU,0.70369,0.698144,70.164,41.755
hsa_paa_fe3o4,metal_coord,metal_coord,A,358,,GLU,0.67344,0.668133,67.148,28.277
hsa_paa_fe3o4,metal_coord,metal_coord,A,38,,ASP,0.63857,0.635386,63.857,38.486
hsa_paa_fe3o4,metal_coord,metal_coord,A,376,,GLU,0.63667,0.631653,63.482,22.53
hsa_paa_fe3o4,metal_coord,metal_coord,A,479,,GLU,0.63408,0.629083,63.224,20.956
hsa_paa_fe3o4,metal_coord,metal_coord,A,465,,GLU,0.61829,0.613417,61.649,13.393
hsa_paa_fe3o4,metal_coord,metal_coord,A,107,,ASP,0.61508,0.612013,61.508,30.789
hsa_paa_fe3o4,metal_coord,metal_coord,A,128,,HIS,0.60922,0.60922,61.227,53.383
hsa_paa_fe3o4,metal_coord,metal_coord,A,237,,ASP,0.59725,0.594272,59.725,19.134
hsa_paa_fe3o4,metal_coord,metal_coord,A,269,,ASP,0.59163,0.58868,59.163,20.195
hsa_paa_fe3o4,metal_coord,metal_coord,A,442,,GLU,0.59211,0.587444,59.039,20.153
hsa_paa_fe3o4,metal_coord,metal_coord,A,9,,HIS,0.58442,0.58442,58.735,25.698
hsa_paa_fe3o4,metal_coord,metal_coord,A,285,,GLU,0.5879,0.583267,58.619,24.51
hsa_paa_fe3o4,metal_coord,metal_coord,A,301,,ASP,0.57979,0.576899,57.979,12.595
hsa_paa_fe3o4,metal_coord,metal_coord,A,563,,ASP,0.55613,0.553357,55.613,53.119
hsa_paa_fe3o4,metal_coord,metal_coord,A,131,,GLU,0.55694,0.552551,55.532,63.641
hsa_paa_fe3o4,metal_coord,metal_coord,A,292,,GLU,0.55144,0.547094,54.984,29.814
hsa_paa_fe3o4,metal_coord,metal_coord,A,89,,ASP,0.5443,0.541586,54.43,26.551
hsa_paa_fe3o4,metal_coord,metal_coord,A,45,,GLU,0.53218,0.527986,53.063,29.191
hsa_paa_fe3o4,metal_coord,metal_coord,A,298,,MET,0.51732,0.51732,51.991,34.847
hsa_paa_fe3o4,metal_coord,metal_coord,A,383,,GLU,0.51444,0.510386,51.294,28.013
hsa_paa_fe3o4,metal_coord,metal_coord,A,367,,HIS,0.50669,0.50669,50.923,69.597
hsa_paa_fe3o4,metal_coord,metal_coord,A,321,,GLU,0.50688,0.502885,50.541,15.488
hsa_paa_fe3o4,metal_coord,metal_coord,A,277,,GLU,0.49791,0.493986,49.646,27.886
hsa_paa_fe3o4,metal_coord,metal_coord,A,183,,ASP,0.49102,0.488571,49.102,41.97
hsa_paa_fe3o4,metal_coord,metal_coord,A,400,,GLU,0.49124,0.487369,48.981,16.72
hsa_paa_fe3o4,metal_coord,metal_coord,A,440,,HIS,0.48545,0.48545,48.788,20.622
hsa_paa_fe3o4,metal_coord,metal_coord,A,340,,ASP,0.4851,0.482681,48.51,26.816
hsa_paa_fe3o4,metal_coord,metal_coord,A,354,,GLU,0.48264,0.478836,48.124,16.427
hsa_paa_fe3o4,metal_coord,metal_coord,A,535,,HIS,0.45492,0.45492,45.72,15.607
hsa_paa_fe3o4,metal_coord,metal_coord,A,329,,MET,0.45389,0.45389,45.616,26.191
hsa_paa_fe3o4,metal_coord,metal_coord,A,13,,ASP,0.44427,0.442054,44.427,15.165
hsa_paa_fe3o4,metal_coord,metal_coord,A,550,,ASP,0.42005,0.417955,42.005,36.362
hsa_paa_fe3o4,metal_coord,metal_coord,A,56,,ASP,0.41414,0.412075,41.414,24.596
hsa_paa_fe3o4,metal_coord,metal_coord,A,365,,ASP,0.40231,0.400304,40.231,47.701
hsa_paa_fe3o4,metal_coord,metal_coord,A,375,,ASP,0.40231,0.400304,40.231,22.53
hsa_paa_fe3o4,metal_coord,metal_coord,A,542,,GLU,0.38577,0.38273,38.465,8.356
hsa_paa_fe3o4,metal_coord,metal_coord,A,565,,GLU,0.3768,0.373831,37.57,20.815
hsa_paa_fe3o4,metal_coord,metal_coord,A,146,,HIS,0.36711,0.36711,36.895,12.594
hsa_paa_fe3o4,metal_coord,metal_coord,A,34,,CYS,0.35728,0.35728,35.907,12.257
hsa_paa_fe3o4,metal_coord,metal_coord,A,247,,HIS,0.35184,0.35184,35.36,27.036
hsa_paa_fe3o4,metal_coord,metal_coord,A,67,,HIS,0.35006,0.35006,35.181,12.009
hsa_paa_fe3o4,metal_coord,metal_coord,A,16,,GLU,0.3454,0.342678,34.44,25.976
hsa_paa_fe3o4,metal_coord,metal_coord,A,280,,GLU,0.3454,0.342678,34.44,20.857
hsa_paa_fe3o4,metal_coord,metal_coord,A,570,,GLU,0.3454,0.342678,34.44,12.566
hsa_paa_fe3o4,metal_coord,metal_coord,A,505,,GLU,0.34091,0.338223,33.992,7.384
hsa_paa_fe3o4,metal_coord,metal_coord,A,188,,GLU,0.33653,0.333878,33.555,40.203
hsa_paa_fe3o4,metal_coord,metal_coord,A,393,,GLU,0.32745,0.324869,32.65,18.439
hsa_paa_fe3o4,metal_coord,metal_coord,A,289,,CYS,0.32196,0.32196,32.357,49.83
hsa_paa_fe3o4,metal_coord,metal_coord,A,369,,CYS,0.32114,0.32114,32.275,47.701
hsa_paa_fe3o4,metal_coord,metal_coord,A,333,,GLU,0.31201,0.309551,31.11,23.196
hsa_paa_fe3o4,metal_coord,metal_coord,A,141,,GLU,0.30962,0.30718,30.872,10.538
hsa_paa_fe3o4,metal_coord,metal_coord,A,396,,GLU,0.30951,0.307071,30.861,25.005
hsa_paa_fe3o4,metal_coord,metal_coord,A,338,,HIS,0.29899,0.29899,30.049,23.824
hsa_paa_fe3o4,metal_coord,metal_coord,A,208,,GLU,0.29605,0.293717,29.519,6.413
hsa_paa_fe3o4,metal_coord,metal_coord,A,510,,HIS,0.28753,0.28753,28.897,33.266
hsa_paa_fe3o4,metal_coord,metal_coord,A,108,,ASP,0.28688,0.285449,28.688,27.609
hsa_paa_fe3o4,metal_coord,metal_coord,A,451,,ASP,0.28447,0.283051,28.447,9.71
hsa_paa_fe3o4,metal_coord,metal_coord,A,256,,ASP,0.28354,0.282126,28.354,42.162
hsa_paa_fe3o4,metal_coord,metal_coord,A,249,,ASP,0.28354,0.282126,28.354,28.495
hsa_paa_fe3o4,metal_coord,metal_coord,A,514,,CYS,0.27764,0.27764,27.903,39.108
hsa_paa_fe3o4,metal_coord,metal_coord,A,531,,GLU,0.27518,0.273011,27.438,9.366
hsa_paa_fe3o4,metal_coord,metal_coord,A,548,,MET,0.26459,0.26459,26.592,36.362
hsa_paa_fe3o4,metal_coord,metal_coord,A,91,,CYS,0.26433,0.26433,26.565,40.052
hsa_paa_fe3o4,metal_coord,metal_coord,A,101,,CYS,0.26085,0.26085,26.216,38.023
hsa_paa_fe3o4,metal_coord,metal_coord,A,97,,GLU,0.26017,0.25812,25.941,34.086
hsa_paa_fe3o4,metal_coord,metal_coord,A,177,,CYS,0.24631,0.24631,24.754,8.45
hsa_paa_fe3o4,metal_coord,metal_coord,A,487,,CYS,0.24293,0.24293,24.415,8.334
hsa_paa_fe3o4,metal_coord,metal_coord,A,230,,GLU,0.23936,0.237474,23.866,25.659
hsa_paa_fe3o4,metal_coord,metal_coord,A,567,,CYS,0.2329,0.2329,23.407,39.38
hsa_paa_fe3o4,metal_coord,metal_coord,A,60,,GLU,0.2198,0.218068,21.916,7.481
hsa_paa_fe3o4,metal_coord,metal_coord,A,288,,HIS,0.21738,0.21738,21.847,38.512
hsa_paa_fe3o4,metal_coord,metal_coord,A,75,,CYS,0.21222,0.21222,21.328,31.323
hsa_paa_fe3o4,metal_coord,metal_coord,A,316,,CYS,0.20649,0.20649,20.752,44.206
hsa_paa_fe3o4,metal_coord,metal_coord,A,558,,CYS,0.1985,0.1985,19.949,20.082
hsa_paa_fe3o4,metal_coord,metal_coord,A,95,,GLU,0.19629,0.194743,19.572,15.536
hsa_paa_fe3o4,metal_coord,metal_coord,A,124,,CYS,0.18519,0.18519,18.612,63.043
hsa_paa_fe3o4,metal_coord,metal_coord,A,448,,CYS,0.18345,0.18345,18.437,6.293
hsa_paa_fe3o4,metal_coord,metal_coord,A,520,,GLU,0.18391,0.182461,18.338,24.036
hsa_paa_fe3o4,metal_coord,metal_coord,A,255,,ASP,0.17131,0.170456,17.131,21.255
hsa_paa_fe3o4,metal_coord,metal_coord,A,123,,MET,0.17015,0.17015,17.1,46.325
hsa_paa_fe3o4,metal_coord,metal_coord,A,252,,GLU,0.1683,0.166974,16.781,23.051
hsa_paa_fe3o4,metal_coord,metal_coord,A,6,,GLU,0.16597,0.164662,16.549,25.698
hsa_paa_fe3o4,metal_coord,metal_coord,A,361,,CYS,0.15612,0.15612,15.69,35.361
hsa_paa_fe3o4,metal_coord,metal_coord,A,244,,GLU,0.15535,0.154126,15.49,22.249
hsa_paa_fe3o4,metal_coord,metal_coord,A,559,,CYS,0.15397,0.15397,15.474,44.091
hsa_paa_fe3o4,metal_coord,metal_coord,A,90,,CYS,0.14936,0.14936,15.011,41.721
hsa_paa_fe3o4,metal_coord,metal_coord,A,265,,CYS,0.13114,0.13114,13.18,34.458
hsa_paa_fe3o4,metal_coord,metal_coord,A,494,,ASP,0.13123,0.130576,13.123,35.668
hsa_paa_fe3o4,metal_coord,metal_coord,A,279,,CYS,0.11865,0.11865,11.924,37.272
hsa_paa_fe3o4,metal_coord,metal_coord,A,438,,CYS,0.11568,0.11568,11.626,23.948
hsa_paa_fe3o4,metal_coord,metal_coord,A,153,,GLU,0.10955,0.108687,10.923,3.729
hsa_paa_fe3o4,metal_coord,metal_coord,A,296,,ASP,0.10498,0.104456,10.498,37.008
hsa_paa_fe3o4,metal_coord,metal_coord,A,392,,CYS,0.09695,0.09695,9.744,18.439
hsa_paa_fe3o4,metal_coord,metal_coord,A,477,,CYS,0.08784,0.08784,8.828,20.956
hsa_paa_fe3o4,metal_coord,metal_coord,A,242,,HIS,0.06401,0.06401,6.433,7.483
hsa_paa_fe3o4,soft_metal_sulfur,gold,A,298,,MET,0.51732,0.51732,100.0,52.616
hsa_paa_fe3o4,soft_metal_sulfur,gold,A,329,,MET,0.45389,0.45389,87.739,46.165
hsa_paa_fe3o4,soft_metal_sulfur,gold,A,34,,CYS,0.35728,0.35728,69.064,36.339
hsa_paa_fe3o4,soft_metal_sulfur,gold,A,289,,CYS,0.32196,0.32196,62.236,44.814
hsa_paa_fe3o4,soft_metal_sulfur,gold,A,369,,CYS,0.32114,0.32114,62.078,47.609
hsa_paa_fe3o4,soft_metal_sulfur,gold,A,514,,CYS,0.27764,0.27764,53.669,41.16
hsa_paa_fe3o4,soft_metal_sulfur,gold,A,548,,MET,0.26459,0.26459,51.146,26.911
hsa_paa_fe3o4,soft_metal_sulfur,gold,A,91,,CYS,0.26433,0.26433,51.096,90.192
hsa_paa_fe3o4,soft_metal_sulfur,gold,A,101,,CYS,0.26085,0.26085,50.423,60.813
hsa_paa_fe3o4,soft_metal_sulfur,gold,A,177,,CYS,0.24631,0.24631,47.613,25.052
hsa_paa_fe3o4,soft_metal_sulfur,gold,A,487,,CYS,0.24293,0.24293,46.959,33.643
hsa_paa_fe3o4,soft_metal_sulfur,gold,A,567,,CYS,0.2329,0.2329,45.02,59.538
hsa_paa_fe3o4,soft_metal_sulfur,gold,A,75,,CYS,0.21222,0.21222,41.023,63.661
hsa_paa_fe3o4,soft_metal_sulfur,gold,A,316,,CYS,0.20649,0.20649,39.915,36.881
hsa_paa_fe3o4,soft_metal_sulfur,gold,A,558,,CYS,0.1985,0.1985,38.371,59.538
hsa_paa_fe3o4,soft_metal_sulfur,gold,A,124,,CYS,0.18519,0.18519,35.798,36.142
hsa_paa_fe3o4,soft_metal_sulfur,gold,A,448,,CYS,0.18345,0.18345,35.462,27.196
hsa_paa_fe3o4,soft_metal_sulfur,gold,A,123,,MET,0.17015,0.17015,32.891,36.142
hsa_paa_fe3o4,soft_metal_sulfur,gold,A,361,,CYS,0.15612,0.15612,30.179,53.757
hsa_paa_fe3o4,soft_metal_sulfur,gold,A,559,,CYS,0.15397,0.15397,29.763,52.253
hsa_paa_fe3o4,soft_metal_sulfur,gold,A,90,,CYS,0.14936,0.14936,28.872,90.192
hsa_paa_fe3o4,soft_metal_sulfur,gold,A,265,,CYS,0.13114,0.13114,25.35,25.406
hsa_paa_fe3o4,soft_metal_sulfur,gold,A,279,,CYS,0.11865,0.11865,22.936,37.031
hsa_paa_fe3o4,soft_metal_sulfur,gold,A,438,,CYS,0.11568,0.11568,22.361,31.522
hsa_paa_fe3o4,soft_metal_sulfur,gold,A,392,,CYS,0.09695,0.09695,18.741,21.627
hsa_paa_fe3o4,soft_metal_sulfur,gold,A,477,,CYS,0.08784,0.08784,16.98,13.022
hsa_paa_fe3o4,phosphate,phosphate,A,58,,SER,0.91405,0.91405,100.0,39.658
hsa_paa_fe3o4,phosphate,phosphate,A,304,,SER,0.72387,0.72387,79.194,31.406
hsa_paa_fe3o4,phosphate,phosphate,A,475,,LYS,0.68703,0.686996,75.16,57.772
hsa_paa_fe3o4,phosphate,phosphate,A,273,,SER,0.65968,0.65968,72.171,65.644
hsa_paa_fe3o4,phosphate,phosphate,A,270,,SER,0.64616,0.64616,70.692,42.121
hsa_paa_fe3o4,phosphate,phosphate,A,517,,SER,0.64086,0.64086,70.112,60.183
hsa_paa_fe3o4,phosphate,phosphate,A,65,,SER,0.62628,0.62628,68.517,45.188
hsa_paa_fe3o4,phosphate,phosphate,A,419,,SER,0.6117,0.6117,66.922,26.54
hsa_paa_fe3o4,phosphate,phosphate,A,389,,LYS,0.60196,0.60193,65.853,37.775
hsa_paa_fe3o4,phosphate,phosphate,A,240,,LYS,0.58132,0.581291,63.595,31.743
hsa_paa_fe3o4,phosphate,phosphate,A,195,,LYS,0.57663,0.576601,63.082,74.455
hsa_paa_fe3o4,phosphate,phosphate,A,51,,LYS,0.57409,0.574061,62.804,24.907
hsa_paa_fe3o4,phosphate,phosphate,A,186,,ARG,0.56628,0.56628,61.953,53.425
hsa_paa_fe3o4,phosphate,phosphate,A,521,,ARG,0.56059,0.56059,61.33,84.015
hsa_paa_fe3o4,phosphate,phosphate,A,435,,SER,0.54978,0.54978,60.148,63.832
hsa_paa_fe3o4,phosphate,phosphate,A,205,,LYS,0.54536,0.545333,59.661,31.505
hsa_paa_fe3o4,phosphate,phosphate,A,212,,LYS,0.52705,0.527024,57.658,58.959
hsa_paa_fe3o4,phosphate,phosphate,A,117,,ARG,0.51726,0.51726,56.59,22.442
hsa_paa_fe3o4,phosphate,phosphate,A,105,,HIS,0.73152,0.487294,53.312,21.142
hsa_paa_fe3o4,phosphate,phosphate,A,162,,LYS,0.48456,0.484536,53.01,43.63
hsa_paa_fe3o4,phosphate,phosphate,A,444,,LYS,0.47562,0.475596,52.032,46.324
hsa_paa_fe3o4,phosphate,phosphate,A,372,,LYS,0.46819,0.468167,51.219,20.312
hsa_paa_fe3o4,phosphate,phosphate,A,500,,LYS,0.46447,0.464447,50.812,46.097
hsa_paa_fe3o4,phosphate,phosphate,A,557,,LYS,0.44961,0.449587,49.186,32.242
hsa_paa_fe3o4,phosphate,phosphate,A,524,,LYS,0.44589,0.445868,48.779,66.558
hsa_paa_fe3o4,phosphate,phosphate,A,564,,LYS,0.42884,0.428819,46.914,27.953
hsa_paa_fe3o4,phosphate,phosphate,A,232,,SER,0.42804,0.42804,46.829,44.13
hsa_paa_fe3o4,phosphate,phosphate,A,41,,LYS,0.42731,0.427289,46.747,18.539
hsa_paa_fe3o4,phosphate,phosphate,A,218,,ARG,0.4248,0.4248,46.474,23.404
hsa_paa_fe3o4,phosphate,phosphate,A,128,,HIS,0.60922,0.405825,44.399,17.607
hsa_paa_fe3o4,phosphate,phosphate,A,209,,ARG,0.40385,0.40385,44.182,40.387
hsa_paa_fe3o4,phosphate,phosphate,A,9,,HIS,0.58442,0.389305,42.591,39.575
hsa_paa_fe3o4,phosphate,phosphate,A,480,,SER,0.38267,0.38267,41.865,24.945
hsa_paa_fe3o4,phosphate,phosphate,A,351,,LYS,0.37901,0.378991,41.463,19.793
hsa_paa_fe3o4,phosphate,phosphate,A,410,,ARG,0.37371,0.37371,40.885,30.595
hsa_paa_fe3o4,phosphate,phosphate,A,538,,LYS,0.37158,0.371561,40.65,36.573
hsa_paa_fe3o4,phosphate,phosphate,A,432,,LYS,0.36043,0.360412,39.43,64.69
hsa_paa_fe3o4,phosphate,phosphate,A,190,,LYS,0.35671,0.356692,39.023,81.72
hsa_paa_fe3o4,phosphate,phosphate,A,541,,LYS,0.35671,0.356692,39.023,23.251
hsa_paa_fe3o4,phosphate,phosphate,A,359,,LYS,0.34928,0.349262,38.21,15.153
hsa_paa_fe3o4,phosphate,phosphate,A,274,,LYS,0.34737,0.347353,38.001,55.621
hsa_paa_fe3o4,phosphate,phosphate,A,367,,HIS,0.50669,0.337526,36.926,22.002
hsa_paa_fe3o4,phosphate,phosphate,A,160,,ARG,0.3353,0.3353,36.683,43.63
hsa_paa_fe3o4,phosphate,phosphate,A,428,,ARG,0.32444,0.32444,35.495,21.149
hsa_paa_fe3o4,phosphate,phosphate,A,440,,HIS,0.48545,0.323377,35.379,58.457
hsa_paa_fe3o4,phosphate,phosphate,A,313,,LYS,0.32327,0.323254,35.365,40.909
hsa_paa_fe3o4,phosphate,phosphate,A,181,,LYS,0.30841,0.308395,33.739,20.103
hsa_paa_fe3o4,phosphate,phosphate,A,545,,LYS,0.30841,0.308395,33.739,20.103
hsa_paa_fe3o4,phosphate,phosphate,A,489,,SER,0.3078,0.3078,33.674,18.002
hsa_paa_fe3o4,phosphate,phosphate,A,439,,LYS,0.30469,0.304675,33.332,40.94
hsa_paa_fe3o4,phosphate,phosphate,A,312,,SER,0.30432,0.30432,33.294,40.909
hsa_paa_fe3o4,phosphate,phosphate,A,535,,HIS,0.45492,0.30304,33.154,62.218
hsa_paa_fe3o4,phosphate,phosphate,A,323,,LYS,0.30098,0.300965,32.927,13.058
hsa_paa_fe3o4,phosphate,phosphate,A,114,,ARG,0.29837,0.29837,32.643,12.945
hsa_paa_fe3o4,phosphate,phosphate,A,560,,LYS,0.29355,0.293535,32.114,48.441
hsa_paa_fe3o4,phosphate,phosphate,A,519,,LYS,0.2824,0.282386,30.894,83.723
hsa_paa_fe3o4,phosphate,phosphate,A,12,,LYS,0.2824,0.282386,30.894,39.575
hsa_paa_fe3o4,phosphate,phosphate,A,73,,LYS,0.27594,0.275926,30.187,11.971
hsa_paa_fe3o4,phosphate,phosphate,A,276,,LYS,0.27497,0.274956,30.081,40.566
hsa_paa_fe3o4,phosphate,phosphate,A,378,,LYS,0.27497,0.274956,30.081,11.929
hsa_paa_fe3o4,phosphate,phosphate,A,445,,ARG,0.26872,0.26872,29.399,69.599
hsa_paa_fe3o4,phosphate,phosphate,A,136,,LYS,0.26382,0.263807,28.861,20.957
hsa_paa_fe3o4,phosphate,phosphate,A,472,,ARG,0.2619,0.2619,28.653,46.2
hsa_paa_fe3o4,phosphate,phosphate,A,317,,LYS,0.2601,0.260087,28.454,16.954
hsa_paa_fe3o4,phosphate,phosphate,A,436,,LYS,0.25639,0.256377,28.048,76.044
hsa_paa_fe3o4,phosphate,phosphate,A,466,,LYS,0.25267,0.252657,27.642,10.962
hsa_paa_fe3o4,phosphate,phosphate,A,233,,LYS,0.24896,0.248948,27.236,29.372
hsa_paa_fe3o4,phosphate,phosphate,A,525,,LYS,0.24524,0.245228,26.829,45.05
hsa_paa_fe3o4,phosphate,phosphate,A,146,,HIS,0.36711,0.244546,26.754,39.255
hsa_paa_fe3o4,phosphate,phosphate,A,10,,ARG,0.24045,0.24045,26.306,39.575
hsa_paa_fe3o4,phosphate,phosphate,A,145,,ARG,0.23729,0.23729,25.96,26.128
hsa_paa_fe3o4,phosphate,phosphate,A,247,,HIS,0.35184,0.234374,25.641,12.019
hsa_paa_fe3o4,phosphate,phosphate,A,67,,HIS,0.35006,0.233189,25.512,45.188
hsa_paa_fe3o4,phosphate,phosphate,A,454,,SER,0.23078,0.23078,25.248,14.66
hsa_paa_fe3o4,phosphate,phosphate,A,137,,LYS,0.21923,0.219219,23.983,20.957
hsa_paa_fe3o4,phosphate,phosphate,A,199,,LYS,0.2162,0.216189,23.652,37.785
hsa_paa_fe3o4,phosphate,phosphate,A,413,,LYS,0.21552,0.215509,23.577,45.967
hsa_paa_fe3o4,phosphate,phosphate,A,262,,LYS,0.20808,0.20807,22.763,13.563
hsa_paa_fe3o4,phosphate,phosphate,A,338,,HIS,0.29899,0.199169,21.79,19.518
hsa_paa_fe3o4,phosphate,phosphate,A,192,,SER,0.19203,0.19203,21.009,65.075
hsa_paa_fe3o4,phosphate,phosphate,A,193,,SER,0.19192,0.19192,20.997,75.685
hsa_paa_fe3o4,phosphate,phosphate,A,510,,HIS,0.28753,0.191535,20.955,8.31
hsa_paa_fe3o4,phosphate,phosphate,A,536,,LYS,0.1895,0.189491,20.731,62.218
hsa_paa_fe3o4,phosphate,phosphate,A,225,,LYS,0.1895,0.189491,20.731,12.352
hsa_paa_fe3o4,phosphate,phosphate,A,159,,LYS,0.18579,0.185781,20.325,43.63
hsa_paa_fe3o4,phosphate,phosphate,A,197,,ARG,0.18264,0.18264,19.981,63.584
hsa_paa_fe3o4,phosphate,phosphate,A,64,,LYS,0.18207,0.182061,19.918,45.188
hsa_paa_fe3o4,phosphate,phosphate,A,402,,LYS,0.18207,0.182061,19.918,7.899
hsa_paa_fe3o4,phosphate,phosphate,A,202,,SER,0.18082,0.18082,19.782,48.809
hsa_paa_fe3o4,phosphate,phosphate,A,20,,LYS,0.15606,0.156052,17.073,6.771
hsa_paa_fe3o4,phosphate,phosphate,A,288,,HIS,0.21738,0.144805,15.842,14.962
hsa_paa_fe3o4,phosphate,phosphate,A,337,,ARG,0.13607,0.13607,14.886,19.518
hsa_paa_fe3o4,phosphate,phosphate,A,93,,LYS,0.13377,0.133763,14.634,5.804
hsa_paa_fe3o4,phosphate,phosphate,A,144,,ARG,0.12037,0.12037,13.169,26.128
hsa_paa_fe3o4,phosphate,phosphate,A,281,,LYS,0.1189,0.118894,13.007,10.156
hsa_paa_fe3o4,phosphate,phosphate,A,414,,LYS,0.11595,0.115944,12.685,21.606
hsa_paa_fe3o4,phosphate,phosphate,A,286,,LYS,0.11519,0.115184,12.602,20.12
hsa_paa_fe3o4,phosphate,phosphate,A,336,,ARG,0.11463,0.11463,12.541,29.325
hsa_paa_fe3o4,phosphate,phosphate,A,257,,ARG,0.10769,0.10769,11.782,7.02
hsa_paa_fe3o4,phosphate,phosphate,A,484,,ARG,0.10712,0.10712,11.719,6.983
hsa_paa_fe3o4,phosphate,phosphate,A,534,,LYS,0.10551,0.105505,11.543,38.984
hsa_paa_fe3o4,phosphate,phosphate,A,174,,LYS,0.09289,0.092885,10.162,4.03
hsa_paa_fe3o4,phosphate,phosphate,A,287,,SER,0.08486,0.08486,9.284,22.479
hsa_paa_fe3o4,phosphate,phosphate,A,348,,ARG,0.07722,0.07722,8.448,19.793
hsa_paa_fe3o4,phosphate,phosphate,A,242,,HIS,0.06401,0.04264,4.665,40.672
