case_id,map_key,internal_chemistry_key,chain,res_seq,icode,res_name,scrsa,local_score,propensity,multiscale_persistence
transferrin_ps,anionic,anionic,C,280,,LYS,0.98359,0.982809,100.0,38.064
transferrin_ps,anionic,anionic,C,330,,THR,0.97588,0.97588,99.295,24.362
transferrin_ps,anionic,anionic,E,613,,SER,0.97127,0.97127,98.826,50.495
transferrin_ps,anionic,anionic,E,622,,LYS,0.94006,0.939314,95.574,49.565
transferrin_ps,anionic,anionic,C,32,,SER,0.93734,0.93734,95.374,38.274
transferrin_ps,anionic,anionic,E,340,,LYS,0.93192,0.93118,94.747,23.246
transferrin_ps,anionic,anionic,C,165,,THR,0.87759,0.87759,89.294,21.908
transferrin_ps,anionic,anionic,E,661,,LYS,0.86112,0.860437,87.549,60.383
transferrin_ps,anionic,anionic,E,544,,SER,0.84103,0.84103,85.574,47.97
transferrin_ps,anionic,anionic,C,4,,LYS,0.82003,0.819379,83.371,46.16
transferrin_ps,anionic,anionic,E,418,,LYS,0.81576,0.815113,82.937,52.573
transferrin_ps,anionic,anionic,C,308,,ARG,0.81464,0.814634,82.888,33.264
transferrin_ps,anionic,anionic,C,144,,LYS,0.78723,0.786605,80.036,39.368
transferrin_ps,anionic,anionic,E,654,,LYS,0.78434,0.783717,79.743,30.87
transferrin_ps,anionic,anionic,E,588,,LYS,0.76578,0.765172,77.856,27.027
transferrin_ps,anionic,anionic,E,434,,SER,0.72822,0.72822,74.096,37.484
transferrin_ps,anionic,anionic,E,489,,LYS,0.7254,0.724824,73.75,29.016
transferrin_ps,anionic,anionic,E,415,,THR,0.69415,0.69415,70.629,58.213
transferrin_ps,anionic,anionic,E,608,,THR,0.69415,0.69415,70.629,28.344
transferrin_ps,anionic,anionic,C,239,,LYS,0.69265,0.6921,70.421,18.294
transferrin_ps,anionic,anionic,E,552,,LYS,0.67462,0.674085,68.588,27.525
transferrin_ps,anionic,anionic,C,217,,LYS,0.65999,0.659466,67.1,21.465
transferrin_ps,anionic,anionic,E,646,,LYS,0.62591,0.625413,63.635,39.919
transferrin_ps,anionic,anionic,E,641,,LYS,0.62562,0.625123,63.606,53.143
transferrin_ps,anionic,anionic,E,666,,ARG,0.62433,0.624325,63.525,25.493
transferrin_ps,anionic,anionic,E,664,,THR,0.61203,0.61203,62.274,33.224
transferrin_ps,anionic,anionic,E,480,,ARG,0.61035,0.610345,62.102,37.144
transferrin_ps,anionic,anionic,C,27,,LYS,0.59837,0.597895,60.835,49.414
transferrin_ps,anionic,anionic,E,419,,LYS,0.59715,0.596676,60.711,57.648
transferrin_ps,anionic,anionic,C,113,,ARG,0.59357,0.593565,60.395,37.423
transferrin_ps,anionic,anionic,C,304,,LYS,0.59331,0.592839,60.321,14.8
transferrin_ps,anionic,anionic,C,255,,SER,0.59091,0.59091,60.125,28.343
transferrin_ps,anionic,anionic,E,569,,SER,0.59091,0.59091,60.125,24.129
transferrin_ps,anionic,anionic,C,196,,LYS,0.58545,0.584985,59.522,36.294
transferrin_ps,anionic,anionic,E,614,,SER,0.57993,0.57993,59.007,50.495
transferrin_ps,anionic,anionic,C,312,,LYS,0.5729,0.572445,58.246,14.291
transferrin_ps,anionic,anionic,C,28,,SER,0.5722,0.5722,58.221,30.21
transferrin_ps,anionic,anionic,C,50,,ARG,0.5702,0.570195,58.017,14.234
transferrin_ps,anionic,anionic,E,474,,ARG,0.56918,0.569175,57.913,15.088
transferrin_ps,anionic,anionic,C,88,,LYS,0.56709,0.56664,57.655,23.416
transferrin_ps,anionic,anionic,E,542,,ARG,0.56201,0.562006,57.184,22.948
transferrin_ps,anionic,anionic,E,564,,THR,0.55424,0.55424,56.393,25.934
transferrin_ps,anionic,anionic,C,286,,SER,0.54206,0.54206,55.154,22.134
transferrin_ps,anionic,anionic,C,148,,LYS,0.53295,0.532527,54.184,21.745
transferrin_ps,anionic,anionic,E,639,,ARG,0.52971,0.529706,53.897,28.829
transferrin_ps,anionic,anionic,E,549,,LYS,0.51893,0.518518,52.759,55.514
transferrin_ps,anionic,anionic,C,36,,SER,0.51551,0.51551,52.453,75.502
transferrin_ps,anionic,anionic,C,5,,THR,0.51415,0.51415,52.314,52.633
transferrin_ps,anionic,anionic,E,433,,LYS,0.50632,0.505918,51.477,37.484
transferrin_ps,anionic,anionic,E,623,,THR,0.49575,0.49575,50.442,47.619
transferrin_ps,anionic,anionic,E,508,,ARG,0.49099,0.490986,49.957,20.387
transferrin_ps,anionic,anionic,C,17,,THR,0.48178,0.48178,49.021,21.679
transferrin_ps,anionic,anionic,C,41,,LYS,0.47987,0.479489,48.788,29.249
transferrin_ps,anionic,anionic,E,578,,LYS,0.47589,0.475512,48.383,12.608
transferrin_ps,anionic,anionic,E,615,,LYS,0.47189,0.471515,47.976,50.495
transferrin_ps,anionic,anionic,E,675,,LYS,0.46753,0.467159,47.533,22.565
transferrin_ps,anionic,anionic,C,103,,LYS,0.46458,0.464211,47.233,27.941
transferrin_ps,anionic,anionic,C,231,,THR,0.46382,0.46382,47.193,22.104
transferrin_ps,anionic,anionic,C,193,,LYS,0.46138,0.461014,46.908,31.127
transferrin_ps,anionic,anionic,E,657,,SER,0.45284,0.45284,46.076,62.753
transferrin_ps,anionic,anionic,C,291,,LYS,0.44819,0.447834,45.567,18.286
transferrin_ps,anionic,anionic,C,278,,LYS,0.43423,0.433885,44.147,32.952
transferrin_ps,anionic,anionic,C,21,,SER,0.42334,0.42334,43.074,32.075
transferrin_ps,anionic,anionic,E,660,,ARG,0.41673,0.416727,42.402,63.5
transferrin_ps,anionic,anionic,E,524,,LYS,0.41313,0.412802,42.002,16.856
transferrin_ps,anionic,anionic,C,233,,LYS,0.40934,0.409015,41.617,19.866
transferrin_ps,anionic,anionic,C,102,,LYS,0.40816,0.407836,41.497,42.545
transferrin_ps,anionic,anionic,C,327,,ARG,0.40628,0.406277,41.338,28.238
transferrin_ps,anionic,anionic,E,595,,LYS,0.4031,0.40278,40.983,17.566
transferrin_ps,anionic,anionic,E,361,,THR,0.39497,0.39497,40.188,17.672
transferrin_ps,anionic,anionic,E,447,,LYS,0.39239,0.392079,39.894,43.829
transferrin_ps,anionic,anionic,E,633,,LYS,0.38873,0.388421,39.522,35.59
transferrin_ps,anionic,anionic,E,370,,SER,0.38134,0.38134,38.801,15.571
transferrin_ps,anionic,anionic,C,155,,SER,0.38017,0.38017,38.682,41.144
transferrin_ps,anionic,anionic,C,42,,LYS,0.37344,0.373144,37.967,29.249
transferrin_ps,anionic,anionic,E,519,,ARG,0.3677,0.367697,37.413,15.014
transferrin_ps,anionic,anionic,C,23,,ARG,0.36219,0.362187,36.852,33.71
transferrin_ps,anionic,anionic,E,566,,LYS,0.35614,0.355857,36.208,19.788
transferrin_ps,anionic,anionic,C,116,,LYS,0.35172,0.351441,35.759,41.144
transferrin_ps,anionic,anionic,E,643,,THR,0.34853,0.34853,35.463,39.919
transferrin_ps,anionic,anionic,E,624,,LYS,0.34864,0.348363,35.446,34.468
transferrin_ps,anionic,anionic,E,414,,SER,0.34306,0.34306,34.906,42.352
transferrin_ps,anionic,anionic,C,87,,SER,0.34143,0.34143,34.74,23.416
transferrin_ps,anionic,anionic,E,446,,LYS,0.34072,0.34045,34.64,33.524
transferrin_ps,anionic,anionic,E,373,,THR,0.33843,0.33843,34.435,13.819
transferrin_ps,anionic,anionic,E,352,,ARG,0.33832,0.338317,34.423,22.379
transferrin_ps,anionic,anionic,C,259,,LYS,0.32761,0.32735,33.308,10.749
transferrin_ps,anionic,anionic,C,115,,LYS,0.32319,0.322933,32.858,41.144
transferrin_ps,anionic,anionic,C,321,,THR,0.31476,0.31476,32.027,14.979
transferrin_ps,anionic,anionic,E,359,,SER,0.31291,0.31291,31.838,19.618
transferrin_ps,anionic,anionic,C,324,,ARG,0.28527,0.285268,29.026,25.122
transferrin_ps,anionic,anionic,E,469,,ARG,0.27965,0.279648,28.454,7.86
transferrin_ps,anionic,anionic,E,343,,LYS,0.26766,0.267448,27.213,6.677
transferrin_ps,anionic,anionic,E,432,,LYS,0.2676,0.267388,27.206,37.484
transferrin_ps,anionic,anionic,C,276,,LYS,0.26529,0.265079,26.972,28.541
transferrin_ps,anionic,anionic,C,7,,ARG,0.25929,0.259288,26.382,10.588
transferrin_ps,anionic,anionic,E,380,,LYS,0.25616,0.255957,26.043,10.451
transferrin_ps,anionic,anionic,E,672,,THR,0.2506,0.2506,25.498,10.996
transferrin_ps,anionic,anionic,C,181,,THR,0.24944,0.24944,25.38,14.104
transferrin_ps,anionic,anionic,C,105,,SER,0.24721,0.24721,25.153,27.941
transferrin_ps,anionic,anionic,C,208,,SER,0.24721,0.24721,25.153,9.405
transferrin_ps,anionic,anionic,C,44,,SER,0.23589,0.23589,24.002,24.869
transferrin_ps,anionic,anionic,C,78,,LYS,0.21207,0.211902,21.561,8.653
transferrin_ps,anionic,anionic,E,663,,SER,0.20162,0.20162,20.515,67.781
transferrin_ps,anionic,anionic,C,189,,SER,0.20086,0.20086,20.437,8.202
transferrin_ps,anionic,anionic,C,220,,ARG,0.20037,0.200368,20.387,21.465
transferrin_ps,anionic,anionic,E,501,,SER,0.19389,0.19389,19.728,17.097
transferrin_ps,anionic,anionic,E,515,,THR,0.19121,0.19121,19.455,7.808
transferrin_ps,anionic,anionic,C,143,,ARG,0.17751,0.177509,18.061,37.362
transferrin_ps,anionic,anionic,E,587,,ARG,0.17485,0.174849,17.791,27.027
transferrin_ps,anionic,anionic,C,124,,ARG,0.15841,0.158409,16.118,3.955
transferrin_ps,anionic,anionic,E,597,,LYS,0.15837,0.158244,16.101,14.005
transferrin_ps,anionic,anionic,E,532,,SER,0.15254,0.15254,15.521,6.229
transferrin_ps,anionic,anionic,E,491,,SER,0.15102,0.15102,15.366,12.089
transferrin_ps,anionic,anionic,E,492,,SER,0.14504,0.14504,14.758,12.089
transferrin_ps,anionic,anionic,E,590,,LYS,0.14273,0.142617,14.511,37.082
transferrin_ps,anionic,anionic,E,487,,SER,0.14144,0.14144,14.391,5.775
transferrin_ps,anionic,anionic,E,565,,ARG,0.12874,0.128739,13.099,25.934
transferrin_ps,anionic,anionic,C,298,,SER,0.11414,0.11414,11.614,4.661
transferrin_ps,anionic,anionic,C,279,,SER,0.10804,0.10804,10.993,45.684
transferrin_ps,anionic,anionic,C,254,,ARG,0.10321,0.103209,10.501,28.343
transferrin_ps,anionic,anionic,E,455,,ARG,0.09967,0.099669,10.141,2.488
transferrin_ps,anionic,anionic,C,93,,THR,0.09895,0.09895,10.068,4.04
transferrin_ps,anionic,anionic,E,572,,HIS,0.86691,0.096934,9.863,3.958
transferrin_ps,anionic,anionic,C,180,,SER,0.09596,0.09596,9.764,14.104
transferrin_ps,anionic,anionic,C,12,,SER,0.08312,0.08312,8.457,20.637
transferrin_ps,anionic,anionic,E,349,,HIS,0.71098,0.079499,8.089,19.195
transferrin_ps,anionic,anionic,E,354,,LYS,0.07803,0.077968,7.933,16.998
transferrin_ps,anionic,anionic,C,232,,ARG,0.0775,0.077499,7.885,23.724
transferrin_ps,anionic,anionic,E,620,,HIS,0.642,0.071786,7.304,2.931
transferrin_ps,anionic,anionic,E,676,,HIS,0.61263,0.068502,6.97,13.839
transferrin_ps,anionic,anionic,E,350,,HIS,0.46747,0.052271,5.318,19.195
transferrin_ps,anionic,anionic,C,289,,HIS,0.4567,0.051066,5.196,4.092
transferrin_ps,anionic,anionic,C,14,,HIS,0.43949,0.049142,5.0,22.831
transferrin_ps,anionic,anionic,C,273,,HIS,0.35944,0.040191,4.089,1.641
transferrin_ps,anionic,anionic,C,25,,HIS,0.35811,0.040042,4.074,49.82
transferrin_ps,anionic,anionic,E,472,,HIS,0.3148,0.0352,3.582,1.437
transferrin_ps,anionic,anionic,C,300,,HIS,0.26768,0.029931,3.045,1.222
transferrin_ps,anionic,anionic,E,575,,HIS,0.26396,0.029515,3.003,1.205
transferrin_ps,anionic,anionic,C,242,,HIS,0.22621,0.025294,2.574,1.033
transferrin_ps,anionic,anionic,E,674,,HIS,0.16709,0.018683,1.901,22.565
transferrin_ps,anionic,anionic,C,207,,HIS,0.13779,0.015407,1.568,10.723
transferrin_ps,anionic,anionic,E,582,,HIS,0.09238,0.01033,1.051,0.258
transferrin_ps,anionic,anionic,C,249,,HIS,0.08455,0.009454,0.962,0.386
transferrin_ps,cationic,cationic,E,550,,ASP,1.0,0.999684,100.0,37.514
transferrin_ps,cationic,cationic,C,277,,ASP,1.0,0.999684,100.0,36.197
transferrin_ps,cationic,cationic,E,651,,ASP,1.0,0.999684,100.0,23.624
transferrin_ps,cationic,cationic,C,330,,THR,0.97588,0.97588,97.619,36.621
transferrin_ps,cationic,cationic,E,613,,SER,0.97127,0.97127,97.158,54.4
transferrin_ps,cationic,cationic,C,90,,ASP,0.9637,0.963395,96.37,58.434
transferrin_ps,cationic,cationic,E,437,,ASP,0.9637,0.963395,96.37,47.654
transferrin_ps,cationic,cationic,C,104,,ASP,0.9597,0.959397,95.97,45.279
transferrin_ps,cationic,cationic,C,32,,SER,0.93734,0.93734,93.764,66.97
transferrin_ps,cationic,cationic,E,336,,GLN,0.91923,0.91923,91.952,47.422
transferrin_ps,cationic,cationic,E,333,,ASP,0.91255,0.912262,91.255,21.558
transferrin_ps,cationic,cationic,E,490,,ASN,0.90917,0.90917,90.946,66.522
transferrin_ps,cationic,cationic,C,165,,THR,0.87759,0.87759,87.787,50.323
transferrin_ps,cationic,cationic,C,240,,ASP,0.86695,0.866676,86.695,39.314
transferrin_ps,cationic,cationic,C,328,,GLU,0.86328,0.862848,86.312,57.899
transferrin_ps,cationic,cationic,E,488,,GLN,0.86083,0.86083,86.11,52.166
transferrin_ps,cationic,cationic,E,413,,GLU,0.8526,0.852173,85.244,47.803
transferrin_ps,cationic,cationic,C,89,,GLU,0.84952,0.849094,84.936,50.9
transferrin_ps,cationic,cationic,C,33,,ASP,0.84755,0.847282,84.755,55.698
transferrin_ps,cationic,cationic,E,544,,SER,0.84103,0.84103,84.13,53.161
transferrin_ps,cationic,cationic,E,423,,GLU,0.83984,0.839419,83.968,25.596
transferrin_ps,cationic,cationic,C,261,,ASP,0.83065,0.830387,83.065,41.109
transferrin_ps,cationic,cationic,C,141,,GLU,0.81975,0.819339,81.96,19.362
transferrin_ps,cationic,cationic,E,471,,ASN,0.81289,0.81289,81.315,37.729
transferrin_ps,cationic,cationic,C,318,,GLU,0.80831,0.807905,80.816,43.28
transferrin_ps,cationic,cationic,E,554,,GLU,0.79222,0.791823,79.207,49.275
transferrin_ps,cationic,cationic,E,604,,GLU,0.77843,0.77804,77.829,32.56
transferrin_ps,cationic,cationic,C,56,,GLU,0.77432,0.773932,77.418,36.302
transferrin_ps,cationic,cationic,C,272,,GLU,0.76895,0.768565,76.881,42.885
transferrin_ps,cationic,cationic,C,216,,ASN,0.76293,0.76293,76.317,45.335
transferrin_ps,cationic,cationic,C,55,,ASN,0.76226,0.76226,76.25,36.302
transferrin_ps,cationic,cationic,E,611,,ASP,0.75107,0.750833,75.107,70.804
transferrin_ps,cationic,cationic,C,222,,GLN,0.7464,0.7464,74.664,74.901
transferrin_ps,cationic,cationic,E,642,,ASN,0.74573,0.74573,74.597,41.063
transferrin_ps,cationic,cationic,C,281,,GLU,0.74375,0.743377,74.361,30.14
transferrin_ps,cationic,cationic,E,376,,ASP,0.73639,0.736157,73.639,51.604
transferrin_ps,cationic,cationic,E,434,,SER,0.72822,0.72822,72.845,38.828
transferrin_ps,cationic,cationic,E,600,,ASP,0.72607,0.72584,72.607,30.602
transferrin_ps,cationic,cationic,E,562,,ASP,0.71183,0.711605,71.183,44.728
transferrin_ps,cationic,cationic,C,229,,ASP,0.70725,0.707026,70.725,56.307
transferrin_ps,cationic,cationic,E,357,,GLU,0.70362,0.703268,70.349,47.571
transferrin_ps,cationic,cationic,E,415,,THR,0.69415,0.69415,69.437,62.372
transferrin_ps,cationic,cationic,E,608,,THR,0.69415,0.69415,69.437,40.486
transferrin_ps,cationic,cationic,E,444,,GLU,0.68885,0.688505,68.872,41.431
transferrin_ps,cationic,cationic,C,166,,ASP,0.68114,0.680925,68.114,58.067
transferrin_ps,cationic,cationic,C,325,,ASN,0.68005,0.68005,68.027,57.899
transferrin_ps,cationic,cationic,E,596,,GLN,0.6716,0.6716,67.181,25.203
transferrin_ps,cationic,cationic,E,645,,GLU,0.65809,0.65776,65.797,45.626
transferrin_ps,cationic,cationic,C,138,,ASP,0.65032,0.650114,65.032,29.268
transferrin_ps,cationic,cationic,E,555,,ASP,0.63799,0.637788,63.799,66.484
transferrin_ps,cationic,cationic,C,76,,ASN,0.63659,0.63659,63.679,40.63
transferrin_ps,cationic,cationic,E,573,,ASN,0.63104,0.63104,63.124,25.432
transferrin_ps,cationic,cationic,C,236,,ASP,0.62834,0.628141,62.834,40.211
transferrin_ps,cationic,cationic,E,589,,ASP,0.62727,0.627072,62.727,14.819
transferrin_ps,cationic,cationic,E,441,,ASN,0.62691,0.62691,62.711,51.572
transferrin_ps,cationic,cationic,E,416,,ASP,0.62509,0.624892,62.509,39.278
transferrin_ps,cationic,cationic,E,533,,GLN,0.62326,0.62326,62.346,28.985
transferrin_ps,cationic,cationic,C,219,,ASP,0.62274,0.622543,62.274,65.196
transferrin_ps,cationic,cationic,E,338,,GLU,0.62058,0.620269,62.047,40.81
transferrin_ps,cationic,cationic,C,20,,GLN,0.61675,0.61675,61.695,54.338
transferrin_ps,cationic,cationic,E,664,,THR,0.61203,0.61203,61.222,30.286
transferrin_ps,cationic,cationic,E,495,,GLU,0.6078,0.607496,60.769,28.24
transferrin_ps,cationic,cationic,E,468,,ASN,0.60648,0.60648,60.667,51.954
transferrin_ps,cationic,cationic,E,477,,GLU,0.60642,0.606116,60.631,40.374
transferrin_ps,cationic,cationic,C,13,,GLU,0.60642,0.606116,60.631,33.515
transferrin_ps,cationic,cationic,E,658,,ASN,0.60194,0.60194,60.213,39.582
transferrin_ps,cationic,cationic,E,356,,ASP,0.60209,0.6019,60.209,60.72
transferrin_ps,cationic,cationic,C,184,,GLN,0.59601,0.59601,59.62,31.225
transferrin_ps,cationic,cationic,E,367,,GLU,0.59536,0.595062,59.525,34.073
transferrin_ps,cationic,cationic,E,569,,SER,0.59091,0.59091,59.11,38.879
transferrin_ps,cationic,cationic,C,255,,SER,0.59091,0.59091,59.11,22.175
transferrin_ps,cationic,cationic,C,47,,ASP,0.5815,0.581316,58.15,24.944
transferrin_ps,cationic,cationic,E,614,,SER,0.57993,0.57993,58.011,54.4
transferrin_ps,cationic,cationic,E,385,,GLU,0.57988,0.57959,57.977,32.428
transferrin_ps,cationic,cationic,E,545,,GLU,0.5759,0.575612,57.579,33.477
transferrin_ps,cationic,cationic,C,24,,ASP,0.57384,0.573659,57.384,37.414
transferrin_ps,cationic,cationic,C,3,,ASP,0.57251,0.572329,57.251,53.273
transferrin_ps,cationic,cationic,C,28,,SER,0.5722,0.5722,57.238,21.472
transferrin_ps,cationic,cationic,C,163,,ASP,0.57118,0.570999,57.118,58.067
transferrin_ps,cationic,cationic,E,564,,THR,0.55424,0.55424,55.442,37.756
transferrin_ps,cationic,cationic,C,111,,GLN,0.55053,0.55053,55.07,41.648
transferrin_ps,cationic,cationic,C,286,,SER,0.54206,0.54206,54.223,32.912
transferrin_ps,cationic,cationic,E,372,,GLU,0.5399,0.53963,53.98,32.95
transferrin_ps,cationic,cationic,C,221,,ASP,0.5331,0.532931,53.31,71.73
transferrin_ps,cationic,cationic,C,110,,ASN,0.52934,0.52934,52.951,50.271
transferrin_ps,cationic,cationic,C,237,,GLU,0.51917,0.51891,51.907,54.158
transferrin_ps,cationic,cationic,C,201,,ASP,0.51709,0.516927,51.709,18.058
transferrin_ps,cationic,cationic,C,36,,SER,0.51551,0.51551,51.567,38.639
transferrin_ps,cationic,cationic,C,5,,THR,0.51415,0.51415,51.431,37.857
transferrin_ps,cationic,cationic,C,268,,ASN,0.5088,0.5088,50.896,54.137
transferrin_ps,cationic,cationic,E,623,,THR,0.49575,0.49575,49.591,17.999
transferrin_ps,cationic,cationic,C,17,,THR,0.48178,0.48178,48.193,48.874
transferrin_ps,cationic,cationic,C,172,,GLN,0.47909,0.47909,47.924,30.435
transferrin_ps,cationic,cationic,C,265,,GLU,0.4764,0.476161,47.631,36.962
transferrin_ps,cationic,cationic,E,637,,ASP,0.47153,0.471381,47.153,11.139
transferrin_ps,cationic,cationic,E,476,,ASP,0.46993,0.469781,46.993,40.474
transferrin_ps,cationic,cationic,E,337,,ASP,0.46739,0.467242,46.739,47.422
transferrin_ps,cationic,cationic,C,231,,THR,0.46382,0.46382,46.397,43.798
transferrin_ps,cationic,cationic,C,310,,ASP,0.45987,0.459725,45.987,17.252
transferrin_ps,cationic,cationic,E,657,,SER,0.45284,0.45284,45.298,24.926
transferrin_ps,cationic,cationic,E,570,,GLU,0.44537,0.445147,44.529,39.396
transferrin_ps,cationic,cationic,E,369,,GLU,0.44379,0.443568,44.371,30.956
transferrin_ps,cationic,cationic,C,260,,GLU,0.43326,0.433043,43.318,41.109
transferrin_ps,cationic,cationic,C,169,,GLN,0.42864,0.42864,42.878,34.064
transferrin_ps,cationic,cationic,C,283,,GLN,0.424,0.424,42.413,36.253
transferrin_ps,cationic,cationic,C,21,,SER,0.42334,0.42334,42.347,49.52
transferrin_ps,cationic,cationic,C,230,,ASN,0.42279,0.42279,42.292,69.317
transferrin_ps,cationic,cationic,E,442,,ASN,0.41554,0.41554,41.567,71.513
transferrin_ps,cationic,cationic,E,553,,GLU,0.41309,0.412883,41.301,63.239
transferrin_ps,cationic,cationic,E,361,,THR,0.39497,0.39497,39.509,26.564
transferrin_ps,cationic,cationic,C,152,,ASN,0.38859,0.38859,38.871,14.582
transferrin_ps,cationic,cationic,E,537,,GLN,0.3858,0.3858,38.592,14.478
transferrin_ps,cationic,cationic,E,607,,ASN,0.38471,0.38471,38.483,40.486
transferrin_ps,cationic,cationic,E,370,,SER,0.38134,0.38134,38.146,30.956
transferrin_ps,cationic,cationic,C,155,,SER,0.38017,0.38017,38.029,14.266
transferrin_ps,cationic,cationic,C,197,,ASP,0.37029,0.370173,37.029,8.748
transferrin_ps,cationic,cationic,C,269,,GLN,0.3644,0.3644,36.452,54.137
transferrin_ps,cationic,cationic,C,317,,TYR,0.35927,0.35927,35.938,43.28
transferrin_ps,cationic,cationic,E,643,,THR,0.34853,0.34853,34.864,46.355
transferrin_ps,cationic,cationic,C,69,,ASP,0.34671,0.3466,34.671,32.57
transferrin_ps,cationic,cationic,E,414,,SER,0.34306,0.34306,34.317,61.274
transferrin_ps,cationic,cationic,C,87,,SER,0.34143,0.34143,34.154,58.434
transferrin_ps,cationic,cationic,E,481,,GLN,0.34077,0.34077,34.088,18.231
transferrin_ps,cationic,cationic,E,373,,THR,0.33843,0.33843,33.854,55.476
transferrin_ps,cationic,cationic,C,71,,TYR,0.33436,0.33436,33.447,49.059
transferrin_ps,cationic,cationic,E,439,,ASN,0.33185,0.33185,33.195,51.572
transferrin_ps,cationic,cationic,E,523,,GLU,0.33161,0.331444,33.155,7.832
transferrin_ps,cationic,cationic,C,147,,GLU,0.32787,0.327706,32.781,12.298
transferrin_ps,cationic,cationic,E,669,,GLU,0.32668,0.326516,32.662,21.657
transferrin_ps,cationic,cationic,C,92,,GLN,0.3188,0.3188,31.89,15.677
transferrin_ps,cationic,cationic,C,321,,THR,0.31476,0.31476,31.486,58.049
transferrin_ps,cationic,cationic,E,359,,SER,0.31291,0.31291,31.301,61.633
transferrin_ps,cationic,cationic,E,435,,ASN,0.30648,0.30648,30.658,51.605
transferrin_ps,cationic,cationic,E,375,,GLU,0.30071,0.300559,30.065,47.645
transferrin_ps,cationic,cationic,E,383,,ASN,0.28456,0.28456,28.465,32.428
transferrin_ps,cationic,cationic,E,454,,ASP,0.28345,0.28336,28.345,13.386
transferrin_ps,cationic,cationic,C,238,,TYR,0.27807,0.27807,27.816,57.179
transferrin_ps,cationic,cationic,E,630,,ASP,0.27798,0.277892,27.798,17.508
transferrin_ps,cationic,cationic,C,224,,GLU,0.27663,0.276491,27.658,13.907
transferrin_ps,cationic,cationic,E,625,,ASP,0.26597,0.265886,26.597,20.406
transferrin_ps,cationic,cationic,E,401,,GLN,0.26507,0.26507,26.515,9.947
transferrin_ps,cationic,cationic,C,108,,GLN,0.25975,0.25975,25.983,66.137
transferrin_ps,cationic,cationic,E,672,,THR,0.2506,0.2506,25.068,19.902
transferrin_ps,cationic,cationic,C,181,,THR,0.24944,0.24944,24.952,17.791
transferrin_ps,cationic,cationic,C,105,,SER,0.24721,0.24721,24.729,40.729
transferrin_ps,cationic,cationic,C,208,,SER,0.24721,0.24721,24.729,9.277
transferrin_ps,cationic,cationic,E,557,,GLU,0.24277,0.242648,24.273,9.106
transferrin_ps,cationic,cationic,C,45,,TYR,0.23835,0.23835,23.843,27.212
transferrin_ps,cationic,cationic,C,44,,SER,0.23589,0.23589,23.596,29.176
transferrin_ps,cationic,cationic,E,507,,ASN,0.23069,0.23069,23.076,10.588
transferrin_ps,cationic,cationic,C,212,,GLU,0.20772,0.207616,20.768,15.102
transferrin_ps,cationic,cationic,C,15,,GLU,0.20398,0.203878,20.394,51.595
transferrin_ps,cationic,cationic,E,663,,SER,0.20162,0.20162,20.168,30.533
transferrin_ps,cationic,cationic,C,189,,SER,0.20086,0.20086,20.092,9.462
transferrin_ps,cationic,cationic,E,631,,ASP,0.19715,0.197088,19.715,17.824
transferrin_ps,cationic,cationic,C,213,,ASN,0.19481,0.19481,19.487,15.102
transferrin_ps,cationic,cationic,E,501,,SER,0.19389,0.19389,19.395,7.276
transferrin_ps,cationic,cationic,E,515,,THR,0.19121,0.19121,19.127,7.175
transferrin_ps,cationic,cationic,C,68,,TYR,0.18697,0.18697,18.703,20.51
transferrin_ps,cationic,cationic,E,526,,ASP,0.18572,0.185661,18.572,6.967
transferrin_ps,cationic,cationic,E,422,,GLU,0.17885,0.17876,17.882,38.208
transferrin_ps,cationic,cationic,E,467,,TYR,0.1772,0.1772,17.726,51.954
transferrin_ps,cationic,cationic,C,245,,GLN,0.1731,0.1731,17.315,7.112
transferrin_ps,cationic,cationic,C,271,,GLN,0.17297,0.17297,17.302,52.904
transferrin_ps,cationic,cationic,E,351,,GLU,0.1597,0.15962,15.967,5.99
transferrin_ps,cationic,cationic,C,292,,ASP,0.15898,0.15893,15.898,11.728
transferrin_ps,cationic,cationic,E,644,,TYR,0.15827,0.15827,15.832,45.626
transferrin_ps,cationic,cationic,C,297,,ASP,0.15365,0.153601,15.365,27.799
transferrin_ps,cationic,cationic,E,532,,SER,0.15254,0.15254,15.259,19.868
transferrin_ps,cationic,cationic,E,491,,SER,0.15102,0.15102,15.107,77.531
transferrin_ps,cationic,cationic,E,492,,SER,0.14504,0.14504,14.509,64.324
transferrin_ps,cationic,cationic,E,487,,SER,0.14144,0.14144,14.148,37.611
transferrin_ps,cationic,cationic,C,136,,TYR,0.12982,0.12982,12.986,18.431
transferrin_ps,cationic,cationic,C,183,,ASN,0.1287,0.1287,12.874,27.826
transferrin_ps,cationic,cationic,C,96,,TYR,0.12784,0.12784,12.788,11.293
transferrin_ps,cationic,cationic,C,298,,SER,0.11414,0.11414,11.418,10.047
transferrin_ps,cationic,cationic,C,75,,ASN,0.11176,0.11176,11.18,28.083
transferrin_ps,cationic,cationic,C,279,,SER,0.10804,0.10804,10.807,53.764
transferrin_ps,cationic,cationic,C,185,,TYR,0.10738,0.10738,10.741,31.225
transferrin_ps,cationic,cationic,E,512,,TYR,0.10439,0.10439,10.442,3.917
transferrin_ps,cationic,cationic,E,395,,TYR,0.10141,0.10141,10.144,6.212
transferrin_ps,cationic,cationic,C,93,,THR,0.09895,0.09895,9.898,9.872
transferrin_ps,cationic,cationic,C,180,,SER,0.09596,0.09596,9.599,17.791
transferrin_ps,cationic,cationic,E,387,,ASP,0.09448,0.09445,9.448,3.544
transferrin_ps,cationic,cationic,C,223,,TYR,0.09409,0.09409,9.412,61.915
transferrin_ps,cationic,cationic,E,602,,GLN,0.08963,0.08963,8.966,59.798
transferrin_ps,cationic,cationic,C,12,,SER,0.08312,0.08312,8.315,33.515
transferrin_ps,cationic,cationic,E,412,,TYR,0.07863,0.07863,7.865,34.929
transferrin_ps,cationic,cationic,E,460,,ASN,0.07336,0.07336,7.338,8.43
transferrin_ps,cationic,cationic,C,319,,TYR,0.06496,0.06496,6.498,36.555
transferrin_ps,cationic,cationic,E,425,,TYR,0.06496,0.06496,6.498,2.438
transferrin_ps,cationic,cationic,E,397,,TYR,0.06414,0.06414,6.416,6.212
transferrin_ps,cationic,cationic,C,129,,ASN,0.05867,0.05867,5.869,1.386
transferrin_ps,cationic,cationic,E,506,,ASN,0.05146,0.05146,5.148,10.588
transferrin_ps,cationic,cationic,E,647,,TYR,0.05128,0.05128,5.13,45.626
transferrin_ps,cationic,cationic,C,188,,TYR,0.05128,0.05128,5.13,9.462
transferrin_ps,hydrophobic,hydrophobic,C,256,,MET,0.97121,0.97121,100.0,38.759
transferrin_ps,hydrophobic,hydrophobic,E,360,,VAL,0.87816,0.87816,90.419,43.459
transferrin_ps,hydrophobic,hydrophobic,E,592,,ALA,0.85474,0.85474,88.008,46.641
transferrin_ps,hydrophobic,hydrophobic,C,218,,ALA,0.84602,0.84602,87.11,41.869
transferrin_ps,hydrophobic,hydrophobic,E,650,,ALA,0.82858,0.82858,85.314,52.49
transferrin_ps,hydrophobic,hydrophobic,E,610,,ALA,0.81985,0.81985,84.415,32.718
transferrin_ps,hydrophobic,hydrophobic,E,334,,PRO,0.7923,0.7923,81.579,69.78
transferrin_ps,hydrophobic,hydrophobic,E,546,,PRO,0.78725,0.78725,81.059,34.16
transferrin_ps,hydrophobic,hydrophobic,C,215,,ALA,0.7588,0.7588,78.129,44.983
transferrin_ps,hydrophobic,hydrophobic,E,603,,VAL,0.75649,0.75649,77.891,44.936
transferrin_ps,hydrophobic,hydrophobic,E,500,,PRO,0.73679,0.73679,75.863,61.858
transferrin_ps,hydrophobic,hydrophobic,C,43,,ALA,0.71519,0.71519,73.639,42.463
transferrin_ps,hydrophobic,hydrophobic,C,175,,PRO,0.68632,0.68632,70.666,33.965
transferrin_ps,hydrophobic,hydrophobic,C,73,,ALA,0.66286,0.66286,68.251,69.784
transferrin_ps,hydrophobic,hydrophobic,C,74,,PRO,0.66109,0.66109,68.069,65.521
transferrin_ps,hydrophobic,hydrophobic,C,307,,PRO,0.651,0.651,67.03,41.441
transferrin_ps,hydrophobic,hydrophobic,E,335,,LEU,0.61771,0.61771,63.602,80.639
transferrin_ps,hydrophobic,hydrophobic,E,332,,PRO,0.61063,0.61063,62.873,60.79
transferrin_ps,hydrophobic,hydrophobic,C,142,,PRO,0.59044,0.59044,60.794,48.201
transferrin_ps,hydrophobic,hydrophobic,C,288,,PRO,0.58035,0.58035,59.755,23.16
transferrin_ps,hydrophobic,hydrophobic,E,655,,ALA,0.56692,0.56692,58.373,44.515
transferrin_ps,hydrophobic,hydrophobic,E,436,,PRO,0.56521,0.56521,58.196,22.556
transferrin_ps,hydrophobic,hydrophobic,C,182,,LEU,0.55337,0.55337,56.977,27.386
transferrin_ps,hydrophobic,hydrophobic,E,353,,LEU,0.55337,0.55337,56.977,22.084
transferrin_ps,hydrophobic,hydrophobic,E,567,,PRO,0.51474,0.51474,53.0,25.474
transferrin_ps,hydrophobic,hydrophobic,C,54,,ALA,0.51459,0.51459,52.984,26.453
transferrin_ps,hydrophobic,hydrophobic,E,502,,VAL,0.51314,0.51314,52.835,67.073
transferrin_ps,hydrophobic,hydrophobic,C,145,,PRO,0.5097,0.5097,52.481,32.443
transferrin_ps,hydrophobic,hydrophobic,C,168,,PRO,0.4996,0.4996,51.441,34.752
transferrin_ps,hydrophobic,hydrophobic,C,303,,LEU,0.49331,0.49331,50.793,28.73
transferrin_ps,hydrophobic,hydrophobic,C,322,,ALA,0.48842,0.48842,50.29,24.172
transferrin_ps,hydrophobic,hydrophobic,C,46,,LEU,0.48473,0.48473,49.91,23.989
transferrin_ps,hydrophobic,hydrophobic,C,228,,LEU,0.45471,0.45471,46.819,21.697
transferrin_ps,hydrophobic,hydrophobic,E,379,,ALA,0.44481,0.44481,45.8,27.858
transferrin_ps,hydrophobic,hydrophobic,C,234,,PRO,0.434,0.434,44.687,17.32
transferrin_ps,hydrophobic,hydrophobic,E,365,,LEU,0.42897,0.42897,44.169,26.841
transferrin_ps,hydrophobic,hydrophobic,E,420,,ALA,0.42737,0.42737,44.004,23.298
transferrin_ps,hydrophobic,hydrophobic,C,72,,LEU,0.42468,0.42468,43.727,53.822
transferrin_ps,hydrophobic,hydrophobic,C,31,,PRO,0.42391,0.42391,43.648,20.979
transferrin_ps,hydrophobic,hydrophobic,C,38,,ALA,0.41865,0.41865,43.106,20.719
transferrin_ps,hydrophobic,hydrophobic,E,561,,LEU,0.4161,0.4161,42.843,19.578
transferrin_ps,hydrophobic,hydrophobic,E,465,,LEU,0.38607,0.38607,39.751,19.106
transferrin_ps,hydrophobic,hydrophobic,C,140,,PRO,0.38353,0.38353,39.49,38.869
transferrin_ps,hydrophobic,hydrophobic,E,536,,LEU,0.36462,0.36462,37.543,14.551
transferrin_ps,hydrophobic,hydrophobic,E,577,,ALA,0.3576,0.3576,36.82,17.697
transferrin_ps,hydrophobic,hydrophobic,C,134,,LEU,0.35175,0.35175,36.218,17.408
transferrin_ps,hydrophobic,hydrophobic,E,599,,LEU,0.3303,0.3303,34.009,20.38
transferrin_ps,hydrophobic,hydrophobic,C,91,,PRO,0.32298,0.32298,33.255,17.006
transferrin_ps,hydrophobic,hydrophobic,E,498,,VAL,0.31741,0.31741,32.682,41.103
transferrin_ps,hydrophobic,hydrophobic,C,211,,PHE,0.31683,0.31683,32.622,23.11
transferrin_ps,hydrophobic,hydrophobic,E,591,,ALA,0.31399,0.31399,32.33,50.652
transferrin_ps,hydrophobic,hydrophobic,C,306,,PRO,0.30279,0.30279,31.177,41.441
transferrin_ps,hydrophobic,hydrophobic,C,40,,VAL,0.27509,0.27509,28.324,13.614
transferrin_ps,hydrophobic,hydrophobic,C,244,,ALA,0.26166,0.26166,26.942,12.949
transferrin_ps,hydrophobic,hydrophobic,C,264,,TRP,0.26022,0.26022,26.793,21.582
transferrin_ps,hydrophobic,hydrophobic,E,505,,PRO,0.24728,0.24728,25.461,17.849
transferrin_ps,hydrophobic,hydrophobic,C,29,,VAL,0.23806,0.23806,24.512,11.781
transferrin_ps,hydrophobic,hydrophobic,C,16,,ALA,0.23549,0.23549,24.247,11.654
transferrin_ps,hydrophobic,hydrophobic,E,653,,ILE,0.23205,0.23205,23.893,68.963
transferrin_ps,hydrophobic,hydrophobic,C,122,,LEU,0.22306,0.22306,22.967,10.9
transferrin_ps,hydrophobic,hydrophobic,C,186,,PHE,0.22104,0.22104,22.759,10.939
transferrin_ps,hydrophobic,hydrophobic,C,167,,PHE,0.20262,0.20262,20.863,28.024
transferrin_ps,hydrophobic,hydrophobic,C,199,,ALA,0.2006,0.2006,20.655,9.928
transferrin_ps,hydrophobic,hydrophobic,C,313,,MET,0.18696,0.18696,19.25,12.705
transferrin_ps,hydrophobic,hydrophobic,E,426,,LEU,0.18017,0.18017,18.551,8.916
transferrin_ps,hydrophobic,hydrophobic,C,262,,LEU,0.17588,0.17588,18.109,17.404
transferrin_ps,hydrophobic,hydrophobic,E,673,,PHE,0.16578,0.16578,17.069,11.657
transferrin_ps,hydrophobic,hydrophobic,E,522,,VAL,0.1587,0.1587,16.34,7.854
transferrin_ps,hydrophobic,hydrophobic,E,571,,ALA,0.15699,0.15699,16.164,7.769
transferrin_ps,hydrophobic,hydrophobic,E,421,,PRO,0.15644,0.15644,16.108,26.722
transferrin_ps,hydrophobic,hydrophobic,C,214,,LEU,0.15014,0.15014,15.459,48.918
transferrin_ps,hydrophobic,hydrophobic,E,459,,TRP,0.14866,0.14866,15.307,15.615
transferrin_ps,hydrophobic,hydrophobic,C,53,,ALA,0.14827,0.14827,15.267,32.804
transferrin_ps,hydrophobic,hydrophobic,C,146,,LEU,0.14585,0.14585,15.017,32.443
transferrin_ps,hydrophobic,hydrophobic,E,551,,LEU,0.14585,0.14585,15.017,7.218
transferrin_ps,hydrophobic,hydrophobic,C,11,,VAL,0.14283,0.14283,14.706,42.463
transferrin_ps,hydrophobic,hydrophobic,C,130,,ILE,0.14011,0.14011,14.426,9.412
transferrin_ps,hydrophobic,hydrophobic,E,453,,VAL,0.13754,0.13754,14.162,14.164
transferrin_ps,hydrophobic,hydrophobic,E,347,,LEU,0.13298,0.13298,13.692,6.581
transferrin_ps,hydrophobic,hydrophobic,E,382,,MET,0.11809,0.11809,12.159,22.464
transferrin_ps,hydrophobic,hydrophobic,E,504,,ALA,0.11338,0.11338,11.674,43.244
transferrin_ps,hydrophobic,hydrophobic,E,341,,ALA,0.11338,0.11338,11.674,21.644
transferrin_ps,hydrophobic,hydrophobic,E,667,,LEU,0.11153,0.11153,11.484,8.972
transferrin_ps,hydrophobic,hydrophobic,C,94,,PHE,0.11052,0.11052,11.38,5.47
transferrin_ps,hydrophobic,hydrophobic,E,461,,ILE,0.10508,0.10508,10.819,12.557
transferrin_ps,hydrophobic,hydrophobic,C,84,,PHE,0.10315,0.10315,10.621,21.089
transferrin_ps,hydrophobic,hydrophobic,E,656,,VAL,0.10051,0.10051,10.349,42.315
transferrin_ps,hydrophobic,hydrophobic,E,405,,VAL,0.10051,0.10051,10.349,4.974
transferrin_ps,hydrophobic,hydrophobic,C,109,,MET,0.08898,0.08898,9.162,4.404
transferrin_ps,hydrophobic,hydrophobic,C,82,,ALA,0.08722,0.08722,8.981,28.73
transferrin_ps,hydrophobic,hydrophobic,E,580,,PRO,0.08579,0.08579,8.833,4.246
transferrin_ps,hydrophobic,hydrophobic,C,282,,PHE,0.08473,0.08473,8.724,4.193
transferrin_ps,hydrophobic,hydrophobic,C,80,,VAL,0.08464,0.08464,8.715,4.189
transferrin_ps,hydrophobic,hydrophobic,E,601,,LEU,0.0815,0.0815,8.392,57.818
transferrin_ps,hydrophobic,hydrophobic,C,66,,LEU,0.0815,0.0815,8.392,3.252
transferrin_ps,hydrophobic,hydrophobic,E,470,,ILE,0.07881,0.07881,8.115,3.145
transferrin_ps,hydrophobic,hydrophobic,E,440,,TRP,0.07449,0.07449,7.67,3.686
transferrin_ps,hydrophobic,hydrophobic,E,605,,PHE,0.07,0.07,7.208,41.235
transferrin_ps,hydrophobic,hydrophobic,E,670,,ALA,0.06977,0.06977,7.184,21.312
transferrin_ps,hydrophobic,hydrophobic,E,547,,TRP,0.06872,0.06872,7.076,42.361
transferrin_ps,hydrophobic,hydrophobic,E,496,,LEU,0.06863,0.06863,7.066,3.396
transferrin_ps,hydrophobic,hydrophobic,C,107,,PHE,0.06631,0.06631,6.828,3.282
transferrin_ps,hydrophobic,hydrophobic,E,374,,PRO,0.0656,0.0656,6.754,3.246
transferrin_ps,hydrophobic,hydrophobic,C,173,,LEU,0.06435,0.06435,6.626,3.185
transferrin_ps,hydrophobic,hydrophobic,E,616,,PHE,0.06263,0.06263,6.449,5.293
transferrin_ps,hydrophobic,hydrophobic,E,619,,PHE,0.06263,0.06263,6.449,3.1
transferrin_ps,hydrophobic,hydrophobic,E,475,,PHE,0.05894,0.05894,6.069,2.917
transferrin_ps,hydrophobic,hydrophobic,E,659,,LEU,0.05577,0.05577,5.742,7.734
transferrin_ps,hydrophobic,hydrophobic,E,389,,MET,0.05416,0.05416,5.577,2.161
transferrin_ps,hydrophobic,hydrophobic,C,60,,VAL,0.0529,0.0529,5.447,2.111
transferrin_ps,hydrophobic,hydrophobic,C,274,,PHE,0.05158,0.05158,5.311,2.553
transferrin_ps,hydrophobic,hydrophobic,E,493,,LEU,0.05148,0.05148,5.301,2.548
transferrin_ps,hydrophobic,hydrophobic,C,128,,TRP,0.05007,0.05007,5.155,16.491
transferrin_ps,pi_carbon,pi_carbon,C,280,,LYS,0.98359,0.982809,100.0,51.338
transferrin_ps,pi_carbon,pi_carbon,E,622,,LYS,0.94006,0.939314,95.574,51.286
transferrin_ps,pi_carbon,pi_carbon,E,340,,LYS,0.93192,0.93118,94.747,30.782
transferrin_ps,pi_carbon,pi_carbon,E,572,,HIS,0.86691,0.86691,88.207,37.384
transferrin_ps,pi_carbon,pi_carbon,E,661,,LYS,0.86112,0.860437,87.549,42.22
transferrin_ps,pi_carbon,pi_carbon,C,4,,LYS,0.82003,0.819379,83.371,27.087
transferrin_ps,pi_carbon,pi_carbon,E,418,,LYS,0.81576,0.815113,82.937,46.67
transferrin_ps,pi_carbon,pi_carbon,C,308,,ARG,0.81464,0.814634,82.888,33.935
transferrin_ps,pi_carbon,pi_carbon,C,144,,LYS,0.78723,0.786605,80.036,52.64
transferrin_ps,pi_carbon,pi_carbon,E,654,,LYS,0.78434,0.783717,79.743,25.908
transferrin_ps,pi_carbon,pi_carbon,E,588,,LYS,0.76578,0.765172,77.856,35.789
transferrin_ps,pi_carbon,pi_carbon,E,489,,LYS,0.7254,0.724824,73.75,23.961
transferrin_ps,pi_carbon,pi_carbon,E,349,,HIS,0.71098,0.71098,72.342,68.949
transferrin_ps,pi_carbon,pi_carbon,C,239,,LYS,0.69265,0.6921,70.421,48.33
transferrin_ps,pi_carbon,pi_carbon,E,552,,LYS,0.67462,0.674085,68.588,36.805
transferrin_ps,pi_carbon,pi_carbon,C,217,,LYS,0.65999,0.659466,67.1,38.898
transferrin_ps,pi_carbon,pi_carbon,E,620,,HIS,0.642,0.642,65.323,38.472
transferrin_ps,pi_carbon,pi_carbon,E,646,,LYS,0.62591,0.625413,63.635,48.267
transferrin_ps,pi_carbon,pi_carbon,E,641,,LYS,0.62562,0.625123,63.606,65.777
transferrin_ps,pi_carbon,pi_carbon,E,666,,ARG,0.62433,0.624325,63.525,20.639
transferrin_ps,pi_carbon,pi_carbon,E,676,,HIS,0.61263,0.61263,62.335,44.872
transferrin_ps,pi_carbon,pi_carbon,E,480,,ARG,0.61035,0.610345,62.102,44.392
transferrin_ps,pi_carbon,pi_carbon,C,27,,LYS,0.59837,0.597895,60.835,43.576
transferrin_ps,pi_carbon,pi_carbon,E,419,,LYS,0.59715,0.596676,60.711,46.67
transferrin_ps,pi_carbon,pi_carbon,C,113,,ARG,0.59357,0.593565,60.395,41.915
transferrin_ps,pi_carbon,pi_carbon,C,304,,LYS,0.59331,0.592839,60.321,28.2
transferrin_ps,pi_carbon,pi_carbon,C,196,,LYS,0.58545,0.584985,59.522,48.06
transferrin_ps,pi_carbon,pi_carbon,C,312,,LYS,0.5729,0.572445,58.246,31.255
transferrin_ps,pi_carbon,pi_carbon,C,50,,ARG,0.5702,0.570195,58.017,26.728
transferrin_ps,pi_carbon,pi_carbon,E,474,,ARG,0.56918,0.569175,57.913,31.17
transferrin_ps,pi_carbon,pi_carbon,C,88,,LYS,0.56709,0.56664,57.655,30.938
transferrin_ps,pi_carbon,pi_carbon,E,542,,ARG,0.56201,0.562006,57.184,30.685
transferrin_ps,pi_carbon,pi_carbon,C,148,,LYS,0.53295,0.532527,54.184,29.076
transferrin_ps,pi_carbon,pi_carbon,E,639,,ARG,0.52971,0.529706,53.897,38.176
transferrin_ps,pi_carbon,pi_carbon,E,549,,LYS,0.51893,0.518518,52.759,28.311
transferrin_ps,pi_carbon,pi_carbon,E,433,,LYS,0.50632,0.505918,51.477,25.564
transferrin_ps,pi_carbon,pi_carbon,E,508,,ARG,0.49099,0.490986,49.957,26.808
transferrin_ps,pi_carbon,pi_carbon,C,41,,LYS,0.47987,0.479489,48.788,28.186
transferrin_ps,pi_carbon,pi_carbon,E,578,,LYS,0.47589,0.475512,48.383,26.592
transferrin_ps,pi_carbon,pi_carbon,E,615,,LYS,0.47189,0.471515,47.976,19.972
transferrin_ps,pi_carbon,pi_carbon,E,350,,HIS,0.46747,0.46747,47.565,82.815
transferrin_ps,pi_carbon,pi_carbon,E,675,,LYS,0.46753,0.467159,47.533,50.352
transferrin_ps,pi_carbon,pi_carbon,C,103,,LYS,0.46458,0.464211,47.233,31.938
transferrin_ps,pi_carbon,pi_carbon,C,193,,LYS,0.46138,0.461014,46.908,39.823
transferrin_ps,pi_carbon,pi_carbon,C,289,,HIS,0.4567,0.4567,46.469,44.43
transferrin_ps,pi_carbon,pi_carbon,C,291,,LYS,0.44819,0.447834,45.567,24.451
transferrin_ps,pi_carbon,pi_carbon,C,14,,HIS,0.43949,0.43949,44.718,29.626
transferrin_ps,pi_carbon,pi_carbon,C,278,,LYS,0.43423,0.433885,44.147,40.979
transferrin_ps,pi_carbon,pi_carbon,E,660,,ARG,0.41673,0.416727,42.402,42.22
transferrin_ps,pi_carbon,pi_carbon,E,524,,LYS,0.41313,0.412802,42.002,22.539
transferrin_ps,pi_carbon,pi_carbon,C,233,,LYS,0.40934,0.409015,41.617,25.275
transferrin_ps,pi_carbon,pi_carbon,C,102,,LYS,0.40816,0.407836,41.497,51.276
transferrin_ps,pi_carbon,pi_carbon,C,327,,ARG,0.40628,0.406277,41.338,37.758
transferrin_ps,pi_carbon,pi_carbon,E,595,,LYS,0.4031,0.40278,40.983,23.261
transferrin_ps,pi_carbon,pi_carbon,E,447,,LYS,0.39239,0.392079,39.894,58.038
transferrin_ps,pi_carbon,pi_carbon,E,633,,LYS,0.38873,0.388421,39.522,17.51
transferrin_ps,pi_carbon,pi_carbon,C,42,,LYS,0.37344,0.373144,37.967,36.065
transferrin_ps,pi_carbon,pi_carbon,E,519,,ARG,0.3677,0.367697,37.413,20.076
transferrin_ps,pi_carbon,pi_carbon,C,23,,ARG,0.36219,0.362187,36.852,39.328
transferrin_ps,pi_carbon,pi_carbon,C,273,,HIS,0.35944,0.35944,36.573,22.441
transferrin_ps,pi_carbon,pi_carbon,C,317,,TYR,0.35927,0.35927,36.555,23.163
transferrin_ps,pi_carbon,pi_carbon,C,25,,HIS,0.35811,0.35811,36.437,48.082
transferrin_ps,pi_carbon,pi_carbon,E,566,,LYS,0.35614,0.355857,36.208,16.02
transferrin_ps,pi_carbon,pi_carbon,C,116,,LYS,0.35172,0.351441,35.759,36.82
transferrin_ps,pi_carbon,pi_carbon,E,624,,LYS,0.34864,0.348363,35.446,19.02
transferrin_ps,pi_carbon,pi_carbon,E,446,,LYS,0.34072,0.34045,34.64,44.392
transferrin_ps,pi_carbon,pi_carbon,E,352,,ARG,0.33832,0.338317,34.423,52.718
transferrin_ps,pi_carbon,pi_carbon,C,71,,TYR,0.33436,0.33436,34.021,28.464
transferrin_ps,pi_carbon,pi_carbon,C,259,,LYS,0.32761,0.32735,33.308,17.873
transferrin_ps,pi_carbon,pi_carbon,C,115,,LYS,0.32319,0.322933,32.858,41.915
transferrin_ps,pi_carbon,pi_carbon,C,211,,PHE,0.31683,0.31683,32.237,17.299
transferrin_ps,pi_carbon,pi_carbon,E,472,,HIS,0.3148,0.3148,32.031,17.188
transferrin_ps,pi_carbon,pi_carbon,C,324,,ARG,0.28527,0.285268,29.026,25.008
transferrin_ps,pi_carbon,pi_carbon,E,469,,ARG,0.27965,0.279648,28.454,24.944
transferrin_ps,pi_carbon,pi_carbon,C,238,,TYR,0.27807,0.27807,28.293,61.851
transferrin_ps,pi_carbon,pi_carbon,C,300,,HIS,0.26768,0.26768,27.236,20.247
transferrin_ps,pi_carbon,pi_carbon,E,343,,LYS,0.26766,0.267448,27.213,8.841
transferrin_ps,pi_carbon,pi_carbon,E,432,,LYS,0.2676,0.267388,27.206,25.564
transferrin_ps,pi_carbon,pi_carbon,C,276,,LYS,0.26529,0.265079,26.972,33.66
transferrin_ps,pi_carbon,pi_carbon,E,575,,HIS,0.26396,0.26396,26.858,14.412
transferrin_ps,pi_carbon,pi_carbon,C,264,,TRP,0.26022,0.26022,26.477,14.208
transferrin_ps,pi_carbon,pi_carbon,C,7,,ARG,0.25929,0.259288,26.382,8.571
transferrin_ps,pi_carbon,pi_carbon,E,380,,LYS,0.25616,0.255957,26.043,8.461
transferrin_ps,pi_carbon,pi_carbon,C,45,,TYR,0.23835,0.23835,24.252,13.014
transferrin_ps,pi_carbon,pi_carbon,C,242,,HIS,0.22621,0.22621,23.017,27.533
transferrin_ps,pi_carbon,pi_carbon,C,186,,PHE,0.22104,0.22104,22.491,12.552
transferrin_ps,pi_carbon,pi_carbon,C,78,,LYS,0.21207,0.211902,21.561,11.57
transferrin_ps,pi_carbon,pi_carbon,C,167,,PHE,0.20262,0.20262,20.616,11.063
transferrin_ps,pi_carbon,pi_carbon,C,220,,ARG,0.20037,0.200368,20.387,42.008
transferrin_ps,pi_carbon,pi_carbon,C,68,,TYR,0.18697,0.18697,19.024,28.464
transferrin_ps,pi_carbon,pi_carbon,C,143,,ARG,0.17751,0.177509,18.061,52.64
transferrin_ps,pi_carbon,pi_carbon,E,467,,TYR,0.1772,0.1772,18.03,24.944
transferrin_ps,pi_carbon,pi_carbon,E,587,,ARG,0.17485,0.174849,17.791,35.789
transferrin_ps,pi_carbon,pi_carbon,E,674,,HIS,0.16709,0.16709,17.001,43.681
transferrin_ps,pi_carbon,pi_carbon,E,673,,PHE,0.16578,0.16578,16.868,18.174
transferrin_ps,pi_carbon,pi_carbon,C,124,,ARG,0.15841,0.158409,16.118,6.892
transferrin_ps,pi_carbon,pi_carbon,E,644,,TYR,0.15827,0.15827,16.104,45.588
transferrin_ps,pi_carbon,pi_carbon,E,597,,LYS,0.15837,0.158244,16.101,18.546
transferrin_ps,pi_carbon,pi_carbon,E,459,,TRP,0.14866,0.14866,15.126,8.209
transferrin_ps,pi_carbon,pi_carbon,E,590,,LYS,0.14273,0.142617,14.511,49.104
transferrin_ps,pi_carbon,pi_carbon,C,207,,HIS,0.13779,0.13779,14.02,14.503
transferrin_ps,pi_carbon,pi_carbon,C,136,,TYR,0.12982,0.12982,13.209,7.088
transferrin_ps,pi_carbon,pi_carbon,E,565,,ARG,0.12874,0.128739,13.099,18.482
transferrin_ps,pi_carbon,pi_carbon,C,96,,TYR,0.12784,0.12784,13.008,14.503
transferrin_ps,pi_carbon,pi_carbon,C,94,,PHE,0.11052,0.11052,11.245,31.541
transferrin_ps,pi_carbon,pi_carbon,C,185,,TYR,0.10738,0.10738,10.926,17.932
transferrin_ps,pi_carbon,pi_carbon,E,512,,TYR,0.10439,0.10439,10.622,5.7
transferrin_ps,pi_carbon,pi_carbon,C,254,,ARG,0.10321,0.103209,10.501,5.635
transferrin_ps,pi_carbon,pi_carbon,C,84,,PHE,0.10315,0.10315,10.495,20.247
transferrin_ps,pi_carbon,pi_carbon,E,395,,TYR,0.10141,0.10141,10.318,8.767
transferrin_ps,pi_carbon,pi_carbon,E,455,,ARG,0.09967,0.099669,10.141,11.561
transferrin_ps,pi_carbon,pi_carbon,C,223,,TYR,0.09409,0.09409,9.574,38.562
transferrin_ps,pi_carbon,pi_carbon,E,582,,HIS,0.09238,0.09238,9.4,3.054
transferrin_ps,pi_carbon,pi_carbon,C,282,,PHE,0.08473,0.08473,8.621,58.287
transferrin_ps,pi_carbon,pi_carbon,C,249,,HIS,0.08455,0.08455,8.603,4.616
transferrin_ps,pi_carbon,pi_carbon,E,412,,TYR,0.07863,0.07863,8.001,17.587
transferrin_ps,pi_carbon,pi_carbon,E,354,,LYS,0.07803,0.077968,7.933,22.729
transferrin_ps,pi_carbon,pi_carbon,C,232,,ARG,0.0775,0.077499,7.885,18.275
transferrin_ps,pi_carbon,pi_carbon,E,440,,TRP,0.07449,0.07449,7.579,4.067
transferrin_ps,pi_carbon,pi_carbon,E,605,,PHE,0.07,0.07,7.122,7.242
transferrin_ps,pi_carbon,pi_carbon,E,547,,TRP,0.06872,0.06872,6.992,3.752
transferrin_ps,pi_carbon,pi_carbon,C,107,,PHE,0.06631,0.06631,6.747,3.62
transferrin_ps,pi_carbon,pi_carbon,C,319,,TYR,0.06496,0.06496,6.61,23.163
transferrin_ps,pi_carbon,pi_carbon,E,425,,TYR,0.06496,0.06496,6.61,20.466
transferrin_ps,pi_carbon,pi_carbon,E,397,,TYR,0.06414,0.06414,6.526,9.039
transferrin_ps,pi_carbon,pi_carbon,E,619,,PHE,0.06263,0.06263,6.373,38.448
transferrin_ps,pi_carbon,pi_carbon,E,616,,PHE,0.06263,0.06263,6.373,32.986
transferrin_ps,pi_carbon,pi_carbon,E,475,,PHE,0.05894,0.05894,5.997,34.295
transferrin_ps,pi_carbon,pi_carbon,C,274,,PHE,0.05158,0.05158,5.248,46.131
transferrin_ps,pi_carbon,pi_carbon,E,647,,TYR,0.05128,0.05128,5.218,48.267
transferrin_ps,pi_carbon,pi_carbon,C,188,,TYR,0.05128,0.05128,5.218,2.8
transferrin_ps,pi_carbon,pi_carbon,C,128,,TRP,0.05007,0.05007,5.095,6.892
transferrin_ps,hbond_donor,hbond_donor,E,550,,ASP,1.0,1.0,100.0,37.521
transferrin_ps,hbond_donor,hbond_donor,C,277,,ASP,1.0,1.0,100.0,36.198
transferrin_ps,hbond_donor,hbond_donor,E,651,,ASP,1.0,1.0,100.0,23.627
transferrin_ps,hbond_donor,hbond_donor,C,330,,THR,0.97588,0.97588,97.588,36.616
transferrin_ps,hbond_donor,hbond_donor,E,613,,SER,0.97127,0.97127,97.127,54.396
transferrin_ps,hbond_donor,hbond_donor,C,90,,ASP,0.9637,0.9637,96.37,58.441
transferrin_ps,hbond_donor,hbond_donor,E,437,,ASP,0.9637,0.9637,96.37,47.658
transferrin_ps,hbond_donor,hbond_donor,C,104,,ASP,0.9597,0.9597,95.97,45.285
transferrin_ps,hbond_donor,hbond_donor,C,32,,SER,0.93734,0.93734,93.734,66.971
transferrin_ps,hbond_donor,hbond_donor,E,336,,GLN,0.91923,0.91923,91.923,47.424
transferrin_ps,hbond_donor,hbond_donor,E,333,,ASP,0.91255,0.91255,91.255,21.561
transferrin_ps,hbond_donor,hbond_donor,E,490,,ASN,0.90917,0.90917,90.917,66.518
transferrin_ps,hbond_donor,hbond_donor,C,165,,THR,0.87759,0.87759,87.759,50.324
transferrin_ps,hbond_donor,hbond_donor,C,240,,ASP,0.86695,0.86695,86.695,39.32
transferrin_ps,hbond_donor,hbond_donor,C,328,,GLU,0.86328,0.86328,86.328,57.907
transferrin_ps,hbond_donor,hbond_donor,E,488,,GLN,0.86083,0.86083,86.083,52.157
transferrin_ps,hbond_donor,hbond_donor,E,413,,GLU,0.8526,0.8526,85.26,47.813
transferrin_ps,hbond_donor,hbond_donor,C,89,,GLU,0.84952,0.84952,84.952,50.908
transferrin_ps,hbond_donor,hbond_donor,C,33,,ASP,0.84755,0.84755,84.755,55.699
transferrin_ps,hbond_donor,hbond_donor,E,544,,SER,0.84103,0.84103,84.103,53.165
transferrin_ps,hbond_donor,hbond_donor,E,423,,GLU,0.83984,0.83984,83.984,25.604
transferrin_ps,hbond_donor,hbond_donor,C,261,,ASP,0.83065,0.83065,83.065,41.119
transferrin_ps,hbond_donor,hbond_donor,C,141,,GLU,0.81975,0.81975,81.975,19.368
transferrin_ps,hbond_donor,hbond_donor,E,471,,ASN,0.81289,0.81289,81.289,37.722
transferrin_ps,hbond_donor,hbond_donor,C,318,,GLU,0.80831,0.80831,80.831,43.282
transferrin_ps,hbond_donor,hbond_donor,E,554,,GLU,0.79222,0.79222,79.222,49.288
transferrin_ps,hbond_donor,hbond_donor,E,604,,GLU,0.77843,0.77843,77.843,32.571
transferrin_ps,hbond_donor,hbond_donor,C,56,,GLU,0.77432,0.77432,77.432,36.305
transferrin_ps,hbond_donor,hbond_donor,C,272,,GLU,0.76895,0.76895,76.895,42.886
transferrin_ps,hbond_donor,hbond_donor,C,216,,ASN,0.76293,0.76293,76.293,45.335
transferrin_ps,hbond_donor,hbond_donor,C,55,,ASN,0.76226,0.76226,76.226,36.305
transferrin_ps,hbond_donor,hbond_donor,E,611,,ASP,0.75107,0.75107,75.107,70.797
transferrin_ps,hbond_donor,hbond_donor,C,222,,GLN,0.7464,0.7464,74.64,74.904
transferrin_ps,hbond_donor,hbond_donor,E,642,,ASN,0.74573,0.74573,74.573,41.058
transferrin_ps,hbond_donor,hbond_donor,C,281,,GLU,0.74375,0.74375,74.375,30.143
transferrin_ps,hbond_donor,hbond_donor,E,376,,ASP,0.73639,0.73639,73.639,51.611
transferrin_ps,hbond_donor,hbond_donor,E,434,,SER,0.72822,0.72822,72.822,38.823
transferrin_ps,hbond_donor,hbond_donor,E,600,,ASP,0.72607,0.72607,72.607,30.606
transferrin_ps,hbond_donor,hbond_donor,E,562,,ASP,0.71183,0.71183,71.183,44.726
transferrin_ps,hbond_donor,hbond_donor,C,229,,ASP,0.70725,0.70725,70.725,56.302
transferrin_ps,hbond_donor,hbond_donor,E,357,,GLU,0.70362,0.70362,70.362,47.575
transferrin_ps,hbond_donor,hbond_donor,E,415,,THR,0.69415,0.69415,69.415,62.371
transferrin_ps,hbond_donor,hbond_donor,E,608,,THR,0.69415,0.69415,69.415,40.48
transferrin_ps,hbond_donor,hbond_donor,E,444,,GLU,0.68885,0.68885,68.885,41.438
transferrin_ps,hbond_donor,hbond_donor,C,166,,ASP,0.68114,0.68114,68.114,58.07
transferrin_ps,hbond_donor,hbond_donor,C,325,,ASN,0.68005,0.68005,68.005,57.907
transferrin_ps,hbond_donor,hbond_donor,E,596,,GLN,0.6716,0.6716,67.16,25.199
transferrin_ps,hbond_donor,hbond_donor,E,645,,GLU,0.65809,0.65809,65.809,45.632
transferrin_ps,hbond_donor,hbond_donor,C,138,,ASP,0.65032,0.65032,65.032,29.272
transferrin_ps,hbond_donor,hbond_donor,E,555,,ASP,0.63799,0.63799,63.799,66.494
transferrin_ps,hbond_donor,hbond_donor,C,76,,ASN,0.63659,0.63659,63.659,40.624
transferrin_ps,hbond_donor,hbond_donor,E,573,,ASN,0.63104,0.63104,63.104,25.432
transferrin_ps,hbond_donor,hbond_donor,C,236,,ASP,0.62834,0.62834,62.834,40.218
transferrin_ps,hbond_donor,hbond_donor,E,589,,ASP,0.62727,0.62727,62.727,14.821
transferrin_ps,hbond_donor,hbond_donor,E,441,,ASN,0.62691,0.62691,62.691,51.565
transferrin_ps,hbond_donor,hbond_donor,E,416,,ASP,0.62509,0.62509,62.509,39.275
transferrin_ps,hbond_donor,hbond_donor,E,533,,GLN,0.62326,0.62326,62.326,28.98
transferrin_ps,hbond_donor,hbond_donor,C,219,,ASP,0.62274,0.62274,62.274,65.193
transferrin_ps,hbond_donor,hbond_donor,E,338,,GLU,0.62058,0.62058,62.058,40.822
transferrin_ps,hbond_donor,hbond_donor,C,20,,GLN,0.61675,0.61675,61.675,54.335
transferrin_ps,hbond_donor,hbond_donor,E,664,,THR,0.61203,0.61203,61.203,30.285
transferrin_ps,hbond_donor,hbond_donor,E,495,,GLU,0.6078,0.6078,60.78,28.247
transferrin_ps,hbond_donor,hbond_donor,E,468,,ASN,0.60648,0.60648,60.648,51.945
transferrin_ps,hbond_donor,hbond_donor,E,477,,GLU,0.60642,0.60642,60.642,40.386
transferrin_ps,hbond_donor,hbond_donor,C,13,,GLU,0.60642,0.60642,60.642,33.526
transferrin_ps,hbond_donor,hbond_donor,E,356,,ASP,0.60209,0.60209,60.209,60.732
transferrin_ps,hbond_donor,hbond_donor,E,658,,ASN,0.60194,0.60194,60.194,39.576
transferrin_ps,hbond_donor,hbond_donor,C,184,,GLN,0.59601,0.59601,59.601,31.221
transferrin_ps,hbond_donor,hbond_donor,E,367,,GLU,0.59536,0.59536,59.536,34.079
transferrin_ps,hbond_donor,hbond_donor,E,569,,SER,0.59091,0.59091,59.091,38.882
transferrin_ps,hbond_donor,hbond_donor,C,255,,SER,0.59091,0.59091,59.091,22.172
transferrin_ps,hbond_donor,hbond_donor,C,47,,ASP,0.5815,0.5815,58.15,24.944
transferrin_ps,hbond_donor,hbond_donor,E,614,,SER,0.57993,0.57993,57.993,54.396
transferrin_ps,hbond_donor,hbond_donor,E,385,,GLU,0.57988,0.57988,57.988,32.435
transferrin_ps,hbond_donor,hbond_donor,E,545,,GLU,0.5759,0.5759,57.59,33.478
transferrin_ps,hbond_donor,hbond_donor,C,24,,ASP,0.57384,0.57384,57.384,37.415
transferrin_ps,hbond_donor,hbond_donor,C,3,,ASP,0.57251,0.57251,57.251,53.282
transferrin_ps,hbond_donor,hbond_donor,C,28,,SER,0.5722,0.5722,57.22,21.47
transferrin_ps,hbond_donor,hbond_donor,C,163,,ASP,0.57118,0.57118,57.118,58.07
transferrin_ps,hbond_donor,hbond_donor,E,564,,THR,0.55424,0.55424,55.424,37.754
transferrin_ps,hbond_donor,hbond_donor,C,111,,GLN,0.55053,0.55053,55.053,41.641
transferrin_ps,hbond_donor,hbond_donor,C,286,,SER,0.54206,0.54206,54.206,32.909
transferrin_ps,hbond_donor,hbond_donor,E,372,,GLU,0.5399,0.5399,53.99,32.956
transferrin_ps,hbond_donor,hbond_donor,C,221,,ASP,0.5331,0.5331,53.31,71.729
transferrin_ps,hbond_donor,hbond_donor,C,110,,ASN,0.52934,0.52934,52.934,50.264
transferrin_ps,hbond_donor,hbond_donor,C,237,,GLU,0.51917,0.51917,51.917,54.166
transferrin_ps,hbond_donor,hbond_donor,C,201,,ASP,0.51709,0.51709,51.709,18.058
transferrin_ps,hbond_donor,hbond_donor,C,36,,SER,0.51551,0.51551,51.551,38.634
transferrin_ps,hbond_donor,hbond_donor,C,5,,THR,0.51415,0.51415,51.415,37.855
transferrin_ps,hbond_donor,hbond_donor,C,268,,ASN,0.5088,0.5088,50.88,54.142
transferrin_ps,hbond_donor,hbond_donor,E,623,,THR,0.49575,0.49575,49.575,17.997
transferrin_ps,hbond_donor,hbond_donor,C,17,,THR,0.48178,0.48178,48.178,48.872
transferrin_ps,hbond_donor,hbond_donor,C,172,,GLN,0.47909,0.47909,47.909,30.429
transferrin_ps,hbond_donor,hbond_donor,C,265,,GLU,0.4764,0.4764,47.64,36.966
transferrin_ps,hbond_donor,hbond_donor,E,637,,ASP,0.47153,0.47153,47.153,11.141
transferrin_ps,hbond_donor,hbond_donor,E,476,,ASP,0.46993,0.46993,46.993,40.478
transferrin_ps,hbond_donor,hbond_donor,E,337,,ASP,0.46739,0.46739,46.739,47.424
transferrin_ps,hbond_donor,hbond_donor,C,231,,THR,0.46382,0.46382,46.382,43.796
transferrin_ps,hbond_donor,hbond_donor,C,310,,ASP,0.45987,0.45987,45.987,17.255
transferrin_ps,hbond_donor,hbond_donor,E,657,,SER,0.45284,0.45284,45.284,24.921
transferrin_ps,hbond_donor,hbond_donor,E,570,,GLU,0.44537,0.44537,44.537,39.394
transferrin_ps,hbond_donor,hbond_donor,E,369,,GLU,0.44379,0.44379,44.379,30.96
transferrin_ps,hbond_donor,hbond_donor,C,260,,GLU,0.43326,0.43326,43.326,41.119
transferrin_ps,hbond_donor,hbond_donor,C,169,,GLN,0.42864,0.42864,42.864,34.059
transferrin_ps,hbond_donor,hbond_donor,C,283,,GLN,0.424,0.424,42.4,36.248
transferrin_ps,hbond_donor,hbond_donor,C,21,,SER,0.42334,0.42334,42.334,49.516
transferrin_ps,hbond_donor,hbond_donor,C,230,,ASN,0.42279,0.42279,42.279,69.31
transferrin_ps,hbond_donor,hbond_donor,E,442,,ASN,0.41554,0.41554,41.554,71.516
transferrin_ps,hbond_donor,hbond_donor,E,553,,GLU,0.41309,0.41309,41.309,63.249
transferrin_ps,hbond_donor,hbond_donor,E,361,,THR,0.39497,0.39497,39.497,26.56
transferrin_ps,hbond_donor,hbond_donor,C,152,,ASN,0.38859,0.38859,38.859,14.58
transferrin_ps,hbond_donor,hbond_donor,E,537,,GLN,0.3858,0.3858,38.58,14.476
transferrin_ps,hbond_donor,hbond_donor,E,607,,ASN,0.38471,0.38471,38.471,40.48
transferrin_ps,hbond_donor,hbond_donor,E,370,,SER,0.38134,0.38134,38.134,30.96
transferrin_ps,hbond_donor,hbond_donor,C,155,,SER,0.38017,0.38017,38.017,14.264
transferrin_ps,hbond_donor,hbond_donor,C,197,,ASP,0.37029,0.37029,37.029,8.749
transferrin_ps,hbond_donor,hbond_donor,C,269,,GLN,0.3644,0.3644,36.44,54.142
transferrin_ps,hbond_donor,hbond_donor,C,317,,TYR,0.35927,0.35927,35.927,43.282
transferrin_ps,hbond_donor,hbond_donor,E,643,,THR,0.34853,0.34853,34.853,46.354
transferrin_ps,hbond_donor,hbond_donor,C,69,,ASP,0.34671,0.34671,34.671,32.57
transferrin_ps,hbond_donor,hbond_donor,E,414,,SER,0.34306,0.34306,34.306,61.278
transferrin_ps,hbond_donor,hbond_donor,C,87,,SER,0.34143,0.34143,34.143,58.441
transferrin_ps,hbond_donor,hbond_donor,E,481,,GLN,0.34077,0.34077,34.077,18.228
transferrin_ps,hbond_donor,hbond_donor,E,373,,THR,0.33843,0.33843,33.843,55.482
transferrin_ps,hbond_donor,hbond_donor,C,71,,TYR,0.33436,0.33436,33.436,49.056
transferrin_ps,hbond_donor,hbond_donor,E,439,,ASN,0.33185,0.33185,33.185,51.565
transferrin_ps,hbond_donor,hbond_donor,E,523,,GLU,0.33161,0.33161,33.161,7.835
transferrin_ps,hbond_donor,hbond_donor,C,147,,GLU,0.32787,0.32787,32.787,12.302
transferrin_ps,hbond_donor,hbond_donor,E,669,,GLU,0.32668,0.32668,32.668,21.66
transferrin_ps,hbond_donor,hbond_donor,C,92,,GLN,0.3188,0.3188,31.88,15.674
transferrin_ps,hbond_donor,hbond_donor,C,321,,THR,0.31476,0.31476,31.476,58.056
transferrin_ps,hbond_donor,hbond_donor,E,359,,SER,0.31291,0.31291,31.291,61.642
transferrin_ps,hbond_donor,hbond_donor,E,435,,ASN,0.30648,0.30648,30.648,51.605
transferrin_ps,hbond_donor,hbond_donor,E,375,,GLU,0.30071,0.30071,30.071,47.652
transferrin_ps,hbond_donor,hbond_donor,E,383,,ASN,0.28456,0.28456,28.456,32.435
transferrin_ps,hbond_donor,hbond_donor,E,454,,ASP,0.28345,0.28345,28.345,13.388
transferrin_ps,hbond_donor,hbond_donor,C,238,,TYR,0.27807,0.27807,27.807,57.186
transferrin_ps,hbond_donor,hbond_donor,E,630,,ASP,0.27798,0.27798,27.798,17.51
transferrin_ps,hbond_donor,hbond_donor,C,224,,GLU,0.27663,0.27663,27.663,13.91
transferrin_ps,hbond_donor,hbond_donor,E,625,,ASP,0.26597,0.26597,26.597,20.41
transferrin_ps,hbond_donor,hbond_donor,E,401,,GLN,0.26507,0.26507,26.507,9.946
transferrin_ps,hbond_donor,hbond_donor,C,108,,GLN,0.25975,0.25975,25.975,66.127
transferrin_ps,hbond_donor,hbond_donor,E,672,,THR,0.2506,0.2506,25.06,19.902
transferrin_ps,hbond_donor,hbond_donor,C,181,,THR,0.24944,0.24944,24.944,17.789
transferrin_ps,hbond_donor,hbond_donor,C,105,,SER,0.24721,0.24721,24.721,40.733
transferrin_ps,hbond_donor,hbond_donor,C,208,,SER,0.24721,0.24721,24.721,9.276
transferrin_ps,hbond_donor,hbond_donor,E,557,,GLU,0.24277,0.24277,24.277,9.109
transferrin_ps,hbond_donor,hbond_donor,C,45,,TYR,0.23835,0.23835,23.835,27.211
transferrin_ps,hbond_donor,hbond_donor,C,44,,SER,0.23589,0.23589,23.589,29.175
transferrin_ps,hbond_donor,hbond_donor,E,507,,ASN,0.23069,0.23069,23.069,10.587
transferrin_ps,hbond_donor,hbond_donor,C,212,,GLU,0.20772,0.20772,20.772,15.103
transferrin_ps,hbond_donor,hbond_donor,C,15,,GLU,0.20398,0.20398,20.398,51.603
transferrin_ps,hbond_donor,hbond_donor,E,663,,SER,0.20162,0.20162,20.162,30.529
transferrin_ps,hbond_donor,hbond_donor,C,189,,SER,0.20086,0.20086,20.086,9.461
transferrin_ps,hbond_donor,hbond_donor,E,631,,ASP,0.19715,0.19715,19.715,17.827
transferrin_ps,hbond_donor,hbond_donor,C,213,,ASN,0.19481,0.19481,19.481,15.103
transferrin_ps,hbond_donor,hbond_donor,E,501,,SER,0.19389,0.19389,19.389,7.275
transferrin_ps,hbond_donor,hbond_donor,E,515,,THR,0.19121,0.19121,19.121,7.174
transferrin_ps,hbond_donor,hbond_donor,C,68,,TYR,0.18697,0.18697,18.697,20.509
transferrin_ps,hbond_donor,hbond_donor,E,526,,ASP,0.18572,0.18572,18.572,6.968
transferrin_ps,hbond_donor,hbond_donor,E,422,,GLU,0.17885,0.17885,17.885,38.222
transferrin_ps,hbond_donor,hbond_donor,E,467,,TYR,0.1772,0.1772,17.72,51.945
transferrin_ps,hbond_donor,hbond_donor,C,245,,GLN,0.1731,0.1731,17.31,7.11
transferrin_ps,hbond_donor,hbond_donor,C,271,,GLN,0.17297,0.17297,17.297,52.904
transferrin_ps,hbond_donor,hbond_donor,E,351,,GLU,0.1597,0.1597,15.97,5.992
transferrin_ps,hbond_donor,hbond_donor,C,292,,ASP,0.15898,0.15898,15.898,11.73
transferrin_ps,hbond_donor,hbond_donor,E,644,,TYR,0.15827,0.15827,15.827,45.632
transferrin_ps,hbond_donor,hbond_donor,C,297,,ASP,0.15365,0.15365,15.365,27.799
transferrin_ps,hbond_donor,hbond_donor,E,532,,SER,0.15254,0.15254,15.254,19.865
transferrin_ps,hbond_donor,hbond_donor,E,491,,SER,0.15102,0.15102,15.102,77.521
transferrin_ps,hbond_donor,hbond_donor,E,492,,SER,0.14504,0.14504,14.504,64.332
transferrin_ps,hbond_donor,hbond_donor,E,487,,SER,0.14144,0.14144,14.144,37.606
transferrin_ps,hbond_donor,hbond_donor,C,136,,TYR,0.12982,0.12982,12.982,18.432
transferrin_ps,hbond_donor,hbond_donor,C,183,,ASN,0.1287,0.1287,12.87,27.821
transferrin_ps,hbond_donor,hbond_donor,C,96,,TYR,0.12784,0.12784,12.784,11.292
transferrin_ps,hbond_donor,hbond_donor,C,298,,SER,0.11414,0.11414,11.414,10.048
transferrin_ps,hbond_donor,hbond_donor,C,75,,ASN,0.11176,0.11176,11.176,28.079
transferrin_ps,hbond_donor,hbond_donor,C,279,,SER,0.10804,0.10804,10.804,53.77
transferrin_ps,hbond_donor,hbond_donor,C,185,,TYR,0.10738,0.10738,10.738,31.221
transferrin_ps,hbond_donor,hbond_donor,E,512,,TYR,0.10439,0.10439,10.439,3.917
transferrin_ps,hbond_donor,hbond_donor,E,395,,TYR,0.10141,0.10141,10.141,6.212
transferrin_ps,hbond_donor,hbond_donor,C,93,,THR,0.09895,0.09895,9.895,9.87
transferrin_ps,hbond_donor,hbond_donor,C,180,,SER,0.09596,0.09596,9.596,17.789
transferrin_ps,hbond_donor,hbond_donor,E,387,,ASP,0.09448,0.09448,9.448,3.545
transferrin_ps,hbond_donor,hbond_donor,C,223,,TYR,0.09409,0.09409,9.409,61.918
transferrin_ps,hbond_donor,hbond_donor,E,602,,GLN,0.08963,0.08963,8.963,59.813
transferrin_ps,hbond_donor,hbond_donor,C,12,,SER,0.08312,0.08312,8.312,33.526
transferrin_ps,hbond_donor,hbond_donor,E,412,,TYR,0.07863,0.07863,7.863,34.941
transferrin_ps,hbond_donor,hbond_donor,E,460,,ASN,0.07336,0.07336,7.336,8.43
transferrin_ps,hbond_donor,hbond_donor,C,319,,TYR,0.06496,0.06496,6.496,36.558
transferrin_ps,hbond_donor,hbond_donor,E,425,,TYR,0.06496,0.06496,6.496,2.437
transferrin_ps,hbond_donor,hbond_donor,E,397,,TYR,0.06414,0.06414,6.414,6.212
transferrin_ps,hbond_donor,hbond_donor,C,129,,ASN,0.05867,0.05867,5.867,1.386
transferrin_ps,hbond_donor,hbond_donor,E,506,,ASN,0.05146,0.05146,5.146,10.587
transferrin_ps,hbond_donor,hbond_donor,E,647,,TYR,0.05128,0.05128,5.128,45.632
transferrin_ps,hbond_donor,hbond_donor,C,188,,TYR,0.05128,0.05128,5.128,9.461
transferrin_ps,hbond_acceptor,hbond_acceptor,C,280,,LYS,0.98359,0.982809,100.0,38.064
transferrin_ps,hbond_acceptor,hbond_acceptor,C,330,,THR,0.97588,0.97588,99.295,24.362
transferrin_ps,hbond_acceptor,hbond_acceptor,E,613,,SER,0.97127,0.97127,98.826,50.495
transferrin_ps,hbond_acceptor,hbond_acceptor,E,622,,LYS,0.94006,0.939314,95.574,46.468
transferrin_ps,hbond_acceptor,hbond_acceptor,C,32,,SER,0.93734,0.93734,95.374,38.274
transferrin_ps,hbond_acceptor,hbond_acceptor,E,340,,LYS,0.93192,0.93118,94.747,23.246
transferrin_ps,hbond_acceptor,hbond_acceptor,C,165,,THR,0.87759,0.87759,89.294,21.908
transferrin_ps,hbond_acceptor,hbond_acceptor,E,661,,LYS,0.86112,0.860437,87.549,60.383
transferrin_ps,hbond_acceptor,hbond_acceptor,E,544,,SER,0.84103,0.84103,85.574,49.685
transferrin_ps,hbond_acceptor,hbond_acceptor,C,4,,LYS,0.82003,0.819379,83.371,46.16
transferrin_ps,hbond_acceptor,hbond_acceptor,E,418,,LYS,0.81576,0.815113,82.937,52.573
transferrin_ps,hbond_acceptor,hbond_acceptor,C,308,,ARG,0.81464,0.814634,82.888,33.264
transferrin_ps,hbond_acceptor,hbond_acceptor,C,144,,LYS,0.78723,0.786605,80.036,39.368
transferrin_ps,hbond_acceptor,hbond_acceptor,E,654,,LYS,0.78434,0.783717,79.743,30.87
transferrin_ps,hbond_acceptor,hbond_acceptor,E,588,,LYS,0.76578,0.765172,77.856,27.027
transferrin_ps,hbond_acceptor,hbond_acceptor,E,434,,SER,0.72822,0.72822,74.096,37.484
transferrin_ps,hbond_acceptor,hbond_acceptor,E,489,,LYS,0.7254,0.724824,73.75,29.016
transferrin_ps,hbond_acceptor,hbond_acceptor,E,415,,THR,0.69415,0.69415,70.629,58.213
transferrin_ps,hbond_acceptor,hbond_acceptor,E,608,,THR,0.69415,0.69415,70.629,28.344
transferrin_ps,hbond_acceptor,hbond_acceptor,C,239,,LYS,0.69265,0.6921,70.421,17.278
transferrin_ps,hbond_acceptor,hbond_acceptor,E,552,,LYS,0.67462,0.674085,68.588,27.525
transferrin_ps,hbond_acceptor,hbond_acceptor,C,217,,LYS,0.65999,0.659466,67.1,21.465
transferrin_ps,hbond_acceptor,hbond_acceptor,E,646,,LYS,0.62591,0.625413,63.635,39.919
transferrin_ps,hbond_acceptor,hbond_acceptor,E,641,,LYS,0.62562,0.625123,63.606,53.143
transferrin_ps,hbond_acceptor,hbond_acceptor,E,666,,ARG,0.62433,0.624325,63.525,25.493
transferrin_ps,hbond_acceptor,hbond_acceptor,E,664,,THR,0.61203,0.61203,62.274,33.224
transferrin_ps,hbond_acceptor,hbond_acceptor,E,480,,ARG,0.61035,0.610345,62.102,37.144
transferrin_ps,hbond_acceptor,hbond_acceptor,C,27,,LYS,0.59837,0.597895,60.835,47.779
transferrin_ps,hbond_acceptor,hbond_acceptor,E,419,,LYS,0.59715,0.596676,60.711,57.648
transferrin_ps,hbond_acceptor,hbond_acceptor,C,113,,ARG,0.59357,0.593565,60.395,37.423
transferrin_ps,hbond_acceptor,hbond_acceptor,C,304,,LYS,0.59331,0.592839,60.321,21.296
transferrin_ps,hbond_acceptor,hbond_acceptor,C,255,,SER,0.59091,0.59091,60.125,28.343
transferrin_ps,hbond_acceptor,hbond_acceptor,E,569,,SER,0.59091,0.59091,60.125,23.635
transferrin_ps,hbond_acceptor,hbond_acceptor,C,196,,LYS,0.58545,0.584985,59.522,36.294
transferrin_ps,hbond_acceptor,hbond_acceptor,E,614,,SER,0.57993,0.57993,59.007,50.495
transferrin_ps,hbond_acceptor,hbond_acceptor,C,312,,LYS,0.5729,0.572445,58.246,14.291
transferrin_ps,hbond_acceptor,hbond_acceptor,C,28,,SER,0.5722,0.5722,58.221,29.21
transferrin_ps,hbond_acceptor,hbond_acceptor,C,50,,ARG,0.5702,0.570195,58.017,14.234
transferrin_ps,hbond_acceptor,hbond_acceptor,E,474,,ARG,0.56918,0.569175,57.913,14.209
transferrin_ps,hbond_acceptor,hbond_acceptor,C,88,,LYS,0.56709,0.56664,57.655,22.669
transferrin_ps,hbond_acceptor,hbond_acceptor,E,542,,ARG,0.56201,0.562006,57.184,22.948
transferrin_ps,hbond_acceptor,hbond_acceptor,E,564,,THR,0.55424,0.55424,56.393,27.793
transferrin_ps,hbond_acceptor,hbond_acceptor,C,286,,SER,0.54206,0.54206,55.154,22.134
transferrin_ps,hbond_acceptor,hbond_acceptor,C,148,,LYS,0.53295,0.532527,54.184,21.745
transferrin_ps,hbond_acceptor,hbond_acceptor,E,639,,ARG,0.52971,0.529706,53.897,28.829
transferrin_ps,hbond_acceptor,hbond_acceptor,E,549,,LYS,0.51893,0.518518,52.759,55.514
transferrin_ps,hbond_acceptor,hbond_acceptor,C,36,,SER,0.51551,0.51551,52.453,75.502
transferrin_ps,hbond_acceptor,hbond_acceptor,C,5,,THR,0.51415,0.51415,52.314,52.633
transferrin_ps,hbond_acceptor,hbond_acceptor,E,433,,LYS,0.50632,0.505918,51.477,37.484
transferrin_ps,hbond_acceptor,hbond_acceptor,E,623,,THR,0.49575,0.49575,50.442,44.522
transferrin_ps,hbond_acceptor,hbond_acceptor,E,508,,ARG,0.49099,0.490986,49.957,17.097
transferrin_ps,hbond_acceptor,hbond_acceptor,C,17,,THR,0.48178,0.48178,49.021,19.673
transferrin_ps,hbond_acceptor,hbond_acceptor,C,41,,LYS,0.47987,0.479489,48.788,29.249
transferrin_ps,hbond_acceptor,hbond_acceptor,E,578,,LYS,0.47589,0.475512,48.383,11.871
transferrin_ps,hbond_acceptor,hbond_acceptor,E,615,,LYS,0.47189,0.471515,47.976,50.495
transferrin_ps,hbond_acceptor,hbond_acceptor,E,675,,LYS,0.46753,0.467159,47.533,19.076
transferrin_ps,hbond_acceptor,hbond_acceptor,C,103,,LYS,0.46458,0.464211,47.233,27.941
transferrin_ps,hbond_acceptor,hbond_acceptor,C,231,,THR,0.46382,0.46382,47.193,22.104
transferrin_ps,hbond_acceptor,hbond_acceptor,C,193,,LYS,0.46138,0.461014,46.908,31.127
transferrin_ps,hbond_acceptor,hbond_acceptor,E,657,,SER,0.45284,0.45284,46.076,62.753
transferrin_ps,hbond_acceptor,hbond_acceptor,C,291,,LYS,0.44819,0.447834,45.567,18.286
transferrin_ps,hbond_acceptor,hbond_acceptor,C,278,,LYS,0.43423,0.433885,44.147,32.952
transferrin_ps,hbond_acceptor,hbond_acceptor,C,21,,SER,0.42334,0.42334,43.074,31.637
transferrin_ps,hbond_acceptor,hbond_acceptor,E,660,,ARG,0.41673,0.416727,42.402,63.5
transferrin_ps,hbond_acceptor,hbond_acceptor,E,524,,LYS,0.41313,0.412802,42.002,16.856
transferrin_ps,hbond_acceptor,hbond_acceptor,C,233,,LYS,0.40934,0.409015,41.617,19.866
transferrin_ps,hbond_acceptor,hbond_acceptor,C,102,,LYS,0.40816,0.407836,41.497,42.545
transferrin_ps,hbond_acceptor,hbond_acceptor,C,327,,ARG,0.40628,0.406277,41.338,28.238
transferrin_ps,hbond_acceptor,hbond_acceptor,E,595,,LYS,0.4031,0.40278,40.983,17.566
transferrin_ps,hbond_acceptor,hbond_acceptor,E,361,,THR,0.39497,0.39497,40.188,17.672
transferrin_ps,hbond_acceptor,hbond_acceptor,E,447,,LYS,0.39239,0.392079,39.894,43.829
transferrin_ps,hbond_acceptor,hbond_acceptor,E,633,,LYS,0.38873,0.388421,39.522,35.59
transferrin_ps,hbond_acceptor,hbond_acceptor,E,370,,SER,0.38134,0.38134,38.801,15.571
transferrin_ps,hbond_acceptor,hbond_acceptor,C,155,,SER,0.38017,0.38017,38.682,41.144
transferrin_ps,hbond_acceptor,hbond_acceptor,C,42,,LYS,0.37344,0.373144,37.967,29.249
transferrin_ps,hbond_acceptor,hbond_acceptor,E,519,,ARG,0.3677,0.367697,37.413,15.014
transferrin_ps,hbond_acceptor,hbond_acceptor,C,23,,ARG,0.36219,0.362187,36.852,32.075
transferrin_ps,hbond_acceptor,hbond_acceptor,E,566,,LYS,0.35614,0.355857,36.208,19.788
transferrin_ps,hbond_acceptor,hbond_acceptor,C,116,,LYS,0.35172,0.351441,35.759,41.144
transferrin_ps,hbond_acceptor,hbond_acceptor,E,643,,THR,0.34853,0.34853,35.463,39.919
transferrin_ps,hbond_acceptor,hbond_acceptor,E,624,,LYS,0.34864,0.348363,35.446,34.468
transferrin_ps,hbond_acceptor,hbond_acceptor,E,414,,SER,0.34306,0.34306,34.906,42.352
transferrin_ps,hbond_acceptor,hbond_acceptor,C,87,,SER,0.34143,0.34143,34.74,22.669
transferrin_ps,hbond_acceptor,hbond_acceptor,E,446,,LYS,0.34072,0.34045,34.64,33.524
transferrin_ps,hbond_acceptor,hbond_acceptor,E,373,,THR,0.33843,0.33843,34.435,13.819
transferrin_ps,hbond_acceptor,hbond_acceptor,E,352,,ARG,0.33832,0.338317,34.423,16.998
transferrin_ps,hbond_acceptor,hbond_acceptor,C,259,,LYS,0.32761,0.32735,33.308,13.367
transferrin_ps,hbond_acceptor,hbond_acceptor,C,115,,LYS,0.32319,0.322933,32.858,41.144
transferrin_ps,hbond_acceptor,hbond_acceptor,C,321,,THR,0.31476,0.31476,32.027,14.979
transferrin_ps,hbond_acceptor,hbond_acceptor,E,359,,SER,0.31291,0.31291,31.838,19.618
transferrin_ps,hbond_acceptor,hbond_acceptor,C,324,,ARG,0.28527,0.285268,29.026,25.122
transferrin_ps,hbond_acceptor,hbond_acceptor,E,469,,ARG,0.27965,0.279648,28.454,6.981
transferrin_ps,hbond_acceptor,hbond_acceptor,E,343,,LYS,0.26766,0.267448,27.213,6.677
transferrin_ps,hbond_acceptor,hbond_acceptor,E,432,,LYS,0.2676,0.267388,27.206,37.484
transferrin_ps,hbond_acceptor,hbond_acceptor,C,276,,LYS,0.26529,0.265079,26.972,28.541
transferrin_ps,hbond_acceptor,hbond_acceptor,C,264,,TRP,0.26022,0.26022,26.477,10.626
transferrin_ps,hbond_acceptor,hbond_acceptor,C,7,,ARG,0.25929,0.259288,26.382,10.588
transferrin_ps,hbond_acceptor,hbond_acceptor,E,380,,LYS,0.25616,0.255957,26.043,10.451
transferrin_ps,hbond_acceptor,hbond_acceptor,E,672,,THR,0.2506,0.2506,25.498,10.233
transferrin_ps,hbond_acceptor,hbond_acceptor,C,181,,THR,0.24944,0.24944,25.38,14.104
transferrin_ps,hbond_acceptor,hbond_acceptor,C,105,,SER,0.24721,0.24721,25.153,27.941
transferrin_ps,hbond_acceptor,hbond_acceptor,C,208,,SER,0.24721,0.24721,25.153,9.021
transferrin_ps,hbond_acceptor,hbond_acceptor,C,44,,SER,0.23589,0.23589,24.002,24.869
transferrin_ps,hbond_acceptor,hbond_acceptor,C,78,,LYS,0.21207,0.211902,21.561,8.653
transferrin_ps,hbond_acceptor,hbond_acceptor,E,663,,SER,0.20162,0.20162,20.515,67.781
transferrin_ps,hbond_acceptor,hbond_acceptor,C,189,,SER,0.20086,0.20086,20.437,8.202
transferrin_ps,hbond_acceptor,hbond_acceptor,C,220,,ARG,0.20037,0.200368,20.387,21.465
transferrin_ps,hbond_acceptor,hbond_acceptor,E,501,,SER,0.19389,0.19389,19.728,17.097
transferrin_ps,hbond_acceptor,hbond_acceptor,E,515,,THR,0.19121,0.19121,19.455,7.808
transferrin_ps,hbond_acceptor,hbond_acceptor,C,143,,ARG,0.17751,0.177509,18.061,37.362
transferrin_ps,hbond_acceptor,hbond_acceptor,E,587,,ARG,0.17485,0.174849,17.791,27.027
transferrin_ps,hbond_acceptor,hbond_acceptor,C,124,,ARG,0.15841,0.158409,16.118,5.204
transferrin_ps,hbond_acceptor,hbond_acceptor,E,597,,LYS,0.15837,0.158244,16.101,14.005
transferrin_ps,hbond_acceptor,hbond_acceptor,E,532,,SER,0.15254,0.15254,15.521,3.808
transferrin_ps,hbond_acceptor,hbond_acceptor,E,491,,SER,0.15102,0.15102,15.366,12.089
transferrin_ps,hbond_acceptor,hbond_acceptor,E,459,,TRP,0.14866,0.14866,15.126,6.199
transferrin_ps,hbond_acceptor,hbond_acceptor,E,492,,SER,0.14504,0.14504,14.758,12.089
transferrin_ps,hbond_acceptor,hbond_acceptor,E,590,,LYS,0.14273,0.142617,14.511,37.082
transferrin_ps,hbond_acceptor,hbond_acceptor,E,487,,SER,0.14144,0.14144,14.391,5.775
transferrin_ps,hbond_acceptor,hbond_acceptor,E,565,,ARG,0.12874,0.128739,13.099,27.793
transferrin_ps,hbond_acceptor,hbond_acceptor,C,298,,SER,0.11414,0.11414,11.614,4.661
transferrin_ps,hbond_acceptor,hbond_acceptor,C,279,,SER,0.10804,0.10804,10.993,44.681
transferrin_ps,hbond_acceptor,hbond_acceptor,C,254,,ARG,0.10321,0.103209,10.501,28.343
transferrin_ps,hbond_acceptor,hbond_acceptor,E,455,,ARG,0.09967,0.099669,10.141,6.199
transferrin_ps,hbond_acceptor,hbond_acceptor,C,93,,THR,0.09895,0.09895,10.068,4.04
transferrin_ps,hbond_acceptor,hbond_acceptor,C,180,,SER,0.09596,0.09596,9.764,14.104
transferrin_ps,hbond_acceptor,hbond_acceptor,C,12,,SER,0.08312,0.08312,8.457,18.631
transferrin_ps,hbond_acceptor,hbond_acceptor,E,354,,LYS,0.07803,0.077968,7.933,16.998
transferrin_ps,hbond_acceptor,hbond_acceptor,C,232,,ARG,0.0775,0.077499,7.885,23.724
transferrin_ps,hbond_acceptor,hbond_acceptor,E,440,,TRP,0.07449,0.07449,7.579,3.042
transferrin_ps,hbond_acceptor,hbond_acceptor,E,547,,TRP,0.06872,0.06872,6.992,2.806
transferrin_ps,hbond_acceptor,hbond_acceptor,C,128,,TRP,0.05007,0.05007,5.095,5.204
transferrin_ps,oxide,oxide,C,277,,ASP,1.0,0.999684,100.0,35.173
transferrin_ps,oxide,oxide,E,550,,ASP,1.0,0.999684,100.0,35.173
transferrin_ps,oxide,oxide,E,651,,ASP,1.0,0.999684,100.0,35.173
transferrin_ps,oxide,oxide,C,90,,ASP,0.9637,0.963395,96.37,63.771
transferrin_ps,oxide,oxide,E,437,,ASP,0.9637,0.963395,96.37,33.896
transferrin_ps,oxide,oxide,C,104,,ASP,0.9597,0.959397,95.97,43.484
transferrin_ps,oxide,oxide,E,333,,ASP,0.91255,0.912262,91.255,32.097
transferrin_ps,oxide,oxide,C,240,,ASP,0.86695,0.866676,86.695,48.751
transferrin_ps,oxide,oxide,C,328,,GLU,0.86328,0.862848,86.312,30.359
transferrin_ps,oxide,oxide,E,413,,GLU,0.8526,0.852173,85.244,42.318
transferrin_ps,oxide,oxide,C,89,,GLU,0.84952,0.849094,84.936,63.771
transferrin_ps,oxide,oxide,C,33,,ASP,0.84755,0.847282,84.755,49.948
transferrin_ps,oxide,oxide,E,423,,GLU,0.83984,0.839419,83.968,35.824
transferrin_ps,oxide,oxide,C,261,,ASP,0.83065,0.830387,83.065,61.206
transferrin_ps,oxide,oxide,C,141,,GLU,0.81975,0.819339,81.96,28.828
transferrin_ps,oxide,oxide,C,318,,GLU,0.80831,0.807905,80.816,28.426
transferrin_ps,oxide,oxide,E,554,,GLU,0.79222,0.791823,79.207,73.364
transferrin_ps,oxide,oxide,E,604,,GLU,0.77843,0.77804,77.829,38.637
transferrin_ps,oxide,oxide,C,56,,GLU,0.77432,0.773932,77.418,27.23
transferrin_ps,oxide,oxide,C,272,,GLU,0.76895,0.768565,76.881,27.041
transferrin_ps,oxide,oxide,E,611,,ASP,0.75107,0.750833,75.107,26.418
transferrin_ps,oxide,oxide,C,281,,GLU,0.74375,0.743377,74.361,26.155
transferrin_ps,oxide,oxide,E,376,,ASP,0.73639,0.736157,73.639,51.482
transferrin_ps,oxide,oxide,E,600,,ASP,0.72607,0.72584,72.607,36.045
transferrin_ps,oxide,oxide,E,562,,ASP,0.71183,0.711605,71.183,25.037
transferrin_ps,oxide,oxide,C,229,,ASP,0.70725,0.707026,70.725,24.876
transferrin_ps,oxide,oxide,E,357,,GLU,0.70362,0.703268,70.349,45.921
transferrin_ps,oxide,oxide,E,444,,GLU,0.68885,0.688505,68.872,34.191
transferrin_ps,oxide,oxide,C,166,,ASP,0.68114,0.680925,68.114,55.578
transferrin_ps,oxide,oxide,E,645,,GLU,0.65809,0.65776,65.797,23.143
transferrin_ps,oxide,oxide,C,138,,ASP,0.65032,0.650114,65.032,22.874
transferrin_ps,oxide,oxide,E,555,,ASP,0.63799,0.637788,63.799,73.364
transferrin_ps,oxide,oxide,C,236,,ASP,0.62834,0.628141,62.834,50.086
transferrin_ps,oxide,oxide,E,589,,ASP,0.62727,0.627072,62.727,22.063
transferrin_ps,oxide,oxide,E,416,,ASP,0.62509,0.624892,62.509,21.986
transferrin_ps,oxide,oxide,C,219,,ASP,0.62274,0.622543,62.274,40.655
transferrin_ps,oxide,oxide,E,338,,GLU,0.62058,0.620269,62.047,38.263
transferrin_ps,oxide,oxide,E,495,,GLU,0.6078,0.607496,60.769,21.374
transferrin_ps,oxide,oxide,E,477,,GLU,0.60642,0.606116,60.631,53.428
transferrin_ps,oxide,oxide,C,13,,GLU,0.60642,0.606116,60.631,28.499
transferrin_ps,oxide,oxide,E,356,,ASP,0.60209,0.6019,60.209,64.814
transferrin_ps,oxide,oxide,E,367,,GLU,0.59536,0.595062,59.525,29.55
transferrin_ps,oxide,oxide,C,47,,ASP,0.5815,0.581316,58.15,20.453
transferrin_ps,oxide,oxide,E,385,,GLU,0.57988,0.57959,57.977,28.782
transferrin_ps,oxide,oxide,E,545,,GLU,0.5759,0.575612,57.579,20.252
transferrin_ps,oxide,oxide,C,24,,ASP,0.57384,0.573659,57.384,20.184
transferrin_ps,oxide,oxide,C,3,,ASP,0.57251,0.572329,57.251,66.701
transferrin_ps,oxide,oxide,C,163,,ASP,0.57118,0.570999,57.118,55.578
transferrin_ps,oxide,oxide,E,372,,GLU,0.5399,0.53963,53.98,26.798
transferrin_ps,oxide,oxide,C,221,,ASP,0.5331,0.532931,53.31,50.383
transferrin_ps,oxide,oxide,C,237,,GLU,0.51917,0.51891,51.907,70.852
transferrin_ps,oxide,oxide,C,201,,ASP,0.51709,0.516927,51.709,18.188
transferrin_ps,oxide,oxide,C,265,,GLU,0.4764,0.476161,47.631,23.646
transferrin_ps,oxide,oxide,E,637,,ASP,0.47153,0.471381,47.153,16.585
transferrin_ps,oxide,oxide,E,476,,ASP,0.46993,0.469781,46.993,37.855
transferrin_ps,oxide,oxide,E,337,,ASP,0.46739,0.467242,46.739,38.263
transferrin_ps,oxide,oxide,C,310,,ASP,0.45987,0.459725,45.987,16.175
transferrin_ps,oxide,oxide,E,570,,GLU,0.44537,0.445147,44.529,15.662
transferrin_ps,oxide,oxide,E,369,,GLU,0.44379,0.443568,44.371,22.027
transferrin_ps,oxide,oxide,C,260,,GLU,0.43326,0.433043,43.318,61.206
transferrin_ps,oxide,oxide,E,553,,GLU,0.41309,0.412883,41.301,73.364
transferrin_ps,oxide,oxide,C,197,,ASP,0.37029,0.370173,37.029,13.024
transferrin_ps,oxide,oxide,C,69,,ASP,0.34671,0.3466,34.671,12.195
transferrin_ps,oxide,oxide,E,523,,GLU,0.33161,0.331444,33.155,11.662
transferrin_ps,oxide,oxide,C,147,,GLU,0.32787,0.327706,32.781,16.274
transferrin_ps,oxide,oxide,E,669,,GLU,0.32668,0.326516,32.662,11.488
transferrin_ps,oxide,oxide,E,375,,GLU,0.30071,0.300559,30.065,51.482
transferrin_ps,oxide,oxide,E,454,,ASP,0.28345,0.28336,28.345,9.97
transferrin_ps,oxide,oxide,E,630,,ASP,0.27798,0.277892,27.798,26.067
transferrin_ps,oxide,oxide,C,224,,GLU,0.27663,0.276491,27.658,13.73
transferrin_ps,oxide,oxide,E,625,,ASP,0.26597,0.265886,26.597,27.004
transferrin_ps,oxide,oxide,E,557,,GLU,0.24277,0.242648,24.273,12.05
transferrin_ps,oxide,oxide,C,212,,GLU,0.20772,0.207616,20.768,10.31
transferrin_ps,oxide,oxide,C,15,,GLU,0.20398,0.203878,20.394,34.091
transferrin_ps,oxide,oxide,E,631,,ASP,0.19715,0.197088,19.715,23.587
transferrin_ps,oxide,oxide,E,526,,ASP,0.18572,0.185661,18.572,6.532
transferrin_ps,oxide,oxide,E,422,,GLU,0.17885,0.17876,17.882,50.562
transferrin_ps,oxide,oxide,E,351,,GLU,0.1597,0.15962,15.967,7.927
transferrin_ps,oxide,oxide,C,292,,ASP,0.15898,0.15893,15.898,15.52
transferrin_ps,oxide,oxide,C,297,,ASP,0.15365,0.153601,15.365,15.52
transferrin_ps,oxide,oxide,E,387,,ASP,0.09448,0.09445,9.448,4.69
transferrin_ps,calcium_phosphate,hydroxyapatite,C,277,,ASP,1.0,0.999684,100.0,53.759
transferrin_ps,calcium_phosphate,hydroxyapatite,E,550,,ASP,1.0,0.999684,100.0,48.048
transferrin_ps,calcium_phosphate,hydroxyapatite,E,651,,ASP,1.0,0.999684,100.0,41.73
transferrin_ps,calcium_phosphate,hydroxyapatite,C,280,,LYS,0.98359,0.982809,98.312,54.63
transferrin_ps,calcium_phosphate,hydroxyapatite,C,90,,ASP,0.9637,0.963395,96.37,55.67
transferrin_ps,calcium_phosphate,hydroxyapatite,E,437,,ASP,0.9637,0.963395,96.37,22.543
transferrin_ps,calcium_phosphate,hydroxyapatite,C,104,,ASP,0.9597,0.959397,95.97,45.054
transferrin_ps,calcium_phosphate,hydroxyapatite,E,622,,LYS,0.94006,0.939314,93.961,29.727
transferrin_ps,calcium_phosphate,hydroxyapatite,E,340,,LYS,0.93192,0.93118,93.147,47.236
transferrin_ps,calcium_phosphate,hydroxyapatite,E,333,,ASP,0.91255,0.912262,91.255,21.346
transferrin_ps,calcium_phosphate,hydroxyapatite,C,240,,ASP,0.86695,0.866676,86.695,58.779
transferrin_ps,calcium_phosphate,hydroxyapatite,C,328,,GLU,0.86328,0.862848,86.312,40.165
transferrin_ps,calcium_phosphate,hydroxyapatite,E,661,,LYS,0.86112,0.860437,86.071,29.885
transferrin_ps,calcium_phosphate,hydroxyapatite,E,413,,GLU,0.8526,0.852173,85.244,26.97
transferrin_ps,calcium_phosphate,hydroxyapatite,C,89,,GLU,0.84952,0.849094,84.936,55.67
transferrin_ps,calcium_phosphate,hydroxyapatite,C,33,,ASP,0.84755,0.847282,84.755,44.928
transferrin_ps,calcium_phosphate,hydroxyapatite,E,423,,GLU,0.83984,0.839419,83.968,32.223
transferrin_ps,calcium_phosphate,hydroxyapatite,C,261,,ASP,0.83065,0.830387,83.065,48.365
transferrin_ps,calcium_phosphate,hydroxyapatite,C,4,,LYS,0.82003,0.819379,81.964,44.045
transferrin_ps,calcium_phosphate,hydroxyapatite,C,141,,GLU,0.81975,0.819339,81.96,31.548
transferrin_ps,calcium_phosphate,hydroxyapatite,E,418,,LYS,0.81576,0.815113,81.537,58.687
transferrin_ps,calcium_phosphate,hydroxyapatite,C,308,,ARG,0.81464,0.814634,81.489,25.782
transferrin_ps,calcium_phosphate,hydroxyapatite,C,318,,GLU,0.80831,0.807905,80.816,18.904
transferrin_ps,calcium_phosphate,hydroxyapatite,E,554,,GLU,0.79222,0.791823,79.207,76.402
transferrin_ps,calcium_phosphate,hydroxyapatite,C,144,,LYS,0.78723,0.786605,78.685,30.512
transferrin_ps,calcium_phosphate,hydroxyapatite,E,654,,LYS,0.78434,0.783717,78.397,41.73
transferrin_ps,calcium_phosphate,hydroxyapatite,E,604,,GLU,0.77843,0.77804,77.829,24.623
transferrin_ps,calcium_phosphate,hydroxyapatite,C,56,,GLU,0.77432,0.773932,77.418,24.493
transferrin_ps,calcium_phosphate,hydroxyapatite,C,272,,GLU,0.76895,0.768565,76.881,25.596
transferrin_ps,calcium_phosphate,hydroxyapatite,E,588,,LYS,0.76578,0.765172,76.541,40.006
transferrin_ps,calcium_phosphate,hydroxyapatite,E,611,,ASP,0.75107,0.750833,75.107,23.762
transferrin_ps,calcium_phosphate,hydroxyapatite,C,281,,GLU,0.74375,0.743377,74.361,41.329
transferrin_ps,calcium_phosphate,hydroxyapatite,E,376,,ASP,0.73639,0.736157,73.639,32.81
transferrin_ps,calcium_phosphate,hydroxyapatite,E,600,,ASP,0.72607,0.72584,72.607,27.98
transferrin_ps,calcium_phosphate,hydroxyapatite,E,489,,LYS,0.7254,0.724824,72.505,22.939
transferrin_ps,calcium_phosphate,hydroxyapatite,E,562,,ASP,0.71183,0.711605,71.183,19.663
transferrin_ps,calcium_phosphate,hydroxyapatite,C,229,,ASP,0.70725,0.707026,70.725,18.357
transferrin_ps,calcium_phosphate,hydroxyapatite,E,357,,GLU,0.70362,0.703268,70.349,40.281
transferrin_ps,calcium_phosphate,hydroxyapatite,C,239,,LYS,0.69265,0.6921,69.232,64.267
transferrin_ps,calcium_phosphate,hydroxyapatite,E,444,,GLU,0.68885,0.688505,68.872,32.564
transferrin_ps,calcium_phosphate,hydroxyapatite,C,166,,ASP,0.68114,0.680925,68.114,39.621
transferrin_ps,calcium_phosphate,hydroxyapatite,E,552,,LYS,0.67462,0.674085,67.43,79.645
transferrin_ps,calcium_phosphate,hydroxyapatite,C,217,,LYS,0.65999,0.659466,65.967,46.914
transferrin_ps,calcium_phosphate,hydroxyapatite,E,645,,GLU,0.65809,0.65776,65.797,40.61
transferrin_ps,calcium_phosphate,hydroxyapatite,C,138,,ASP,0.65032,0.650114,65.032,20.575
transferrin_ps,calcium_phosphate,hydroxyapatite,E,555,,ASP,0.63799,0.637788,63.799,82.659
transferrin_ps,calcium_phosphate,hydroxyapatite,C,236,,ASP,0.62834,0.628141,62.834,36.302
transferrin_ps,calcium_phosphate,hydroxyapatite,E,589,,ASP,0.62727,0.627072,62.727,40.006
transferrin_ps,calcium_phosphate,hydroxyapatite,E,646,,LYS,0.62591,0.625413,62.561,44.653
transferrin_ps,calcium_phosphate,hydroxyapatite,E,641,,LYS,0.62562,0.625123,62.532,56.341
transferrin_ps,calcium_phosphate,hydroxyapatite,E,416,,ASP,0.62509,0.624892,62.509,56.746
transferrin_ps,calcium_phosphate,hydroxyapatite,E,666,,ARG,0.62433,0.624325,62.452,29.282
transferrin_ps,calcium_phosphate,hydroxyapatite,C,219,,ASP,0.62274,0.622543,62.274,47.157
transferrin_ps,calcium_phosphate,hydroxyapatite,E,338,,GLU,0.62058,0.620269,62.047,50.573
transferrin_ps,calcium_phosphate,hydroxyapatite,E,480,,ARG,0.61035,0.610345,61.054,42.499
transferrin_ps,calcium_phosphate,hydroxyapatite,E,495,,GLU,0.6078,0.607496,60.769,19.226
transferrin_ps,calcium_phosphate,hydroxyapatite,E,477,,GLU,0.60642,0.606116,60.631,52.063
transferrin_ps,calcium_phosphate,hydroxyapatite,C,13,,GLU,0.60642,0.606116,60.631,27.19
transferrin_ps,calcium_phosphate,hydroxyapatite,E,356,,ASP,0.60209,0.6019,60.209,43.773
transferrin_ps,calcium_phosphate,hydroxyapatite,C,27,,LYS,0.59837,0.597895,59.808,36.825
transferrin_ps,calcium_phosphate,hydroxyapatite,E,419,,LYS,0.59715,0.596676,59.686,62.87
transferrin_ps,calcium_phosphate,hydroxyapatite,E,367,,GLU,0.59536,0.595062,59.525,27.297
transferrin_ps,calcium_phosphate,hydroxyapatite,C,113,,ARG,0.59357,0.593565,59.375,29.005
transferrin_ps,calcium_phosphate,hydroxyapatite,C,304,,LYS,0.59331,0.592839,59.303,13.872
transferrin_ps,calcium_phosphate,hydroxyapatite,C,196,,LYS,0.58545,0.584985,58.517,44.819
transferrin_ps,calcium_phosphate,hydroxyapatite,C,47,,ASP,0.5815,0.581316,58.15,35.676
transferrin_ps,calcium_phosphate,hydroxyapatite,E,385,,GLU,0.57988,0.57959,57.977,26.443
transferrin_ps,calcium_phosphate,hydroxyapatite,E,545,,GLU,0.5759,0.575612,57.579,25.602
transferrin_ps,calcium_phosphate,hydroxyapatite,C,24,,ASP,0.57384,0.573659,57.384,36.825
transferrin_ps,calcium_phosphate,hydroxyapatite,C,312,,LYS,0.5729,0.572445,57.263,24.152
transferrin_ps,calcium_phosphate,hydroxyapatite,C,3,,ASP,0.57251,0.572329,57.251,63.533
transferrin_ps,calcium_phosphate,hydroxyapatite,C,163,,ASP,0.57118,0.570999,57.118,36.962
transferrin_ps,calcium_phosphate,hydroxyapatite,C,50,,ARG,0.5702,0.570195,57.038,36.443
transferrin_ps,calcium_phosphate,hydroxyapatite,E,474,,ARG,0.56918,0.569175,56.936,39.317
transferrin_ps,calcium_phosphate,hydroxyapatite,C,88,,LYS,0.56709,0.56664,56.682,56.37
transferrin_ps,calcium_phosphate,hydroxyapatite,E,542,,ARG,0.56201,0.562006,56.218,17.786
transferrin_ps,calcium_phosphate,hydroxyapatite,E,372,,GLU,0.5399,0.53963,53.98,17.078
transferrin_ps,calcium_phosphate,hydroxyapatite,C,221,,ASP,0.5331,0.532931,53.31,42.91
transferrin_ps,calcium_phosphate,hydroxyapatite,C,148,,LYS,0.53295,0.532527,53.27,27.225
transferrin_ps,calcium_phosphate,hydroxyapatite,E,639,,ARG,0.52971,0.529706,52.987,38.052
transferrin_ps,calcium_phosphate,hydroxyapatite,C,237,,GLU,0.51917,0.51891,51.907,73.477
transferrin_ps,calcium_phosphate,hydroxyapatite,E,549,,LYS,0.51893,0.518518,51.868,66.265
transferrin_ps,calcium_phosphate,hydroxyapatite,C,201,,ASP,0.51709,0.516927,51.709,27.482
transferrin_ps,calcium_phosphate,hydroxyapatite,E,433,,LYS,0.50632,0.505918,50.608,52.338
transferrin_ps,calcium_phosphate,hydroxyapatite,E,508,,ARG,0.49099,0.490986,49.114,14.572
transferrin_ps,calcium_phosphate,hydroxyapatite,C,41,,LYS,0.47987,0.479489,47.964,26.984
transferrin_ps,calcium_phosphate,hydroxyapatite,C,265,,GLU,0.4764,0.476161,47.631,15.07
transferrin_ps,calcium_phosphate,hydroxyapatite,E,578,,LYS,0.47589,0.475512,47.566,15.049
transferrin_ps,calcium_phosphate,hydroxyapatite,E,615,,LYS,0.47189,0.471515,47.166,14.923
transferrin_ps,calcium_phosphate,hydroxyapatite,E,637,,ASP,0.47153,0.471381,47.153,31.682
transferrin_ps,calcium_phosphate,hydroxyapatite,E,476,,ASP,0.46993,0.469781,46.993,52.063
transferrin_ps,calcium_phosphate,hydroxyapatite,E,337,,ASP,0.46739,0.467242,46.739,34.418
transferrin_ps,calcium_phosphate,hydroxyapatite,E,675,,LYS,0.46753,0.467159,46.731,12.971
transferrin_ps,calcium_phosphate,hydroxyapatite,C,103,,LYS,0.46458,0.464211,46.436,61.794
transferrin_ps,calcium_phosphate,hydroxyapatite,C,193,,LYS,0.46138,0.461014,46.116,33.137
transferrin_ps,calcium_phosphate,hydroxyapatite,C,310,,ASP,0.45987,0.459725,45.987,39.372
transferrin_ps,calcium_phosphate,hydroxyapatite,C,291,,LYS,0.44819,0.447834,44.798,18.987
transferrin_ps,calcium_phosphate,hydroxyapatite,E,570,,GLU,0.44537,0.445147,44.529,17.156
transferrin_ps,calcium_phosphate,hydroxyapatite,E,369,,GLU,0.44379,0.443568,44.371,14.038
transferrin_ps,calcium_phosphate,hydroxyapatite,C,278,,LYS,0.43423,0.433885,43.402,53.759
transferrin_ps,calcium_phosphate,hydroxyapatite,C,260,,GLU,0.43326,0.433043,43.318,50.345
transferrin_ps,calcium_phosphate,hydroxyapatite,E,660,,ARG,0.41673,0.416727,41.686,29.885
transferrin_ps,calcium_phosphate,hydroxyapatite,E,553,,GLU,0.41309,0.412883,41.301,64.564
transferrin_ps,calcium_phosphate,hydroxyapatite,E,524,,LYS,0.41313,0.412802,41.293,23.554
transferrin_ps,calcium_phosphate,hydroxyapatite,C,233,,LYS,0.40934,0.409015,40.914,24.148
transferrin_ps,calcium_phosphate,hydroxyapatite,C,102,,LYS,0.40816,0.407836,40.797,36.349
transferrin_ps,calcium_phosphate,hydroxyapatite,C,327,,ARG,0.40628,0.406277,40.641,49.193
transferrin_ps,calcium_phosphate,hydroxyapatite,E,595,,LYS,0.4031,0.40278,40.291,17.755
transferrin_ps,calcium_phosphate,hydroxyapatite,E,447,,LYS,0.39239,0.392079,39.22,48.375
transferrin_ps,calcium_phosphate,hydroxyapatite,E,633,,LYS,0.38873,0.388421,38.854,12.293
transferrin_ps,calcium_phosphate,hydroxyapatite,C,42,,LYS,0.37344,0.373144,37.326,26.984
transferrin_ps,calcium_phosphate,hydroxyapatite,C,197,,ASP,0.37029,0.370173,37.029,33.137
transferrin_ps,calcium_phosphate,hydroxyapatite,E,519,,ARG,0.3677,0.367697,36.781,11.637
transferrin_ps,calcium_phosphate,hydroxyapatite,C,23,,ARG,0.36219,0.362187,36.23,30.885
transferrin_ps,calcium_phosphate,hydroxyapatite,E,566,,LYS,0.35614,0.355857,35.597,23.016
transferrin_ps,calcium_phosphate,hydroxyapatite,C,116,,LYS,0.35172,0.351441,35.155,37.702
transferrin_ps,calcium_phosphate,hydroxyapatite,E,624,,LYS,0.34864,0.348363,34.847,19.44
transferrin_ps,calcium_phosphate,hydroxyapatite,C,69,,ASP,0.34671,0.3466,34.671,8.11
transferrin_ps,calcium_phosphate,hydroxyapatite,E,446,,LYS,0.34072,0.34045,34.056,51.877
transferrin_ps,calcium_phosphate,hydroxyapatite,E,352,,ARG,0.33832,0.338317,33.842,22.396
transferrin_ps,calcium_phosphate,hydroxyapatite,E,523,,GLU,0.33161,0.331444,33.155,23.554
transferrin_ps,calcium_phosphate,hydroxyapatite,C,147,,GLU,0.32787,0.327706,32.781,27.225
transferrin_ps,calcium_phosphate,hydroxyapatite,C,259,,LYS,0.32761,0.32735,32.745,39.638
transferrin_ps,calcium_phosphate,hydroxyapatite,E,669,,GLU,0.32668,0.326516,32.662,22.249
transferrin_ps,calcium_phosphate,hydroxyapatite,C,115,,LYS,0.32319,0.322933,32.304,40.128
transferrin_ps,calcium_phosphate,hydroxyapatite,E,375,,GLU,0.30071,0.300559,30.065,32.81
transferrin_ps,calcium_phosphate,hydroxyapatite,C,324,,ARG,0.28527,0.285268,28.536,21.886
transferrin_ps,calcium_phosphate,hydroxyapatite,E,454,,ASP,0.28345,0.28336,28.345,8.963
transferrin_ps,calcium_phosphate,hydroxyapatite,E,469,,ARG,0.27965,0.279648,27.974,7.367
transferrin_ps,calcium_phosphate,hydroxyapatite,E,630,,ASP,0.27798,0.277892,27.798,25.719
transferrin_ps,calcium_phosphate,hydroxyapatite,C,224,,GLU,0.27663,0.276491,27.658,49.293
transferrin_ps,calcium_phosphate,hydroxyapatite,E,343,,LYS,0.26766,0.267448,26.753,30.286
transferrin_ps,calcium_phosphate,hydroxyapatite,E,432,,LYS,0.2676,0.267388,26.747,24.474
transferrin_ps,calcium_phosphate,hydroxyapatite,E,625,,ASP,0.26597,0.265886,26.597,28.235
transferrin_ps,calcium_phosphate,hydroxyapatite,C,276,,LYS,0.26529,0.265079,26.516,53.759
transferrin_ps,calcium_phosphate,hydroxyapatite,C,7,,ARG,0.25929,0.259288,25.937,8.206
transferrin_ps,calcium_phosphate,hydroxyapatite,E,380,,LYS,0.25616,0.255957,25.604,26.443
transferrin_ps,calcium_phosphate,hydroxyapatite,E,557,,GLU,0.24277,0.242648,24.273,34.953
transferrin_ps,calcium_phosphate,hydroxyapatite,C,78,,LYS,0.21207,0.211902,21.197,21.256
transferrin_ps,calcium_phosphate,hydroxyapatite,C,212,,GLU,0.20772,0.207616,20.768,6.571
transferrin_ps,calcium_phosphate,hydroxyapatite,C,15,,GLU,0.20398,0.203878,20.394,27.19
transferrin_ps,calcium_phosphate,hydroxyapatite,C,220,,ARG,0.20037,0.200368,20.043,53.627
transferrin_ps,calcium_phosphate,hydroxyapatite,E,631,,ASP,0.19715,0.197088,19.715,15.032
transferrin_ps,calcium_phosphate,hydroxyapatite,E,526,,ASP,0.18572,0.185661,18.572,18.284
transferrin_ps,calcium_phosphate,hydroxyapatite,E,422,,GLU,0.17885,0.17876,17.882,32.223
transferrin_ps,calcium_phosphate,hydroxyapatite,C,143,,ARG,0.17751,0.177509,17.756,56.443
transferrin_ps,calcium_phosphate,hydroxyapatite,E,587,,ARG,0.17485,0.174849,17.49,42.216
transferrin_ps,calcium_phosphate,hydroxyapatite,E,351,,GLU,0.1597,0.15962,15.967,22.396
transferrin_ps,calcium_phosphate,hydroxyapatite,C,292,,ASP,0.15898,0.15893,15.898,22.563
transferrin_ps,calcium_phosphate,hydroxyapatite,C,124,,ARG,0.15841,0.158409,15.846,3.707
transferrin_ps,calcium_phosphate,hydroxyapatite,E,597,,LYS,0.15837,0.158244,15.829,30.112
transferrin_ps,calcium_phosphate,hydroxyapatite,C,297,,ASP,0.15365,0.153601,15.365,9.891
transferrin_ps,calcium_phosphate,hydroxyapatite,E,590,,LYS,0.14273,0.142617,14.266,54.109
transferrin_ps,calcium_phosphate,hydroxyapatite,E,565,,ARG,0.12874,0.128739,12.878,15.337
transferrin_ps,calcium_phosphate,hydroxyapatite,C,254,,ARG,0.10321,0.103209,10.324,3.266
transferrin_ps,calcium_phosphate,hydroxyapatite,E,455,,ARG,0.09967,0.099669,9.97,8.963
transferrin_ps,calcium_phosphate,hydroxyapatite,E,572,,HIS,0.86691,0.096934,9.696,13.375
transferrin_ps,calcium_phosphate,hydroxyapatite,E,387,,ASP,0.09448,0.09445,9.448,11.453
transferrin_ps,calcium_phosphate,hydroxyapatite,E,349,,HIS,0.71098,0.079499,7.952,19.929
transferrin_ps,calcium_phosphate,hydroxyapatite,E,354,,LYS,0.07803,0.077968,7.799,59.532
transferrin_ps,calcium_phosphate,hydroxyapatite,C,232,,ARG,0.0775,0.077499,7.752,15.397
transferrin_ps,calcium_phosphate,hydroxyapatite,E,620,,HIS,0.642,0.071786,7.181,11.067
transferrin_ps,calcium_phosphate,hydroxyapatite,E,676,,HIS,0.61263,0.068502,6.852,12.971
transferrin_ps,calcium_phosphate,hydroxyapatite,E,350,,HIS,0.46747,0.052271,5.229,19.929
transferrin_ps,calcium_phosphate,hydroxyapatite,C,289,,HIS,0.4567,0.051066,5.108,3.171
transferrin_ps,calcium_phosphate,hydroxyapatite,C,14,,HIS,0.43949,0.049142,4.916,21.298
transferrin_ps,calcium_phosphate,hydroxyapatite,C,273,,HIS,0.35944,0.040191,4.02,25.596
transferrin_ps,calcium_phosphate,hydroxyapatite,C,25,,HIS,0.35811,0.040042,4.006,49.807
transferrin_ps,calcium_phosphate,hydroxyapatite,E,472,,HIS,0.3148,0.0352,3.521,1.114
transferrin_ps,calcium_phosphate,hydroxyapatite,C,300,,HIS,0.26768,0.029931,2.994,0.947
transferrin_ps,calcium_phosphate,hydroxyapatite,E,575,,HIS,0.26396,0.029515,2.952,0.934
transferrin_ps,calcium_phosphate,hydroxyapatite,C,242,,HIS,0.22621,0.025294,2.53,0.8
transferrin_ps,calcium_phosphate,hydroxyapatite,E,674,,HIS,0.16709,0.018683,1.869,12.971
transferrin_ps,calcium_phosphate,hydroxyapatite,C,207,,HIS,0.13779,0.015407,1.541,0.488
transferrin_ps,calcium_phosphate,hydroxyapatite,E,582,,HIS,0.09238,0.01033,1.033,0.242
transferrin_ps,calcium_phosphate,hydroxyapatite,C,249,,HIS,0.08455,0.009454,0.946,0.221
transferrin_ps,metal_coord,metal_coord,C,277,,ASP,1.0,0.999684,100.0,30.958
transferrin_ps,metal_coord,metal_coord,E,550,,ASP,1.0,0.999684,100.0,30.958
transferrin_ps,metal_coord,metal_coord,E,651,,ASP,1.0,0.999684,100.0,30.958
transferrin_ps,metal_coord,metal_coord,C,256,,MET,0.97121,0.97121,97.152,30.076
transferrin_ps,metal_coord,metal_coord,C,90,,ASP,0.9637,0.963395,96.37,56.129
transferrin_ps,metal_coord,metal_coord,E,437,,ASP,0.9637,0.963395,96.37,29.834
transferrin_ps,metal_coord,metal_coord,C,104,,ASP,0.9597,0.959397,95.97,38.273
transferrin_ps,metal_coord,metal_coord,E,333,,ASP,0.91255,0.912262,91.255,28.251
transferrin_ps,metal_coord,metal_coord,E,572,,HIS,0.86691,0.86691,86.718,48.806
transferrin_ps,metal_coord,metal_coord,C,240,,ASP,0.86695,0.866676,86.695,49.914
transferrin_ps,metal_coord,metal_coord,C,328,,GLU,0.86328,0.862848,86.312,26.72
transferrin_ps,metal_coord,metal_coord,E,413,,GLU,0.8526,0.852173,85.244,38.029
transferrin_ps,metal_coord,metal_coord,C,89,,GLU,0.84952,0.849094,84.936,56.129
transferrin_ps,metal_coord,metal_coord,C,33,,ASP,0.84755,0.847282,84.755,43.962
transferrin_ps,metal_coord,metal_coord,E,423,,GLU,0.83984,0.839419,83.968,31.531
transferrin_ps,metal_coord,metal_coord,C,261,,ASP,0.83065,0.830387,83.065,53.871
transferrin_ps,metal_coord,metal_coord,C,141,,GLU,0.81975,0.819339,81.96,36.579
transferrin_ps,metal_coord,metal_coord,C,318,,GLU,0.80831,0.807905,80.816,25.019
transferrin_ps,metal_coord,metal_coord,E,554,,GLU,0.79222,0.791823,79.207,64.572
transferrin_ps,metal_coord,metal_coord,E,604,,GLU,0.77843,0.77804,77.829,34.735
transferrin_ps,metal_coord,metal_coord,C,56,,GLU,0.77432,0.773932,77.418,23.967
transferrin_ps,metal_coord,metal_coord,C,272,,GLU,0.76895,0.768565,76.881,34.932
transferrin_ps,metal_coord,metal_coord,E,611,,ASP,0.75107,0.750833,75.107,33.764
transferrin_ps,metal_coord,metal_coord,C,281,,GLU,0.74375,0.743377,74.361,33.187
transferrin_ps,metal_coord,metal_coord,E,376,,ASP,0.73639,0.736157,73.639,46.283
transferrin_ps,metal_coord,metal_coord,E,600,,ASP,0.72607,0.72584,72.607,32.405
transferrin_ps,metal_coord,metal_coord,E,562,,ASP,0.71183,0.711605,71.183,23.983
transferrin_ps,metal_coord,metal_coord,E,349,,HIS,0.71098,0.71098,71.12,58.148
transferrin_ps,metal_coord,metal_coord,C,229,,ASP,0.70725,0.707026,70.725,24.65
transferrin_ps,metal_coord,metal_coord,E,357,,GLU,0.70362,0.703268,70.349,40.418
transferrin_ps,metal_coord,metal_coord,E,444,,GLU,0.68885,0.688505,68.872,30.738
transferrin_ps,metal_coord,metal_coord,C,166,,ASP,0.68114,0.680925,68.114,48.917
transferrin_ps,metal_coord,metal_coord,E,645,,GLU,0.65809,0.65776,65.797,20.369
transferrin_ps,metal_coord,metal_coord,C,138,,ASP,0.65032,0.650114,65.032,36.291
transferrin_ps,metal_coord,metal_coord,E,620,,HIS,0.642,0.642,64.22,44.505
transferrin_ps,metal_coord,metal_coord,E,555,,ASP,0.63799,0.637788,63.799,64.572
transferrin_ps,metal_coord,metal_coord,C,236,,ASP,0.62834,0.628141,62.834,48.351
transferrin_ps,metal_coord,metal_coord,E,589,,ASP,0.62727,0.627072,62.727,19.419
transferrin_ps,metal_coord,metal_coord,E,416,,ASP,0.62509,0.624892,62.509,24.465
transferrin_ps,metal_coord,metal_coord,C,219,,ASP,0.62274,0.622543,62.274,35.782
transferrin_ps,metal_coord,metal_coord,E,338,,GLU,0.62058,0.620269,62.047,42.738
transferrin_ps,metal_coord,metal_coord,E,676,,HIS,0.61263,0.61263,61.282,24.146
transferrin_ps,metal_coord,metal_coord,E,495,,GLU,0.6078,0.607496,60.769,18.813
transferrin_ps,metal_coord,metal_coord,E,477,,GLU,0.60642,0.606116,60.631,48.032
transferrin_ps,metal_coord,metal_coord,C,13,,GLU,0.60642,0.606116,60.631,38.694
transferrin_ps,metal_coord,metal_coord,E,356,,ASP,0.60209,0.6019,60.209,58.268
transferrin_ps,metal_coord,metal_coord,E,367,,GLU,0.59536,0.595062,59.525,26.566
transferrin_ps,metal_coord,metal_coord,C,47,,ASP,0.5815,0.581316,58.15,18.002
transferrin_ps,metal_coord,metal_coord,E,385,,GLU,0.57988,0.57959,57.977,25.875
transferrin_ps,metal_coord,metal_coord,E,545,,GLU,0.5759,0.575612,57.579,17.825
transferrin_ps,metal_coord,metal_coord,C,24,,ASP,0.57384,0.573659,57.384,28.855
transferrin_ps,metal_coord,metal_coord,C,3,,ASP,0.57251,0.572329,57.251,58.708
transferrin_ps,metal_coord,metal_coord,C,163,,ASP,0.57118,0.570999,57.118,51.894
transferrin_ps,metal_coord,metal_coord,E,372,,GLU,0.5399,0.53963,53.98,24.091
transferrin_ps,metal_coord,metal_coord,C,221,,ASP,0.5331,0.532931,53.31,44.345
transferrin_ps,metal_coord,metal_coord,C,137,,CYS,0.5218,0.5218,52.197,60.422
transferrin_ps,metal_coord,metal_coord,C,237,,GLU,0.51917,0.51891,51.907,69.366
transferrin_ps,metal_coord,metal_coord,C,201,,ASP,0.51709,0.516927,51.709,16.008
transferrin_ps,metal_coord,metal_coord,C,265,,GLU,0.4764,0.476161,47.631,21.258
transferrin_ps,metal_coord,metal_coord,E,637,,ASP,0.47153,0.471381,47.153,19.711
transferrin_ps,metal_coord,metal_coord,E,476,,ASP,0.46993,0.469781,46.993,40.562
transferrin_ps,metal_coord,metal_coord,E,350,,HIS,0.46747,0.46747,46.762,41.437
transferrin_ps,metal_coord,metal_coord,E,337,,ASP,0.46739,0.467242,46.739,42.738
transferrin_ps,metal_coord,metal_coord,C,310,,ASP,0.45987,0.459725,45.987,20.026
transferrin_ps,metal_coord,metal_coord,C,289,,HIS,0.4567,0.4567,45.684,34.067
transferrin_ps,metal_coord,metal_coord,E,570,,GLU,0.44537,0.445147,44.529,48.806
transferrin_ps,metal_coord,metal_coord,E,369,,GLU,0.44379,0.443568,44.371,19.803
transferrin_ps,metal_coord,metal_coord,C,14,,HIS,0.43949,0.43949,43.963,52.837
transferrin_ps,metal_coord,metal_coord,C,260,,GLU,0.43326,0.433043,43.318,53.871
transferrin_ps,metal_coord,metal_coord,E,553,,GLU,0.41309,0.412883,41.301,64.572
transferrin_ps,metal_coord,metal_coord,C,197,,ASP,0.37029,0.370173,37.029,11.463
transferrin_ps,metal_coord,metal_coord,C,273,,HIS,0.35944,0.35944,35.955,34.932
transferrin_ps,metal_coord,metal_coord,C,25,,HIS,0.35811,0.35811,35.822,41.598
transferrin_ps,metal_coord,metal_coord,C,69,,ASP,0.34671,0.3466,34.671,10.733
transferrin_ps,metal_coord,metal_coord,E,523,,GLU,0.33161,0.331444,33.155,10.264
transferrin_ps,metal_coord,metal_coord,C,147,,GLU,0.32787,0.327706,32.781,14.63
transferrin_ps,metal_coord,metal_coord,E,669,,GLU,0.32668,0.326516,32.662,18.718
transferrin_ps,metal_coord,metal_coord,E,472,,HIS,0.3148,0.3148,31.49,16.993
transferrin_ps,metal_coord,metal_coord,E,375,,GLU,0.30071,0.300559,30.065,46.283
transferrin_ps,metal_coord,metal_coord,E,339,,CYS,0.29258,0.29258,29.267,42.738
transferrin_ps,metal_coord,metal_coord,E,454,,ASP,0.28345,0.28336,28.345,8.775
transferrin_ps,metal_coord,metal_coord,E,630,,ASP,0.27798,0.277892,27.798,42.824
transferrin_ps,metal_coord,metal_coord,C,224,,GLU,0.27663,0.276491,27.658,12.344
transferrin_ps,metal_coord,metal_coord,C,300,,HIS,0.26768,0.26768,26.776,11.95
transferrin_ps,metal_coord,metal_coord,E,625,,ASP,0.26597,0.265886,26.597,24.276
transferrin_ps,metal_coord,metal_coord,E,575,,HIS,0.26396,0.26396,26.404,11.784
transferrin_ps,metal_coord,metal_coord,E,612,,CYS,0.26248,0.26248,26.256,48.676
transferrin_ps,metal_coord,metal_coord,E,557,,GLU,0.24277,0.242648,24.273,10.833
transferrin_ps,metal_coord,metal_coord,E,473,,CYS,0.23393,0.23393,23.4,24.498
transferrin_ps,metal_coord,metal_coord,C,242,,HIS,0.22621,0.22621,22.628,10.099
transferrin_ps,metal_coord,metal_coord,C,212,,GLU,0.20772,0.207616,20.768,9.269
transferrin_ps,metal_coord,metal_coord,C,15,,GLU,0.20398,0.203878,20.394,55.782
transferrin_ps,metal_coord,metal_coord,E,631,,ASP,0.19715,0.197088,19.715,21.205
transferrin_ps,metal_coord,metal_coord,C,313,,MET,0.18696,0.18696,18.702,28.871
transferrin_ps,metal_coord,metal_coord,E,526,,ASP,0.18572,0.185661,18.572,5.749
transferrin_ps,metal_coord,metal_coord,C,331,,CYS,0.18151,0.18151,18.157,21.78
transferrin_ps,metal_coord,metal_coord,E,422,,GLU,0.17885,0.17876,17.882,45.456
transferrin_ps,metal_coord,metal_coord,E,674,,HIS,0.16709,0.16709,16.714,7.46
transferrin_ps,metal_coord,metal_coord,E,417,,CYS,0.16513,0.16513,16.518,35.27
transferrin_ps,metal_coord,metal_coord,C,179,,CYS,0.16482,0.16482,16.487,8.081
transferrin_ps,metal_coord,metal_coord,E,351,,GLU,0.1597,0.15962,15.967,59.737
transferrin_ps,metal_coord,metal_coord,C,292,,ASP,0.15898,0.15893,15.898,13.953
transferrin_ps,metal_coord,metal_coord,C,297,,ASP,0.15365,0.153601,15.365,13.953
transferrin_ps,metal_coord,metal_coord,C,207,,HIS,0.13779,0.13779,13.783,6.152
transferrin_ps,metal_coord,metal_coord,C,39,,CYS,0.1249,0.1249,12.494,3.868
transferrin_ps,metal_coord,metal_coord,E,382,,MET,0.11809,0.11809,11.813,5.272
transferrin_ps,metal_coord,metal_coord,C,161,,CYS,0.09613,0.09613,9.616,11.65
transferrin_ps,metal_coord,metal_coord,E,387,,ASP,0.09448,0.09445,9.448,4.217
transferrin_ps,metal_coord,metal_coord,E,671,,CYS,0.09275,0.09275,9.278,18.718
transferrin_ps,metal_coord,metal_coord,E,582,,HIS,0.09238,0.09238,9.241,2.861
transferrin_ps,metal_coord,metal_coord,C,109,,MET,0.08898,0.08898,8.901,3.972
transferrin_ps,metal_coord,metal_coord,C,249,,HIS,0.08455,0.08455,8.458,2.618
transferrin_ps,metal_coord,metal_coord,E,617,,CYS,0.07699,0.07699,7.701,43.817
transferrin_ps,metal_coord,metal_coord,E,560,,CYS,0.06286,0.06286,6.288,32.158
transferrin_ps,metal_coord,metal_coord,E,389,,MET,0.05416,0.05416,5.418,2.418
transferrin_ps,soft_metal_sulfur,gold,C,256,,MET,0.97121,0.97121,100.0,100.0
transferrin_ps,soft_metal_sulfur,gold,C,137,,CYS,0.5218,0.5218,53.727,72.416
transferrin_ps,soft_metal_sulfur,gold,E,339,,CYS,0.29258,0.29258,30.125,30.125
transferrin_ps,soft_metal_sulfur,gold,E,612,,CYS,0.26248,0.26248,27.026,34.953
transferrin_ps,soft_metal_sulfur,gold,E,473,,CYS,0.23393,0.23393,24.086,24.086
transferrin_ps,soft_metal_sulfur,gold,C,313,,MET,0.18696,0.18696,19.25,19.25
transferrin_ps,soft_metal_sulfur,gold,C,331,,CYS,0.18151,0.18151,18.689,72.416
transferrin_ps,soft_metal_sulfur,gold,E,417,,CYS,0.16513,0.16513,17.003,17.003
transferrin_ps,soft_metal_sulfur,gold,C,179,,CYS,0.16482,0.16482,16.971,26.869
transferrin_ps,soft_metal_sulfur,gold,C,39,,CYS,0.1249,0.1249,12.86,12.86
transferrin_ps,soft_metal_sulfur,gold,E,382,,MET,0.11809,0.11809,12.159,12.159
transferrin_ps,soft_metal_sulfur,gold,C,161,,CYS,0.09613,0.09613,9.898,26.869
transferrin_ps,soft_metal_sulfur,gold,E,671,,CYS,0.09275,0.09275,9.55,9.55
transferrin_ps,soft_metal_sulfur,gold,C,109,,MET,0.08898,0.08898,9.162,9.162
transferrin_ps,soft_metal_sulfur,gold,E,617,,CYS,0.07699,0.07699,7.927,34.953
transferrin_ps,soft_metal_sulfur,gold,E,560,,CYS,0.06286,0.06286,6.472,6.472
transferrin_ps,soft_metal_sulfur,gold,E,389,,MET,0.05416,0.05416,5.577,5.577
transferrin_ps,phosphate,phosphate,C,280,,LYS,0.98359,0.982809,100.0,43.669
transferrin_ps,phosphate,phosphate,E,613,,SER,0.97127,0.97127,98.826,57.931
transferrin_ps,phosphate,phosphate,E,622,,LYS,0.94006,0.939314,95.574,42.665
transferrin_ps,phosphate,phosphate,C,32,,SER,0.93734,0.93734,95.374,46.341
transferrin_ps,phosphate,phosphate,E,340,,LYS,0.93192,0.93118,94.747,26.669
transferrin_ps,phosphate,phosphate,E,661,,LYS,0.86112,0.860437,87.549,55.322
transferrin_ps,phosphate,phosphate,E,544,,SER,0.84103,0.84103,85.574,55.034
transferrin_ps,phosphate,phosphate,C,4,,LYS,0.82003,0.819379,83.371,38.231
transferrin_ps,phosphate,phosphate,E,418,,LYS,0.81576,0.815113,82.937,40.434
transferrin_ps,phosphate,phosphate,C,308,,ARG,0.81464,0.814634,82.888,40.274
transferrin_ps,phosphate,phosphate,C,144,,LYS,0.78723,0.786605,80.036,47.664
transferrin_ps,phosphate,phosphate,E,654,,LYS,0.78434,0.783717,79.743,35.415
transferrin_ps,phosphate,phosphate,E,588,,LYS,0.76578,0.765172,77.856,31.007
transferrin_ps,phosphate,phosphate,E,434,,SER,0.72822,0.72822,74.096,43.004
transferrin_ps,phosphate,phosphate,E,489,,LYS,0.7254,0.724824,73.75,33.289
transferrin_ps,phosphate,phosphate,C,239,,LYS,0.69265,0.6921,70.421,20.988
transferrin_ps,phosphate,phosphate,E,552,,LYS,0.67462,0.674085,68.588,33.326
transferrin_ps,phosphate,phosphate,C,217,,LYS,0.65999,0.659466,67.1,24.626
transferrin_ps,phosphate,phosphate,E,646,,LYS,0.62591,0.625413,63.635,35.816
transferrin_ps,phosphate,phosphate,E,641,,LYS,0.62562,0.625123,63.606,50.986
transferrin_ps,phosphate,phosphate,E,666,,ARG,0.62433,0.624325,63.525,23.655
transferrin_ps,phosphate,phosphate,E,480,,ARG,0.61035,0.610345,62.102,42.614
transferrin_ps,phosphate,phosphate,C,27,,LYS,0.59837,0.597895,60.835,59.827
transferrin_ps,phosphate,phosphate,E,419,,LYS,0.59715,0.596676,60.711,50.259
transferrin_ps,phosphate,phosphate,C,113,,ARG,0.59357,0.593565,60.395,45.31
transferrin_ps,phosphate,phosphate,C,304,,LYS,0.59331,0.592839,60.321,16.979
transferrin_ps,phosphate,phosphate,C,255,,SER,0.59091,0.59091,60.125,34.316
transferrin_ps,phosphate,phosphate,E,569,,SER,0.59091,0.59091,60.125,29.214
transferrin_ps,phosphate,phosphate,C,196,,LYS,0.58545,0.584985,59.522,41.638
transferrin_ps,phosphate,phosphate,E,614,,SER,0.57993,0.57993,59.007,57.931
transferrin_ps,phosphate,phosphate,C,312,,LYS,0.5729,0.572445,58.246,16.395
transferrin_ps,phosphate,phosphate,C,28,,SER,0.5722,0.5722,58.221,34.659
transferrin_ps,phosphate,phosphate,C,50,,ARG,0.5702,0.570195,58.017,16.33
transferrin_ps,phosphate,phosphate,E,474,,ARG,0.56918,0.569175,57.913,17.309
transferrin_ps,phosphate,phosphate,C,88,,LYS,0.56709,0.56664,57.655,26.865
transferrin_ps,phosphate,phosphate,E,542,,ARG,0.56201,0.562006,57.184,27.785
transferrin_ps,phosphate,phosphate,C,286,,SER,0.54206,0.54206,55.154,26.799
transferrin_ps,phosphate,phosphate,C,148,,LYS,0.53295,0.532527,54.184,26.327
transferrin_ps,phosphate,phosphate,E,639,,ARG,0.52971,0.529706,53.897,33.075
transferrin_ps,phosphate,phosphate,E,549,,LYS,0.51893,0.518518,52.759,67.214
transferrin_ps,phosphate,phosphate,C,36,,SER,0.51551,0.51551,52.453,65.995
transferrin_ps,phosphate,phosphate,E,433,,LYS,0.50632,0.505918,51.477,43.004
transferrin_ps,phosphate,phosphate,E,508,,ARG,0.49099,0.490986,49.957,23.389
transferrin_ps,phosphate,phosphate,C,41,,LYS,0.47987,0.479489,48.788,33.556
transferrin_ps,phosphate,phosphate,E,578,,LYS,0.47589,0.475512,48.383,14.464
transferrin_ps,phosphate,phosphate,E,615,,LYS,0.47189,0.471515,47.976,57.931
transferrin_ps,phosphate,phosphate,E,675,,LYS,0.46753,0.467159,47.533,15.877
transferrin_ps,phosphate,phosphate,C,103,,LYS,0.46458,0.464211,47.233,32.056
transferrin_ps,phosphate,phosphate,C,193,,LYS,0.46138,0.461014,46.908,35.71
transferrin_ps,phosphate,phosphate,E,657,,SER,0.45284,0.45284,46.076,71.993
transferrin_ps,phosphate,phosphate,C,291,,LYS,0.44819,0.447834,45.567,22.14
transferrin_ps,phosphate,phosphate,C,278,,LYS,0.43423,0.433885,44.147,39.897
transferrin_ps,phosphate,phosphate,C,21,,SER,0.42334,0.42334,43.074,23.644
transferrin_ps,phosphate,phosphate,E,660,,ARG,0.41673,0.416727,42.402,55.322
transferrin_ps,phosphate,phosphate,E,524,,LYS,0.41313,0.412802,42.002,20.408
transferrin_ps,phosphate,phosphate,C,233,,LYS,0.40934,0.409015,41.617,13.934
transferrin_ps,phosphate,phosphate,C,102,,LYS,0.40816,0.407836,41.497,48.81
transferrin_ps,phosphate,phosphate,C,327,,ARG,0.40628,0.406277,41.338,34.189
transferrin_ps,phosphate,phosphate,E,595,,LYS,0.4031,0.40278,40.983,20.152
transferrin_ps,phosphate,phosphate,E,447,,LYS,0.39239,0.392079,39.894,50.283
transferrin_ps,phosphate,phosphate,E,633,,LYS,0.38873,0.388421,39.522,19.203
transferrin_ps,phosphate,phosphate,E,370,,SER,0.38134,0.38134,38.801,18.853
transferrin_ps,phosphate,phosphate,C,155,,SER,0.38017,0.38017,38.682,47.202
transferrin_ps,phosphate,phosphate,C,42,,LYS,0.37344,0.373144,37.967,33.556
transferrin_ps,phosphate,phosphate,E,519,,ARG,0.3677,0.367697,37.413,18.178
transferrin_ps,phosphate,phosphate,C,23,,ARG,0.36219,0.362187,36.852,40.815
transferrin_ps,phosphate,phosphate,E,566,,LYS,0.35614,0.355857,36.208,23.958
transferrin_ps,phosphate,phosphate,C,116,,LYS,0.35172,0.351441,35.759,47.202
transferrin_ps,phosphate,phosphate,E,624,,LYS,0.34864,0.348363,35.446,17.223
transferrin_ps,phosphate,phosphate,E,414,,SER,0.34306,0.34306,34.906,16.96
transferrin_ps,phosphate,phosphate,C,87,,SER,0.34143,0.34143,34.74,26.865
transferrin_ps,phosphate,phosphate,E,446,,LYS,0.34072,0.34045,34.64,38.46
transferrin_ps,phosphate,phosphate,E,352,,ARG,0.33832,0.338317,34.423,26.618
transferrin_ps,phosphate,phosphate,C,259,,LYS,0.32761,0.32735,33.308,12.331
transferrin_ps,phosphate,phosphate,C,115,,LYS,0.32319,0.322933,32.858,47.202
transferrin_ps,phosphate,phosphate,E,359,,SER,0.31291,0.31291,31.838,11.195
transferrin_ps,phosphate,phosphate,C,324,,ARG,0.28527,0.285268,29.026,19.806
transferrin_ps,phosphate,phosphate,E,469,,ARG,0.27965,0.279648,28.454,9.017
transferrin_ps,phosphate,phosphate,E,343,,LYS,0.26766,0.267448,27.213,7.66
transferrin_ps,phosphate,phosphate,E,432,,LYS,0.2676,0.267388,27.206,43.004
transferrin_ps,phosphate,phosphate,C,276,,LYS,0.26529,0.265079,26.972,34.556
transferrin_ps,phosphate,phosphate,C,7,,ARG,0.25929,0.259288,26.382,12.819
transferrin_ps,phosphate,phosphate,E,380,,LYS,0.25616,0.255957,26.043,12.654
transferrin_ps,phosphate,phosphate,C,105,,SER,0.24721,0.24721,25.153,32.056
transferrin_ps,phosphate,phosphate,C,208,,SER,0.24721,0.24721,25.153,10.79
transferrin_ps,phosphate,phosphate,C,44,,SER,0.23589,0.23589,24.002,30.11
transferrin_ps,phosphate,phosphate,C,78,,LYS,0.21207,0.211902,21.561,10.476
transferrin_ps,phosphate,phosphate,E,663,,SER,0.20162,0.20162,20.515,60.233
transferrin_ps,phosphate,phosphate,C,189,,SER,0.20086,0.20086,20.437,9.93
transferrin_ps,phosphate,phosphate,C,220,,ARG,0.20037,0.200368,20.387,24.626
transferrin_ps,phosphate,phosphate,E,501,,SER,0.19389,0.19389,19.728,19.615
transferrin_ps,phosphate,phosphate,C,143,,ARG,0.17751,0.177509,18.061,42.864
transferrin_ps,phosphate,phosphate,E,587,,ARG,0.17485,0.174849,17.791,31.007
transferrin_ps,phosphate,phosphate,C,124,,ARG,0.15841,0.158409,16.118,4.537
transferrin_ps,phosphate,phosphate,E,597,,LYS,0.15837,0.158244,16.101,16.068
transferrin_ps,phosphate,phosphate,E,532,,SER,0.15254,0.15254,15.521,7.541
transferrin_ps,phosphate,phosphate,E,491,,SER,0.15102,0.15102,15.366,14.637
transferrin_ps,phosphate,phosphate,E,492,,SER,0.14504,0.14504,14.758,14.637
transferrin_ps,phosphate,phosphate,E,590,,LYS,0.14273,0.142617,14.511,42.543
transferrin_ps,phosphate,phosphate,E,487,,SER,0.14144,0.14144,14.391,6.993
transferrin_ps,phosphate,phosphate,E,565,,ARG,0.12874,0.128739,13.099,13.879
transferrin_ps,phosphate,phosphate,C,298,,SER,0.11414,0.11414,11.614,5.643
transferrin_ps,phosphate,phosphate,C,279,,SER,0.10804,0.10804,10.993,52.412
transferrin_ps,phosphate,phosphate,C,254,,ARG,0.10321,0.103209,10.501,34.316
transferrin_ps,phosphate,phosphate,E,455,,ARG,0.09967,0.099669,10.141,2.855
transferrin_ps,phosphate,phosphate,E,572,,HIS,0.86691,0.096934,9.863,4.792
transferrin_ps,phosphate,phosphate,C,180,,SER,0.09596,0.09596,9.764,4.744
transferrin_ps,phosphate,phosphate,C,12,,SER,0.08312,0.08312,8.457,24.986
transferrin_ps,phosphate,phosphate,E,349,,HIS,0.71098,0.079499,8.089,23.24
transferrin_ps,phosphate,phosphate,E,354,,LYS,0.07803,0.077968,7.933,20.581
transferrin_ps,phosphate,phosphate,C,232,,ARG,0.0775,0.077499,7.885,13.934
transferrin_ps,phosphate,phosphate,E,620,,HIS,0.642,0.071786,7.304,3.549
transferrin_ps,phosphate,phosphate,E,676,,HIS,0.61263,0.068502,6.97,15.877
transferrin_ps,phosphate,phosphate,E,350,,HIS,0.46747,0.052271,5.318,23.24
transferrin_ps,phosphate,phosphate,C,289,,HIS,0.4567,0.051066,5.196,4.954
transferrin_ps,phosphate,phosphate,C,14,,HIS,0.43949,0.049142,5.0,5.251
transferrin_ps,phosphate,phosphate,C,273,,HIS,0.35944,0.040191,4.089,1.987
transferrin_ps,phosphate,phosphate,C,25,,HIS,0.35811,0.040042,4.074,57.156
transferrin_ps,phosphate,phosphate,E,472,,HIS,0.3148,0.0352,3.582,1.74
transferrin_ps,phosphate,phosphate,C,300,,HIS,0.26768,0.029931,3.045,1.48
transferrin_ps,phosphate,phosphate,E,575,,HIS,0.26396,0.029515,3.003,1.459
transferrin_ps,phosphate,phosphate,C,242,,HIS,0.22621,0.025294,2.574,1.25
transferrin_ps,phosphate,phosphate,E,674,,HIS,0.16709,0.018683,1.901,15.877
transferrin_ps,phosphate,phosphate,C,207,,HIS,0.13779,0.015407,1.568,12.983
transferrin_ps,phosphate,phosphate,E,582,,HIS,0.09238,0.01033,1.051,0.296
transferrin_ps,phosphate,phosphate,C,249,,HIS,0.08455,0.009454,0.962,0.271
