case_id,map_key,display_rank,pareto_front,classification,center_key,center_res_name,center_res_seq,center_chain,n_members,n_chemistry_seeds,diameter_A,chemistry_support,mean_accessibility,patch_coherence,orientation_coherence,members,seed_members
asparaginase_alumoh,anionic,1,1,primary plausible interface,C:19:,SER,19,C,9,6,12.664954604085866,0.6666666666666666,0.3880111111111111,0.78497,0.9891614400686024,C:119:;C:120:;C:16:;C:18:;C:19:;C:20:;C:21:;C:22:;C:23:,C:119:;C:120:;C:19:;C:21:;C:22:;C:23:
asparaginase_alumoh,anionic,2,1,primary plausible interface,A:71:,LYS,71,A,6,5,10.419553145398913,0.8333333333333334,0.4394416666666667,0.76103,0.9931541775333267,A:206:;A:68:;A:71:;A:72:;A:74:;A:75:,A:206:;A:68:;A:71:;A:72:;A:75:
asparaginase_alumoh,anionic,3,1,primary plausible interface,D:71:,LYS,71,D,6,5,10.400849461974502,0.8333333333333334,0.43558,0.7471,0.9931938134354323,D:206:;D:68:;D:71:;D:72:;D:74:;D:75:,D:206:;D:68:;D:71:;D:72:;D:75:
asparaginase_alumoh,anionic,4,1,primary plausible interface,D:76:,ASP,76,D,7,3,11.223118510372403,0.42857142857142855,0.4265971428571428,0.58816,0.9943466554575804,D:72:;D:74:;D:75:;D:76:;D:77:;D:78:;D:79:,D:72:;D:75:;D:79:
asparaginase_alumoh,anionic,5,1,primary plausible interface,B:76:,ASP,76,B,7,3,11.27001557815156,0.42857142857142855,0.4482928571428571,0.58418,0.9942929657221464,B:72:;B:74:;B:75:;B:76:;B:77:;B:78:;B:79:,B:72:;B:75:;B:79:
asparaginase_alumoh,anionic,6,1,primary plausible interface,A:76:,ASP,76,A,7,3,11.145802576744096,0.42857142857142855,0.4450042857142857,0.57869,0.9943392299499104,A:72:;A:74:;A:75:;A:76:;A:77:;A:78:;A:79:,A:72:;A:75:;A:79:
asparaginase_alumoh,anionic,7,1,primary plausible interface,A:259:,THR,259,A,6,3,12.542751179479009,0.5,0.5766016666666666,0.56975,0.9939279181776388,A:255:;A:256:;A:258:;A:259:;A:262:;A:263:,A:256:;A:259:;A:262:
asparaginase_alumoh,anionic,8,1,primary plausible interface,B:207:,LYS,207,B,5,2,11.418079794450895,0.4,0.630632,0.51542,0.9949290826819923,B:204:;B:206:;B:207:;B:208:;B:209:,B:206:;B:207:
asparaginase_alumoh,anionic,9,1,primary plausible interface,C:207:,LYS,207,C,5,2,11.320446550324368,0.4,0.683882,0.45022,0.9950003986067254,C:204:;C:206:;C:207:;C:208:;C:209:,C:206:;C:207:
asparaginase_alumoh,anionic,10,1,primary plausible interface,A:264:,GLY,264,A,6,3,12.075463174569197,0.5,0.5402866666666667,0.39098999999999995,0.9944500750280233,A:262:;A:263:;A:264:;A:265:;A:266:;A:314:,A:262:;A:265:;A:314:
asparaginase_alumoh,anionic,11,1,primary plausible interface,B:264:,GLY,264,B,6,3,11.630586546863315,0.5,0.5523300000000001,0.3771,0.9945996129867423,B:262:;B:263:;B:264:;B:265:;B:266:;B:314:,B:262:;B:265:;B:314:
asparaginase_alumoh,anionic,12,1,primary plausible interface,D:200:,ASP,200,D,5,3,9.80674939097272,0.6,0.424602,0.36595999999999995,0.9953701814062126,D:196:;D:197:;D:199:;D:200:;D:202:,D:196:;D:197:;D:199:
asparaginase_alumoh,anionic,13,1,primary plausible interface,B:200:,ASP,200,B,5,3,9.850191159858456,0.6,0.40385,0.35021,0.9953886225157977,B:196:;B:197:;B:199:;B:200:;B:202:,B:196:;B:197:;B:199:
asparaginase_alumoh,anionic,14,1,primary plausible interface,C:200:,ASP,200,C,5,3,9.87614472098796,0.6,0.41433800000000004,0.34,0.9954895362796716,C:196:;C:197:;C:199:;C:200:;C:202:,C:196:;C:197:;C:199:
asparaginase_alumoh,anionic,15,1,primary plausible interface,B:158:,ARG,158,B,3,1,10.949006398148441,0.3333333333333333,0.08252,0.029060000000000002,0.9976002978989755,B:100:;B:158:;B:159:,B:158:
asparaginase_alumoh,anionic,16,1,primary plausible interface,D:158:,ARG,158,D,3,1,10.872988993343752,0.3333333333333333,0.08604666666666667,0.02693,0.9976336528501547,D:100:;D:158:;D:159:,D:158:
asparaginase_alumoh,anionic,17,1,primary plausible interface,A:100:,ASP,100,A,3,2,8.951094660151453,0.6666666666666666,0.09675,0.0059499999999999996,0.9953894788703921,A:100:;A:158:;A:197:,A:158:;A:197:
asparaginase_alumoh,anionic,18,2,alternative interface,C:71:,LYS,71,C,6,5,10.371543365644316,0.8333333333333334,0.4373033333333334,0.74517,0.9931189849840056,C:206:;C:68:;C:71:;C:72:;C:74:;C:75:,C:206:;C:68:;C:71:;C:72:;C:75:
asparaginase_alumoh,anionic,19,2,alternative interface,D:254:,PHE,254,D,7,3,11.811403612418198,0.42857142857142855,0.3657342857142857,0.55442,0.9936307414074514,D:250:;D:251:;D:252:;D:254:;D:255:;D:256:;D:258:,D:251:;D:252:;D:256:
asparaginase_alumoh,anionic,20,2,alternative interface,C:77:,CYS,77,C,8,3,13.229948373307618,0.375,0.47650624999999996,0.53466,0.9923667416965806,C:107:;C:74:;C:75:;C:76:;C:77:;C:78:;C:79:;C:81:,C:107:;C:75:;C:79:
asparaginase_alumoh,anionic,21,2,alternative interface,B:259:,THR,259,B,6,3,12.66718002082639,0.5,0.5155983333333334,0.5287,0.9935132408967272,B:255:;B:256:;B:258:;B:259:;B:262:;B:263:,B:256:;B:259:;B:262:
asparaginase_alumoh,anionic,22,2,alternative interface,B:254:,PHE,254,B,7,3,11.72783593915767,0.42857142857142855,0.34407571428571426,0.50452,0.9937682708301692,B:250:;B:251:;B:252:;B:254:;B:255:;B:256:;B:258:,B:251:;B:252:;B:256:
asparaginase_alumoh,anionic,23,2,alternative interface,D:259:,THR,259,D,6,3,12.621634245867524,0.5,0.5145383333333333,0.50157,0.9937065209500306,D:255:;D:256:;D:258:;D:259:;D:262:;D:263:,D:256:;D:259:;D:262:
asparaginase_alumoh,anionic,24,2,alternative interface,C:259:,THR,259,C,6,3,12.659493986376594,0.5,0.5584749999999999,0.48908,0.9938424869528993,C:255:;C:256:;C:258:;C:259:;C:262:;C:263:,C:256:;C:259:;C:262:
asparaginase_alumoh,anionic,25,2,alternative interface,D:207:,LYS,207,D,5,2,11.533880309419756,0.4,0.671432,0.44874,0.994996899365125,D:204:;D:206:;D:207:;D:208:;D:209:,D:206:;D:207:
asparaginase_alumoh,anionic,26,2,alternative interface,A:200:,ASP,200,A,5,3,9.838096263184578,0.6,0.40442,0.33508000000000004,0.9954783422808086,A:196:;A:197:;A:199:;A:200:;A:202:,A:196:;A:197:;A:199:
asparaginase_alumoh,anionic,27,2,alternative interface,C:158:,ARG,158,C,3,1,10.884579319998048,0.3333333333333333,0.07876,0.02657,0.9975422537377829,C:100:;C:158:;C:159:,C:158:
asparaginase_alumoh,anionic,28,3,alternative interface,D:20:,ALA,20,D,8,5,12.164974733586565,0.625,0.33237,0.69122,0.9908995548625399,D:119:;D:120:;D:121:;D:18:;D:19:;D:20:;D:21:;D:22:,D:119:;D:120:;D:19:;D:21:;D:22:
asparaginase_alumoh,anionic,29,3,alternative interface,B:71:,LYS,71,B,6,5,10.434274898813147,0.8333333333333334,0.42942166666666665,0.68645,0.9931170575722459,B:206:;B:68:;B:71:;B:72:;B:74:;B:75:,B:206:;B:68:;B:71:;B:72:;B:75:
asparaginase_alumoh,anionic,30,3,alternative interface,A:254:,PHE,254,A,7,3,11.871621099978384,0.42857142857142855,0.38079,0.5005700000000001,0.993669657992574,A:250:;A:251:;A:252:;A:254:;A:255:;A:256:;A:258:,A:251:;A:252:;A:256:
asparaginase_alumoh,anionic,31,3,alternative interface,A:207:,LYS,207,A,5,2,11.45274026644928,0.4,0.6589639999999999,0.44671999999999995,0.9949418374536833,A:204:;A:206:;A:207:;A:208:;A:209:,A:206:;A:207:
asparaginase_alumoh,anionic,32,3,alternative interface,A:313:,THR,313,A,6,3,11.990153089809432,0.5,0.4546016666666666,0.31544,0.9920665130709747,A:311:;A:312:;A:313:;A:314:;A:315:;A:318:,A:311:;A:313:;A:314:
asparaginase_alumoh,anionic,33,3,alternative interface,B:313:,THR,313,B,6,3,11.992547472231655,0.5,0.4437066666666667,0.31216,0.9920981008371095,B:311:;B:312:;B:313:;B:314:;B:315:;B:318:,B:311:;B:313:;B:314:
asparaginase_alumoh,anionic,34,3,alternative interface,C:264:,GLY,264,C,6,3,12.51801612193226,0.5,0.549535,0.31111,0.9921458107400202,C:237:;C:262:;C:263:;C:264:;C:265:;C:314:,C:262:;C:265:;C:314:
asparaginase_alumoh,anionic,35,4,alternative interface,B:20:,ALA,20,B,9,6,12.21433387182098,0.6666666666666666,0.3321088888888889,0.68343,0.9893960152666144,B:119:;B:120:;B:121:;B:18:;B:19:;B:20:;B:21:;B:22:;B:23:,B:119:;B:120:;B:19:;B:21:;B:22:;B:23:
asparaginase_alumoh,anionic,36,4,alternative interface,B:142:,ALA,142,B,9,3,12.860484046165688,0.3333333333333333,0.42547111111111113,0.49508,0.9864392878897884,B:106:;B:107:;B:108:;B:138:;B:139:;B:140:;B:142:;B:143:;B:144:,B:107:;B:139:;B:144:
asparaginase_alumoh,anionic,37,4,alternative interface,A:142:,ALA,142,A,9,3,12.721882991918713,0.3333333333333333,0.4243411111111111,0.48934,0.9865253607216952,A:106:;A:107:;A:108:;A:138:;A:139:;A:140:;A:142:;A:143:;A:144:,A:107:;A:139:;A:144:
asparaginase_alumoh,anionic,38,4,alternative interface,C:254:,PHE,254,C,7,3,11.907682343482108,0.42857142857142855,0.3805085714285714,0.47947,0.9936453194868963,C:250:;C:251:;C:252:;C:254:;C:255:;C:256:;C:258:,C:251:;C:252:;C:256:
asparaginase_alumoh,anionic,39,4,alternative interface,A:19:,SER,19,A,10,6,10.535637716819089,0.6,0.373935,0.47219,0.9893357319943822,A:119:;A:120:;A:17:;A:18:;A:19:;A:20:;A:21:;A:22:;A:23:;A:24:,A:119:;A:120:;A:19:;A:21:;A:22:;A:23:
asparaginase_alumoh,anionic,40,4,alternative interface,D:142:,ALA,142,D,9,3,12.568634880976573,0.3333333333333333,0.40786555555555554,0.45470999999999995,0.9867741143175186,D:106:;D:107:;D:108:;D:138:;D:139:;D:140:;D:142:;D:143:;D:144:,D:107:;D:139:;D:144:
asparaginase_alumoh,anionic,41,4,alternative interface,A:41:,GLN,41,A,7,2,11.932875597597107,0.2857142857142857,0.4510871428571428,0.33786,0.9922194489730375,A:130:;A:40:;A:41:;A:43:;A:44:;A:45:;B:21:,A:43:;B:21:
asparaginase_alumoh,anionic,42,4,alternative interface,D:314:,LYS,314,D,8,2,14.536466259348371,0.25,0.456515,0.31390999999999997,0.9898257000746531,D:264:;D:266:;D:312:;D:313:;D:314:;D:315:;D:316:;D:318:,D:313:;D:314:
asparaginase_alumoh,anionic,43,4,alternative interface,D:184:,ASN,184,D,8,5,11.909746261307168,0.625,0.3814875,0.29452,0.9821414370698859,A:281:;C:21:;C:22:;C:23:;D:183:;D:184:;D:185:;D:186:,C:21:;C:22:;C:23:;D:183:;D:186:
asparaginase_alumoh,anionic,44,4,alternative interface,D:289:,TYR,289,D,8,2,14.121780057684145,0.25,0.46761125,0.28261,0.9921303380963991,D:258:;D:262:;D:285:;D:286:;D:287:;D:288:;D:289:;D:290:,D:262:;D:288:
asparaginase_alumoh,anionic,45,4,alternative interface,A:289:,TYR,289,A,8,2,14.142150205005375,0.25,0.5202837499999999,0.27917000000000003,0.9921715129970226,A:258:;A:262:;A:285:;A:286:;A:287:;A:288:;A:289:;A:290:,A:262:;A:288:
asparaginase_alumoh,anionic,46,4,alternative interface,B:104:,LYS,104,B,4,2,10.314427775837041,0.5,0.292425,0.2774,0.992165223832906,B:104:;B:106:;B:199:;B:74:,B:104:;B:199:
asparaginase_alumoh,anionic,47,4,alternative interface,D:41:,GLN,41,D,6,1,10.709070315082748,0.16666666666666666,0.4890083333333333,0.26789,0.9949170065923423,D:130:;D:40:;D:41:;D:43:;D:44:;D:45:,D:43:
asparaginase_alumoh,anionic,48,4,alternative interface,B:289:,TYR,289,B,8,2,13.71052789222693,0.25,0.48802750000000006,0.26578,0.9922800014293812,B:258:;B:262:;B:285:;B:286:;B:287:;B:288:;B:289:;B:290:,B:262:;B:288:
asparaginase_alumoh,anionic,49,4,alternative interface,D:49:,LYS,49,D,6,2,13.61260663168752,0.3333333333333333,0.41190499999999997,0.26533,0.9901539421678363,D:3:;D:47:;D:49:;D:50:;D:51:;D:5:,D:49:;D:5:
asparaginase_alumoh,anionic,50,4,alternative interface,C:212:,PRO,212,C,6,2,13.520437558372011,0.3333333333333333,0.41651166666666667,0.24395,0.9882682938780354,C:210:;C:212:;C:213:;C:236:;C:237:;C:311:,C:213:;C:311:
asparaginase_alumoh,anionic,51,4,alternative interface,B:49:,LYS,49,B,5,2,13.447826728812649,0.4,0.462506,0.24306999999999998,0.9900364045611453,B:3:;B:47:;B:49:;B:51:;B:5:,B:49:;B:5:
asparaginase_alumoh,anionic,52,4,alternative interface,C:313:,THR,313,C,6,3,11.93384399140777,0.5,0.38291000000000003,0.23062000000000002,0.9921803614048564,C:311:;C:312:;C:313:;C:314:;C:315:;C:318:,C:311:;C:313:;C:314:
asparaginase_alumoh,anionic,53,4,alternative interface,B:232:,VAL,232,B,8,2,12.757756629457296,0.25,0.39726125,0.22503,0.9925075340577295,B:229:;B:230:;B:232:;B:233:;B:234:;B:235:;B:236:;B:265:,B:229:;B:265:
asparaginase_alumoh,anionic,54,4,alternative interface,C:49:,LYS,49,C,6,2,13.546115421481153,0.3333333333333333,0.40411499999999995,0.22489,0.9903339458679147,C:3:;C:47:;C:49:;C:50:;C:51:;C:5:,C:49:;C:5:
asparaginase_alumoh,anionic,55,4,alternative interface,D:104:,LYS,104,D,4,2,10.231441975650476,0.5,0.289165,0.21278,0.9922814772398478,D:104:;D:106:;D:199:;D:74:,D:104:;D:199:
asparaginase_alumoh,anionic,56,4,alternative interface,A:104:,LYS,104,A,4,2,10.296288668078445,0.5,0.287365,0.20577,0.9923096147122648,A:104:;A:106:;A:199:;A:74:,A:104:;A:199:
asparaginase_alumoh,anionic,57,5,alternative interface,A:16:,GLY,16,A,13,6,13.964976423058888,0.46153846153846156,0.3224123076923077,0.6388199999999999,0.9854527869906948,A:117:;A:118:;A:119:;A:120:;A:12:;A:16:;A:17:;A:18:;A:25:;A:26:;A:27:;A:29:;A:30:,A:118:;A:119:;A:120:;A:12:;A:26:;A:29:
asparaginase_alumoh,anionic,58,5,alternative interface,A:184:,ASN,184,A,8,5,12.013826577268507,0.625,0.32280125,0.51404,0.9837120822745481,A:183:;A:184:;A:185:;A:186:;B:21:;B:22:;B:23:;D:281:,A:183:;A:186:;B:21:;B:22:;B:23:
asparaginase_alumoh,anionic,59,5,alternative interface,B:184:,ASN,184,B,8,5,11.819916069250596,0.625,0.33186125,0.49011000000000005,0.9843172705459932,A:21:;A:22:;A:23:;B:183:;B:184:;B:185:;B:186:;C:281:,A:21:;A:22:;A:23:;B:183:;B:186:
asparaginase_alumoh,anionic,60,5,alternative interface,D:16:,GLY,16,D,11,5,13.51946781017636,0.45454545454545453,0.3311872727272727,0.48859,0.9865222219717462,D:117:;D:118:;D:119:;D:12:;D:16:;D:18:;D:25:;D:26:;D:27:;D:29:;D:30:,D:118:;D:119:;D:12:;D:26:;D:29:
asparaginase_alumoh,anionic,61,5,alternative interface,C:142:,ALA,142,C,9,3,12.83927473104557,0.3333333333333333,0.41579555555555553,0.47716000000000003,0.9864874478914413,C:106:;C:107:;C:108:;C:138:;C:139:;C:140:;C:142:;C:143:;C:144:,C:107:;C:139:;C:144:
asparaginase_alumoh,anionic,62,5,alternative interface,B:117:,PRO,117,B,10,5,14.19116928523636,0.5,0.172433,0.45972999999999997,0.9855085048163985,B:116:;B:117:;B:118:;B:119:;B:120:;B:123:;B:125:;B:12:;B:16:;B:25:,B:116:;B:118:;B:119:;B:120:;B:12:
asparaginase_alumoh,anionic,63,5,alternative interface,C:24:,ASN,24,C,9,3,11.529177521412663,0.3333333333333333,0.3725333333333334,0.36154000000000003,0.9872946803637689,A:281:;A:282:;A:283:;C:18:;C:22:;C:23:;C:24:;C:25:;C:26:,C:22:;C:23:;C:26:
asparaginase_alumoh,anionic,64,5,alternative interface,D:237:,ASP,237,D,7,2,11.151001832013812,0.2857142857142857,0.3449685714285714,0.34225,0.991575558753008,D:212:;D:213:;D:235:;D:236:;D:237:;D:265:;D:266:,D:213:;D:265:
asparaginase_alumoh,anionic,65,5,alternative interface,A:237:,ASP,237,A,7,2,11.110465778870278,0.2857142857142857,0.35565714285714284,0.33337000000000006,0.9915627189664474,A:212:;A:213:;A:235:;A:236:;A:237:;A:265:;A:266:,A:213:;A:265:
asparaginase_alumoh,anionic,66,5,alternative interface,B:237:,ASP,237,B,7,2,11.095407274576711,0.2857142857142857,0.33964285714285714,0.33285,0.9916399474549794,B:212:;B:213:;B:235:;B:236:;B:237:;B:265:;B:266:,B:213:;B:265:
asparaginase_alumoh,anionic,67,5,alternative interface,B:192:,THR,192,B,6,3,13.22684308145499,0.5,0.3530783333333333,0.31172,0.970492979201789,B:144:;B:192:;B:193:;B:194:;C:192:;C:194:,B:144:;B:192:;C:192:
asparaginase_alumoh,anionic,68,5,alternative interface,B:41:,GLN,41,B,7,2,12.485808484379762,0.2857142857142857,0.4039371428571429,0.30157,0.9919801418022661,A:21:;B:130:;B:40:;B:41:;B:43:;B:44:;B:45:,A:21:;B:43:
asparaginase_alumoh,anionic,69,5,alternative interface,A:192:,THR,192,A,5,3,13.266442016448773,0.6,0.336754,0.29626,0.9779405981849171,A:144:;A:192:;A:193:;A:194:;D:192:,A:144:;A:192:;D:192:
asparaginase_alumoh,anionic,70,5,alternative interface,C:193:,PRO,193,C,6,4,10.630253516723316,0.6666666666666666,0.299815,0.27332999999999996,0.9844064825842677,C:144:;C:192:;C:193:;C:194:;C:195:;C:196:,C:144:;C:192:;C:195:;C:196:
asparaginase_alumoh,anionic,71,5,alternative interface,D:193:,PRO,193,D,6,4,10.712404999747314,0.6666666666666666,0.300815,0.2708,0.984359268168361,D:144:;D:192:;D:193:;D:194:;D:195:;D:196:,D:144:;D:192:;D:195:;D:196:
asparaginase_alumoh,anionic,72,5,alternative interface,C:289:,TYR,289,C,8,2,14.26290185372218,0.25,0.48151625000000003,0.25922999999999996,0.9921102937012336,C:258:;C:262:;C:285:;C:286:;C:287:;C:288:;C:289:;C:290:,C:262:;C:288:
asparaginase_alumoh,anionic,73,5,alternative interface,D:232:,VAL,232,D,8,2,12.824093896805346,0.25,0.37446375,0.24416000000000002,0.9924251309395312,D:229:;D:230:;D:232:;D:233:;D:234:;D:235:;D:236:;D:265:,D:229:;D:265:
asparaginase_alumoh,anionic,74,5,alternative interface,D:227:,PRO,227,D,8,1,12.210664854110826,0.125,0.26502875000000004,0.24416000000000002,0.9930154027046196,B:226:;B:227:;B:230:;D:225:;D:226:;D:227:;D:229:;D:230:,D:229:
asparaginase_alumoh,anionic,75,5,alternative interface,B:195:,ARG,195,B,7,3,11.46546578233828,0.42857142857142855,0.24363,0.21504,0.986689012900624,B:193:;B:194:;B:195:;B:196:;B:197:;B:325:;B:326:,B:195:;B:196:;B:197:
asparaginase_alumoh,anionic,76,5,alternative interface,C:232:,VAL,232,C,8,2,12.644959671708175,0.25,0.3866125,0.21427,0.9924946134369116,C:229:;C:230:;C:232:;C:233:;C:234:;C:235:;C:236:;C:265:,C:229:;C:265:
asparaginase_alumoh,anionic,77,5,alternative interface,A:49:,LYS,49,A,6,2,13.431320563803014,0.3333333333333333,0.4014249999999999,0.20753,0.9903092046474244,A:3:;A:47:;A:49:;A:50:;A:51:;A:5:,A:49:;A:5:
asparaginase_alumoh,anionic,78,5,alternative interface,A:195:,ARG,195,A,7,3,11.44511823273872,0.42857142857142855,0.25891714285714285,0.19997,0.9867685800116072,A:193:;A:194:;A:195:;A:196:;A:197:;A:325:;A:326:,A:195:;A:196:;A:197:
asparaginase_alumoh,anionic,79,5,alternative interface,C:104:,LYS,104,C,4,2,10.479475890256595,0.5,0.29755750000000003,0.19294,0.9920446829232099,C:104:;C:106:;C:199:;C:74:,C:104:;C:199:
asparaginase_alumoh,anionic,80,5,alternative interface,B:225:,ASP,225,B,6,3,11.054188709068042,0.5,0.3020366666666667,0.17801999999999998,0.9917535204874154,B:225:;B:226:;B:227:;B:229:;B:252:;B:256:,B:229:;B:252:;B:256:
asparaginase_alumoh,anionic,81,5,alternative interface,A:225:,ASP,225,A,6,3,10.921586195359788,0.5,0.3077733333333333,0.16056,0.9917697551393883,A:225:;A:226:;A:227:;A:229:;A:252:;A:256:,A:229:;A:252:;A:256:
asparaginase_alumoh,anionic,82,5,alternative interface,D:311:,THR,311,D,4,2,11.128419756929123,0.5,0.1977225,0.05941,0.9921583541451097,D:212:;D:311:;D:312:;D:313:,D:311:;D:313:
asparaginase_alumoh,anionic,83,5,alternative interface,D:280:,GLN,280,D,6,1,10.692139663238583,0.16666666666666666,0.3020933333333333,0.04537,0.9936323379169477,D:279:;D:280:;D:281:;D:282:;D:285:;D:286:,D:279:
asparaginase_alumoh,anionic,84,5,alternative interface,C:280:,GLN,280,C,6,1,10.730760167943307,0.16666666666666666,0.31623833333333334,0.04107,0.9936715297175824,C:279:;C:280:;C:281:;C:282:;C:285:;C:286:,C:279:
asparaginase_alumoh,anionic,85,5,alternative interface,A:280:,GLN,280,A,6,1,10.773324700586716,0.16666666666666666,0.3428616666666666,0.039209999999999995,0.9938178333732189,A:279:;A:280:;A:281:;A:282:;A:285:;A:286:,A:279:
asparaginase_alumoh,anionic,86,6,alternative interface,C:184:,ASN,184,C,8,5,11.976054526570127,0.625,0.31383,0.43328000000000005,0.9836087817940316,B:281:;C:183:;C:184:;C:185:;C:186:;D:21:;D:22:;D:23:,C:183:;C:186:;D:21:;D:22:;D:23:
asparaginase_alumoh,anionic,87,6,alternative interface,C:283:,GLU,283,C,8,1,13.626536747422888,0.125,0.35362625000000003,0.30117,0.9855464400688867,A:24:;A:25:;A:26:;A:27:;C:281:;C:282:;C:283:;C:285:,A:26:
asparaginase_alumoh,anionic,88,6,alternative interface,D:60:,ASP,60,D,8,1,12.967829855855829,0.125,0.3135125,0.28048,0.9855764231378268,B:222:;B:250:;B:251:;D:56:;D:57:;D:59:;D:60:;D:62:,B:251:
asparaginase_alumoh,anionic,89,6,alternative interface,C:41:,GLN,41,C,8,2,12.347817915018855,0.25,0.37273375,0.26573,0.9906688578965165,C:130:;C:39:;C:40:;C:41:;C:43:;C:44:;C:45:;D:21:,C:43:;D:21:
asparaginase_alumoh,anionic,90,6,alternative interface,D:24:,ASN,24,D,9,3,12.380984690465876,0.3333333333333333,0.34759666666666666,0.25434999999999997,0.9867336636180161,B:281:;B:282:;B:283:;D:18:;D:22:;D:23:;D:24:;D:25:;D:26:,D:22:;D:23:;D:26:
asparaginase_alumoh,anionic,91,6,alternative interface,A:123:,ALA,123,A,10,4,11.807524363826015,0.4,0.17455500000000002,0.23815,0.985623218265405,A:116:;A:117:;A:118:;A:119:;A:120:;A:121:;A:123:;A:124:;A:125:;A:126:,A:116:;A:118:;A:119:;A:120:
asparaginase_alumoh,anionic,92,6,alternative interface,C:326:,TYR,326,C,7,3,12.708552151256027,0.42857142857142855,0.28968000000000005,0.23036,0.9852311967488725,C:195:;C:196:;C:197:;C:322:;C:324:;C:325:;C:326:,C:195:;C:196:;C:197:
asparaginase_alumoh,anionic,93,6,alternative interface,D:326:,TYR,326,D,7,3,12.702591112372161,0.42857142857142855,0.30317,0.22768999999999998,0.985290824422877,D:195:;D:196:;D:197:;D:322:;D:324:;D:325:;D:326:,D:195:;D:196:;D:197:
asparaginase_alumoh,anionic,94,6,alternative interface,C:227:,PRO,227,C,9,2,13.242954136758105,0.2222222222222222,0.21514,0.21427,0.9913787238793206,A:226:;A:227:;A:230:;C:224:;C:225:;C:226:;C:227:;C:229:;C:230:,C:224:;C:229:
asparaginase_alumoh,anionic,95,6,alternative interface,A:232:,VAL,232,A,8,2,12.859383556384985,0.25,0.38502749999999997,0.20642,0.9924401738929141,A:229:;A:230:;A:232:;A:233:;A:234:;A:235:;A:236:;A:265:,A:229:;A:265:
asparaginase_alumoh,anionic,96,6,alternative interface,A:65:,VAL,65,A,6,1,13.000746199931138,0.16666666666666666,0.38844166666666663,0.19093,0.989752219338467,A:54:;A:62:;A:63:;A:64:;A:65:;A:68:,A:68:
asparaginase_alumoh,anionic,97,6,alternative interface,D:65:,VAL,65,D,6,1,12.83106405021689,0.16666666666666666,0.40038,0.18120999999999998,0.9900643016131863,D:54:;D:62:;D:63:;D:64:;D:65:;D:68:,D:68:
asparaginase_alumoh,anionic,98,6,alternative interface,B:280:,GLN,280,B,6,1,10.8887691272271,0.16666666666666666,0.29825666666666667,0.03557,0.9937513519785356,B:279:;B:280:;B:281:;B:282:;B:285:;B:286:,B:279:
asparaginase_alumoh,anionic,99,6,alternative interface,C:89:,THR,89,C,4,2,9.657184038946419,0.5,0.08901,0.03076,0.9898875800023191,C:12:;C:88:;C:89:;C:90:,C:12:;C:89:
asparaginase_alumoh,anionic,100,7,alternative interface,D:174:,VAL,174,D,8,3,13.868941241922979,0.375,0.19656875,0.34359,0.8943882205372384,D:159:;D:161:;D:172:;D:174:;D:175:;D:177:;D:274:;D:275:,D:161:;D:172:;D:275:
asparaginase_alumoh,anionic,101,7,alternative interface,B:26:,THR,26,B,8,3,14.006942935226567,0.375,0.27547,0.31869,0.9830110085367628,B:12:;B:16:;B:24:;B:25:;B:26:;B:29:;B:57:;D:283:,B:12:;B:26:;B:29:
asparaginase_alumoh,anionic,102,7,alternative interface,C:118:,SER,118,C,11,5,13.084186809982386,0.45454545454545453,0.19047454545454545,0.31818,0.9831537426377248,C:116:;C:118:;C:119:;C:120:;C:123:;C:124:;C:125:;C:126:;C:12:;C:14:;C:16:,C:116:;C:118:;C:119:;C:120:;C:12:
asparaginase_alumoh,anionic,103,7,alternative interface,A:172:,LYS,172,A,6,3,13.885033589336292,0.5,0.21845000000000003,0.29097,0.8895628350560089,A:161:;A:163:;A:172:;A:174:;A:177:;A:178:,A:161:;A:163:;A:172:
asparaginase_alumoh,anionic,104,7,alternative interface,A:164:,ASN,164,A,7,3,12.195373817095742,0.42857142857142855,0.2740157142857143,0.29003,0.936833226527349,A:163:;A:164:;A:166:;A:167:;C:274:;C:275:;C:276:,A:163:;A:166:;C:275:
asparaginase_alumoh,anionic,105,7,alternative interface,B:60:,ASP,60,B,8,1,12.898680704597638,0.125,0.31633125,0.28652,0.9853842570081173,B:56:;B:57:;B:59:;B:60:;B:62:;D:222:;D:250:;D:251:,D:251:
asparaginase_alumoh,anionic,106,7,alternative interface,C:60:,ASP,60,C,8,1,12.897169735764491,0.125,0.30599875,0.27981,0.9855287956425826,A:222:;A:250:;A:251:;C:56:;C:57:;C:59:;C:60:;C:62:,A:251:
asparaginase_alumoh,anionic,107,7,alternative interface,C:164:,ASN,164,C,7,3,12.225363752664071,0.42857142857142855,0.2622071428571429,0.26222999999999996,0.9370178333042534,A:274:;A:275:;A:276:;C:163:;C:164:;C:166:;C:167:,A:275:;C:163:;C:166:
asparaginase_alumoh,anionic,108,7,alternative interface,B:65:,VAL,65,B,6,1,12.926460352056132,0.16666666666666666,0.39442,0.18076,0.9899250177133545,B:54:;B:62:;B:63:;B:64:;B:65:;B:68:,B:68:
asparaginase_alumoh,anionic,109,7,alternative interface,C:65:,VAL,65,C,6,1,12.819815032039795,0.16666666666666666,0.38240666666666673,0.17939,0.9900625155156247,C:54:;C:62:;C:63:;C:64:;C:65:;C:68:,C:68:
asparaginase_alumoh,anionic,110,7,alternative interface,A:277:,ALA,277,A,7,3,12.152260914503175,0.42857142857142855,0.28604999999999997,0.05152999999999999,0.9766418190131939,A:246:;A:275:;A:276:;A:277:;A:279:;A:295:;C:166:,A:275:;A:279:;C:166:
asparaginase_alumoh,anionic,111,7,alternative interface,D:277:,ALA,277,D,7,3,12.221843408923325,0.42857142857142855,0.29227428571428576,0.04907,0.9763033386523992,B:166:;D:246:;D:275:;D:276:;D:277:;D:279:;D:295:,B:166:;D:275:;D:279:
asparaginase_alumoh,anionic,112,7,alternative interface,A:88:,GLY,88,A,8,2,11.569876548418856,0.25,0.11465,0.0466,0.9896645240096094,A:12:;A:27:;A:56:;A:57:;A:59:;A:88:;A:89:;A:90:,A:12:;A:89:
asparaginase_alumoh,anionic,113,7,alternative interface,C:277:,ALA,277,C,7,3,12.242078652862215,0.42857142857142855,0.3015757142857143,0.04417,0.9763130657679192,A:166:;C:246:;C:275:;C:276:;C:277:;C:279:;C:295:,A:166:;C:275:;C:279:
asparaginase_alumoh,anionic,114,7,alternative interface,B:277:,ALA,277,B,7,3,12.080936515667428,0.42857142857142855,0.2972542857142857,0.0368,0.9763383723080824,B:246:;B:275:;B:276:;B:277:;B:279:;B:295:;D:166:,B:275:;B:279:;D:166:
asparaginase_alumoh,anionic,115,7,alternative interface,C:121:,MET,121,C,8,3,13.009433794226513,0.375,0.22114374999999997,0.03434,0.9842292162876534,C:119:;C:120:;C:121:;C:123:;C:20:;C:21:;D:126:;D:127:,C:119:;C:120:;C:21:
asparaginase_alumoh,anionic,116,8,alternative interface,C:27:,ALA,27,C,11,3,14.010919079166674,0.2727272727272727,0.22745181818181814,0.30773,0.9824234252666458,A:283:;C:12:;C:14:;C:16:;C:25:;C:26:;C:27:;C:29:;C:56:;C:57:;C:88:,C:12:;C:26:;C:29:
asparaginase_alumoh,anionic,117,8,alternative interface,B:172:,LYS,172,B,8,3,15.385436833849456,0.375,0.1798875,0.28472000000000003,0.862497491313685,B:159:;B:161:;B:163:;B:169:;B:172:;B:174:;B:177:;B:178:,B:161:;B:163:;B:172:
asparaginase_alumoh,anionic,118,8,alternative interface,C:172:,LYS,172,C,7,3,13.869297580873287,0.42857142857142855,0.20617714285714286,0.28032,0.9007952434739861,C:159:;C:161:;C:163:;C:172:;C:174:;C:177:;C:178:,C:161:;C:163:;C:172:
asparaginase_alumoh,anionic,119,8,alternative interface,D:123:,ALA,123,D,11,4,14.199556332208436,0.36363636363636365,0.18006090909090908,0.27831,0.9800364709637481,C:123:;D:116:;D:117:;D:118:;D:119:;D:120:;D:121:;D:123:;D:124:;D:125:;D:126:,D:116:;D:118:;D:119:;D:120:
asparaginase_alumoh,anionic,120,8,alternative interface,D:164:,ASN,164,D,7,3,12.214369272474421,0.42857142857142855,0.2739471428571429,0.27386,0.9361439924063186,B:274:;B:275:;B:276:;D:163:;D:164:;D:166:;D:167:,B:275:;D:163:;D:166:
asparaginase_alumoh,anionic,121,8,alternative interface,A:60:,ASP,60,A,8,1,13.020340201140122,0.125,0.28641249999999996,0.26141,0.9854804824748101,A:56:;A:57:;A:59:;A:60:;A:62:;C:222:;C:250:;C:251:,C:251:
asparaginase_alumoh,anionic,122,8,alternative interface,C:30:,VAL,30,C,7,1,13.025899384132785,0.14285714285714285,0.36004857142857144,0.15796,0.9897523774914568,C:14:;C:16:;C:29:;C:30:;C:31:;C:34:;C:35:,C:29:
asparaginase_alumoh,anionic,123,8,alternative interface,B:30:,VAL,30,B,7,1,13.450088464626361,0.14285714285714285,0.37722571428571433,0.15701,0.9885163211011634,B:16:;B:29:;B:30:;B:31:;B:32:;B:34:;B:35:,B:29:
asparaginase_alumoh,anionic,124,8,alternative interface,B:181:,TYR,181,B,6,2,14.375826357942149,0.3333333333333333,0.2633816666666667,0.08359,0.9623796320765831,B:152:;B:153:;B:178:;B:181:;B:183:;B:188:,B:153:;B:183:
asparaginase_alumoh,anionic,125,8,alternative interface,A:181:,TYR,181,A,6,2,14.315133166926827,0.3333333333333333,0.2747466666666667,0.07706,0.9624933447767474,A:152:;A:153:;A:178:;A:181:;A:183:;A:188:,A:153:;A:183:
asparaginase_alumoh,anionic,126,8,alternative interface,D:181:,TYR,181,D,6,2,14.203275050688235,0.3333333333333333,0.25723999999999997,0.07081,0.9628708653212101,D:152:;D:153:;D:178:;D:181:;D:183:;D:188:,D:153:;D:183:
asparaginase_alumoh,anionic,127,8,alternative interface,B:88:,GLY,88,B,6,1,11.215482023091727,0.16666666666666666,0.14068833333333333,0.02672,0.9892336286852624,B:12:;B:56:;B:57:;B:59:;B:88:;B:90:,B:12:
asparaginase_alumoh,anionic,128,9,alternative interface,B:164:,ASN,164,B,8,3,13.750049487020354,0.375,0.22719250000000002,0.25169,0.9125845055451584,B:163:;B:164:;B:166:;B:167:;B:169:;D:274:;D:275:;D:276:,B:163:;B:166:;D:275:
asparaginase_alumoh,anionic,129,9,alternative interface,C:181:,TYR,181,C,6,2,14.299078394684058,0.3333333333333333,0.2681533333333333,0.07706,0.9623192390645644,C:152:;C:153:;C:178:;C:181:;C:183:;C:188:,C:153:;C:183:
asparaginase_alumoh,anionic,130,9,alternative interface,D:88:,GLY,88,D,6,1,10.863243028891997,0.16666666666666666,0.094815,0.02319,0.9876444784026677,D:12:;D:27:;D:57:;D:59:;D:88:;D:90:,D:12:
asparaginase_alumoh,anionic,131,10,alternative interface,B:151:,ASN,151,B,9,1,12.983312703810373,0.1111111111111111,0.14308555555555558,0.06362,0.9483005559529539,A:167:;A:168:;B:124:;B:128:;B:151:;B:152:;B:153:;B:168:;B:169:,B:153:
asparaginase_alumoh,anionic,132,10,alternative interface,C:151:,ASN,151,C,7,1,12.979217645179512,0.14285714285714285,0.15531714285714288,0.05865,0.9529983857560533,C:124:;C:128:;C:151:;C:152:;C:153:;C:168:;D:167:,C:153:
asparaginase_alumoh,anionic,133,10,alternative interface,D:151:,ASN,151,D,7,1,13.075782066967495,0.14285714285714285,0.14638142857142858,0.05389,0.953295341396822,C:167:;D:124:;D:128:;D:151:;D:152:;D:153:;D:168:,D:153:
asparaginase_alumoh,anionic,134,10,alternative interface,A:159:,ASP,159,A,6,2,10.745038706930359,0.3333333333333333,0.09891333333333334,0.02408,0.9524197819235134,A:158:;A:159:;A:161:;A:174:;A:175:;A:177:,A:158:;A:161:
asparaginase_alumoh,anionic,135,11,alternative interface,A:151:,ASN,151,A,8,1,13.045402248795888,0.125,0.137455,0.05865,0.9470038236593257,A:124:;A:128:;A:151:;A:152:;A:153:;A:168:;B:167:;B:168:,A:153:
asparaginase_alumoh,cationic,1,1,primary plausible interface,A:320:,GLN,320,A,7,5,12.330156980402002,0.7142857142857143,0.50026,0.81242,0.9943641900217032,A:316:;A:317:;A:318:;A:320:;A:321:;A:322:;A:324:,A:317:;A:318:;A:320:;A:321:;A:324:
asparaginase_alumoh,cationic,2,1,primary plausible interface,B:320:,GLN,320,B,7,5,12.166044355122077,0.7142857142857143,0.5119357142857143,0.78509,0.9944479258089971,B:316:;B:317:;B:318:;B:320:;B:321:;B:322:;B:324:,B:317:;B:318:;B:320:;B:321:;B:324:
asparaginase_alumoh,cationic,3,1,primary plausible interface,C:208:,LEU,208,C,6,4,12.083718672135833,0.6666666666666666,0.731995,0.72339,0.993132368298002,C:204:;C:206:;C:207:;C:208:;C:209:;C:210:,C:204:;C:206:;C:209:;C:210:
asparaginase_alumoh,cationic,4,1,primary plausible interface,C:22:,LYS,22,C,10,8,11.96857747503669,0.8,0.338482,0.7156199999999999,0.9866172513692806,C:120:;C:18:;C:19:;C:20:;C:21:;C:22:;C:23:;C:24:;C:25:;D:184:,C:120:;C:18:;C:19:;C:21:;C:23:;C:24:;C:25:;D:184:
asparaginase_alumoh,cationic,5,1,primary plausible interface,D:208:,LEU,208,D,5,3,10.737330248244362,0.6,0.741822,0.70647,0.9950145408296931,D:206:;D:207:;D:208:;D:209:;D:210:,D:206:;D:209:;D:210:
asparaginase_alumoh,cationic,6,1,primary plausible interface,A:315:,ASP,315,A,6,4,9.626719777054378,0.6666666666666666,0.5797333333333333,0.58287,0.9948617333044645,A:313:;A:314:;A:315:;A:316:;A:317:;A:318:,A:313:;A:315:;A:317:;A:318:
asparaginase_alumoh,cationic,7,1,primary plausible interface,A:282:,ALA,282,A,10,9,13.202751482341393,0.9,0.304755,0.56745,0.9849557277800168,A:246:;A:279:;A:280:;A:281:;A:282:;A:283:;A:285:;C:23:;C:24:;C:25:,A:246:;A:279:;A:280:;A:281:;A:283:;A:285:;C:23:;C:24:;C:25:
asparaginase_alumoh,cationic,8,1,primary plausible interface,D:62:,ASN,62,D,6,5,10.898063045175927,0.8333333333333334,0.39156166666666664,0.56086,0.9910100454239485,B:222:;D:60:;D:62:;D:63:;D:64:;D:65:,B:222:;D:60:;D:62:;D:63:;D:64:
asparaginase_alumoh,cationic,9,1,primary plausible interface,C:252:,THR,252,C,8,6,11.36759851948754,0.75,0.351325,0.55254,0.991404445216408,C:224:;C:225:;C:250:;C:251:;C:252:;C:254:;C:255:;C:256:,C:224:;C:225:;C:250:;C:252:;C:255:;C:256:
asparaginase_alumoh,cationic,10,1,primary plausible interface,C:282:,ALA,282,C,10,9,12.883353978744356,0.9,0.277502,0.48702,0.985005413678912,A:23:;A:24:;A:25:;C:246:;C:279:;C:280:;C:281:;C:282:;C:283:;C:285:,A:23:;A:24:;A:25:;C:246:;C:279:;C:280:;C:281:;C:283:;C:285:
asparaginase_alumoh,cationic,11,1,primary plausible interface,B:282:,ALA,282,B,10,9,13.068624300258625,0.9,0.26350799999999996,0.47844000000000003,0.9850499967315967,B:246:;B:279:;B:280:;B:281:;B:282:;B:283:;B:285:;D:23:;D:24:;D:25:,B:246:;B:279:;B:280:;B:281:;B:283:;B:285:;D:23:;D:24:;D:25:
asparaginase_alumoh,cationic,12,1,primary plausible interface,C:287:,ALA,287,C,6,3,8.79353668238624,0.5,0.50257,0.3496,0.9962437435472565,C:285:;C:286:;C:287:;C:288:;C:289:;C:290:,C:285:;C:286:;C:289:
asparaginase_alumoh,cationic,13,1,primary plausible interface,D:287:,ALA,287,D,6,3,8.690807874699825,0.5,0.5049750000000001,0.34649,0.9962997309001154,D:285:;D:286:;D:287:;D:288:;D:289:;D:290:,D:285:;D:286:;D:289:
asparaginase_alumoh,cationic,14,1,primary plausible interface,B:287:,ALA,287,B,6,3,8.606999005812076,0.5,0.49718333333333337,0.33673000000000003,0.9963349742260701,B:285:;B:286:;B:287:;B:288:;B:289:;B:290:,B:285:;B:286:;B:289:
asparaginase_alumoh,cationic,15,1,primary plausible interface,A:311:,THR,311,A,4,3,11.306847183926452,0.75,0.20813750000000003,0.17920000000000003,0.9920685312738982,A:212:;A:311:;A:312:;A:313:,A:311:;A:312:;A:313:
asparaginase_alumoh,cationic,16,1,primary plausible interface,D:312:,GLN,312,D,4,3,8.215422910060587,0.75,0.32748,0.15936999999999998,0.9955949615383815,D:311:;D:312:;D:313:;D:314:,D:311:;D:312:;D:313:
asparaginase_alumoh,cationic,17,1,primary plausible interface,B:312:,GLN,312,B,4,3,8.178289489928849,0.75,0.3513625,0.15834,0.9956105228547002,B:311:;B:312:;B:313:;B:314:,B:311:;B:312:;B:313:
asparaginase_alumoh,cationic,18,1,primary plausible interface,C:312:,GLN,312,C,4,3,8.118867935366174,0.75,0.28161,0.14808,0.9956547213863755,C:311:;C:312:;C:313:;C:314:,C:311:;C:312:;C:313:
asparaginase_alumoh,cationic,19,1,primary plausible interface,A:158:,ARG,158,A,3,2,10.927046049370889,0.6666666666666666,0.07150333333333332,0.026150000000000003,0.997348946373526,A:100:;A:158:;A:159:,A:100:;A:159:
asparaginase_alumoh,cationic,20,1,primary plausible interface,B:158:,ARG,158,B,3,2,10.949006398148441,0.6666666666666666,0.08252,0.024489999999999998,0.9976002978989755,B:100:;B:158:;B:159:,B:100:;B:159:
asparaginase_alumoh,cationic,21,1,primary plausible interface,B:218:,TYR,218,B,1,1,0.0,1.0,0.05576,0.01288,0.9999999999999999,B:218:,B:218:
asparaginase_alumoh,cationic,22,2,alternative interface,C:320:,GLN,320,C,7,5,12.259856956089417,0.7142857142857143,0.4924214285714286,0.77377,0.9943372589309417,C:316:;C:317:;C:318:;C:320:;C:321:;C:322:;C:324:,C:317:;C:318:;C:320:;C:321:;C:324:
asparaginase_alumoh,cationic,23,2,alternative interface,D:320:,GLN,320,D,7,5,12.218711451863099,0.7142857142857143,0.5109928571428571,0.7682800000000001,0.9943909180105021,D:316:;D:317:;D:318:;D:320:;D:321:;D:322:;D:324:,D:317:;D:318:;D:320:;D:321:;D:324:
asparaginase_alumoh,cationic,24,2,alternative interface,A:208:,LEU,208,A,5,3,10.68600837692765,0.6,0.7320059999999999,0.6982200000000001,0.9949268304489715,A:206:;A:207:;A:208:;A:209:;A:210:,A:206:;A:209:;A:210:
asparaginase_alumoh,cationic,25,2,alternative interface,B:208:,LEU,208,B,6,4,12.332945217881452,0.6666666666666666,0.6860516666666666,0.6754000000000001,0.9929175787701617,B:204:;B:206:;B:207:;B:208:;B:209:;B:210:,B:204:;B:206:;B:209:;B:210:
asparaginase_alumoh,cationic,26,2,alternative interface,B:315:,ASP,315,B,6,4,9.61005818182171,0.6666666666666666,0.5696016666666667,0.56662,0.9948554428593088,B:313:;B:314:;B:315:;B:316:;B:317:;B:318:,B:313:;B:315:;B:317:;B:318:
asparaginase_alumoh,cationic,27,2,alternative interface,C:62:,ASN,62,C,6,5,10.89400199144099,0.8333333333333334,0.3845066666666667,0.55841,0.9908462202902901,A:222:;C:60:;C:62:;C:63:;C:64:;C:65:,A:222:;C:60:;C:62:;C:63:;C:64:
asparaginase_alumoh,cationic,28,2,alternative interface,B:62:,ASN,62,B,6,5,10.898829759119002,0.8333333333333334,0.3868666666666667,0.5568,0.9909590664806125,B:60:;B:62:;B:63:;B:64:;B:65:;D:222:,B:60:;B:62:;B:63:;B:64:;D:222:
asparaginase_alumoh,cationic,29,2,alternative interface,A:62:,ASN,62,A,6,5,10.973401562802964,0.8333333333333334,0.37043166666666666,0.53883,0.9909679912564606,A:60:;A:62:;A:63:;A:64:;A:65:;C:222:,A:60:;A:62:;A:63:;A:64:;C:222:
asparaginase_alumoh,cationic,30,2,alternative interface,A:286:,ASP,286,A,7,4,12.29115945165222,0.5714285714285714,0.5208371428571429,0.37459000000000003,0.9949940861271818,A:280:;A:285:;A:286:;A:287:;A:288:;A:289:;A:290:,A:280:;A:285:;A:286:;A:289:
asparaginase_alumoh,cationic,31,2,alternative interface,D:281:,ASP,281,D,9,8,14.459610574344758,0.8888888888888888,0.26971333333333336,0.37145000000000006,0.9837503243216085,A:184:;B:23:;B:24:;D:279:;D:280:;D:281:;D:282:;D:283:;D:285:,A:184:;B:23:;B:24:;D:279:;D:280:;D:281:;D:283:;D:285:
asparaginase_alumoh,cationic,32,2,alternative interface,A:200:,ASP,200,A,5,2,9.838096263184578,0.4,0.40442,0.25517,0.9954783422808086,A:196:;A:197:;A:199:;A:200:;A:202:,A:199:;A:200:
asparaginase_alumoh,cationic,33,2,alternative interface,A:213:,LYS,213,A,4,2,7.756093596650499,0.5,0.37180250000000004,0.21664999999999998,0.9960267455969926,A:212:;A:213:;A:236:;A:237:,A:236:;A:237:
asparaginase_alumoh,cationic,34,3,alternative interface,B:25:,TYR,25,B,10,7,12.582108356781266,0.7,0.27556600000000003,0.68128,0.9844280726893136,B:117:;B:12:;B:16:;B:18:;B:23:;B:24:;B:25:;B:26:;D:282:;D:283:,B:12:;B:18:;B:23:;B:24:;B:25:;B:26:;D:283:
asparaginase_alumoh,cationic,35,3,alternative interface,A:33:,GLU,33,A,7,3,10.65798682633252,0.42857142857142855,0.42458999999999997,0.67917,0.9926181322296754,A:31:;A:33:;A:34:;A:35:;A:36:;A:37:;A:50:,A:33:;A:34:;A:37:
asparaginase_alumoh,cationic,36,3,alternative interface,C:258:,ALA,258,C,8,4,12.888543622666848,0.5,0.4626825,0.65551,0.9905176890382824,C:254:;C:255:;C:256:;C:258:;C:259:;C:262:;C:289:;C:290:,C:255:;C:256:;C:259:;C:289:
asparaginase_alumoh,cationic,37,3,alternative interface,A:258:,ALA,258,A,8,4,13.080859923802612,0.5,0.48871999999999993,0.6470199999999999,0.9905128167905752,A:254:;A:255:;A:256:;A:258:;A:259:;A:262:;A:289:;A:290:,A:255:;A:256:;A:259:;A:289:
asparaginase_alumoh,cationic,38,3,alternative interface,A:77:,CYS,77,A,8,5,13.14027032607035,0.625,0.475535,0.63525,0.9925740005184234,A:107:;A:74:;A:75:;A:76:;A:77:;A:78:;A:79:;A:81:,A:74:;A:75:;A:76:;A:78:;A:81:
asparaginase_alumoh,cationic,39,3,alternative interface,B:77:,CYS,77,B,8,5,13.15346319245731,0.625,0.47606125,0.63149,0.9925050804022229,B:107:;B:74:;B:75:;B:76:;B:77:;B:78:;B:79:;B:81:,B:74:;B:75:;B:76:;B:78:;B:81:
asparaginase_alumoh,cationic,40,3,alternative interface,C:77:,CYS,77,C,8,5,13.229948373307618,0.625,0.47650624999999996,0.63013,0.9923667416965806,C:107:;C:74:;C:75:;C:76:;C:77:;C:78:;C:79:;C:81:,C:74:;C:75:;C:76:;C:78:;C:81:
asparaginase_alumoh,cationic,41,3,alternative interface,D:77:,CYS,77,D,8,5,13.088591163101963,0.625,0.462665,0.58979,0.9926219128158,D:107:;D:74:;D:75:;D:76:;D:77:;D:78:;D:79:;D:81:,D:74:;D:75:;D:76:;D:78:;D:81:
asparaginase_alumoh,cationic,42,3,alternative interface,A:252:,THR,252,A,7,5,10.14855115934407,0.7142857142857143,0.41156428571428577,0.55711,0.9937031226282252,A:225:;A:250:;A:251:;A:252:;A:254:;A:255:;A:256:,A:225:;A:250:;A:252:;A:255:;A:256:
asparaginase_alumoh,cationic,43,3,alternative interface,D:315:,ASP,315,D,6,4,9.658455693436672,0.6666666666666666,0.5478266666666666,0.55237,0.9947418630128994,D:313:;D:314:;D:315:;D:316:;D:317:;D:318:,D:313:;D:315:;D:317:;D:318:
asparaginase_alumoh,cationic,44,3,alternative interface,C:315:,ASP,315,C,6,4,9.569437537220765,0.6666666666666666,0.5108283333333333,0.53679,0.9948054902723956,C:313:;C:314:;C:315:;C:316:;C:317:;C:318:,C:313:;C:315:;C:317:;C:318:
asparaginase_alumoh,cationic,45,3,alternative interface,D:252:,THR,252,D,7,5,10.224577730550513,0.7142857142857143,0.4043128571428571,0.53476,0.9937276894007462,D:225:;D:250:;D:251:;D:252:;D:254:;D:255:;D:256:,D:225:;D:250:;D:252:;D:255:;D:256:
asparaginase_alumoh,cationic,46,3,alternative interface,B:252:,THR,252,B,7,5,9.955068813259064,0.7142857142857143,0.3616442857142857,0.48263,0.993950727849438,B:225:;B:250:;B:251:;B:252:;B:254:;B:255:;B:256:,B:225:;B:250:;B:252:;B:255:;B:256:
asparaginase_alumoh,cationic,47,3,alternative interface,D:43:,LYS,43,D,6,3,11.669840186373104,0.5,0.5702950000000001,0.41192999999999996,0.992216834311522,D:40:;D:41:;D:43:;D:44:;D:45:;D:47:,D:41:;D:44:;D:47:
asparaginase_alumoh,cationic,48,3,alternative interface,B:19:,SER,19,B,9,7,10.57855769991618,0.7777777777777778,0.36018555555555554,0.39327,0.9893970630460124,B:119:;B:120:;B:18:;B:19:;B:20:;B:21:;B:22:;B:23:;B:24:,B:119:;B:120:;B:18:;B:19:;B:21:;B:23:;B:24:
asparaginase_alumoh,cationic,49,3,alternative interface,A:43:,LYS,43,A,6,3,11.46574498957631,0.5,0.5896883333333333,0.38744,0.9921483180019122,A:40:;A:41:;A:43:;A:44:;A:45:;A:47:,A:41:;A:44:;A:47:
asparaginase_alumoh,cationic,50,3,alternative interface,B:152:,ASP,152,B,7,6,12.983312703810373,0.8571428571428571,0.23157857142857144,0.30047999999999997,0.9604076782595987,A:167:;B:128:;B:151:;B:152:;B:153:;B:181:;B:183:,A:167:;B:128:;B:151:;B:152:;B:153:;B:181:
asparaginase_alumoh,cationic,51,3,alternative interface,C:152:,ASP,152,C,8,7,14.130661096472052,0.875,0.203835,0.29168,0.9637898923606724,C:128:;C:131:;C:151:;C:152:;C:153:;C:181:;C:183:;D:167:,C:128:;C:131:;C:151:;C:152:;C:153:;C:181:;D:167:
asparaginase_alumoh,cationic,52,3,alternative interface,A:204:,ASP,204,A,4,2,13.3526371182133,0.5,0.5944075,0.29148,0.9924347698732989,A:202:;A:204:;A:206:;A:207:,A:204:;A:206:
asparaginase_alumoh,cationic,53,3,alternative interface,B:264:,GLY,264,B,6,2,11.630586546863315,0.3333333333333333,0.5523300000000001,0.28719,0.9945996129867423,B:262:;B:263:;B:264:;B:265:;B:266:;B:314:,B:263:;B:265:
asparaginase_alumoh,cationic,54,3,alternative interface,B:213:,LYS,213,B,4,2,7.787385642607084,0.5,0.3550325,0.20571,0.9959554165368347,B:212:;B:213:;B:236:;B:237:,B:236:;B:237:
asparaginase_alumoh,cationic,55,3,alternative interface,D:213:,LYS,213,D,4,2,7.709285012956698,0.5,0.34638749999999996,0.1875,0.9960008989274808,D:212:;D:213:;D:236:;D:237:,D:236:;D:237:
asparaginase_alumoh,cationic,56,3,alternative interface,C:89:,THR,89,C,4,3,9.657184038946419,0.75,0.08901,0.054450000000000005,0.9898875800023191,C:12:;C:88:;C:89:;C:90:,C:12:;C:89:;C:90:
asparaginase_alumoh,cationic,57,3,alternative interface,A:89:,THR,89,A,4,3,9.397008874701458,0.75,0.080045,0.04903,0.9902225671287028,A:12:;A:88:;A:89:;A:90:,A:12:;A:89:;A:90:
asparaginase_alumoh,cationic,58,4,alternative interface,D:32:,VAL,32,D,10,4,12.784725601363213,0.4,0.39404500000000003,0.6558499999999999,0.9898142292766337,D:30:;D:31:;D:32:;D:33:;D:34:;D:35:;D:36:;D:50:;D:51:;D:52:,D:33:;D:34:;D:51:;D:52:
asparaginase_alumoh,cationic,59,4,alternative interface,A:17:,GLY,17,A,12,7,13.453314428877595,0.5833333333333334,0.3798108333333334,0.61385,0.986503169120423,A:117:;A:119:;A:16:;A:17:;A:18:;A:19:;A:20:;A:22:;A:23:;A:24:;A:25:;A:26:,A:119:;A:18:;A:19:;A:23:;A:24:;A:25:;A:26:
asparaginase_alumoh,cationic,60,4,alternative interface,B:258:,ALA,258,B,8,4,13.210608321233718,0.5,0.42953125000000003,0.56194,0.9901391764219377,B:254:;B:255:;B:256:;B:258:;B:259:;B:262:;B:289:;B:290:,B:255:;B:256:;B:259:;B:289:
asparaginase_alumoh,cationic,61,4,alternative interface,B:34:,ASN,34,B,9,3,11.749321643433248,0.3333333333333333,0.46836666666666665,0.5475800000000001,0.9918563125520653,B:30:;B:31:;B:32:;B:33:;B:34:;B:35:;B:36:;B:37:;B:38:,B:33:;B:34:;B:37:
asparaginase_alumoh,cationic,62,4,alternative interface,A:71:,LYS,71,A,6,4,10.419553145398913,0.6666666666666666,0.4394416666666667,0.53061,0.9931541775333267,A:206:;A:68:;A:71:;A:72:;A:74:;A:75:,A:206:;A:68:;A:74:;A:75:
asparaginase_alumoh,cationic,63,4,alternative interface,C:34:,ASN,34,C,8,3,11.527316057316352,0.375,0.50907875,0.5232800000000001,0.9917596818772554,C:30:;C:31:;C:33:;C:34:;C:35:;C:36:;C:37:;C:38:,C:33:;C:34:;C:37:
asparaginase_alumoh,cationic,64,4,alternative interface,D:71:,LYS,71,D,6,4,10.400849461974502,0.6666666666666666,0.43558,0.5164500000000001,0.9931938134354323,D:206:;D:68:;D:71:;D:72:;D:74:;D:75:,D:206:;D:68:;D:74:;D:75:
asparaginase_alumoh,cationic,65,4,alternative interface,A:38:,ALA,38,A,7,2,10.923981434325329,0.2857142857142857,0.45385000000000003,0.48914,0.9946640680461818,A:126:;A:34:;A:35:;A:36:;A:37:;A:38:;A:40:,A:34:;A:37:
asparaginase_alumoh,cationic,66,4,alternative interface,D:262:,LYS,262,D,8,4,11.320389885175162,0.5,0.51914375,0.48397,0.9923475379210991,D:258:;D:259:;D:262:;D:263:;D:264:;D:265:;D:289:;D:290:,D:259:;D:263:;D:265:;D:289:
asparaginase_alumoh,cationic,67,4,alternative interface,D:37:,ASN,37,D,7,3,11.171126526852042,0.42857142857142855,0.5221928571428571,0.43424999999999997,0.9938792532645992,D:33:;D:34:;D:35:;D:36:;D:37:;D:38:;D:40:,D:33:;D:34:;D:37:
asparaginase_alumoh,cationic,68,4,alternative interface,D:22:,LYS,22,D,10,7,14.818482663282078,0.7,0.312236,0.42843000000000003,0.9851173932837164,C:184:;C:185:;D:120:;D:18:;D:19:;D:20:;D:21:;D:22:;D:23:;D:24:,C:184:;D:120:;D:18:;D:19:;D:21:;D:23:;D:24:
asparaginase_alumoh,cationic,69,4,alternative interface,A:164:,ASN,164,A,7,5,12.195373817095742,0.7142857142857143,0.2740157142857143,0.37431,0.936833226527349,A:163:;A:164:;A:166:;A:167:;C:274:;C:275:;C:276:,A:163:;A:164:;A:166:;A:167:;C:275:
asparaginase_alumoh,cationic,70,4,alternative interface,C:164:,ASN,164,C,7,5,12.225363752664071,0.7142857142857143,0.2622071428571429,0.36709,0.9370178333042534,A:274:;A:275:;A:276:;C:163:;C:164:;C:166:;C:167:,A:275:;C:163:;C:164:;C:166:;C:167:
asparaginase_alumoh,cationic,71,4,alternative interface,B:40:,PRO,40,B,7,3,13.851602433862706,0.42857142857142855,0.5330557142857144,0.34946,0.9892156595849568,B:36:;B:37:;B:38:;B:40:;B:41:;B:43:;B:44:,B:37:;B:41:;B:44:
asparaginase_alumoh,cationic,72,4,alternative interface,C:264:,GLY,264,C,6,3,12.51801612193226,0.5,0.549535,0.27027,0.9921458107400202,C:237:;C:262:;C:263:;C:264:;C:265:;C:314:,C:237:;C:263:;C:265:
asparaginase_alumoh,cationic,73,4,alternative interface,A:264:,GLY,264,A,6,2,12.075463174569197,0.3333333333333333,0.5402866666666667,0.26529,0.9944500750280233,A:262:;A:263:;A:264:;A:265:;A:266:;A:314:,A:263:;A:265:
asparaginase_alumoh,cationic,74,4,alternative interface,D:204:,ASP,204,D,4,2,13.49035744604292,0.5,0.57989,0.25598,0.9924049515736102,D:202:;D:204:;D:206:;D:207:,D:204:;D:206:
asparaginase_alumoh,cationic,75,4,alternative interface,C:188:,ASP,188,C,3,2,8.284513465785567,0.6666666666666666,0.44864,0.24850999999999998,0.9944919946705972,C:181:;C:186:;C:188:,C:181:;C:188:
asparaginase_alumoh,cationic,76,4,alternative interface,B:188:,ASP,188,B,3,2,8.087405904190415,0.6666666666666666,0.4703,0.24739,0.9945484652359895,B:181:;B:186:;B:188:,B:181:;B:188:
asparaginase_alumoh,cationic,77,4,alternative interface,A:151:,ASN,151,A,8,6,13.045402248795888,0.75,0.137455,0.16396,0.9470038236593257,A:124:;A:128:;A:151:;A:152:;A:153:;A:168:;B:167:;B:168:,A:124:;A:128:;A:151:;A:152:;A:153:;B:167:
asparaginase_alumoh,cationic,78,4,alternative interface,D:151:,ASN,151,D,7,6,13.075782066967495,0.8571428571428571,0.14638142857142858,0.14773999999999998,0.953295341396822,C:167:;D:124:;D:128:;D:151:;D:152:;D:153:;D:168:,C:167:;D:124:;D:128:;D:151:;D:152:;D:153:
asparaginase_alumoh,cationic,79,4,alternative interface,C:213:,LYS,213,C,4,2,7.7721012656438,0.5,0.3446975,0.14057,0.9959571694667552,C:212:;C:213:;C:236:;C:237:,C:236:;C:237:
asparaginase_alumoh,cationic,80,4,alternative interface,B:140:,ALA,140,B,5,2,11.364395574352322,0.4,0.586576,0.13172,0.9892891635948116,B:138:;B:139:;B:140:;B:142:;B:143:,B:138:;B:143:
asparaginase_alumoh,cationic,81,4,alternative interface,B:298:,ASN,298,B,4,3,13.340374977071374,0.75,0.1888825,0.08202999999999999,0.979008752092577,B:274:;B:275:;B:298:;B:300:,B:275:;B:298:;B:300:
asparaginase_alumoh,cationic,82,5,alternative interface,D:2:,PRO,2,D,7,3,12.51447684110569,0.42857142857142855,0.40737285714285715,0.48591999999999996,0.9929855635857197,D:137:;D:1:;D:2:;D:3:;D:45:;D:47:;D:81:,D:3:;D:47:;D:81:
asparaginase_alumoh,cationic,83,5,alternative interface,C:71:,LYS,71,C,6,4,10.371543365644316,0.6666666666666666,0.4373033333333334,0.47741999999999996,0.9931189849840056,C:206:;C:68:;C:71:;C:72:;C:74:;C:75:,C:206:;C:68:;C:74:;C:75:
asparaginase_alumoh,cationic,84,5,alternative interface,C:3:,ASN,3,C,8,4,12.998678816836954,0.5,0.44330875,0.47414,0.9904372999094058,C:137:;C:1:;C:2:;C:3:;C:47:;C:49:;C:5:;C:81:,C:3:;C:47:;C:5:;C:81:
asparaginase_alumoh,cationic,85,5,alternative interface,C:43:,LYS,43,C,7,3,11.50874057203589,0.42857142857142855,0.5183242857142857,0.38671,0.9902330856929141,C:36:;C:40:;C:41:;C:43:;C:44:;C:45:;C:47:,C:41:;C:44:;C:47:
asparaginase_alumoh,cationic,86,5,alternative interface,D:164:,ASN,164,D,7,5,12.214369272474421,0.7142857142857143,0.2739471428571429,0.36005000000000004,0.9361439924063186,B:274:;B:275:;B:276:;D:163:;D:164:;D:166:;D:167:,B:275:;D:163:;D:164:;D:166:;D:167:
asparaginase_alumoh,cationic,87,5,alternative interface,C:39:,VAL,39,C,9,3,12.109928592415411,0.3333333333333333,0.35529888888888883,0.35627000000000003,0.9933628794999488,C:126:;C:130:;C:35:;C:36:;C:37:;C:38:;C:39:;C:40:;C:41:,C:130:;C:37:;C:41:
asparaginase_alumoh,cationic,88,5,alternative interface,A:140:,ALA,140,A,4,1,7.703522537113241,0.25,0.531575,0.12883,0.9939820285684272,A:138:;A:139:;A:140:;A:142:,A:138:
asparaginase_alumoh,cationic,89,5,alternative interface,C:140:,ALA,140,C,4,1,7.754491410461284,0.25,0.52719,0.12426999999999999,0.9940310640462997,C:138:;C:139:;C:140:;C:142:,C:138:
asparaginase_alumoh,cationic,90,5,alternative interface,D:140:,ALA,140,D,4,1,7.46452706545789,0.25,0.5063124999999999,0.12053000000000001,0.9943214960223298,D:138:;D:139:;D:140:;D:142:,D:138:
asparaginase_alumoh,cationic,91,5,alternative interface,D:226:,LEU,226,D,7,1,9.644659155596518,0.14285714285714285,0.2514142857142857,0.10667,0.994349139512599,B:227:;B:230:;D:225:;D:226:;D:227:;D:229:;D:230:,D:225:
asparaginase_alumoh,cationic,92,5,alternative interface,D:100:,ASP,100,D,3,1,8.975225201315967,0.3333333333333333,0.10499666666666667,0.029089999999999998,0.9954466885429294,D:100:;D:158:;D:197:,D:100:
asparaginase_alumoh,cationic,93,6,alternative interface,A:3:,ASN,3,A,8,4,13.000986621480033,0.5,0.4306225,0.45732999999999996,0.9904280980662845,A:137:;A:1:;A:2:;A:3:;A:47:;A:49:;A:5:;A:81:,A:3:;A:47:;A:5:;A:81:
asparaginase_alumoh,cationic,94,6,alternative interface,C:119:,THR,119,C,9,5,13.034039446959182,0.5555555555555556,0.3084088888888889,0.42893000000000003,0.9883603339381771,C:118:;C:119:;C:120:;C:121:;C:123:;C:16:;C:18:;C:19:;C:20:,C:118:;C:119:;C:120:;C:18:;C:19:
asparaginase_alumoh,cationic,95,6,alternative interface,D:16:,GLY,16,D,11,6,13.51946781017636,0.5454545454545454,0.3311872727272727,0.42530999999999997,0.9865222219717462,D:117:;D:118:;D:119:;D:12:;D:16:;D:18:;D:25:;D:26:;D:27:;D:29:;D:30:,D:118:;D:119:;D:12:;D:18:;D:25:;D:26:
asparaginase_alumoh,cationic,96,6,alternative interface,B:71:,LYS,71,B,6,4,10.434274898813147,0.6666666666666666,0.42942166666666665,0.41104,0.9931170575722459,B:206:;B:68:;B:71:;B:72:;B:74:;B:75:,B:206:;B:68:;B:74:;B:75:
asparaginase_alumoh,cationic,97,6,alternative interface,A:226:,LEU,226,A,7,1,9.673900599591951,0.14285714285714285,0.2383542857142857,0.09606999999999999,0.9943023167677211,A:225:;A:226:;A:227:;A:229:;A:230:;C:227:;C:230:,A:225:
asparaginase_alumoh,cationic,98,6,alternative interface,B:226:,LEU,226,B,7,1,9.666132901979509,0.14285714285714285,0.2323014285714286,0.09125,0.9943148772585161,B:225:;B:226:;B:227:;B:229:;B:230:;D:227:;D:230:,B:225:
asparaginase_alumoh,cationic,99,6,alternative interface,C:100:,ASP,100,C,3,1,8.939318453601217,0.3333333333333333,0.09980333333333334,0.024239999999999998,0.9950838541325172,C:100:;C:158:;C:197:,C:100:
asparaginase_alumoh,cationic,100,7,alternative interface,B:3:,ASN,3,B,8,4,13.170997319803158,0.5,0.42156375,0.44055999999999995,0.9903994864220014,B:137:;B:1:;B:2:;B:3:;B:47:;B:49:;B:5:;B:81:,B:3:;B:47:;B:5:;B:81:
asparaginase_alumoh,cationic,101,7,alternative interface,D:325:,GLN,325,D,7,4,12.343023927153837,0.5714285714285714,0.3901228571428571,0.38114,0.9876117308162835,D:195:;D:196:;D:321:;D:322:;D:324:;D:325:;D:326:,D:321:;D:324:;D:325:;D:326:
asparaginase_alumoh,cationic,102,7,alternative interface,C:50:,GLY,50,C,7,4,11.350009374782266,0.5714285714285714,0.3273542857142857,0.37450000000000006,0.9918486602277937,C:33:;C:49:;C:50:;C:51:;C:52:;C:5:;C:8:,C:33:;C:51:;C:52:;C:5:
asparaginase_alumoh,cationic,103,7,alternative interface,D:199:,SER,199,D,5,3,9.79672405278503,0.6,0.375042,0.33665999999999996,0.9925804775335562,D:104:;D:106:;D:197:;D:199:;D:200:,D:106:;D:199:;D:200:
asparaginase_alumoh,cationic,104,7,alternative interface,B:232:,VAL,232,B,8,3,12.757756629457296,0.375,0.39726125,0.33561,0.9925075340577295,B:229:;B:230:;B:232:;B:233:;B:234:;B:235:;B:236:;B:265:,B:233:;B:236:;B:265:
asparaginase_alumoh,cationic,105,7,alternative interface,B:164:,ASN,164,B,8,5,13.750049487020354,0.625,0.22719250000000002,0.32972,0.9125845055451584,B:163:;B:164:;B:166:;B:167:;B:169:;D:274:;D:275:;D:276:,B:163:;B:164:;B:166:;B:167:;D:275:
asparaginase_alumoh,cationic,106,7,alternative interface,D:181:,TYR,181,D,6,4,14.203275050688235,0.6666666666666666,0.25723999999999997,0.29555,0.9628708653212101,D:152:;D:153:;D:178:;D:181:;D:183:;D:188:,D:152:;D:153:;D:181:;D:188:
asparaginase_alumoh,cationic,107,7,alternative interface,A:181:,TYR,181,A,6,4,14.315133166926827,0.6666666666666666,0.2747466666666667,0.28795000000000004,0.9624933447767474,A:152:;A:153:;A:178:;A:181:;A:183:;A:188:,A:152:;A:153:;A:181:;A:188:
asparaginase_alumoh,cationic,108,7,alternative interface,C:26:,THR,26,C,8,5,13.95768065946311,0.625,0.273815,0.23704999999999998,0.9863053913964024,A:283:;C:12:;C:16:;C:24:;C:25:;C:26:;C:27:;C:29:,A:283:;C:12:;C:24:;C:25:;C:26:
asparaginase_alumoh,cationic,109,7,alternative interface,C:226:,LEU,226,C,8,2,11.095584936682187,0.25,0.2044975,0.09849000000000001,0.9928527289915652,A:227:;A:230:;C:224:;C:225:;C:226:;C:227:;C:229:;C:230:,C:224:;C:225:
asparaginase_alumoh,cationic,110,7,alternative interface,A:298:,ASN,298,A,3,2,11.289732017178927,0.6666666666666666,0.13653,0.07524,0.9874058789508852,A:274:;A:298:;A:300:,A:298:;A:300:
asparaginase_alumoh,cationic,111,7,alternative interface,C:298:,ASN,298,C,3,2,11.350737604490766,0.6666666666666666,0.14319333333333334,0.07199,0.9869369220666048,C:274:;C:298:;C:300:,C:298:;C:300:
asparaginase_alumoh,cationic,112,7,alternative interface,D:49:,LYS,49,D,6,4,13.61260663168752,0.6666666666666666,0.41190499999999997,0.05334,0.9901539421678363,D:3:;D:47:;D:49:;D:50:;D:51:;D:5:,D:3:;D:47:;D:51:;D:5:
asparaginase_alumoh,cationic,113,7,alternative interface,D:266:,ALA,266,D,6,2,12.302337972667011,0.3333333333333333,0.41666000000000003,0.04352,0.9925741336114369,D:237:;D:264:;D:265:;D:266:;D:314:;D:316:,D:237:;D:265:
asparaginase_alumoh,cationic,114,8,alternative interface,B:144:,ARG,144,B,6,2,13.872616455108883,0.3333333333333333,0.32953166666666667,0.37477,0.9853053125469867,B:108:;B:142:;B:143:;B:144:;B:192:;B:193:,B:143:;B:192:
asparaginase_alumoh,cationic,115,8,alternative interface,A:144:,ARG,144,A,6,2,13.922876989820614,0.3333333333333333,0.31321166666666667,0.36889000000000005,0.9853838463943086,A:108:;A:142:;A:143:;A:144:;A:192:;A:193:,A:143:;A:192:
asparaginase_alumoh,cationic,116,8,alternative interface,D:144:,ARG,144,D,7,3,13.973401170386868,0.42857142857142855,0.3137471428571429,0.36406,0.9860602655749171,D:106:;D:108:;D:142:;D:143:;D:144:;D:192:;D:193:,D:106:;D:143:;D:192:
asparaginase_alumoh,cationic,117,8,alternative interface,C:144:,ARG,144,C,7,3,13.968614224841101,0.42857142857142855,0.30494999999999994,0.35658,0.9862976733765174,C:106:;C:108:;C:142:;C:143:;C:144:;C:192:;C:193:,C:106:;C:143:;C:192:
asparaginase_alumoh,cationic,118,8,alternative interface,C:199:,SER,199,C,6,3,14.559895155366355,0.5,0.3661733333333334,0.34526,0.9896711520804589,C:104:;C:106:;C:197:;C:199:;C:200:;C:202:,C:106:;C:199:;C:200:
asparaginase_alumoh,cationic,119,8,alternative interface,C:325:,GLN,325,C,7,4,12.38342888046465,0.5714285714285714,0.37199,0.33960999999999997,0.9875361548753857,C:195:;C:196:;C:321:;C:322:;C:324:;C:325:;C:326:,C:321:;C:324:;C:325:;C:326:
asparaginase_alumoh,cationic,120,8,alternative interface,C:232:,VAL,232,C,8,3,12.644959671708175,0.375,0.3866125,0.33374000000000004,0.9924946134369116,C:229:;C:230:;C:232:;C:233:;C:234:;C:235:;C:236:;C:265:,C:233:;C:236:;C:265:
asparaginase_alumoh,cationic,121,8,alternative interface,B:325:,GLN,325,B,7,4,12.401391426526176,0.5714285714285714,0.3608771428571429,0.32728999999999997,0.9875391882098672,B:195:;B:196:;B:321:;B:322:;B:324:;B:325:;B:326:,B:321:;B:324:;B:325:;B:326:
asparaginase_alumoh,cationic,122,8,alternative interface,B:197:,HIS,197,B,7,4,11.834224928840287,0.5714285714285714,0.29341000000000006,0.26529,0.9888178215187603,B:100:;B:195:;B:196:;B:197:;B:199:;B:200:;B:326:,B:100:;B:199:;B:200:;B:326:
asparaginase_alumoh,cationic,123,8,alternative interface,B:45:,ILE,45,B,9,3,14.221478131191791,0.3333333333333333,0.38676777777777777,0.23675000000000002,0.9899723273265524,B:134:;B:137:;B:1:;B:2:;B:41:;B:43:;B:44:;B:45:;B:47:,B:41:;B:44:;B:47:
asparaginase_alumoh,cationic,124,8,alternative interface,B:52:,GLN,52,B,7,3,10.967016126295455,0.42857142857142855,0.27364714285714287,0.19136,0.9916358520682818,B:31:;B:32:;B:51:;B:52:;B:54:;B:55:;B:8:,B:51:;B:52:;B:55:
asparaginase_alumoh,cationic,125,8,alternative interface,C:168:,VAL,168,C,6,4,13.043809276984534,0.6666666666666666,0.18517333333333333,0.11097,0.9626601084184925,C:116:;C:124:;C:151:;C:166:;C:167:;C:168:,C:124:;C:151:;C:166:;C:167:
asparaginase_alumoh,cationic,126,8,alternative interface,D:298:,ASN,298,D,3,2,11.332309936529214,0.6666666666666666,0.13516666666666668,0.07075999999999999,0.9873102128853175,D:274:;D:298:;D:300:,D:298:;D:300:
asparaginase_alumoh,cationic,127,8,alternative interface,D:246:,ASN,246,D,6,4,14.575403120981466,0.6666666666666666,0.18772666666666668,0.044509999999999994,0.9636776583283111,B:166:;B:90:;D:246:;D:277:;D:279:;D:282:,B:166:;B:90:;D:246:;D:279:
asparaginase_alumoh,cationic,128,8,alternative interface,D:295:,GLY,295,D,5,2,14.394313540378546,0.4,0.372128,0.03755,0.9890430253685665,D:276:;D:277:;D:279:;D:295:;D:324:,D:279:;D:324:
asparaginase_alumoh,cationic,129,9,alternative interface,B:106:,ASP,106,B,7,3,12.439578893480542,0.42857142857142855,0.3490028571428571,0.33576999999999996,0.9880590395613427,B:104:;B:106:;B:107:;B:108:;B:142:;B:143:;B:199:,B:106:;B:143:;B:199:
asparaginase_alumoh,cationic,130,9,alternative interface,A:325:,GLN,325,A,7,4,12.52096007562425,0.5714285714285714,0.3628657142857143,0.33435000000000004,0.9874864165992677,A:195:;A:196:;A:321:;A:322:;A:324:;A:325:;A:326:,A:321:;A:324:;A:325:;A:326:
asparaginase_alumoh,cationic,131,9,alternative interface,A:106:,ASP,106,A,7,3,12.577690682437552,0.42857142857142855,0.3459371428571429,0.33424,0.9880914715037643,A:104:;A:106:;A:107:;A:108:;A:142:;A:143:;A:199:,A:106:;A:143:;A:199:
asparaginase_alumoh,cationic,132,9,alternative interface,A:232:,VAL,232,A,8,3,12.859383556384985,0.375,0.38502749999999997,0.31129,0.9924401738929141,A:229:;A:230:;A:232:;A:233:;A:234:;A:235:;A:236:;A:265:,A:233:;A:236:;A:265:
asparaginase_alumoh,cationic,133,9,alternative interface,D:59:,GLN,59,D,8,4,14.552743889810413,0.5,0.24869249999999998,0.26914,0.9887951390675602,B:250:;B:251:;D:56:;D:57:;D:59:;D:60:;D:88:;D:90:,B:250:;D:59:;D:60:;D:90:
asparaginase_alumoh,cationic,134,9,alternative interface,B:59:,GLN,59,B,8,4,14.706474923662377,0.5,0.25213875,0.26593,0.9884576182023913,B:56:;B:57:;B:59:;B:60:;B:88:;B:90:;D:250:;D:251:,B:59:;B:60:;B:90:;D:250:
asparaginase_alumoh,cationic,135,9,alternative interface,C:59:,GLN,59,C,7,4,14.772314666274612,0.5714285714285714,0.23805,0.24739,0.9887060036217882,A:250:;A:251:;C:57:;C:59:;C:60:;C:88:;C:90:,A:250:;C:59:;C:60:;C:90:
asparaginase_alumoh,cationic,136,9,alternative interface,A:59:,GLN,59,A,7,4,14.711110333293,0.5714285714285714,0.21837142857142858,0.24159,0.9888123954754515,A:57:;A:59:;A:60:;A:88:;A:90:;C:250:;C:251:,A:59:;A:60:;A:90:;C:250:
asparaginase_alumoh,cationic,137,9,alternative interface,A:52:,GLN,52,A,7,3,12.923720586393824,0.42857142857142855,0.2357385714285714,0.21353999999999998,0.9893137424803775,A:31:;A:50:;A:51:;A:52:;A:53:;A:54:;A:55:,A:51:;A:52:;A:55:
asparaginase_alumoh,cationic,138,10,alternative interface,A:27:,ALA,27,A,11,4,13.669268896015,0.36363636363636365,0.21953818181818183,0.29469999999999996,0.982703684810835,A:117:;A:12:;A:16:;A:25:;A:26:;A:27:;A:29:;A:56:;A:57:;A:88:;C:283:,A:12:;A:25:;A:26:;C:283:
asparaginase_alumoh,cationic,139,10,alternative interface,D:232:,VAL,232,D,8,3,12.824093896805346,0.375,0.37446375,0.26375,0.9924251309395312,D:229:;D:230:;D:232:;D:233:;D:234:;D:235:;D:236:;D:265:,D:233:;D:236:;D:265:
asparaginase_alumoh,cationic,140,10,alternative interface,A:120:,SER,120,A,13,6,12.535946961654169,0.46153846153846156,0.21937923076923077,0.26300999999999997,0.9842846212890334,A:116:;A:117:;A:118:;A:119:;A:120:;A:121:;A:123:;A:16:;A:19:;A:20:;A:21:;A:22:;A:23:,A:118:;A:119:;A:120:;A:19:;A:21:;A:23:
asparaginase_alumoh,cationic,141,10,alternative interface,D:174:,VAL,174,D,8,4,13.868941241922979,0.5,0.19656875,0.11119,0.8943882205372384,D:159:;D:161:;D:172:;D:174:;D:175:;D:177:;D:274:;D:275:,D:159:;D:161:;D:175:;D:275:
asparaginase_alumoh,cationic,142,10,alternative interface,B:184:,ASN,184,B,8,4,11.819916069250596,0.5,0.33186125,0.09654,0.9843172705459932,A:21:;A:22:;A:23:;B:183:;B:184:;B:185:;B:186:;C:281:,A:21:;A:23:;B:184:;C:281:
asparaginase_alumoh,cationic,143,10,alternative interface,B:127:,PHE,127,B,7,3,10.375835171810639,0.42857142857142855,0.1442942857142857,0.09004,0.9877136405604658,A:121:;B:124:;B:125:;B:126:;B:127:;B:128:;B:130:,B:124:;B:128:;B:130:
asparaginase_alumoh,cationic,144,10,alternative interface,D:127:,PHE,127,D,7,3,10.26317015614012,0.42857142857142855,0.13844571428571426,0.07461000000000001,0.9880223637779714,C:121:;D:124:;D:125:;D:126:;D:127:;D:128:;D:130:,D:124:;D:128:;D:130:
asparaginase_alumoh,cationic,145,10,alternative interface,C:127:,PHE,127,C,9,5,13.319409951031004,0.5555555555555556,0.1476111111111111,0.06609,0.9813533538140804,C:124:;C:125:;C:126:;C:127:;C:128:;C:130:;C:131:;D:121:;D:21:,C:124:;C:128:;C:130:;C:131:;D:21:
asparaginase_alumoh,cationic,146,10,alternative interface,A:277:,ALA,277,A,7,4,12.152260914503175,0.5714285714285714,0.28604999999999997,0.03943,0.9766418190131939,A:246:;A:275:;A:276:;A:277:;A:279:;A:295:;C:166:,A:246:;A:275:;A:279:;C:166:
asparaginase_alumoh,cationic,147,10,alternative interface,D:186:,LYS,186,D,5,2,10.80044373387584,0.4,0.343316,0.034159999999999996,0.9863944401295008,D:183:;D:184:;D:185:;D:186:;D:188:,D:184:;D:188:
asparaginase_alumoh,cationic,148,10,alternative interface,C:277:,ALA,277,C,7,4,12.242078652862215,0.5714285714285714,0.3015757142857143,0.03379,0.9763130657679192,A:166:;C:246:;C:275:;C:276:;C:277:;C:279:;C:295:,A:166:;C:246:;C:275:;C:279:
asparaginase_alumoh,cationic,149,10,alternative interface,B:277:,ALA,277,B,7,4,12.080936515667428,0.5714285714285714,0.2972542857142857,0.028159999999999998,0.9763383723080824,B:246:;B:275:;B:276:;B:277:;B:279:;B:295:;D:166:,B:246:;B:275:;B:279:;D:166:
asparaginase_alumoh,cationic,150,10,alternative interface,A:186:,LYS,186,A,5,2,10.742486691863725,0.4,0.358412,0.02291,0.9864798911993434,A:183:;A:184:;A:185:;A:186:;A:188:,A:184:;A:188:
asparaginase_alumoh,cationic,151,11,alternative interface,B:118:,SER,118,B,11,5,13.836473195481032,0.45454545454545453,0.18004545454545454,0.24795,0.9841651960012697,B:116:;B:117:;B:118:;B:119:;B:120:;B:123:;B:124:;B:125:;B:126:;B:12:;B:16:,B:118:;B:119:;B:120:;B:124:;B:12:
asparaginase_alumoh,cationic,152,11,alternative interface,D:123:,ALA,123,D,11,4,14.199556332208436,0.36363636363636365,0.18006090909090908,0.19137,0.9800364709637481,C:123:;D:116:;D:117:;D:118:;D:119:;D:120:;D:121:;D:123:;D:124:;D:125:;D:126:,D:118:;D:119:;D:120:;D:124:
asparaginase_alumoh,cationic,153,11,alternative interface,C:54:,VAL,54,C,7,2,11.756753965028247,0.2857142857142857,0.19719714285714288,0.14068,0.9897891630495876,C:52:;C:53:;C:54:;C:55:;C:56:;C:65:;C:8:,C:52:;C:55:
asparaginase_alumoh,cationic,154,11,alternative interface,D:54:,VAL,54,D,6,2,11.633353620674878,0.3333333333333333,0.21993666666666667,0.12602,0.9902447214943395,D:52:;D:53:;D:54:;D:55:;D:56:;D:65:,D:52:;D:55:
asparaginase_alumoh,cationic,155,11,alternative interface,A:127:,PHE,127,A,7,3,10.417736604673308,0.42857142857142855,0.1343042857142857,0.06159,0.9876913096400395,A:124:;A:125:;A:126:;A:127:;A:128:;A:130:;B:121:,A:124:;A:128:;A:130:
asparaginase_alumoh,cationic,156,11,alternative interface,C:172:,LYS,172,C,7,3,13.869297580873287,0.42857142857142855,0.20617714285714286,0.04606,0.9007952434739861,C:159:;C:161:;C:163:;C:172:;C:174:;C:177:;C:178:,C:159:;C:161:;C:163:
asparaginase_alumoh,cationic,157,11,alternative interface,C:14:,ALA,14,C,8,2,12.386159205245052,0.25,0.28455874999999997,0.028530000000000003,0.9912927022671347,C:118:;C:12:;C:14:;C:16:;C:27:;C:29:;C:30:;C:31:,C:118:;C:12:
asparaginase_alumoh,cationic,158,11,alternative interface,C:134:,VAL,134,C,8,3,12.466612204051975,0.375,0.22431125000000002,0.01814,0.9840413467619172,C:130:;C:131:;C:134:;C:137:;C:138:;C:185:;C:186:;C:45:,C:130:;C:131:;C:138:
asparaginase_alumoh,cationic,159,12,alternative interface,B:172:,LYS,172,B,8,3,15.385436833849456,0.375,0.1798875,0.04418999999999999,0.862497491313685,B:159:;B:161:;B:163:;B:169:;B:172:;B:174:;B:177:;B:178:,B:159:;B:161:;B:163:
asparaginase_alumoh,cationic,160,12,alternative interface,A:172:,LYS,172,A,6,2,13.885033589336292,0.3333333333333333,0.21845000000000003,0.04376,0.8895628350560089,A:161:;A:163:;A:172:;A:174:;A:177:;A:178:,A:161:;A:163:
asparaginase_alumoh,cationic,161,12,alternative interface,C:175:,ASN,175,C,8,3,12.97465347395281,0.375,0.1658125,0.01942,0.8869696894489976,B:177:;B:178:;C:159:;C:174:;C:175:;C:177:;C:275:;C:276:,C:159:;C:175:;C:275:
asparaginase_alumoh,cationic,162,12,alternative interface,A:175:,ASN,175,A,8,3,13.014439639821521,0.375,0.14777875,0.01607,0.8896981096954162,A:159:;A:174:;A:175:;A:177:;A:275:;A:276:;D:177:;D:178:,A:159:;A:175:;A:275:
asparaginase_alumoh,hydrophobic,1,1,primary plausible interface,C:39:,VAL,39,C,9,6,12.109928592415411,0.6666666666666666,0.35529888888888883,0.85107,0.9933628794999488,C:126:;C:130:;C:35:;C:36:;C:37:;C:38:;C:39:;C:40:;C:41:,C:126:;C:35:;C:36:;C:38:;C:39:;C:40:
asparaginase_alumoh,hydrophobic,2,1,primary plausible interface,B:230:,ALA,230,B,10,8,11.992749234801671,0.8,0.303066,0.63444,0.9922678462456669,B:226:;B:227:;B:229:;B:230:;B:232:;B:233:;B:234:;D:226:;D:227:;D:230:,B:226:;B:227:;B:230:;B:232:;B:234:;D:226:;D:227:;D:230:
asparaginase_alumoh,hydrophobic,3,1,primary plausible interface,A:230:,ALA,230,A,10,8,12.022333691492076,0.8,0.295273,0.63417,0.99230842285689,A:226:;A:227:;A:229:;A:230:;A:232:;A:233:;A:234:;C:226:;C:227:;C:230:,A:226:;A:227:;A:230:;A:232:;A:234:;C:226:;C:227:;C:230:
asparaginase_alumoh,hydrophobic,4,1,primary plausible interface,B:35:,LEU,35,B,9,5,11.749321643433248,0.5555555555555556,0.46836666666666665,0.58121,0.9918563125520653,B:30:;B:31:;B:32:;B:33:;B:34:;B:35:;B:36:;B:37:;B:38:,B:30:;B:32:;B:35:;B:36:;B:38:
asparaginase_alumoh,hydrophobic,5,1,primary plausible interface,D:37:,ASN,37,D,7,4,11.171126526852042,0.5714285714285714,0.5221928571428571,0.58039,0.9938792532645992,D:33:;D:34:;D:35:;D:36:;D:37:;D:38:;D:40:,D:35:;D:36:;D:38:;D:40:
asparaginase_alumoh,hydrophobic,6,1,primary plausible interface,D:43:,LYS,43,D,6,2,11.669840186373104,0.3333333333333333,0.5702950000000001,0.561,0.992216834311522,D:40:;D:41:;D:43:;D:44:;D:45:;D:47:,D:40:;D:45:
asparaginase_alumoh,hydrophobic,7,1,primary plausible interface,A:43:,LYS,43,A,6,2,11.46574498957631,0.3333333333333333,0.5896883333333333,0.46842,0.9921483180019122,A:40:;A:41:;A:43:;A:44:;A:45:;A:47:,A:40:;A:45:
asparaginase_alumoh,hydrophobic,8,1,primary plausible interface,A:1:,LEU,1,A,6,3,11.940931906426735,0.5,0.536855,0.43243000000000004,0.9925448287661249,A:1:;A:2:;A:3:;A:44:;A:45:;A:47:,A:1:;A:2:;A:45:
asparaginase_alumoh,hydrophobic,9,1,primary plausible interface,C:1:,LEU,1,C,6,3,11.942073744131726,0.5,0.53064,0.41778,0.9925482108895267,C:1:;C:2:;C:3:;C:44:;C:45:;C:47:,C:1:;C:2:;C:45:
asparaginase_alumoh,hydrophobic,10,1,primary plausible interface,D:139:,LYS,139,D,6,4,9.165177562457645,0.6666666666666666,0.37379999999999997,0.36941,0.989745499440461,D:108:;D:137:;D:138:;D:139:;D:140:;D:142:,D:108:;D:137:;D:140:;D:142:
asparaginase_alumoh,hydrophobic,11,1,primary plausible interface,C:138:,ASP,138,C,6,4,12.437532279002433,0.6666666666666666,0.3835816666666667,0.36568,0.9869389326858493,C:134:;C:137:;C:138:;C:139:;C:140:;C:142:,C:134:;C:137:;C:140:;C:142:
asparaginase_alumoh,hydrophobic,12,1,primary plausible interface,A:138:,ASP,138,A,7,5,12.433629499725741,0.7142857142857143,0.34027714285714283,0.3546,0.98569482425539,A:108:;A:134:;A:137:;A:138:;A:139:;A:140:;A:142:,A:108:;A:134:;A:137:;A:140:;A:142:
asparaginase_alumoh,hydrophobic,13,1,primary plausible interface,B:138:,ASP,138,B,6,4,12.4114238913833,0.6666666666666666,0.3868766666666667,0.35459,0.9868801763725651,B:134:;B:137:;B:138:;B:139:;B:140:;B:142:,B:134:;B:137:;B:140:;B:142:
asparaginase_alumoh,hydrophobic,14,1,primary plausible interface,D:234:,ALA,234,D,6,3,9.067762724840204,0.5,0.3777466666666667,0.32116,0.9960761987735215,D:230:;D:232:;D:233:;D:234:;D:235:;D:236:,D:230:;D:232:;D:234:
asparaginase_alumoh,hydrophobic,15,1,primary plausible interface,C:234:,ALA,234,C,6,3,9.040108003389802,0.5,0.4122733333333333,0.30655,0.9960771305990381,C:230:;C:232:;C:233:;C:234:;C:235:;C:236:,C:230:;C:232:;C:234:
asparaginase_alumoh,hydrophobic,16,1,primary plausible interface,B:320:,GLN,320,B,7,2,12.166044355122077,0.2857142857142857,0.5119357142857143,0.22152000000000002,0.9944479258089971,B:316:;B:317:;B:318:;B:320:;B:321:;B:322:;B:324:,B:316:;B:322:
asparaginase_alumoh,hydrophobic,17,1,primary plausible interface,C:210:,GLU,210,C,6,2,12.131352632039093,0.3333333333333333,0.581735,0.18678,0.9922021768670702,C:208:;C:209:;C:210:;C:212:;C:63:;C:64:,C:208:;C:212:
asparaginase_alumoh,hydrophobic,18,1,primary plausible interface,A:210:,GLU,210,A,6,2,12.090634773583034,0.3333333333333333,0.5800566666666667,0.18448,0.9924629613949022,A:208:;A:209:;A:210:;A:212:;A:63:;A:64:,A:208:;A:212:
asparaginase_alumoh,hydrophobic,19,1,primary plausible interface,B:315:,ASP,315,B,6,1,9.61005818182171,0.16666666666666666,0.5696016666666667,0.18153,0.9948554428593088,B:313:;B:314:;B:315:;B:316:;B:317:;B:318:,B:316:
asparaginase_alumoh,hydrophobic,20,1,primary plausible interface,D:210:,GLU,210,D,6,2,12.24844254914852,0.3333333333333333,0.5803683333333334,0.17079,0.9922469677743242,D:208:;D:209:;D:210:;D:212:;D:63:;D:64:,D:208:;D:212:
asparaginase_alumoh,hydrophobic,21,1,primary plausible interface,B:206:,SER,206,B,5,1,9.690159432843712,0.2,0.498236,0.13591,0.9944629397662127,B:204:;B:206:;B:207:;B:208:;B:71:,B:208:
asparaginase_alumoh,hydrophobic,22,1,primary plausible interface,A:206:,SER,206,A,5,1,9.811985274542172,0.2,0.5393459999999999,0.13252,0.9944423278866872,A:204:;A:206:;A:207:;A:208:;A:71:,A:208:
asparaginase_alumoh,hydrophobic,23,1,primary plausible interface,C:206:,SER,206,C,5,1,9.745429464794968,0.2,0.5576380000000001,0.13082000000000002,0.99440602702908,C:204:;C:206:;C:207:;C:208:;C:71:,C:208:
asparaginase_alumoh,hydrophobic,24,1,primary plausible interface,D:206:,SER,206,D,5,1,9.772613403287135,0.2,0.5442159999999999,0.13082000000000002,0.9944810630988679,D:204:;D:206:;D:207:;D:208:;D:71:,D:208:
asparaginase_alumoh,hydrophobic,25,2,alternative interface,A:290:,GLY,290,A,10,4,15.311694516749407,0.4,0.47905499999999995,0.55842,0.9866566314039545,A:258:;A:262:;A:266:;A:286:;A:287:;A:288:;A:289:;A:290:;A:316:;A:317:,A:258:;A:266:;A:287:;A:316:
asparaginase_alumoh,hydrophobic,26,2,alternative interface,D:290:,GLY,290,D,9,3,15.377642051197498,0.3333333333333333,0.48918777777777783,0.54823,0.9884080068572756,D:258:;D:262:;D:286:;D:287:;D:288:;D:289:;D:290:;D:316:;D:317:,D:258:;D:287:;D:316:
asparaginase_alumoh,hydrophobic,27,2,alternative interface,B:290:,GLY,290,B,9,3,15.321495822618777,0.3333333333333333,0.5104777777777777,0.54424,0.9885613730626219,B:258:;B:262:;B:286:;B:287:;B:288:;B:289:;B:290:;B:316:;B:317:,B:258:;B:287:;B:316:
asparaginase_alumoh,hydrophobic,28,2,alternative interface,A:37:,ASN,37,A,7,4,11.186157865468328,0.5714285714285714,0.5167685714285714,0.53552,0.993834692429745,A:33:;A:34:;A:35:;A:36:;A:37:;A:38:;A:40:,A:35:;A:36:;A:38:;A:40:
asparaginase_alumoh,hydrophobic,29,2,alternative interface,C:43:,LYS,43,C,7,3,11.50874057203589,0.42857142857142855,0.5183242857142857,0.46134000000000003,0.9902330856929141,C:36:;C:40:;C:41:;C:43:;C:44:;C:45:;C:47:,C:36:;C:40:;C:45:
asparaginase_alumoh,hydrophobic,30,2,alternative interface,D:121:,MET,121,D,8,5,13.50357931387294,0.625,0.22257125,0.44061,0.983881126101209,C:126:;C:127:;D:119:;D:120:;D:121:;D:123:;D:20:;D:21:,C:126:;C:127:;D:121:;D:123:;D:20:
asparaginase_alumoh,hydrophobic,31,2,alternative interface,C:121:,MET,121,C,8,5,13.009433794226513,0.625,0.22114374999999997,0.42353,0.9842292162876534,C:119:;C:120:;C:121:;C:123:;C:20:;C:21:;D:126:;D:127:,C:121:;C:123:;C:20:;D:126:;D:127:
asparaginase_alumoh,hydrophobic,32,2,alternative interface,C:54:,VAL,54,C,7,5,11.756753965028247,0.7142857142857143,0.19719714285714288,0.20164,0.9897891630495876,C:52:;C:53:;C:54:;C:55:;C:56:;C:65:;C:8:,C:53:;C:54:;C:56:;C:65:;C:8:
asparaginase_alumoh,hydrophobic,33,2,alternative interface,B:210:,GLU,210,B,6,2,12.283529063428036,0.3333333333333333,0.585765,0.18388000000000002,0.9921317858084351,B:208:;B:209:;B:210:;B:212:;B:63:;B:64:,B:208:;B:212:
asparaginase_alumoh,hydrophobic,34,2,alternative interface,A:143:,ASN,143,A,6,2,9.083760382056463,0.3333333333333333,0.328645,0.1773,0.9943423170819309,A:106:;A:107:;A:108:;A:142:;A:143:;A:144:,A:108:;A:142:
asparaginase_alumoh,hydrophobic,35,3,alternative interface,C:290:,GLY,290,C,9,3,15.225327948031081,0.3333333333333333,0.49482666666666675,0.53187,0.9884780303930557,C:258:;C:262:;C:286:;C:287:;C:288:;C:289:;C:290:;C:316:;C:317:,C:258:;C:287:;C:316:
asparaginase_alumoh,hydrophobic,36,3,alternative interface,C:229:,LYS,229,C,8,4,12.154561764193804,0.5,0.32436,0.5026700000000001,0.9925688617103451,C:225:;C:226:;C:227:;C:229:;C:230:;C:232:;C:233:;C:256:,C:226:;C:227:;C:230:;C:232:
asparaginase_alumoh,hydrophobic,37,3,alternative interface,D:229:,LYS,229,D,8,4,12.027843852670102,0.5,0.3385125,0.48001,0.9924964667539252,D:225:;D:226:;D:227:;D:229:;D:230:;D:232:;D:233:;D:256:,D:226:;D:227:;D:230:;D:232:
asparaginase_alumoh,hydrophobic,38,3,alternative interface,D:1:,LEU,1,D,6,3,11.454042039140475,0.5,0.49682000000000004,0.42831,0.9928358616262448,D:1:;D:2:;D:3:;D:44:;D:45:;D:47:,D:1:;D:2:;D:45:
asparaginase_alumoh,hydrophobic,39,3,alternative interface,A:121:,MET,121,A,8,5,13.307999618542159,0.625,0.21556375,0.41526,0.9840927311227473,A:119:;A:120:;A:121:;A:123:;A:20:;A:21:;B:126:;B:127:,A:121:;A:123:;A:20:;B:126:;B:127:
asparaginase_alumoh,hydrophobic,40,3,alternative interface,B:43:,LYS,43,B,6,2,11.48664865763073,0.3333333333333333,0.507825,0.34631999999999996,0.9922674767855728,B:40:;B:41:;B:43:;B:44:;B:45:;B:47:,B:40:;B:45:
asparaginase_alumoh,hydrophobic,41,3,alternative interface,C:34:,ASN,34,C,8,4,11.527316057316352,0.5,0.50907875,0.26949,0.9917596818772554,C:30:;C:31:;C:33:;C:34:;C:35:;C:36:;C:37:;C:38:,C:30:;C:35:;C:36:;C:38:
asparaginase_alumoh,hydrophobic,42,3,alternative interface,C:318:,GLN,318,C,9,2,12.152183099940803,0.2222222222222222,0.45174222222222227,0.21779,0.9932576814606598,C:313:;C:314:;C:315:;C:316:;C:317:;C:318:;C:320:;C:321:;C:322:,C:316:;C:322:
asparaginase_alumoh,hydrophobic,43,3,alternative interface,D:318:,GLN,318,D,9,2,12.291169327860294,0.2222222222222222,0.47635666666666665,0.21512,0.9932006760816698,D:313:;D:314:;D:315:;D:316:;D:317:;D:318:;D:320:;D:321:;D:322:,D:316:;D:322:
asparaginase_alumoh,hydrophobic,44,3,alternative interface,A:318:,GLN,318,A,9,2,11.966683820328313,0.2222222222222222,0.5036322222222221,0.20113,0.9933291352505366,A:313:;A:314:;A:315:;A:316:;A:317:;A:318:;A:320:;A:321:;A:322:,A:316:;A:322:
asparaginase_alumoh,hydrophobic,45,3,alternative interface,C:255:,ASP,255,C,7,2,12.442069903057034,0.2857142857142857,0.46909714285714293,0.18197,0.9933979353842319,C:251:;C:252:;C:254:;C:255:;C:256:;C:258:;C:259:,C:254:;C:258:
asparaginase_alumoh,hydrophobic,46,3,alternative interface,D:254:,PHE,254,D,7,2,11.811403612418198,0.2857142857142857,0.3657342857142857,0.17959,0.9936307414074514,D:250:;D:251:;D:252:;D:254:;D:255:;D:256:;D:258:,D:254:;D:258:
asparaginase_alumoh,hydrophobic,47,3,alternative interface,B:254:,PHE,254,B,7,2,11.72783593915767,0.2857142857142857,0.34407571428571426,0.15026,0.9937682708301692,B:250:;B:251:;B:252:;B:254:;B:255:;B:256:;B:258:,B:254:;B:258:
asparaginase_alumoh,hydrophobic,48,3,alternative interface,C:202:,PRO,202,C,4,1,10.823950769316257,0.25,0.5407200000000001,0.13591,0.9914955611283218,C:199:;C:200:;C:202:;C:204:,C:202:
asparaginase_alumoh,hydrophobic,49,3,alternative interface,B:202:,PRO,202,B,3,1,10.808544492163414,0.3333333333333333,0.5200433333333333,0.12391999999999999,0.9919054435207337,B:200:;B:202:;B:204:,B:202:
asparaginase_alumoh,hydrophobic,50,3,alternative interface,D:259:,THR,259,D,6,1,12.621634245867524,0.16666666666666666,0.5145383333333333,0.12189,0.9937065209500306,D:255:;D:256:;D:258:;D:259:;D:262:;D:263:,D:258:
asparaginase_alumoh,hydrophobic,51,3,alternative interface,D:202:,PRO,202,D,3,1,10.77554356216001,0.3333333333333333,0.5743066666666666,0.11592000000000001,0.991886173404896,D:200:;D:202:;D:204:,D:202:
asparaginase_alumoh,hydrophobic,52,3,alternative interface,B:259:,THR,259,B,6,1,12.66718002082639,0.16666666666666666,0.5155983333333334,0.10526999999999999,0.9935132408967272,B:255:;B:256:;B:258:;B:259:;B:262:;B:263:,B:258:
asparaginase_alumoh,hydrophobic,53,4,alternative interface,B:1:,LEU,1,B,6,3,11.565944641044137,0.5,0.48224666666666666,0.41134,0.9926312104340737,B:1:;B:2:;B:3:;B:44:;B:45:;B:47:,B:1:;B:2:;B:45:
asparaginase_alumoh,hydrophobic,54,4,alternative interface,B:121:,MET,121,B,8,5,13.195011709358353,0.625,0.20262375,0.38498,0.9837674162634361,A:126:;A:127:;B:119:;B:120:;B:121:;B:123:;B:20:;B:21:,A:126:;A:127:;B:121:;B:123:;B:20:
asparaginase_alumoh,hydrophobic,55,4,alternative interface,A:202:,PRO,202,A,4,1,10.878962846145898,0.25,0.5152224999999999,0.13391,0.9913754233874902,A:199:;A:200:;A:202:;A:204:,A:202:
asparaginase_alumoh,hydrophobic,56,5,alternative interface,D:55:,ASN,55,D,8,3,13.433963241467254,0.375,0.315075,0.38079999999999997,0.9878515507803447,D:29:;D:31:;D:52:;D:53:;D:54:;D:55:;D:56:;D:57:,D:53:;D:54:;D:56:
asparaginase_alumoh,hydrophobic,57,5,alternative interface,C:29:,LYS,29,C,8,3,14.117592692776402,0.375,0.34706125,0.36994,0.98794493731498,C:14:;C:16:;C:26:;C:27:;C:29:;C:30:;C:31:;C:55:,C:14:;C:27:;C:30:
asparaginase_alumoh,hydrophobic,58,5,alternative interface,D:124:,ASP,124,D,10,4,15.207595991544926,0.4,0.160014,0.36973999999999996,0.9818017591218607,D:116:;D:118:;D:123:;D:124:;D:125:;D:126:;D:127:;D:128:;D:151:;D:168:,D:123:;D:126:;D:127:;D:168:
asparaginase_alumoh,hydrophobic,59,5,alternative interface,B:55:,ASN,55,B,8,3,13.56766930767471,0.375,0.29857875,0.36341,0.9879787327241726,B:29:;B:31:;B:52:;B:54:;B:55:;B:56:;B:57:;B:8:,B:54:;B:56:;B:8:
asparaginase_alumoh,hydrophobic,60,5,alternative interface,A:285:,ASP,285,A,9,2,13.85206021061459,0.2222222222222222,0.4346733333333333,0.35579,0.9907958877819032,A:280:;A:281:;A:282:;A:283:;A:285:;A:286:;A:287:;A:288:;A:289:,A:282:;A:287:
asparaginase_alumoh,hydrophobic,61,5,alternative interface,B:124:,ASP,124,B,10,4,15.306999239283591,0.4,0.162454,0.35403,0.9815808967410693,B:116:;B:118:;B:123:;B:124:;B:125:;B:126:;B:127:;B:128:;B:151:;B:168:,B:123:;B:126:;B:127:;B:168:
asparaginase_alumoh,hydrophobic,62,5,alternative interface,B:236:,TYR,236,B,9,3,15.367927921821478,0.3333333333333333,0.4140488888888889,0.33997,0.9906276456275507,B:212:;B:213:;B:232:;B:233:;B:234:;B:235:;B:236:;B:237:;B:265:,B:212:;B:232:;B:234:
asparaginase_alumoh,hydrophobic,63,5,alternative interface,A:256:,THR,256,A,8,2,12.029459556076139,0.25,0.44334625000000005,0.3135,0.9906767069036883,A:225:;A:229:;A:252:;A:254:;A:255:;A:256:;A:258:;A:259:,A:254:;A:258:
asparaginase_alumoh,hydrophobic,64,5,alternative interface,A:125:,GLY,125,A,9,4,12.869745174488953,0.4444444444444444,0.1565311111111111,0.30574999999999997,0.9810916275952669,A:116:;A:117:;A:118:;A:123:;A:124:;A:125:;A:126:;A:127:;A:128:,A:117:;A:123:;A:126:;A:127:
asparaginase_alumoh,hydrophobic,65,5,alternative interface,A:236:,TYR,236,A,9,3,15.325809849974586,0.3333333333333333,0.42158111111111113,0.27983,0.9904944452992972,A:212:;A:213:;A:232:;A:233:;A:234:;A:235:;A:236:;A:237:;A:265:,A:212:;A:232:;A:234:
asparaginase_alumoh,hydrophobic,66,5,alternative interface,B:225:,ASP,225,B,6,2,11.054188709068042,0.3333333333333333,0.3020366666666667,0.27699,0.9917535204874154,B:225:;B:226:;B:227:;B:229:;B:252:;B:256:,B:226:;B:227:
asparaginase_alumoh,hydrophobic,67,5,alternative interface,D:30:,VAL,30,D,7,3,13.42829156219453,0.42857142857142855,0.39720571428571433,0.21172000000000002,0.9888340558486854,D:16:;D:29:;D:30:;D:31:;D:32:;D:34:;D:35:,D:30:;D:32:;D:35:
asparaginase_alumoh,hydrophobic,68,5,alternative interface,D:134:,VAL,134,D,6,3,12.607069182178995,0.5,0.21706166666666668,0.16693999999999998,0.9856413861018084,D:130:;D:134:;D:137:;D:138:;D:185:;D:45:,D:134:;D:137:;D:45:
asparaginase_alumoh,hydrophobic,69,5,alternative interface,B:130:,TYR,130,B,6,3,12.578522196960723,0.5,0.18408333333333335,0.1217,0.9877731248893756,B:126:;B:127:;B:128:;B:130:;B:134:;B:41:,B:126:;B:127:;B:134:
asparaginase_alumoh,hydrophobic,70,5,alternative interface,D:19:,SER,19,D,7,1,9.64801583339418,0.14285714285714285,0.3687985714285714,0.1209,0.9922639700936248,D:119:;D:120:;D:18:;D:19:;D:20:;D:21:;D:22:,D:20:
asparaginase_alumoh,hydrophobic,71,5,alternative interface,A:251:,LYS,251,A,7,1,13.277604739117368,0.14285714285714285,0.41815285714285716,0.11672,0.9926105607892802,A:250:;A:251:;A:252:;A:254:;A:255:;C:59:;C:60:,A:254:
asparaginase_alumoh,hydrophobic,72,5,alternative interface,C:237:,ASP,237,C,7,1,13.310087067711326,0.14285714285714285,0.4491,0.08976,0.9910655686764296,C:212:;C:213:;C:235:;C:236:;C:237:;C:264:;C:265:,C:212:
asparaginase_alumoh,hydrophobic,73,5,alternative interface,D:237:,ASP,237,D,7,2,11.151001832013812,0.2857142857142857,0.3449685714285714,0.06412,0.991575558753008,D:212:;D:213:;D:235:;D:236:;D:237:;D:265:;D:266:,D:212:;D:266:
asparaginase_alumoh,hydrophobic,74,5,alternative interface,C:68:,THR,68,C,5,1,12.116392825320538,0.2,0.43806200000000006,0.06049,0.9909913550687683,C:64:;C:65:;C:68:;C:71:;C:72:,C:65:
asparaginase_alumoh,hydrophobic,75,5,alternative interface,B:266:,ALA,266,B,6,2,12.24094710894654,0.3333333333333333,0.44488500000000003,0.044320000000000005,0.9925671909836521,B:237:;B:264:;B:265:;B:266:;B:314:;B:316:,B:266:;B:316:
asparaginase_alumoh,hydrophobic,76,6,alternative interface,A:55:,ASN,55,A,8,3,13.574472051958383,0.375,0.26852875,0.3779,0.9876450639722452,A:29:;A:31:;A:52:;A:53:;A:54:;A:55:;A:56:;A:57:,A:53:;A:54:;A:56:
asparaginase_alumoh,hydrophobic,77,6,alternative interface,C:285:,ASP,285,C,9,2,13.79596131786386,0.2222222222222222,0.4019966666666666,0.35234000000000004,0.9906667321508031,C:280:;C:281:;C:282:;C:283:;C:285:;C:286:;C:287:;C:288:;C:289:,C:282:;C:287:
asparaginase_alumoh,hydrophobic,78,6,alternative interface,B:285:,ASP,285,B,9,2,13.921078811743602,0.2222222222222222,0.3979411111111111,0.33161,0.9907203413813421,B:280:;B:281:;B:282:;B:283:;B:285:;B:286:;B:287:;B:288:;B:289:,B:282:;B:287:
asparaginase_alumoh,hydrophobic,79,6,alternative interface,C:108:,PRO,108,C,9,3,14.649169170447987,0.3333333333333333,0.40160999999999997,0.21256,0.9865354673098359,C:106:;C:107:;C:108:;C:137:;C:139:;C:142:;C:143:;C:144:;C:81:,C:108:;C:137:;C:142:
asparaginase_alumoh,hydrophobic,80,6,alternative interface,B:108:,PRO,108,B,8,3,14.678272170235742,0.375,0.33340125,0.20789000000000002,0.9875002257468954,B:106:;B:107:;B:108:;B:137:;B:142:;B:143:;B:144:;B:81:,B:108:;B:137:;B:142:
asparaginase_alumoh,hydrophobic,81,6,alternative interface,D:144:,ARG,144,D,7,3,13.973401170386868,0.42857142857142855,0.3137471428571429,0.18838000000000002,0.9860602655749171,D:106:;D:108:;D:142:;D:143:;D:144:;D:192:;D:193:,D:108:;D:142:;D:193:
asparaginase_alumoh,hydrophobic,82,6,alternative interface,D:194:,ALA,194,D,5,2,10.712404999747314,0.4,0.326566,0.18797,0.9884975080857278,D:192:;D:193:;D:194:;D:195:;D:196:,D:193:;D:194:
asparaginase_alumoh,hydrophobic,83,6,alternative interface,D:81:,ASP,81,D,9,3,14.975177650095873,0.3333333333333333,0.3913711111111111,0.16670000000000001,0.9901819548959577,D:107:;D:108:;D:137:;D:2:;D:3:;D:77:;D:78:;D:79:;D:81:,D:108:;D:137:;D:2:
asparaginase_alumoh,hydrophobic,84,6,alternative interface,A:130:,TYR,130,A,6,3,12.470492637474896,0.5,0.175535,0.11233,0.98768524751707,A:126:;A:127:;A:128:;A:130:;A:134:;A:41:,A:126:;A:127:;A:134:
asparaginase_alumoh,hydrophobic,85,6,alternative interface,B:65:,VAL,65,B,6,2,12.926460352056132,0.3333333333333333,0.39442,0.05713,0.9899250177133545,B:54:;B:62:;B:63:;B:64:;B:65:;B:68:,B:54:;B:65:
asparaginase_alumoh,hydrophobic,86,6,alternative interface,D:65:,VAL,65,D,6,2,12.83106405021689,0.3333333333333333,0.40038,0.05377,0.9900643016131863,D:54:;D:62:;D:63:;D:64:;D:65:;D:68:,D:54:;D:65:
asparaginase_alumoh,hydrophobic,87,6,alternative interface,C:62:,ASN,62,C,6,1,10.89400199144099,0.16666666666666666,0.3845066666666667,0.03771,0.9908462202902901,A:222:;C:60:;C:62:;C:63:;C:64:;C:65:,C:65:
asparaginase_alumoh,hydrophobic,88,7,alternative interface,D:285:,ASP,285,D,9,2,13.846347647437835,0.2222222222222222,0.39581,0.32125,0.9906573059905931,D:280:;D:281:;D:282:;D:283:;D:285:;D:286:;D:287:;D:288:;D:289:,D:282:;D:287:
asparaginase_alumoh,hydrophobic,89,7,alternative interface,C:125:,GLY,125,C,9,3,13.624951893898288,0.3333333333333333,0.17443999999999998,0.31396999999999997,0.9788349619732668,C:116:;C:118:;C:123:;C:124:;C:125:;C:126:;C:127:;C:128:;C:12:,C:123:;C:126:;C:127:
asparaginase_alumoh,hydrophobic,90,7,alternative interface,B:276:,GLY,276,B,7,2,12.168147411128352,0.2857142857142857,0.32735142857142857,0.19946000000000003,0.9585707655642203,B:274:;B:275:;B:276:;B:277:;B:295:;D:164:;D:166:,B:274:;B:277:
asparaginase_alumoh,hydrophobic,91,7,alternative interface,D:275:,THR,275,D,8,3,11.384181317113951,0.375,0.19879125,0.19606,0.9214012548495418,B:163:;B:164:;D:174:;D:175:;D:274:;D:275:;D:276:;D:277:,D:174:;D:274:;D:277:
asparaginase_alumoh,hydrophobic,92,7,alternative interface,B:193:,PRO,193,B,6,2,10.703448079285128,0.3333333333333333,0.3058216666666667,0.18942,0.9842666005142694,B:144:;B:192:;B:193:;B:194:;B:195:;B:196:,B:193:;B:194:
asparaginase_alumoh,hydrophobic,93,7,alternative interface,A:193:,PRO,193,A,6,2,10.574032110819493,0.3333333333333333,0.28958666666666666,0.18088,0.9849180789682109,A:144:;A:192:;A:193:;A:194:;A:195:;A:196:,A:193:;A:194:
asparaginase_alumoh,hydrophobic,94,7,alternative interface,C:193:,PRO,193,C,6,2,10.630253516723316,0.3333333333333333,0.299815,0.17452,0.9844064825842677,C:144:;C:192:;C:193:;C:194:;C:195:;C:196:,C:193:;C:194:
asparaginase_alumoh,hydrophobic,95,7,alternative interface,C:224:,SER,224,C,6,2,13.06147102041835,0.3333333333333333,0.26616500000000004,0.16649,0.9889374872364143,C:222:;C:224:;C:225:;C:226:;C:227:;C:252:,C:226:;C:227:
asparaginase_alumoh,hydrophobic,96,7,alternative interface,A:279:,THR,279,A,8,2,11.92499991666979,0.25,0.30900125,0.1589,0.9786160645524085,A:246:;A:277:;A:279:;A:280:;A:281:;A:282:;A:295:;D:183:,A:277:;A:282:
asparaginase_alumoh,hydrophobic,97,7,alternative interface,A:30:,VAL,30,A,6,2,11.814915029639158,0.3333333333333333,0.322065,0.15459,0.988880815615618,A:16:;A:29:;A:30:;A:31:;A:34:;A:35:,A:30:;A:35:
asparaginase_alumoh,hydrophobic,98,7,alternative interface,B:169:,ALA,169,B,7,3,14.62892058669771,0.42857142857142855,0.19980571428571428,0.08692,0.8982873485726875,A:168:;B:151:;B:164:;B:167:;B:168:;B:169:;B:172:,A:168:;B:168:;B:169:
asparaginase_alumoh,hydrophobic,99,7,alternative interface,D:50:,GLY,50,D,8,2,11.876958979414477,0.25,0.36167375,0.08065,0.9898258740782813,D:32:;D:33:;D:36:;D:49:;D:50:;D:51:;D:52:;D:5:,D:32:;D:36:
asparaginase_alumoh,hydrophobic,100,7,alternative interface,A:65:,VAL,65,A,6,2,13.000746199931138,0.3333333333333333,0.38844166666666663,0.05377,0.989752219338467,A:54:;A:62:;A:63:;A:64:;A:65:;A:68:,A:54:;A:65:
asparaginase_alumoh,hydrophobic,101,8,alternative interface,C:276:,GLY,276,C,9,2,14.307329260263911,0.2222222222222222,0.29672777777777776,0.19946000000000003,0.9323065113712334,A:164:;A:166:;A:167:;C:175:;C:274:;C:275:;C:276:;C:277:;C:295:,C:274:;C:277:
asparaginase_alumoh,hydrophobic,102,8,alternative interface,A:276:,GLY,276,A,8,2,12.304005293654368,0.25,0.27087125,0.18284,0.9458899472382843,A:175:;A:274:;A:275:;A:276:;A:277:;A:295:;C:164:;C:166:,A:274:;A:277:
asparaginase_alumoh,hydrophobic,103,8,alternative interface,C:177:,GLY,177,C,8,3,13.672366070521479,0.375,0.18124374999999998,0.17424,0.9043375408622584,B:177:;B:178:;C:159:;C:172:;C:174:;C:175:;C:177:;C:178:,B:178:;C:174:;C:178:
asparaginase_alumoh,hydrophobic,104,8,alternative interface,C:279:,THR,279,C,8,2,12.201250141602094,0.25,0.30454250000000005,0.16926,0.9783112650913467,B:183:;C:246:;C:277:;C:279:;C:280:;C:281:;C:282:;C:295:,C:277:;C:282:
asparaginase_alumoh,hydrophobic,105,8,alternative interface,C:22:,LYS,22,C,10,1,11.96857747503669,0.1,0.338482,0.16579999999999998,0.9866172513692806,C:120:;C:18:;C:19:;C:20:;C:21:;C:22:;C:23:;C:24:;C:25:;D:184:,C:20:
asparaginase_alumoh,hydrophobic,106,8,alternative interface,B:279:,THR,279,B,8,2,12.173089640437931,0.25,0.29289375,0.1589,0.9786633538669184,B:246:;B:277:;B:279:;B:280:;B:281:;B:282:;B:295:;C:183:,B:277:;B:282:
asparaginase_alumoh,hydrophobic,107,8,alternative interface,D:279:,THR,279,D,8,2,12.134843866479065,0.25,0.29867375,0.1589,0.9783467445198483,A:183:;D:246:;D:277:;D:279:;D:280:;D:281:;D:282:;D:295:,D:277:;D:282:
asparaginase_alumoh,hydrophobic,108,8,alternative interface,C:57:,GLY,57,C,8,2,13.360226672410143,0.25,0.19809625,0.15243,0.986954616856605,C:12:;C:27:;C:55:;C:56:;C:57:;C:59:;C:60:;C:88:,C:27:;C:56:
asparaginase_alumoh,hydrophobic,109,8,alternative interface,A:19:,SER,19,A,10,1,10.535637716819089,0.1,0.373935,0.14848,0.9893357319943822,A:119:;A:120:;A:17:;A:18:;A:19:;A:20:;A:21:;A:22:;A:23:;A:24:,A:20:
asparaginase_alumoh,hydrophobic,110,8,alternative interface,B:19:,SER,19,B,9,1,10.57855769991618,0.1111111111111111,0.36018555555555554,0.1389,0.9893970630460124,B:119:;B:120:;B:18:;B:19:;B:20:;B:21:;B:22:;B:23:;B:24:,B:20:
asparaginase_alumoh,hydrophobic,111,8,alternative interface,A:163:,THR,163,A,7,2,12.084569252950843,0.2857142857142857,0.2570671428571428,0.12823,0.8836873045346071,A:161:;A:163:;A:164:;A:172:;A:274:;C:274:;C:275:,A:274:;C:274:
asparaginase_alumoh,hydrophobic,112,8,alternative interface,D:163:,THR,163,D,7,2,12.137646894807819,0.2857142857142857,0.25585571428571435,0.12823,0.8844471169024236,B:274:;B:275:;D:161:;D:163:;D:164:;D:172:;D:274:,B:274:;D:274:
asparaginase_alumoh,hydrophobic,113,8,alternative interface,C:250:,TYR,250,C,7,1,12.282351386205326,0.14285714285714285,0.3461742857142857,0.10943,0.9904976135035436,A:59:;A:60:;C:222:;C:250:;C:251:;C:252:;C:254:,C:254:
asparaginase_alumoh,hydrophobic,114,8,alternative interface,B:325:,GLN,325,B,7,1,12.401391426526176,0.14285714285714285,0.3608771428571429,0.10847,0.9875391882098672,B:195:;B:196:;B:321:;B:322:;B:324:;B:325:;B:326:,B:322:
asparaginase_alumoh,hydrophobic,115,8,alternative interface,B:174:,VAL,174,B,7,2,13.930780007653727,0.2857142857142857,0.22491428571428568,0.09073,0.8885106026135151,B:159:;B:161:;B:172:;B:174:;B:177:;B:274:;B:275:,B:174:;B:274:
asparaginase_alumoh,hydrophobic,116,8,alternative interface,C:324:,ASN,324,C,7,1,11.2231530186837,0.14285714285714285,0.3819357142857143,0.0659,0.9902795861780295,C:295:;C:320:;C:321:;C:322:;C:324:;C:325:;C:326:,C:322:
asparaginase_alumoh,hydrophobic,117,8,alternative interface,A:324:,ASN,324,A,7,1,11.214739077795638,0.14285714285714285,0.3791957142857143,0.05722000000000001,0.9903933456011961,A:295:;A:320:;A:321:;A:322:;A:324:;A:325:;A:326:,A:322:
asparaginase_alumoh,hydrophobic,118,8,alternative interface,D:12:,THR,12,D,9,2,14.04856721604571,0.2222222222222222,0.2087811111111111,0.0527,0.9820986136788918,D:116:;D:117:;D:118:;D:12:;D:16:;D:26:;D:27:;D:57:;D:88:,D:117:;D:27:
asparaginase_alumoh,hydrophobic,119,8,alternative interface,C:131:,ASN,131,C,7,2,11.443388155976027,0.2857142857142857,0.15135857142857143,0.05041,0.986058916311053,C:127:;C:128:;C:130:;C:131:;C:134:;C:152:;C:185:,C:127:;C:134:
asparaginase_alumoh,hydrophobic,120,9,alternative interface,A:177:,GLY,177,A,9,3,14.962580779895188,0.3333333333333333,0.1573733333333333,0.16094999999999998,0.8834443178990323,A:159:;A:172:;A:174:;A:175:;A:177:;A:178:;D:175:;D:177:;D:178:,A:174:;A:178:;D:178:
asparaginase_alumoh,hydrophobic,121,9,alternative interface,C:163:,THR,163,C,7,2,12.16578284794469,0.2857142857142857,0.2525928571428571,0.109,0.8830551899879948,A:274:;A:275:;C:161:;C:163:;C:164:;C:172:;C:274:,A:274:;C:274:
asparaginase_alumoh,hydrophobic,122,9,alternative interface,D:326:,TYR,326,D,7,1,12.702591112372161,0.14285714285714285,0.30317,0.09178000000000001,0.985290824422877,D:195:;D:196:;D:197:;D:322:;D:324:;D:325:;D:326:,D:322:
asparaginase_alumoh,hydrophobic,123,9,alternative interface,A:12:,THR,12,A,10,2,14.885457649881067,0.2,0.178422,0.06269999999999999,0.9804927969856572,A:116:;A:117:;A:118:;A:12:;A:16:;A:26:;A:27:;A:57:;A:88:;A:89:,A:117:;A:27:
asparaginase_alumoh,hydrophobic,124,9,alternative interface,B:117:,PRO,117,B,10,2,14.19116928523636,0.2,0.172433,0.04809,0.9855085048163985,B:116:;B:117:;B:118:;B:119:;B:120:;B:123:;B:125:;B:12:;B:16:;B:25:,B:117:;B:123:
asparaginase_alumoh,hydrophobic,125,9,alternative interface,C:168:,VAL,168,C,6,1,13.043809276984534,0.16666666666666666,0.18517333333333333,0.0336,0.9626601084184925,C:116:;C:124:;C:151:;C:166:;C:167:;C:168:,C:168:
asparaginase_alumoh,hydrophobic,126,9,alternative interface,D:167:,ASP,167,D,6,1,12.53399352927371,0.16666666666666666,0.22924333333333333,0.02724,0.9427730548186054,C:151:;C:152:;D:164:;D:166:;D:167:;D:168:,D:168:
asparaginase_alumoh,hydrophobic,127,10,alternative interface,D:23:,SER,23,D,10,1,14.113600485937708,0.1,0.239871,0.05541,0.9800881105355193,B:281:;B:282:;C:183:;C:184:;D:120:;D:21:;D:22:;D:23:;D:24:;D:25:,B:282:
asparaginase_alumoh,pi_carbon,1,1,primary plausible interface,B:142:,ALA,142,B,9,3,12.860484046165688,0.3333333333333333,0.42547111111111113,0.8138599999999999,0.9864392878897884,B:106:;B:107:;B:108:;B:138:;B:139:;B:140:;B:142:;B:143:;B:144:,B:107:;B:139:;B:144:
asparaginase_alumoh,pi_carbon,2,1,primary plausible interface,A:142:,ALA,142,A,9,3,12.721882991918713,0.3333333333333333,0.4243411111111111,0.8044199999999999,0.9865253607216952,A:106:;A:107:;A:108:;A:138:;A:139:;A:140:;A:142:;A:143:;A:144:,A:107:;A:139:;A:144:
asparaginase_alumoh,pi_carbon,3,1,primary plausible interface,A:184:,ASN,184,A,8,3,12.013826577268507,0.375,0.32280125,0.7604900000000001,0.9837120822745481,A:183:;A:184:;A:185:;A:186:;B:21:;B:22:;B:23:;D:281:,A:183:;A:186:;B:22:
asparaginase_alumoh,pi_carbon,4,1,primary plausible interface,B:184:,ASN,184,B,8,3,11.819916069250596,0.375,0.33186125,0.75563,0.9843172705459932,A:21:;A:22:;A:23:;B:183:;B:184:;B:185:;B:186:;C:281:,A:22:;B:183:;B:186:
asparaginase_alumoh,pi_carbon,5,1,primary plausible interface,D:142:,ALA,142,D,9,3,12.568634880976573,0.3333333333333333,0.40786555555555554,0.74749,0.9867741143175186,D:106:;D:107:;D:108:;D:138:;D:139:;D:140:;D:142:;D:143:;D:144:,D:107:;D:139:;D:144:
asparaginase_alumoh,pi_carbon,6,1,primary plausible interface,D:289:,TYR,289,D,8,3,14.121780057684145,0.375,0.46761125,0.67277,0.9921303380963991,D:258:;D:262:;D:285:;D:286:;D:287:;D:288:;D:289:;D:290:,D:262:;D:288:;D:289:
asparaginase_alumoh,pi_carbon,7,1,primary plausible interface,D:206:,SER,206,D,5,2,9.772613403287135,0.4,0.5442159999999999,0.66217,0.9944810630988679,D:204:;D:206:;D:207:;D:208:;D:71:,D:207:;D:71:
asparaginase_alumoh,pi_carbon,8,1,primary plausible interface,C:206:,SER,206,C,5,2,9.745429464794968,0.4,0.5576380000000001,0.58957,0.99440602702908,C:204:;C:206:;C:207:;C:208:;C:71:,C:207:;C:71:
asparaginase_alumoh,pi_carbon,9,1,primary plausible interface,D:251:,LYS,251,D,7,3,13.136364603481717,0.42857142857142855,0.39662142857142857,0.57265,0.9927541533003215,B:59:;B:60:;D:250:;D:251:;D:252:;D:254:;D:255:,D:250:;D:251:;D:254:
asparaginase_alumoh,pi_carbon,10,1,primary plausible interface,A:251:,LYS,251,A,7,3,13.277604739117368,0.42857142857142855,0.41815285714285716,0.54218,0.9926105607892802,A:250:;A:251:;A:252:;A:254:;A:255:;C:59:;C:60:,A:250:;A:251:;A:254:
asparaginase_alumoh,pi_carbon,11,1,primary plausible interface,A:259:,THR,259,A,6,1,12.542751179479009,0.16666666666666666,0.5766016666666666,0.514,0.9939279181776388,A:255:;A:256:;A:258:;A:259:;A:262:;A:263:,A:262:
asparaginase_alumoh,pi_carbon,12,1,primary plausible interface,C:195:,ARG,195,C,7,4,11.456965312544758,0.5714285714285714,0.26465428571428573,0.4851,0.9867068500393084,C:193:;C:194:;C:195:;C:196:;C:197:;C:325:;C:326:,C:195:;C:196:;C:197:;C:326:
asparaginase_alumoh,pi_carbon,13,1,primary plausible interface,B:264:,GLY,264,B,6,2,11.630586546863315,0.3333333333333333,0.5523300000000001,0.47927,0.9945996129867423,B:262:;B:263:;B:264:;B:265:;B:266:;B:314:,B:262:;B:314:
asparaginase_alumoh,pi_carbon,14,1,primary plausible interface,D:195:,ARG,195,D,7,4,11.582269572711546,0.5714285714285714,0.2641057142857143,0.47326,0.9867076124252987,D:193:;D:194:;D:195:;D:196:;D:197:;D:325:;D:326:,D:195:;D:196:;D:197:;D:326:
asparaginase_alumoh,pi_carbon,15,1,primary plausible interface,C:74:,ASN,74,C,7,3,10.940287176940457,0.42857142857142855,0.32942142857142853,0.46814999999999996,0.9930517848005083,C:104:;C:71:;C:72:;C:74:;C:75:;C:76:;C:77:,C:104:;C:71:;C:72:
asparaginase_alumoh,pi_carbon,16,1,primary plausible interface,A:196:,LYS,196,A,8,4,12.414498322099117,0.5,0.31761125,0.41973999999999995,0.9877182186725658,A:193:;A:194:;A:195:;A:196:;A:197:;A:200:;A:325:;A:326:,A:195:;A:196:;A:197:;A:326:
asparaginase_alumoh,pi_carbon,17,1,primary plausible interface,C:200:,ASP,200,C,5,2,9.87614472098796,0.4,0.41433800000000004,0.40373,0.9954895362796716,C:196:;C:197:;C:199:;C:200:;C:202:,C:196:;C:197:
asparaginase_alumoh,pi_carbon,18,1,primary plausible interface,D:200:,ASP,200,D,5,2,9.80674939097272,0.4,0.424602,0.39765,0.9953701814062126,D:196:;D:197:;D:199:;D:200:;D:202:,D:196:;D:197:
asparaginase_alumoh,pi_carbon,19,1,primary plausible interface,D:41:,GLN,41,D,6,2,10.709070315082748,0.3333333333333333,0.4890083333333333,0.38610999999999995,0.9949170065923423,D:130:;D:40:;D:41:;D:43:;D:44:;D:45:,D:130:;D:43:
asparaginase_alumoh,pi_carbon,20,1,primary plausible interface,D:264:,GLY,264,D,6,2,11.789360876933246,0.3333333333333333,0.4990649999999999,0.32938,0.994682159609474,D:262:;D:263:;D:264:;D:265:;D:266:;D:314:,D:262:;D:314:
asparaginase_alumoh,pi_carbon,21,1,primary plausible interface,A:100:,ASP,100,A,3,2,8.951094660151453,0.6666666666666666,0.09675,0.10064999999999999,0.9953894788703921,A:100:;A:158:;A:197:,A:158:;A:197:
asparaginase_alumoh,pi_carbon,22,1,primary plausible interface,B:100:,ASP,100,B,3,2,8.89345934672613,0.6666666666666666,0.10019333333333331,0.08288999999999999,0.9953388038010652,B:100:;B:158:;B:197:,B:158:;B:197:
asparaginase_alumoh,pi_carbon,23,1,primary plausible interface,D:100:,ASP,100,D,3,2,8.975225201315967,0.6666666666666666,0.10499666666666667,0.07865,0.9954466885429294,D:100:;D:158:;D:197:,D:158:;D:197:
asparaginase_alumoh,pi_carbon,24,1,primary plausible interface,B:218:,TYR,218,B,1,1,0.0,1.0,0.05576,0.028820000000000002,0.9999999999999999,B:218:,B:218:
asparaginase_alumoh,pi_carbon,25,2,alternative interface,C:142:,ALA,142,C,9,3,12.83927473104557,0.3333333333333333,0.41579555555555553,0.7844,0.9864874478914413,C:106:;C:107:;C:108:;C:138:;C:139:;C:140:;C:142:;C:143:;C:144:,C:107:;C:139:;C:144:
asparaginase_alumoh,pi_carbon,26,2,alternative interface,C:184:,ASN,184,C,8,3,11.976054526570127,0.375,0.31383,0.6640900000000001,0.9836087817940316,B:281:;C:183:;C:184:;C:185:;C:186:;D:21:;D:22:;D:23:,C:183:;C:186:;D:22:
asparaginase_alumoh,pi_carbon,27,2,alternative interface,A:289:,TYR,289,A,8,3,14.142150205005375,0.375,0.5202837499999999,0.6530400000000001,0.9921715129970226,A:258:;A:262:;A:285:;A:286:;A:287:;A:288:;A:289:;A:290:,A:262:;A:288:;A:289:
asparaginase_alumoh,pi_carbon,28,2,alternative interface,A:206:,SER,206,A,5,2,9.811985274542172,0.4,0.5393459999999999,0.64158,0.9944423278866872,A:204:;A:206:;A:207:;A:208:;A:71:,A:207:;A:71:
asparaginase_alumoh,pi_carbon,29,2,alternative interface,B:206:,SER,206,B,5,2,9.690159432843712,0.4,0.498236,0.5981000000000001,0.9944629397662127,B:204:;B:206:;B:207:;B:208:;B:71:,B:207:;B:71:
asparaginase_alumoh,pi_carbon,30,2,alternative interface,B:250:,TYR,250,B,7,3,12.208483951944798,0.42857142857142855,0.35618428571428573,0.54092,0.9905511168483121,B:222:;B:250:;B:251:;B:252:;B:254:;D:59:;D:60:,B:250:;B:251:;B:254:
asparaginase_alumoh,pi_carbon,31,2,alternative interface,A:264:,GLY,264,A,6,2,12.075463174569197,0.3333333333333333,0.5402866666666667,0.514,0.9944500750280233,A:262:;A:263:;A:264:;A:265:;A:266:;A:314:,A:262:;A:314:
asparaginase_alumoh,pi_carbon,32,2,alternative interface,B:195:,ARG,195,B,7,4,11.46546578233828,0.5714285714285714,0.24363,0.44091,0.986689012900624,B:193:;B:194:;B:195:;B:196:;B:197:;B:325:;B:326:,B:195:;B:196:;B:197:;B:326:
asparaginase_alumoh,pi_carbon,33,2,alternative interface,C:259:,THR,259,C,6,1,12.659493986376594,0.16666666666666666,0.5584749999999999,0.41465,0.9938424869528993,C:255:;C:256:;C:258:;C:259:;C:262:;C:263:,C:262:
asparaginase_alumoh,pi_carbon,34,2,alternative interface,B:200:,ASP,200,B,5,2,9.850191159858456,0.4,0.40385,0.36644,0.9953886225157977,B:196:;B:197:;B:199:;B:200:;B:202:,B:196:;B:197:
asparaginase_alumoh,pi_carbon,35,2,alternative interface,C:100:,ASP,100,C,3,2,8.939318453601217,0.6666666666666666,0.09980333333333334,0.08263999999999999,0.9950838541325172,C:100:;C:158:;C:197:,C:158:;C:197:
asparaginase_alumoh,pi_carbon,36,3,alternative interface,B:289:,TYR,289,B,8,3,13.71052789222693,0.375,0.48802750000000006,0.63438,0.9922800014293812,B:258:;B:262:;B:285:;B:286:;B:287:;B:288:;B:289:;B:290:,B:262:;B:288:;B:289:
asparaginase_alumoh,pi_carbon,37,3,alternative interface,B:76:,ASP,76,B,7,2,11.27001557815156,0.2857142857142857,0.4482928571428571,0.55715,0.9942929657221464,B:72:;B:74:;B:75:;B:76:;B:77:;B:78:;B:79:,B:72:;B:79:
asparaginase_alumoh,pi_carbon,38,3,alternative interface,D:76:,ASP,76,D,7,2,11.223118510372403,0.2857142857142857,0.4265971428571428,0.54426,0.9943466554575804,D:72:;D:74:;D:75:;D:76:;D:77:;D:78:;D:79:,D:72:;D:79:
asparaginase_alumoh,pi_carbon,39,3,alternative interface,A:76:,ASP,76,A,7,2,11.145802576744096,0.2857142857142857,0.4450042857142857,0.52656,0.9943392299499104,A:72:;A:74:;A:75:;A:76:;A:77:;A:78:;A:79:,A:72:;A:79:
asparaginase_alumoh,pi_carbon,40,3,alternative interface,C:250:,TYR,250,C,7,3,12.282351386205326,0.42857142857142855,0.3461742857142857,0.51434,0.9904976135035436,A:59:;A:60:;C:222:;C:250:;C:251:;C:252:;C:254:,C:250:;C:251:;C:254:
asparaginase_alumoh,pi_carbon,41,3,alternative interface,B:259:,THR,259,B,6,1,12.66718002082639,0.16666666666666666,0.5155983333333334,0.47927,0.9935132408967272,B:255:;B:256:;B:258:;B:259:;B:262:;B:263:,B:262:
asparaginase_alumoh,pi_carbon,42,3,alternative interface,D:259:,THR,259,D,6,1,12.621634245867524,0.16666666666666666,0.5145383333333333,0.32938,0.9937065209500306,D:255:;D:256:;D:258:;D:259:;D:262:;D:263:,D:262:
asparaginase_alumoh,pi_carbon,43,3,alternative interface,C:68:,THR,68,C,5,2,12.116392825320538,0.4,0.43806200000000006,0.31501999999999997,0.9909913550687683,C:64:;C:65:;C:68:;C:71:;C:72:,C:71:;C:72:
asparaginase_alumoh,pi_carbon,44,3,alternative interface,C:78:,ASP,78,C,6,1,13.229948373307618,0.16666666666666666,0.5341133333333333,0.31411,0.994037214376234,C:75:;C:76:;C:77:;C:78:;C:79:;C:81:,C:79:
asparaginase_alumoh,pi_carbon,45,3,alternative interface,D:68:,THR,68,D,5,2,12.092146463336507,0.4,0.44047200000000003,0.23088999999999998,0.9910523718676875,D:64:;D:65:;D:68:;D:71:;D:72:,D:71:;D:72:
asparaginase_alumoh,pi_carbon,46,3,alternative interface,A:68:,THR,68,A,5,2,12.18749515136577,0.4,0.44493600000000005,0.20469,0.9910370734867593,A:64:;A:65:;A:68:;A:71:;A:72:,A:71:;A:72:
asparaginase_alumoh,pi_carbon,47,3,alternative interface,B:68:,THR,68,B,5,2,12.066144070441435,0.4,0.43754,0.19651,0.9911283106041835,B:64:;B:65:;B:68:;B:71:;B:72:,B:71:;B:72:
asparaginase_alumoh,pi_carbon,48,4,alternative interface,C:289:,TYR,289,C,8,3,14.26290185372218,0.375,0.48151625000000003,0.60429,0.9921102937012336,C:258:;C:262:;C:285:;C:286:;C:287:;C:288:;C:289:;C:290:,C:262:;C:288:;C:289:
asparaginase_alumoh,pi_carbon,49,4,alternative interface,A:41:,GLN,41,A,7,2,11.932875597597107,0.2857142857142857,0.4510871428571428,0.49642000000000003,0.9922194489730375,A:130:;A:40:;A:41:;A:43:;A:44:;A:45:;B:21:,A:130:;A:43:
asparaginase_alumoh,pi_carbon,50,4,alternative interface,D:232:,VAL,232,D,8,2,12.824093896805346,0.25,0.37446375,0.37841,0.9924251309395312,D:229:;D:230:;D:232:;D:233:;D:234:;D:235:;D:236:;D:265:,D:229:;D:236:
asparaginase_alumoh,pi_carbon,51,4,alternative interface,D:227:,PRO,227,D,8,1,12.210664854110826,0.125,0.26502875000000004,0.37532,0.9930154027046196,B:226:;B:227:;B:230:;D:225:;D:226:;D:227:;D:229:;D:230:,D:229:
asparaginase_alumoh,pi_carbon,52,4,alternative interface,B:232:,VAL,232,B,8,2,12.757756629457296,0.25,0.39726125,0.37368,0.9925075340577295,B:229:;B:230:;B:232:;B:233:;B:234:;B:235:;B:236:;B:265:,B:229:;B:236:
asparaginase_alumoh,pi_carbon,53,4,alternative interface,D:322:,ILE,322,D,7,1,12.223053078576577,0.14285714285714285,0.40688714285714284,0.05037,0.9925757665840531,D:318:;D:320:;D:321:;D:322:;D:324:;D:325:;D:326:,D:326:
asparaginase_alumoh,pi_carbon,54,5,alternative interface,D:185:,GLY,185,D,6,2,11.395135477407532,0.3333333333333333,0.29832,0.59618,0.9851308057467758,C:21:;D:134:;D:183:;D:184:;D:185:;D:186:,D:183:;D:186:
asparaginase_alumoh,pi_carbon,55,5,alternative interface,D:237:,ASP,237,D,7,2,11.151001832013812,0.2857142857142857,0.3449685714285714,0.52829,0.991575558753008,D:212:;D:213:;D:235:;D:236:;D:237:;D:265:;D:266:,D:213:;D:236:
asparaginase_alumoh,pi_carbon,56,5,alternative interface,B:237:,ASP,237,B,7,2,11.095407274576711,0.2857142857142857,0.33964285714285714,0.52449,0.9916399474549794,B:212:;B:213:;B:235:;B:236:;B:237:;B:265:;B:266:,B:213:;B:236:
asparaginase_alumoh,pi_carbon,57,5,alternative interface,A:237:,ASP,237,A,7,2,11.110465778870278,0.2857142857142857,0.35565714285714284,0.51024,0.9915627189664474,A:212:;A:213:;A:235:;A:236:;A:237:;A:265:;A:266:,A:213:;A:236:
asparaginase_alumoh,pi_carbon,58,5,alternative interface,C:237:,ASP,237,C,7,2,13.310087067711326,0.2857142857142857,0.4491,0.50422,0.9910655686764296,C:212:;C:213:;C:235:;C:236:;C:237:;C:264:;C:265:,C:213:;C:236:
asparaginase_alumoh,pi_carbon,59,5,alternative interface,B:41:,GLN,41,B,7,2,12.485808484379762,0.2857142857142857,0.4039371428571429,0.44458,0.9919801418022661,A:21:;B:130:;B:40:;B:41:;B:43:;B:44:;B:45:,B:130:;B:43:
asparaginase_alumoh,pi_carbon,60,5,alternative interface,A:313:,THR,313,A,6,1,11.990153089809432,0.16666666666666666,0.4546016666666666,0.37539,0.9920665130709747,A:311:;A:312:;A:313:;A:314:;A:315:;A:318:,A:314:
asparaginase_alumoh,pi_carbon,61,5,alternative interface,B:313:,THR,313,B,6,1,11.992547472231655,0.16666666666666666,0.4437066666666667,0.37174,0.9920981008371095,B:311:;B:312:;B:313:;B:314:;B:315:;B:318:,B:314:
asparaginase_alumoh,pi_carbon,62,5,alternative interface,C:232:,VAL,232,C,8,2,12.644959671708175,0.25,0.3866125,0.35375,0.9924946134369116,C:229:;C:230:;C:232:;C:233:;C:234:;C:235:;C:236:;C:265:,C:229:;C:236:
asparaginase_alumoh,pi_carbon,63,5,alternative interface,B:49:,LYS,49,B,5,1,13.447826728812649,0.2,0.462506,0.34679000000000004,0.9900364045611453,B:3:;B:47:;B:49:;B:51:;B:5:,B:49:
asparaginase_alumoh,pi_carbon,64,5,alternative interface,C:23:,SER,23,C,13,4,14.619976863178026,0.3076923076923077,0.31311923076923076,0.33582,0.9794034318527015,A:281:;A:282:;C:116:;C:120:;C:18:;C:19:;C:21:;C:22:;C:23:;C:24:;C:25:;D:183:;D:184:,C:116:;C:22:;C:25:;D:183:
asparaginase_alumoh,pi_carbon,65,5,alternative interface,A:199:,SER,199,A,6,2,14.668163888212863,0.3333333333333333,0.3598166666666667,0.16738,0.9896316845401705,A:104:;A:106:;A:197:;A:199:;A:200:;A:202:,A:104:;A:197:
asparaginase_alumoh,pi_carbon,66,5,alternative interface,B:322:,ILE,322,B,7,1,12.258809341786641,0.14285714285714285,0.3925514285714286,0.047830000000000004,0.9925375516117332,B:318:;B:320:;B:321:;B:322:;B:324:;B:325:;B:326:,B:326:
asparaginase_alumoh,pi_carbon,67,5,alternative interface,A:322:,ILE,322,A,7,1,12.26262239729622,0.14285714285714285,0.4025242857142857,0.04666000000000001,0.9925710188216214,A:318:;A:320:;A:321:;A:322:;A:324:;A:325:;A:326:,A:326:
asparaginase_alumoh,pi_carbon,68,6,alternative interface,C:41:,GLN,41,C,8,2,12.347817915018855,0.25,0.37273375,0.41046999999999995,0.9906688578965165,C:130:;C:39:;C:40:;C:41:;C:43:;C:44:;C:45:;D:21:,C:130:;C:43:
asparaginase_alumoh,pi_carbon,69,6,alternative interface,A:24:,ASN,24,A,11,2,13.623184878732268,0.18181818181818182,0.39418363636363635,0.37918999999999997,0.9858576571522755,A:17:;A:18:;A:19:;A:22:;A:23:;A:24:;A:25:;A:26:;C:281:;C:282:;C:283:,A:22:;A:25:
asparaginase_alumoh,pi_carbon,70,6,alternative interface,D:49:,LYS,49,D,6,1,13.61260663168752,0.16666666666666666,0.41190499999999997,0.34898,0.9901539421678363,D:3:;D:47:;D:49:;D:50:;D:51:;D:5:,D:49:
asparaginase_alumoh,pi_carbon,71,6,alternative interface,C:20:,ALA,20,C,8,1,11.743745264572988,0.125,0.367855,0.33582,0.990962060348638,C:119:;C:120:;C:121:;C:18:;C:19:;C:20:;C:21:;C:22:,C:22:
asparaginase_alumoh,pi_carbon,72,6,alternative interface,C:49:,LYS,49,C,6,1,13.546115421481153,0.16666666666666666,0.40411499999999995,0.33052,0.9903339458679147,C:3:;C:47:;C:49:;C:50:;C:51:;C:5:,C:49:
asparaginase_alumoh,pi_carbon,73,6,alternative interface,C:227:,PRO,227,C,9,1,13.242954136758105,0.1111111111111111,0.21514,0.32937,0.9913787238793206,A:226:;A:227:;A:230:;C:224:;C:225:;C:226:;C:227:;C:229:;C:230:,C:229:
asparaginase_alumoh,pi_carbon,74,6,alternative interface,A:232:,VAL,232,A,8,2,12.859383556384985,0.25,0.38502749999999997,0.32726,0.9924401738929141,A:229:;A:230:;A:232:;A:233:;A:234:;A:235:;A:236:;A:265:,A:229:;A:236:
asparaginase_alumoh,pi_carbon,75,6,alternative interface,D:313:,THR,313,D,6,1,11.965783018355028,0.16666666666666666,0.41761333333333334,0.32012,0.9920852146156158,D:311:;D:312:;D:313:;D:314:;D:315:;D:318:,D:314:
asparaginase_alumoh,pi_carbon,76,6,alternative interface,D:181:,TYR,181,D,6,2,14.203275050688235,0.3333333333333333,0.25723999999999997,0.25731000000000004,0.9628708653212101,D:152:;D:153:;D:178:;D:181:;D:183:;D:188:,D:181:;D:183:
asparaginase_alumoh,pi_carbon,77,6,alternative interface,B:181:,TYR,181,B,6,2,14.375826357942149,0.3333333333333333,0.2633816666666667,0.24887,0.9623796320765831,B:152:;B:153:;B:178:;B:181:;B:183:;B:188:,B:181:;B:183:
asparaginase_alumoh,pi_carbon,78,6,alternative interface,A:181:,TYR,181,A,6,2,14.315133166926827,0.3333333333333333,0.2747466666666667,0.24670000000000003,0.9624933447767474,A:152:;A:153:;A:178:;A:181:;A:183:;A:188:,A:181:;A:183:
asparaginase_alumoh,pi_carbon,79,6,alternative interface,B:127:,PHE,127,B,7,2,10.375835171810639,0.2857142857142857,0.1442942857142857,0.16056,0.9877136405604658,A:121:;B:124:;B:125:;B:126:;B:127:;B:128:;B:130:,B:127:;B:130:
asparaginase_alumoh,pi_carbon,80,6,alternative interface,D:127:,PHE,127,D,7,2,10.26317015614012,0.2857142857142857,0.13844571428571426,0.14809,0.9880223637779714,C:121:;D:124:;D:125:;D:126:;D:127:;D:128:;D:130:,D:127:;D:130:
asparaginase_alumoh,pi_carbon,81,7,alternative interface,D:27:,ALA,27,D,11,2,14.156273500833802,0.18181818181818182,0.22728181818181817,0.37656,0.9827119675538393,B:283:;D:117:;D:12:;D:16:;D:25:;D:26:;D:27:;D:29:;D:56:;D:57:;D:88:,D:25:;D:29:
asparaginase_alumoh,pi_carbon,82,7,alternative interface,B:24:,ASN,24,B,10,2,13.285153994035346,0.2,0.371953,0.33472999999999997,0.9857890069959035,B:18:;B:19:;B:22:;B:23:;B:24:;B:25:;B:26:;D:281:;D:282:;D:283:,B:22:;B:25:
asparaginase_alumoh,pi_carbon,83,7,alternative interface,D:24:,ASN,24,D,9,2,12.380984690465876,0.2222222222222222,0.34759666666666666,0.32246,0.9867336636180161,B:281:;B:282:;B:283:;D:18:;D:22:;D:23:;D:24:;D:25:;D:26:,D:22:;D:25:
asparaginase_alumoh,pi_carbon,84,7,alternative interface,A:49:,LYS,49,A,6,1,13.431320563803014,0.16666666666666666,0.4014249999999999,0.31017,0.9903092046474244,A:3:;A:47:;A:49:;A:50:;A:51:;A:5:,A:49:
asparaginase_alumoh,pi_carbon,85,7,alternative interface,D:19:,SER,19,D,7,1,9.64801583339418,0.14285714285714285,0.3687985714285714,0.29285,0.9922639700936248,D:119:;D:120:;D:18:;D:19:;D:20:;D:21:;D:22:,D:22:
asparaginase_alumoh,pi_carbon,86,7,alternative interface,B:29:,LYS,29,B,7,1,13.277854508607643,0.14285714285714285,0.40948285714285715,0.25811,0.9857467135142762,B:16:;B:26:;B:29:;B:30:;B:31:;B:55:;B:56:,B:29:
asparaginase_alumoh,pi_carbon,87,7,alternative interface,C:313:,THR,313,C,6,1,11.93384399140777,0.16666666666666666,0.38291000000000003,0.25062,0.9921803614048564,C:311:;C:312:;C:313:;C:314:;C:315:;C:318:,C:314:
asparaginase_alumoh,pi_carbon,88,7,alternative interface,C:181:,TYR,181,C,6,2,14.299078394684058,0.3333333333333333,0.2681533333333333,0.23777,0.9623192390645644,C:152:;C:153:;C:178:;C:181:;C:183:;C:188:,C:181:;C:183:
asparaginase_alumoh,pi_carbon,89,7,alternative interface,D:104:,LYS,104,D,4,1,10.231441975650476,0.25,0.289165,0.18624,0.9922814772398478,D:104:;D:106:;D:199:;D:74:,D:104:
asparaginase_alumoh,pi_carbon,90,7,alternative interface,B:104:,LYS,104,B,4,1,10.314427775837041,0.25,0.292425,0.17917000000000002,0.992165223832906,B:104:;B:106:;B:199:;B:74:,B:104:
asparaginase_alumoh,pi_carbon,91,7,alternative interface,A:127:,PHE,127,A,7,2,10.417736604673308,0.2857142857142857,0.1343042857142857,0.15294,0.9876913096400395,A:124:;A:125:;A:126:;A:127:;A:128:;A:130:;B:121:,A:127:;A:130:
asparaginase_alumoh,pi_carbon,92,8,alternative interface,A:27:,ALA,27,A,11,2,13.669268896015,0.18181818181818182,0.21953818181818183,0.37105,0.982703684810835,A:117:;A:12:;A:16:;A:25:;A:26:;A:27:;A:29:;A:56:;A:57:;A:88:;C:283:,A:25:;A:29:
asparaginase_alumoh,pi_carbon,93,8,alternative interface,A:161:,THR,161,A,5,1,11.621155380598118,0.2,0.22827599999999998,0.32258000000000003,0.935825944503009,A:159:;A:161:;A:163:;A:172:;A:174:,A:172:
asparaginase_alumoh,pi_carbon,94,8,alternative interface,D:161:,THR,161,D,5,1,11.543982815930669,0.2,0.213388,0.31865,0.9365199771282338,D:159:;D:161:;D:163:;D:172:;D:174:,D:172:
asparaginase_alumoh,pi_carbon,95,8,alternative interface,C:161:,THR,161,C,5,1,11.537060402800071,0.2,0.21852200000000002,0.30862,0.9363960492175207,C:159:;C:161:;C:163:;C:172:;C:174:,C:172:
asparaginase_alumoh,pi_carbon,96,8,alternative interface,D:30:,VAL,30,D,7,1,13.42829156219453,0.14285714285714285,0.39720571428571433,0.30646999999999996,0.9888340558486854,D:16:;D:29:;D:30:;D:31:;D:32:;D:34:;D:35:,D:29:
asparaginase_alumoh,pi_carbon,97,8,alternative interface,A:30:,VAL,30,A,6,1,11.814915029639158,0.16666666666666666,0.322065,0.30198,0.988880815615618,A:16:;A:29:;A:30:;A:31:;A:34:;A:35:,A:29:
asparaginase_alumoh,pi_carbon,98,8,alternative interface,C:14:,ALA,14,C,8,1,12.386159205245052,0.125,0.28455874999999997,0.25966,0.9912927022671347,C:118:;C:12:;C:14:;C:16:;C:27:;C:29:;C:30:;C:31:,C:29:
asparaginase_alumoh,pi_carbon,99,8,alternative interface,B:20:,ALA,20,B,9,1,12.21433387182098,0.1111111111111111,0.3321088888888889,0.24334,0.9893960152666144,B:119:;B:120:;B:121:;B:18:;B:19:;B:20:;B:21:;B:22:;B:23:,B:22:
asparaginase_alumoh,pi_carbon,100,8,alternative interface,C:127:,PHE,127,C,9,2,13.319409951031004,0.2222222222222222,0.1476111111111111,0.17289000000000002,0.9813533538140804,C:124:;C:125:;C:126:;C:127:;C:128:;C:130:;C:131:;D:121:;D:21:,C:127:;C:130:
asparaginase_alumoh,pi_carbon,101,8,alternative interface,B:192:,THR,192,B,6,1,13.22684308145499,0.16666666666666666,0.3530783333333333,0.10148,0.970492979201789,B:144:;B:192:;B:193:;B:194:;C:192:;C:194:,B:144:
asparaginase_alumoh,pi_carbon,102,8,alternative interface,A:192:,THR,192,A,5,1,13.266442016448773,0.2,0.336754,0.09851000000000001,0.9779405981849171,A:144:;A:192:;A:193:;A:194:;D:192:,A:144:
asparaginase_alumoh,pi_carbon,103,8,alternative interface,C:26:,THR,26,C,8,2,13.95768065946311,0.25,0.273815,0.06049,0.9863053913964024,A:283:;C:12:;C:16:;C:24:;C:25:;C:26:;C:27:;C:29:,C:25:;C:29:
asparaginase_alumoh,pi_carbon,104,9,alternative interface,B:161:,THR,161,B,5,1,11.562709612292144,0.2,0.21248199999999998,0.32031,0.9349698872441172,B:159:;B:161:;B:163:;B:172:;B:174:,B:172:
asparaginase_alumoh,pi_carbon,105,9,alternative interface,D:123:,ALA,123,D,11,1,14.199556332208436,0.09090909090909091,0.18006090909090908,0.0922,0.9800364709637481,C:123:;D:116:;D:117:;D:118:;D:119:;D:120:;D:121:;D:123:;D:124:;D:125:;D:126:,D:116:
asparaginase_alumoh,pi_carbon,106,9,alternative interface,B:123:,ALA,123,B,10,1,11.953281676538051,0.1,0.180004,0.08837,0.9854995373470959,B:116:;B:117:;B:118:;B:119:;B:120:;B:121:;B:123:;B:124:;B:125:;B:126:,B:116:
asparaginase_alumoh,pi_carbon,107,9,alternative interface,A:123:,ALA,123,A,10,1,11.807524363826015,0.1,0.17455500000000002,0.08663,0.985623218265405,A:116:;A:117:;A:118:;A:119:;A:120:;A:121:;A:123:;A:124:;A:125:;A:126:,A:116:
asparaginase_alumoh,hbond_donor,1,1,primary plausible interface,A:320:,GLN,320,A,7,5,12.330156980402002,0.7142857142857143,0.50026,0.81238,0.9943641900217032,A:316:;A:317:;A:318:;A:320:;A:321:;A:322:;A:324:,A:317:;A:318:;A:320:;A:321:;A:324:
asparaginase_alumoh,hbond_donor,2,1,primary plausible interface,B:320:,GLN,320,B,7,5,12.166044355122077,0.7142857142857143,0.5119357142857143,0.7850499999999999,0.9944479258089971,B:316:;B:317:;B:318:;B:320:;B:321:;B:322:;B:324:,B:317:;B:318:;B:320:;B:321:;B:324:
asparaginase_alumoh,hbond_donor,3,1,primary plausible interface,C:208:,LEU,208,C,6,4,12.083718672135833,0.6666666666666666,0.731995,0.7234099999999999,0.993132368298002,C:204:;C:206:;C:207:;C:208:;C:209:;C:210:,C:204:;C:206:;C:209:;C:210:
asparaginase_alumoh,hbond_donor,4,1,primary plausible interface,C:22:,LYS,22,C,10,8,11.96857747503669,0.8,0.338482,0.7156399999999999,0.9866172513692806,C:120:;C:18:;C:19:;C:20:;C:21:;C:22:;C:23:;C:24:;C:25:;D:184:,C:120:;C:18:;C:19:;C:21:;C:23:;C:24:;C:25:;D:184:
asparaginase_alumoh,hbond_donor,5,1,primary plausible interface,D:208:,LEU,208,D,5,3,10.737330248244362,0.6,0.741822,0.70648,0.9950145408296931,D:206:;D:207:;D:208:;D:209:;D:210:,D:206:;D:209:;D:210:
asparaginase_alumoh,hbond_donor,6,1,primary plausible interface,A:315:,ASP,315,A,6,4,9.626719777054378,0.6666666666666666,0.5797333333333333,0.58282,0.9948617333044645,A:313:;A:314:;A:315:;A:316:;A:317:;A:318:,A:313:;A:315:;A:317:;A:318:
asparaginase_alumoh,hbond_donor,7,1,primary plausible interface,A:282:,ALA,282,A,10,9,13.202751482341393,0.9,0.304755,0.56748,0.9849557277800168,A:246:;A:279:;A:280:;A:281:;A:282:;A:283:;A:285:;C:23:;C:24:;C:25:,A:246:;A:279:;A:280:;A:281:;A:283:;A:285:;C:23:;C:24:;C:25:
asparaginase_alumoh,hbond_donor,8,1,primary plausible interface,D:62:,ASN,62,D,6,5,10.898063045175927,0.8333333333333334,0.39156166666666664,0.56086,0.9910100454239485,B:222:;D:60:;D:62:;D:63:;D:64:;D:65:,B:222:;D:60:;D:62:;D:63:;D:64:
asparaginase_alumoh,hbond_donor,9,1,primary plausible interface,C:252:,THR,252,C,8,6,11.36759851948754,0.75,0.351325,0.55261,0.991404445216408,C:224:;C:225:;C:250:;C:251:;C:252:;C:254:;C:255:;C:256:,C:224:;C:225:;C:250:;C:252:;C:255:;C:256:
asparaginase_alumoh,hbond_donor,10,1,primary plausible interface,C:282:,ALA,282,C,10,9,12.883353978744356,0.9,0.277502,0.48704000000000003,0.985005413678912,A:23:;A:24:;A:25:;C:246:;C:279:;C:280:;C:281:;C:282:;C:283:;C:285:,A:23:;A:24:;A:25:;C:246:;C:279:;C:280:;C:281:;C:283:;C:285:
asparaginase_alumoh,hbond_donor,11,1,primary plausible interface,B:282:,ALA,282,B,10,9,13.068624300258625,0.9,0.26350799999999996,0.47847,0.9850499967315967,B:246:;B:279:;B:280:;B:281:;B:282:;B:283:;B:285:;D:23:;D:24:;D:25:,B:246:;B:279:;B:280:;B:281:;B:283:;B:285:;D:23:;D:24:;D:25:
asparaginase_alumoh,hbond_donor,12,1,primary plausible interface,C:287:,ALA,287,C,6,3,8.79353668238624,0.5,0.50257,0.34964,0.9962437435472565,C:285:;C:286:;C:287:;C:288:;C:289:;C:290:,C:285:;C:286:;C:289:
asparaginase_alumoh,hbond_donor,13,1,primary plausible interface,D:287:,ALA,287,D,6,3,8.690807874699825,0.5,0.5049750000000001,0.34653,0.9962997309001154,D:285:;D:286:;D:287:;D:288:;D:289:;D:290:,D:285:;D:286:;D:289:
asparaginase_alumoh,hbond_donor,14,1,primary plausible interface,B:287:,ALA,287,B,6,3,8.606999005812076,0.5,0.49718333333333337,0.33677,0.9963349742260701,B:285:;B:286:;B:287:;B:288:;B:289:;B:290:,B:285:;B:286:;B:289:
asparaginase_alumoh,hbond_donor,15,1,primary plausible interface,A:311:,THR,311,A,4,3,11.306847183926452,0.75,0.20813750000000003,0.17919000000000002,0.9920685312738982,A:212:;A:311:;A:312:;A:313:,A:311:;A:312:;A:313:
asparaginase_alumoh,hbond_donor,16,1,primary plausible interface,D:312:,GLN,312,D,4,3,8.215422910060587,0.75,0.32748,0.15933999999999998,0.9955949615383815,D:311:;D:312:;D:313:;D:314:,D:311:;D:312:;D:313:
asparaginase_alumoh,hbond_donor,17,1,primary plausible interface,B:312:,GLN,312,B,4,3,8.178289489928849,0.75,0.3513625,0.15832000000000002,0.9956105228547002,B:311:;B:312:;B:313:;B:314:,B:311:;B:312:;B:313:
asparaginase_alumoh,hbond_donor,18,1,primary plausible interface,C:312:,GLN,312,C,4,3,8.118867935366174,0.75,0.28161,0.14805,0.9956547213863755,C:311:;C:312:;C:313:;C:314:,C:311:;C:312:;C:313:
asparaginase_alumoh,hbond_donor,19,1,primary plausible interface,A:158:,ARG,158,A,3,2,10.927046049370889,0.6666666666666666,0.07150333333333332,0.026160000000000003,0.997348946373526,A:100:;A:158:;A:159:,A:100:;A:159:
asparaginase_alumoh,hbond_donor,20,1,primary plausible interface,B:158:,ARG,158,B,3,2,10.949006398148441,0.6666666666666666,0.08252,0.0245,0.9976002978989755,B:100:;B:158:;B:159:,B:100:;B:159:
asparaginase_alumoh,hbond_donor,21,1,primary plausible interface,B:218:,TYR,218,B,1,1,0.0,1.0,0.05576,0.01288,0.9999999999999999,B:218:,B:218:
asparaginase_alumoh,hbond_donor,22,2,alternative interface,C:320:,GLN,320,C,7,5,12.259856956089417,0.7142857142857143,0.4924214285714286,0.77373,0.9943372589309417,C:316:;C:317:;C:318:;C:320:;C:321:;C:322:;C:324:,C:317:;C:318:;C:320:;C:321:;C:324:
asparaginase_alumoh,hbond_donor,23,2,alternative interface,D:320:,GLN,320,D,7,5,12.218711451863099,0.7142857142857143,0.5109928571428571,0.76824,0.9943909180105021,D:316:;D:317:;D:318:;D:320:;D:321:;D:322:;D:324:,D:317:;D:318:;D:320:;D:321:;D:324:
asparaginase_alumoh,hbond_donor,24,2,alternative interface,A:208:,LEU,208,A,5,3,10.68600837692765,0.6,0.7320059999999999,0.69824,0.9949268304489715,A:206:;A:207:;A:208:;A:209:;A:210:,A:206:;A:209:;A:210:
asparaginase_alumoh,hbond_donor,25,2,alternative interface,B:208:,LEU,208,B,6,4,12.332945217881452,0.6666666666666666,0.6860516666666666,0.67541,0.9929175787701617,B:204:;B:206:;B:207:;B:208:;B:209:;B:210:,B:204:;B:206:;B:209:;B:210:
asparaginase_alumoh,hbond_donor,26,2,alternative interface,B:315:,ASP,315,B,6,4,9.61005818182171,0.6666666666666666,0.5696016666666667,0.56657,0.9948554428593088,B:313:;B:314:;B:315:;B:316:;B:317:;B:318:,B:313:;B:315:;B:317:;B:318:
asparaginase_alumoh,hbond_donor,27,2,alternative interface,C:62:,ASN,62,C,6,5,10.89400199144099,0.8333333333333334,0.3845066666666667,0.55842,0.9908462202902901,A:222:;C:60:;C:62:;C:63:;C:64:;C:65:,A:222:;C:60:;C:62:;C:63:;C:64:
asparaginase_alumoh,hbond_donor,28,2,alternative interface,B:62:,ASN,62,B,6,5,10.898829759119002,0.8333333333333334,0.3868666666666667,0.55681,0.9909590664806125,B:60:;B:62:;B:63:;B:64:;B:65:;D:222:,B:60:;B:62:;B:63:;B:64:;D:222:
asparaginase_alumoh,hbond_donor,29,2,alternative interface,A:62:,ASN,62,A,6,5,10.973401562802964,0.8333333333333334,0.37043166666666666,0.53883,0.9909679912564606,A:60:;A:62:;A:63:;A:64:;A:65:;C:222:,A:60:;A:62:;A:63:;A:64:;C:222:
asparaginase_alumoh,hbond_donor,30,2,alternative interface,A:286:,ASP,286,A,7,4,12.29115945165222,0.5714285714285714,0.5208371428571429,0.37464,0.9949940861271818,A:280:;A:285:;A:286:;A:287:;A:288:;A:289:;A:290:,A:280:;A:285:;A:286:;A:289:
asparaginase_alumoh,hbond_donor,31,2,alternative interface,D:281:,ASP,281,D,9,8,14.459610574344758,0.8888888888888888,0.26971333333333336,0.37146,0.9837503243216085,A:184:;B:23:;B:24:;D:279:;D:280:;D:281:;D:282:;D:283:;D:285:,A:184:;B:23:;B:24:;D:279:;D:280:;D:281:;D:283:;D:285:
asparaginase_alumoh,hbond_donor,32,2,alternative interface,A:200:,ASP,200,A,5,2,9.838096263184578,0.4,0.40442,0.25518,0.9954783422808086,A:196:;A:197:;A:199:;A:200:;A:202:,A:199:;A:200:
asparaginase_alumoh,hbond_donor,33,2,alternative interface,A:213:,LYS,213,A,4,2,7.756093596650499,0.5,0.37180250000000004,0.21667999999999998,0.9960267455969926,A:212:;A:213:;A:236:;A:237:,A:236:;A:237:
asparaginase_alumoh,hbond_donor,34,3,alternative interface,B:25:,TYR,25,B,10,7,12.582108356781266,0.7,0.27556600000000003,0.68132,0.9844280726893136,B:117:;B:12:;B:16:;B:18:;B:23:;B:24:;B:25:;B:26:;D:282:;D:283:,B:12:;B:18:;B:23:;B:24:;B:25:;B:26:;D:283:
asparaginase_alumoh,hbond_donor,35,3,alternative interface,A:33:,GLU,33,A,7,3,10.65798682633252,0.42857142857142855,0.42458999999999997,0.67917,0.9926181322296754,A:31:;A:33:;A:34:;A:35:;A:36:;A:37:;A:50:,A:33:;A:34:;A:37:
asparaginase_alumoh,hbond_donor,36,3,alternative interface,C:258:,ALA,258,C,8,4,12.888543622666848,0.5,0.4626825,0.65546,0.9905176890382824,C:254:;C:255:;C:256:;C:258:;C:259:;C:262:;C:289:;C:290:,C:255:;C:256:;C:259:;C:289:
asparaginase_alumoh,hbond_donor,37,3,alternative interface,A:258:,ALA,258,A,8,4,13.080859923802612,0.5,0.48871999999999993,0.64697,0.9905128167905752,A:254:;A:255:;A:256:;A:258:;A:259:;A:262:;A:289:;A:290:,A:255:;A:256:;A:259:;A:289:
asparaginase_alumoh,hbond_donor,38,3,alternative interface,A:77:,CYS,77,A,8,5,13.14027032607035,0.625,0.475535,0.63531,0.9925740005184234,A:107:;A:74:;A:75:;A:76:;A:77:;A:78:;A:79:;A:81:,A:74:;A:75:;A:76:;A:78:;A:81:
asparaginase_alumoh,hbond_donor,39,3,alternative interface,B:77:,CYS,77,B,8,5,13.15346319245731,0.625,0.47606125,0.6315500000000001,0.9925050804022229,B:107:;B:74:;B:75:;B:76:;B:77:;B:78:;B:79:;B:81:,B:74:;B:75:;B:76:;B:78:;B:81:
asparaginase_alumoh,hbond_donor,40,3,alternative interface,C:77:,CYS,77,C,8,5,13.229948373307618,0.625,0.47650624999999996,0.63019,0.9923667416965806,C:107:;C:74:;C:75:;C:76:;C:77:;C:78:;C:79:;C:81:,C:74:;C:75:;C:76:;C:78:;C:81:
asparaginase_alumoh,hbond_donor,41,3,alternative interface,D:77:,CYS,77,D,8,5,13.088591163101963,0.625,0.462665,0.58984,0.9926219128158,D:107:;D:74:;D:75:;D:76:;D:77:;D:78:;D:79:;D:81:,D:74:;D:75:;D:76:;D:78:;D:81:
asparaginase_alumoh,hbond_donor,42,3,alternative interface,A:252:,THR,252,A,7,5,10.14855115934407,0.7142857142857143,0.41156428571428577,0.55719,0.9937031226282252,A:225:;A:250:;A:251:;A:252:;A:254:;A:255:;A:256:,A:225:;A:250:;A:252:;A:255:;A:256:
asparaginase_alumoh,hbond_donor,43,3,alternative interface,D:315:,ASP,315,D,6,4,9.658455693436672,0.6666666666666666,0.5478266666666666,0.55232,0.9947418630128994,D:313:;D:314:;D:315:;D:316:;D:317:;D:318:,D:313:;D:315:;D:317:;D:318:
asparaginase_alumoh,hbond_donor,44,3,alternative interface,C:315:,ASP,315,C,6,4,9.569437537220765,0.6666666666666666,0.5108283333333333,0.53674,0.9948054902723956,C:313:;C:314:;C:315:;C:316:;C:317:;C:318:,C:313:;C:315:;C:317:;C:318:
asparaginase_alumoh,hbond_donor,45,3,alternative interface,D:252:,THR,252,D,7,5,10.224577730550513,0.7142857142857143,0.4043128571428571,0.53482,0.9937276894007462,D:225:;D:250:;D:251:;D:252:;D:254:;D:255:;D:256:,D:225:;D:250:;D:252:;D:255:;D:256:
asparaginase_alumoh,hbond_donor,46,3,alternative interface,B:252:,THR,252,B,7,5,9.955068813259064,0.7142857142857143,0.3616442857142857,0.48268,0.993950727849438,B:225:;B:250:;B:251:;B:252:;B:254:;B:255:;B:256:,B:225:;B:250:;B:252:;B:255:;B:256:
asparaginase_alumoh,hbond_donor,47,3,alternative interface,D:43:,LYS,43,D,6,3,11.669840186373104,0.5,0.5702950000000001,0.41198999999999997,0.992216834311522,D:40:;D:41:;D:43:;D:44:;D:45:;D:47:,D:41:;D:44:;D:47:
asparaginase_alumoh,hbond_donor,48,3,alternative interface,B:19:,SER,19,B,9,7,10.57855769991618,0.7777777777777778,0.36018555555555554,0.39332,0.9893970630460124,B:119:;B:120:;B:18:;B:19:;B:20:;B:21:;B:22:;B:23:;B:24:,B:119:;B:120:;B:18:;B:19:;B:21:;B:23:;B:24:
asparaginase_alumoh,hbond_donor,49,3,alternative interface,A:43:,LYS,43,A,6,3,11.46574498957631,0.5,0.5896883333333333,0.3875,0.9921483180019122,A:40:;A:41:;A:43:;A:44:;A:45:;A:47:,A:41:;A:44:;A:47:
asparaginase_alumoh,hbond_donor,50,3,alternative interface,B:152:,ASP,152,B,7,6,12.983312703810373,0.8571428571428571,0.23157857142857144,0.30047999999999997,0.9604076782595987,A:167:;B:128:;B:151:;B:152:;B:153:;B:181:;B:183:,A:167:;B:128:;B:151:;B:152:;B:153:;B:181:
asparaginase_alumoh,hbond_donor,51,3,alternative interface,C:152:,ASP,152,C,8,7,14.130661096472052,0.875,0.203835,0.29169,0.9637898923606724,C:128:;C:131:;C:151:;C:152:;C:153:;C:181:;C:183:;D:167:,C:128:;C:131:;C:151:;C:152:;C:153:;C:181:;D:167:
asparaginase_alumoh,hbond_donor,52,3,alternative interface,A:204:,ASP,204,A,4,2,13.3526371182133,0.5,0.5944075,0.29147,0.9924347698732989,A:202:;A:204:;A:206:;A:207:,A:204:;A:206:
asparaginase_alumoh,hbond_donor,53,3,alternative interface,B:264:,GLY,264,B,6,2,11.630586546863315,0.3333333333333333,0.5523300000000001,0.28718,0.9945996129867423,B:262:;B:263:;B:264:;B:265:;B:266:;B:314:,B:263:;B:265:
asparaginase_alumoh,hbond_donor,54,3,alternative interface,B:213:,LYS,213,B,4,2,7.787385642607084,0.5,0.3550325,0.20573,0.9959554165368347,B:212:;B:213:;B:236:;B:237:,B:236:;B:237:
asparaginase_alumoh,hbond_donor,55,3,alternative interface,D:213:,LYS,213,D,4,2,7.709285012956698,0.5,0.34638749999999996,0.18753,0.9960008989274808,D:212:;D:213:;D:236:;D:237:,D:236:;D:237:
asparaginase_alumoh,hbond_donor,56,3,alternative interface,C:89:,THR,89,C,4,3,9.657184038946419,0.75,0.08901,0.054450000000000005,0.9898875800023191,C:12:;C:88:;C:89:;C:90:,C:12:;C:89:;C:90:
asparaginase_alumoh,hbond_donor,57,3,alternative interface,A:89:,THR,89,A,4,3,9.397008874701458,0.75,0.080045,0.04903,0.9902225671287028,A:12:;A:88:;A:89:;A:90:,A:12:;A:89:;A:90:
asparaginase_alumoh,hbond_donor,58,4,alternative interface,D:32:,VAL,32,D,10,4,12.784725601363213,0.4,0.39404500000000003,0.65594,0.9898142292766337,D:30:;D:31:;D:32:;D:33:;D:34:;D:35:;D:36:;D:50:;D:51:;D:52:,D:33:;D:34:;D:51:;D:52:
asparaginase_alumoh,hbond_donor,59,4,alternative interface,A:17:,GLY,17,A,12,7,13.453314428877595,0.5833333333333334,0.3798108333333334,0.6139,0.986503169120423,A:117:;A:119:;A:16:;A:17:;A:18:;A:19:;A:20:;A:22:;A:23:;A:24:;A:25:;A:26:,A:119:;A:18:;A:19:;A:23:;A:24:;A:25:;A:26:
asparaginase_alumoh,hbond_donor,60,4,alternative interface,B:258:,ALA,258,B,8,4,13.210608321233718,0.5,0.42953125000000003,0.5619700000000001,0.9901391764219377,B:254:;B:255:;B:256:;B:258:;B:259:;B:262:;B:289:;B:290:,B:255:;B:256:;B:259:;B:289:
asparaginase_alumoh,hbond_donor,61,4,alternative interface,B:34:,ASN,34,B,9,3,11.749321643433248,0.3333333333333333,0.46836666666666665,0.54756,0.9918563125520653,B:30:;B:31:;B:32:;B:33:;B:34:;B:35:;B:36:;B:37:;B:38:,B:33:;B:34:;B:37:
asparaginase_alumoh,hbond_donor,62,4,alternative interface,A:71:,LYS,71,A,6,4,10.419553145398913,0.6666666666666666,0.4394416666666667,0.53054,0.9931541775333267,A:206:;A:68:;A:71:;A:72:;A:74:;A:75:,A:206:;A:68:;A:74:;A:75:
asparaginase_alumoh,hbond_donor,63,4,alternative interface,C:34:,ASN,34,C,8,3,11.527316057316352,0.375,0.50907875,0.5232800000000001,0.9917596818772554,C:30:;C:31:;C:33:;C:34:;C:35:;C:36:;C:37:;C:38:,C:33:;C:34:;C:37:
asparaginase_alumoh,hbond_donor,64,4,alternative interface,D:71:,LYS,71,D,6,4,10.400849461974502,0.6666666666666666,0.43558,0.51639,0.9931938134354323,D:206:;D:68:;D:71:;D:72:;D:74:;D:75:,D:206:;D:68:;D:74:;D:75:
asparaginase_alumoh,hbond_donor,65,4,alternative interface,A:38:,ALA,38,A,7,2,10.923981434325329,0.2857142857142857,0.45385000000000003,0.48911,0.9946640680461818,A:126:;A:34:;A:35:;A:36:;A:37:;A:38:;A:40:,A:34:;A:37:
asparaginase_alumoh,hbond_donor,66,4,alternative interface,D:262:,LYS,262,D,8,4,11.320389885175162,0.5,0.51914375,0.4839,0.9923475379210991,D:258:;D:259:;D:262:;D:263:;D:264:;D:265:;D:289:;D:290:,D:259:;D:263:;D:265:;D:289:
asparaginase_alumoh,hbond_donor,67,4,alternative interface,D:37:,ASN,37,D,7,3,11.171126526852042,0.42857142857142855,0.5221928571428571,0.43423,0.9938792532645992,D:33:;D:34:;D:35:;D:36:;D:37:;D:38:;D:40:,D:33:;D:34:;D:37:
asparaginase_alumoh,hbond_donor,68,4,alternative interface,D:22:,LYS,22,D,10,7,14.818482663282078,0.7,0.312236,0.42841,0.9851173932837164,C:184:;C:185:;D:120:;D:18:;D:19:;D:20:;D:21:;D:22:;D:23:;D:24:,C:184:;D:120:;D:18:;D:19:;D:21:;D:23:;D:24:
asparaginase_alumoh,hbond_donor,69,4,alternative interface,A:164:,ASN,164,A,7,5,12.195373817095742,0.7142857142857143,0.2740157142857143,0.37427,0.936833226527349,A:163:;A:164:;A:166:;A:167:;C:274:;C:275:;C:276:,A:163:;A:164:;A:166:;A:167:;C:275:
asparaginase_alumoh,hbond_donor,70,4,alternative interface,C:164:,ASN,164,C,7,5,12.225363752664071,0.7142857142857143,0.2622071428571429,0.36705,0.9370178333042534,A:274:;A:275:;A:276:;C:163:;C:164:;C:166:;C:167:,A:275:;C:163:;C:164:;C:166:;C:167:
asparaginase_alumoh,hbond_donor,71,4,alternative interface,B:40:,PRO,40,B,7,3,13.851602433862706,0.42857142857142855,0.5330557142857144,0.34944000000000003,0.9892156595849568,B:36:;B:37:;B:38:;B:40:;B:41:;B:43:;B:44:,B:37:;B:41:;B:44:
asparaginase_alumoh,hbond_donor,72,4,alternative interface,C:264:,GLY,264,C,6,3,12.51801612193226,0.5,0.549535,0.27026,0.9921458107400202,C:237:;C:262:;C:263:;C:264:;C:265:;C:314:,C:237:;C:263:;C:265:
asparaginase_alumoh,hbond_donor,73,4,alternative interface,A:264:,GLY,264,A,6,2,12.075463174569197,0.3333333333333333,0.5402866666666667,0.26527999999999996,0.9944500750280233,A:262:;A:263:;A:264:;A:265:;A:266:;A:314:,A:263:;A:265:
asparaginase_alumoh,hbond_donor,74,4,alternative interface,D:204:,ASP,204,D,4,2,13.49035744604292,0.5,0.57989,0.25598,0.9924049515736102,D:202:;D:204:;D:206:;D:207:,D:204:;D:206:
asparaginase_alumoh,hbond_donor,75,4,alternative interface,C:188:,ASP,188,C,3,2,8.284513465785567,0.6666666666666666,0.44864,0.24853000000000003,0.9944919946705972,C:181:;C:186:;C:188:,C:181:;C:188:
asparaginase_alumoh,hbond_donor,76,4,alternative interface,B:188:,ASP,188,B,3,2,8.087405904190415,0.6666666666666666,0.4703,0.24741,0.9945484652359895,B:181:;B:186:;B:188:,B:181:;B:188:
asparaginase_alumoh,hbond_donor,77,4,alternative interface,A:151:,ASN,151,A,8,6,13.045402248795888,0.75,0.137455,0.16396999999999998,0.9470038236593257,A:124:;A:128:;A:151:;A:152:;A:153:;A:168:;B:167:;B:168:,A:124:;A:128:;A:151:;A:152:;A:153:;B:167:
asparaginase_alumoh,hbond_donor,78,4,alternative interface,D:151:,ASN,151,D,7,6,13.075782066967495,0.8571428571428571,0.14638142857142858,0.14773999999999998,0.953295341396822,C:167:;D:124:;D:128:;D:151:;D:152:;D:153:;D:168:,C:167:;D:124:;D:128:;D:151:;D:152:;D:153:
asparaginase_alumoh,hbond_donor,79,4,alternative interface,C:213:,LYS,213,C,4,2,7.7721012656438,0.5,0.3446975,0.14058,0.9959571694667552,C:212:;C:213:;C:236:;C:237:,C:236:;C:237:
asparaginase_alumoh,hbond_donor,80,4,alternative interface,B:140:,ALA,140,B,5,2,11.364395574352322,0.4,0.586576,0.13175,0.9892891635948116,B:138:;B:139:;B:140:;B:142:;B:143:,B:138:;B:143:
asparaginase_alumoh,hbond_donor,81,4,alternative interface,B:298:,ASN,298,B,4,3,13.340374977071374,0.75,0.1888825,0.08202999999999999,0.979008752092577,B:274:;B:275:;B:298:;B:300:,B:275:;B:298:;B:300:
asparaginase_alumoh,hbond_donor,82,5,alternative interface,D:2:,PRO,2,D,7,3,12.51447684110569,0.42857142857142855,0.40737285714285715,0.48591,0.9929855635857197,D:137:;D:1:;D:2:;D:3:;D:45:;D:47:;D:81:,D:3:;D:47:;D:81:
asparaginase_alumoh,hbond_donor,83,5,alternative interface,C:71:,LYS,71,C,6,4,10.371543365644316,0.6666666666666666,0.4373033333333334,0.47740000000000005,0.9931189849840056,C:206:;C:68:;C:71:;C:72:;C:74:;C:75:,C:206:;C:68:;C:74:;C:75:
asparaginase_alumoh,hbond_donor,84,5,alternative interface,C:3:,ASN,3,C,8,4,12.998678816836954,0.5,0.44330875,0.47411000000000003,0.9904372999094058,C:137:;C:1:;C:2:;C:3:;C:47:;C:49:;C:5:;C:81:,C:3:;C:47:;C:5:;C:81:
asparaginase_alumoh,hbond_donor,85,5,alternative interface,C:43:,LYS,43,C,7,3,11.50874057203589,0.42857142857142855,0.5183242857142857,0.38676,0.9902330856929141,C:36:;C:40:;C:41:;C:43:;C:44:;C:45:;C:47:,C:41:;C:44:;C:47:
asparaginase_alumoh,hbond_donor,86,5,alternative interface,D:164:,ASN,164,D,7,5,12.214369272474421,0.7142857142857143,0.2739471428571429,0.36001,0.9361439924063186,B:274:;B:275:;B:276:;D:163:;D:164:;D:166:;D:167:,B:275:;D:163:;D:164:;D:166:;D:167:
asparaginase_alumoh,hbond_donor,87,5,alternative interface,C:39:,VAL,39,C,9,3,12.109928592415411,0.3333333333333333,0.35529888888888883,0.35625,0.9933628794999488,C:126:;C:130:;C:35:;C:36:;C:37:;C:38:;C:39:;C:40:;C:41:,C:130:;C:37:;C:41:
asparaginase_alumoh,hbond_donor,88,5,alternative interface,A:140:,ALA,140,A,4,1,7.703522537113241,0.25,0.531575,0.12885,0.9939820285684272,A:138:;A:139:;A:140:;A:142:,A:138:
asparaginase_alumoh,hbond_donor,89,5,alternative interface,C:140:,ALA,140,C,4,1,7.754491410461284,0.25,0.52719,0.1243,0.9940310640462997,C:138:;C:139:;C:140:;C:142:,C:138:
asparaginase_alumoh,hbond_donor,90,5,alternative interface,D:140:,ALA,140,D,4,1,7.46452706545789,0.25,0.5063124999999999,0.12055999999999999,0.9943214960223298,D:138:;D:139:;D:140:;D:142:,D:138:
asparaginase_alumoh,hbond_donor,91,5,alternative interface,D:226:,LEU,226,D,7,1,9.644659155596518,0.14285714285714285,0.2514142857142857,0.10668,0.994349139512599,B:227:;B:230:;D:225:;D:226:;D:227:;D:229:;D:230:,D:225:
asparaginase_alumoh,hbond_donor,92,5,alternative interface,D:100:,ASP,100,D,3,1,8.975225201315967,0.3333333333333333,0.10499666666666667,0.029089999999999998,0.9954466885429294,D:100:;D:158:;D:197:,D:100:
asparaginase_alumoh,hbond_donor,93,6,alternative interface,A:3:,ASN,3,A,8,4,13.000986621480033,0.5,0.4306225,0.4573,0.9904280980662845,A:137:;A:1:;A:2:;A:3:;A:47:;A:49:;A:5:;A:81:,A:3:;A:47:;A:5:;A:81:
asparaginase_alumoh,hbond_donor,94,6,alternative interface,C:119:,THR,119,C,9,5,13.034039446959182,0.5555555555555556,0.3084088888888889,0.42890999999999996,0.9883603339381771,C:118:;C:119:;C:120:;C:121:;C:123:;C:16:;C:18:;C:19:;C:20:,C:118:;C:119:;C:120:;C:18:;C:19:
asparaginase_alumoh,hbond_donor,95,6,alternative interface,D:16:,GLY,16,D,11,6,13.51946781017636,0.5454545454545454,0.3311872727272727,0.42529000000000006,0.9865222219717462,D:117:;D:118:;D:119:;D:12:;D:16:;D:18:;D:25:;D:26:;D:27:;D:29:;D:30:,D:118:;D:119:;D:12:;D:18:;D:25:;D:26:
asparaginase_alumoh,hbond_donor,96,6,alternative interface,B:71:,LYS,71,B,6,4,10.434274898813147,0.6666666666666666,0.42942166666666665,0.41101999999999994,0.9931170575722459,B:206:;B:68:;B:71:;B:72:;B:74:;B:75:,B:206:;B:68:;B:74:;B:75:
asparaginase_alumoh,hbond_donor,97,6,alternative interface,A:226:,LEU,226,A,7,1,9.673900599591951,0.14285714285714285,0.2383542857142857,0.09608,0.9943023167677211,A:225:;A:226:;A:227:;A:229:;A:230:;C:227:;C:230:,A:225:
asparaginase_alumoh,hbond_donor,98,6,alternative interface,B:226:,LEU,226,B,7,1,9.666132901979509,0.14285714285714285,0.2323014285714286,0.09126,0.9943148772585161,B:225:;B:226:;B:227:;B:229:;B:230:;D:227:;D:230:,B:225:
asparaginase_alumoh,hbond_donor,99,6,alternative interface,C:100:,ASP,100,C,3,1,8.939318453601217,0.3333333333333333,0.09980333333333334,0.024239999999999998,0.9950838541325172,C:100:;C:158:;C:197:,C:100:
asparaginase_alumoh,hbond_donor,100,7,alternative interface,B:3:,ASN,3,B,8,4,13.170997319803158,0.5,0.42156375,0.44052,0.9903994864220014,B:137:;B:1:;B:2:;B:3:;B:47:;B:49:;B:5:;B:81:,B:3:;B:47:;B:5:;B:81:
asparaginase_alumoh,hbond_donor,101,7,alternative interface,D:325:,GLN,325,D,7,4,12.343023927153837,0.5714285714285714,0.3901228571428571,0.38112,0.9876117308162835,D:195:;D:196:;D:321:;D:322:;D:324:;D:325:;D:326:,D:321:;D:324:;D:325:;D:326:
asparaginase_alumoh,hbond_donor,102,7,alternative interface,C:50:,GLY,50,C,7,4,11.350009374782266,0.5714285714285714,0.3273542857142857,0.37462,0.9918486602277937,C:33:;C:49:;C:50:;C:51:;C:52:;C:5:;C:8:,C:33:;C:51:;C:52:;C:5:
asparaginase_alumoh,hbond_donor,103,7,alternative interface,D:199:,SER,199,D,5,3,9.79672405278503,0.6,0.375042,0.33667,0.9925804775335562,D:104:;D:106:;D:197:;D:199:;D:200:,D:106:;D:199:;D:200:
asparaginase_alumoh,hbond_donor,104,7,alternative interface,B:232:,VAL,232,B,8,3,12.757756629457296,0.375,0.39726125,0.33567,0.9925075340577295,B:229:;B:230:;B:232:;B:233:;B:234:;B:235:;B:236:;B:265:,B:233:;B:236:;B:265:
asparaginase_alumoh,hbond_donor,105,7,alternative interface,B:164:,ASN,164,B,8,5,13.750049487020354,0.625,0.22719250000000002,0.32968000000000003,0.9125845055451584,B:163:;B:164:;B:166:;B:167:;B:169:;D:274:;D:275:;D:276:,B:163:;B:164:;B:166:;B:167:;D:275:
asparaginase_alumoh,hbond_donor,106,7,alternative interface,D:181:,TYR,181,D,6,4,14.203275050688235,0.6666666666666666,0.25723999999999997,0.29553999999999997,0.9628708653212101,D:152:;D:153:;D:178:;D:181:;D:183:;D:188:,D:152:;D:153:;D:181:;D:188:
asparaginase_alumoh,hbond_donor,107,7,alternative interface,A:181:,TYR,181,A,6,4,14.315133166926827,0.6666666666666666,0.2747466666666667,0.28794000000000003,0.9624933447767474,A:152:;A:153:;A:178:;A:181:;A:183:;A:188:,A:152:;A:153:;A:181:;A:188:
asparaginase_alumoh,hbond_donor,108,7,alternative interface,C:26:,THR,26,C,8,5,13.95768065946311,0.625,0.273815,0.23704,0.9863053913964024,A:283:;C:12:;C:16:;C:24:;C:25:;C:26:;C:27:;C:29:,A:283:;C:12:;C:24:;C:25:;C:26:
asparaginase_alumoh,hbond_donor,109,7,alternative interface,C:226:,LEU,226,C,8,2,11.095584936682187,0.25,0.2044975,0.09849000000000001,0.9928527289915652,A:227:;A:230:;C:224:;C:225:;C:226:;C:227:;C:229:;C:230:,C:224:;C:225:
asparaginase_alumoh,hbond_donor,110,7,alternative interface,A:298:,ASN,298,A,3,2,11.289732017178927,0.6666666666666666,0.13653,0.07524,0.9874058789508852,A:274:;A:298:;A:300:,A:298:;A:300:
asparaginase_alumoh,hbond_donor,111,7,alternative interface,C:298:,ASN,298,C,3,2,11.350737604490766,0.6666666666666666,0.14319333333333334,0.07199,0.9869369220666048,C:274:;C:298:;C:300:,C:298:;C:300:
asparaginase_alumoh,hbond_donor,112,7,alternative interface,D:49:,LYS,49,D,6,4,13.61260663168752,0.6666666666666666,0.41190499999999997,0.05333,0.9901539421678363,D:3:;D:47:;D:49:;D:50:;D:51:;D:5:,D:3:;D:47:;D:51:;D:5:
asparaginase_alumoh,hbond_donor,113,7,alternative interface,D:266:,ALA,266,D,6,2,12.302337972667011,0.3333333333333333,0.41666000000000003,0.04352,0.9925741336114369,D:237:;D:264:;D:265:;D:266:;D:314:;D:316:,D:237:;D:265:
asparaginase_alumoh,hbond_donor,114,8,alternative interface,B:144:,ARG,144,B,6,2,13.872616455108883,0.3333333333333333,0.32953166666666667,0.37473,0.9853053125469867,B:108:;B:142:;B:143:;B:144:;B:192:;B:193:,B:143:;B:192:
asparaginase_alumoh,hbond_donor,115,8,alternative interface,A:144:,ARG,144,A,6,2,13.922876989820614,0.3333333333333333,0.31321166666666667,0.36884999999999996,0.9853838463943086,A:108:;A:142:;A:143:;A:144:;A:192:;A:193:,A:143:;A:192:
asparaginase_alumoh,hbond_donor,116,8,alternative interface,D:144:,ARG,144,D,7,3,13.973401170386868,0.42857142857142855,0.3137471428571429,0.36402,0.9860602655749171,D:106:;D:108:;D:142:;D:143:;D:144:;D:192:;D:193:,D:106:;D:143:;D:192:
asparaginase_alumoh,hbond_donor,117,8,alternative interface,C:144:,ARG,144,C,7,3,13.968614224841101,0.42857142857142855,0.30494999999999994,0.35654,0.9862976733765174,C:106:;C:108:;C:142:;C:143:;C:144:;C:192:;C:193:,C:106:;C:143:;C:192:
asparaginase_alumoh,hbond_donor,118,8,alternative interface,C:199:,SER,199,C,6,3,14.559895155366355,0.5,0.3661733333333334,0.3453,0.9896711520804589,C:104:;C:106:;C:197:;C:199:;C:200:;C:202:,C:106:;C:199:;C:200:
asparaginase_alumoh,hbond_donor,119,8,alternative interface,C:325:,GLN,325,C,7,4,12.38342888046465,0.5714285714285714,0.37199,0.33959000000000006,0.9875361548753857,C:195:;C:196:;C:321:;C:322:;C:324:;C:325:;C:326:,C:321:;C:324:;C:325:;C:326:
asparaginase_alumoh,hbond_donor,120,8,alternative interface,C:232:,VAL,232,C,8,3,12.644959671708175,0.375,0.3866125,0.33379,0.9924946134369116,C:229:;C:230:;C:232:;C:233:;C:234:;C:235:;C:236:;C:265:,C:233:;C:236:;C:265:
asparaginase_alumoh,hbond_donor,121,8,alternative interface,B:325:,GLN,325,B,7,4,12.401391426526176,0.5714285714285714,0.3608771428571429,0.32726999999999995,0.9875391882098672,B:195:;B:196:;B:321:;B:322:;B:324:;B:325:;B:326:,B:321:;B:324:;B:325:;B:326:
asparaginase_alumoh,hbond_donor,122,8,alternative interface,B:197:,HIS,197,B,7,4,11.834224928840287,0.5714285714285714,0.29341000000000006,0.26533999999999996,0.9888178215187603,B:100:;B:195:;B:196:;B:197:;B:199:;B:200:;B:326:,B:100:;B:199:;B:200:;B:326:
asparaginase_alumoh,hbond_donor,123,8,alternative interface,B:45:,ILE,45,B,9,3,14.221478131191791,0.3333333333333333,0.38676777777777777,0.2368,0.9899723273265524,B:134:;B:137:;B:1:;B:2:;B:41:;B:43:;B:44:;B:45:;B:47:,B:41:;B:44:;B:47:
asparaginase_alumoh,hbond_donor,124,8,alternative interface,B:52:,GLN,52,B,7,3,10.967016126295455,0.42857142857142855,0.27364714285714287,0.19139,0.9916358520682818,B:31:;B:32:;B:51:;B:52:;B:54:;B:55:;B:8:,B:51:;B:52:;B:55:
asparaginase_alumoh,hbond_donor,125,8,alternative interface,C:168:,VAL,168,C,6,4,13.043809276984534,0.6666666666666666,0.18517333333333333,0.11099,0.9626601084184925,C:116:;C:124:;C:151:;C:166:;C:167:;C:168:,C:124:;C:151:;C:166:;C:167:
asparaginase_alumoh,hbond_donor,126,8,alternative interface,D:298:,ASN,298,D,3,2,11.332309936529214,0.6666666666666666,0.13516666666666668,0.07075999999999999,0.9873102128853175,D:274:;D:298:;D:300:,D:298:;D:300:
asparaginase_alumoh,hbond_donor,127,8,alternative interface,D:246:,ASN,246,D,6,4,14.575403120981466,0.6666666666666666,0.18772666666666668,0.044500000000000005,0.9636776583283111,B:166:;B:90:;D:246:;D:277:;D:279:;D:282:,B:166:;B:90:;D:246:;D:279:
asparaginase_alumoh,hbond_donor,128,8,alternative interface,D:295:,GLY,295,D,5,2,14.394313540378546,0.4,0.372128,0.03755,0.9890430253685665,D:276:;D:277:;D:279:;D:295:;D:324:,D:279:;D:324:
asparaginase_alumoh,hbond_donor,129,9,alternative interface,B:106:,ASP,106,B,7,3,12.439578893480542,0.42857142857142855,0.3490028571428571,0.33573000000000003,0.9880590395613427,B:104:;B:106:;B:107:;B:108:;B:142:;B:143:;B:199:,B:106:;B:143:;B:199:
asparaginase_alumoh,hbond_donor,130,9,alternative interface,A:325:,GLN,325,A,7,4,12.52096007562425,0.5714285714285714,0.3628657142857143,0.33433,0.9874864165992677,A:195:;A:196:;A:321:;A:322:;A:324:;A:325:;A:326:,A:321:;A:324:;A:325:;A:326:
asparaginase_alumoh,hbond_donor,131,9,alternative interface,A:106:,ASP,106,A,7,3,12.577690682437552,0.42857142857142855,0.3459371428571429,0.33421,0.9880914715037643,A:104:;A:106:;A:107:;A:108:;A:142:;A:143:;A:199:,A:106:;A:143:;A:199:
asparaginase_alumoh,hbond_donor,132,9,alternative interface,A:232:,VAL,232,A,8,3,12.859383556384985,0.375,0.38502749999999997,0.31135,0.9924401738929141,A:229:;A:230:;A:232:;A:233:;A:234:;A:235:;A:236:;A:265:,A:233:;A:236:;A:265:
asparaginase_alumoh,hbond_donor,133,9,alternative interface,D:59:,GLN,59,D,8,4,14.552743889810413,0.5,0.24869249999999998,0.26917,0.9887951390675602,B:250:;B:251:;D:56:;D:57:;D:59:;D:60:;D:88:;D:90:,B:250:;D:59:;D:60:;D:90:
asparaginase_alumoh,hbond_donor,134,9,alternative interface,B:59:,GLN,59,B,8,4,14.706474923662377,0.5,0.25213875,0.26596,0.9884576182023913,B:56:;B:57:;B:59:;B:60:;B:88:;B:90:;D:250:;D:251:,B:59:;B:60:;B:90:;D:250:
asparaginase_alumoh,hbond_donor,135,9,alternative interface,C:59:,GLN,59,C,7,4,14.772314666274612,0.5714285714285714,0.23805,0.24741,0.9887060036217882,A:250:;A:251:;C:57:;C:59:;C:60:;C:88:;C:90:,A:250:;C:59:;C:60:;C:90:
asparaginase_alumoh,hbond_donor,136,9,alternative interface,A:59:,GLN,59,A,7,4,14.711110333293,0.5714285714285714,0.21837142857142858,0.24162,0.9888123954754515,A:57:;A:59:;A:60:;A:88:;A:90:;C:250:;C:251:,A:59:;A:60:;A:90:;C:250:
asparaginase_alumoh,hbond_donor,137,9,alternative interface,A:52:,GLN,52,A,7,3,12.923720586393824,0.42857142857142855,0.2357385714285714,0.21358,0.9893137424803775,A:31:;A:50:;A:51:;A:52:;A:53:;A:54:;A:55:,A:51:;A:52:;A:55:
asparaginase_alumoh,hbond_donor,138,10,alternative interface,A:27:,ALA,27,A,11,4,13.669268896015,0.36363636363636365,0.21953818181818183,0.29469,0.982703684810835,A:117:;A:12:;A:16:;A:25:;A:26:;A:27:;A:29:;A:56:;A:57:;A:88:;C:283:,A:12:;A:25:;A:26:;C:283:
asparaginase_alumoh,hbond_donor,139,10,alternative interface,D:232:,VAL,232,D,8,3,12.824093896805346,0.375,0.37446375,0.26379,0.9924251309395312,D:229:;D:230:;D:232:;D:233:;D:234:;D:235:;D:236:;D:265:,D:233:;D:236:;D:265:
asparaginase_alumoh,hbond_donor,140,10,alternative interface,A:120:,SER,120,A,13,6,12.535946961654169,0.46153846153846156,0.21937923076923077,0.263,0.9842846212890334,A:116:;A:117:;A:118:;A:119:;A:120:;A:121:;A:123:;A:16:;A:19:;A:20:;A:21:;A:22:;A:23:,A:118:;A:119:;A:120:;A:19:;A:21:;A:23:
asparaginase_alumoh,hbond_donor,141,10,alternative interface,D:174:,VAL,174,D,8,4,13.868941241922979,0.5,0.19656875,0.11118,0.8943882205372384,D:159:;D:161:;D:172:;D:174:;D:175:;D:177:;D:274:;D:275:,D:159:;D:161:;D:175:;D:275:
asparaginase_alumoh,hbond_donor,142,10,alternative interface,B:184:,ASN,184,B,8,4,11.819916069250596,0.5,0.33186125,0.09653,0.9843172705459932,A:21:;A:22:;A:23:;B:183:;B:184:;B:185:;B:186:;C:281:,A:21:;A:23:;B:184:;C:281:
asparaginase_alumoh,hbond_donor,143,10,alternative interface,B:127:,PHE,127,B,7,3,10.375835171810639,0.42857142857142855,0.1442942857142857,0.09004,0.9877136405604658,A:121:;B:124:;B:125:;B:126:;B:127:;B:128:;B:130:,B:124:;B:128:;B:130:
asparaginase_alumoh,hbond_donor,144,10,alternative interface,D:127:,PHE,127,D,7,3,10.26317015614012,0.42857142857142855,0.13844571428571426,0.07461000000000001,0.9880223637779714,C:121:;D:124:;D:125:;D:126:;D:127:;D:128:;D:130:,D:124:;D:128:;D:130:
asparaginase_alumoh,hbond_donor,145,10,alternative interface,C:127:,PHE,127,C,9,5,13.319409951031004,0.5555555555555556,0.1476111111111111,0.06608,0.9813533538140804,C:124:;C:125:;C:126:;C:127:;C:128:;C:130:;C:131:;D:121:;D:21:,C:124:;C:128:;C:130:;C:131:;D:21:
asparaginase_alumoh,hbond_donor,146,10,alternative interface,A:277:,ALA,277,A,7,4,12.152260914503175,0.5714285714285714,0.28604999999999997,0.03943,0.9766418190131939,A:246:;A:275:;A:276:;A:277:;A:279:;A:295:;C:166:,A:246:;A:275:;A:279:;C:166:
asparaginase_alumoh,hbond_donor,147,10,alternative interface,D:186:,LYS,186,D,5,2,10.80044373387584,0.4,0.343316,0.034159999999999996,0.9863944401295008,D:183:;D:184:;D:185:;D:186:;D:188:,D:184:;D:188:
asparaginase_alumoh,hbond_donor,148,10,alternative interface,C:277:,ALA,277,C,7,4,12.242078652862215,0.5714285714285714,0.3015757142857143,0.03379,0.9763130657679192,A:166:;C:246:;C:275:;C:276:;C:277:;C:279:;C:295:,A:166:;C:246:;C:275:;C:279:
asparaginase_alumoh,hbond_donor,149,10,alternative interface,B:277:,ALA,277,B,7,4,12.080936515667428,0.5714285714285714,0.2972542857142857,0.028159999999999998,0.9763383723080824,B:246:;B:275:;B:276:;B:277:;B:279:;B:295:;D:166:,B:246:;B:275:;B:279:;D:166:
asparaginase_alumoh,hbond_donor,150,10,alternative interface,A:186:,LYS,186,A,5,2,10.742486691863725,0.4,0.358412,0.02291,0.9864798911993434,A:183:;A:184:;A:185:;A:186:;A:188:,A:184:;A:188:
asparaginase_alumoh,hbond_donor,151,11,alternative interface,B:118:,SER,118,B,11,5,13.836473195481032,0.45454545454545453,0.18004545454545454,0.24792000000000003,0.9841651960012697,B:116:;B:117:;B:118:;B:119:;B:120:;B:123:;B:124:;B:125:;B:126:;B:12:;B:16:,B:118:;B:119:;B:120:;B:124:;B:12:
asparaginase_alumoh,hbond_donor,152,11,alternative interface,D:123:,ALA,123,D,11,4,14.199556332208436,0.36363636363636365,0.18006090909090908,0.19137,0.9800364709637481,C:123:;D:116:;D:117:;D:118:;D:119:;D:120:;D:121:;D:123:;D:124:;D:125:;D:126:,D:118:;D:119:;D:120:;D:124:
asparaginase_alumoh,hbond_donor,153,11,alternative interface,C:54:,VAL,54,C,7,2,11.756753965028247,0.2857142857142857,0.19719714285714288,0.14065,0.9897891630495876,C:52:;C:53:;C:54:;C:55:;C:56:;C:65:;C:8:,C:52:;C:55:
asparaginase_alumoh,hbond_donor,154,11,alternative interface,D:54:,VAL,54,D,6,2,11.633353620674878,0.3333333333333333,0.21993666666666667,0.126,0.9902447214943395,D:52:;D:53:;D:54:;D:55:;D:56:;D:65:,D:52:;D:55:
asparaginase_alumoh,hbond_donor,155,11,alternative interface,A:127:,PHE,127,A,7,3,10.417736604673308,0.42857142857142855,0.1343042857142857,0.06158,0.9876913096400395,A:124:;A:125:;A:126:;A:127:;A:128:;A:130:;B:121:,A:124:;A:128:;A:130:
asparaginase_alumoh,hbond_donor,156,11,alternative interface,C:172:,LYS,172,C,7,3,13.869297580873287,0.42857142857142855,0.20617714285714286,0.04606,0.9007952434739861,C:159:;C:161:;C:163:;C:172:;C:174:;C:177:;C:178:,C:159:;C:161:;C:163:
asparaginase_alumoh,hbond_donor,157,11,alternative interface,C:14:,ALA,14,C,8,2,12.386159205245052,0.25,0.28455874999999997,0.028530000000000003,0.9912927022671347,C:118:;C:12:;C:14:;C:16:;C:27:;C:29:;C:30:;C:31:,C:118:;C:12:
asparaginase_alumoh,hbond_donor,158,11,alternative interface,C:134:,VAL,134,C,8,3,12.466612204051975,0.375,0.22431125000000002,0.01814,0.9840413467619172,C:130:;C:131:;C:134:;C:137:;C:138:;C:185:;C:186:;C:45:,C:130:;C:131:;C:138:
asparaginase_alumoh,hbond_donor,159,12,alternative interface,B:172:,LYS,172,B,8,3,15.385436833849456,0.375,0.1798875,0.044180000000000004,0.862497491313685,B:159:;B:161:;B:163:;B:169:;B:172:;B:174:;B:177:;B:178:,B:159:;B:161:;B:163:
asparaginase_alumoh,hbond_donor,160,12,alternative interface,A:172:,LYS,172,A,6,2,13.885033589336292,0.3333333333333333,0.21845000000000003,0.04376,0.8895628350560089,A:161:;A:163:;A:172:;A:174:;A:177:;A:178:,A:161:;A:163:
asparaginase_alumoh,hbond_donor,161,12,alternative interface,C:175:,ASN,175,C,8,3,12.97465347395281,0.375,0.1658125,0.01942,0.8869696894489976,B:177:;B:178:;C:159:;C:174:;C:175:;C:177:;C:275:;C:276:,C:159:;C:175:;C:275:
asparaginase_alumoh,hbond_donor,162,12,alternative interface,A:175:,ASN,175,A,8,3,13.014439639821521,0.375,0.14777875,0.01607,0.8896981096954162,A:159:;A:174:;A:175:;A:177:;A:275:;A:276:;D:177:;D:178:,A:159:;A:175:;A:275:
asparaginase_alumoh,hbond_acceptor,1,1,primary plausible interface,C:19:,SER,19,C,9,6,12.664954604085866,0.6666666666666666,0.3880111111111111,0.78497,0.9891614400686024,C:119:;C:120:;C:16:;C:18:;C:19:;C:20:;C:21:;C:22:;C:23:,C:119:;C:120:;C:19:;C:21:;C:22:;C:23:
asparaginase_alumoh,hbond_acceptor,2,1,primary plausible interface,A:71:,LYS,71,A,6,5,10.419553145398913,0.8333333333333334,0.4394416666666667,0.76103,0.9931541775333267,A:206:;A:68:;A:71:;A:72:;A:74:;A:75:,A:206:;A:68:;A:71:;A:72:;A:75:
asparaginase_alumoh,hbond_acceptor,3,1,primary plausible interface,D:71:,LYS,71,D,6,5,10.400849461974502,0.8333333333333334,0.43558,0.7471,0.9931938134354323,D:206:;D:68:;D:71:;D:72:;D:74:;D:75:,D:206:;D:68:;D:71:;D:72:;D:75:
asparaginase_alumoh,hbond_acceptor,4,1,primary plausible interface,D:76:,ASP,76,D,7,3,11.223118510372403,0.42857142857142855,0.4265971428571428,0.58816,0.9943466554575804,D:72:;D:74:;D:75:;D:76:;D:77:;D:78:;D:79:,D:72:;D:75:;D:79:
asparaginase_alumoh,hbond_acceptor,5,1,primary plausible interface,B:76:,ASP,76,B,7,3,11.27001557815156,0.42857142857142855,0.4482928571428571,0.58418,0.9942929657221464,B:72:;B:74:;B:75:;B:76:;B:77:;B:78:;B:79:,B:72:;B:75:;B:79:
asparaginase_alumoh,hbond_acceptor,6,1,primary plausible interface,A:76:,ASP,76,A,7,3,11.145802576744096,0.42857142857142855,0.4450042857142857,0.57869,0.9943392299499104,A:72:;A:74:;A:75:;A:76:;A:77:;A:78:;A:79:,A:72:;A:75:;A:79:
asparaginase_alumoh,hbond_acceptor,7,1,primary plausible interface,A:259:,THR,259,A,6,3,12.542751179479009,0.5,0.5766016666666666,0.56975,0.9939279181776388,A:255:;A:256:;A:258:;A:259:;A:262:;A:263:,A:256:;A:259:;A:262:
asparaginase_alumoh,hbond_acceptor,8,1,primary plausible interface,B:207:,LYS,207,B,5,2,11.418079794450895,0.4,0.630632,0.51542,0.9949290826819923,B:204:;B:206:;B:207:;B:208:;B:209:,B:206:;B:207:
asparaginase_alumoh,hbond_acceptor,9,1,primary plausible interface,C:207:,LYS,207,C,5,2,11.320446550324368,0.4,0.683882,0.45022,0.9950003986067254,C:204:;C:206:;C:207:;C:208:;C:209:,C:206:;C:207:
asparaginase_alumoh,hbond_acceptor,10,1,primary plausible interface,A:264:,GLY,264,A,6,3,12.075463174569197,0.5,0.5402866666666667,0.39098999999999995,0.9944500750280233,A:262:;A:263:;A:264:;A:265:;A:266:;A:314:,A:262:;A:265:;A:314:
asparaginase_alumoh,hbond_acceptor,11,1,primary plausible interface,B:264:,GLY,264,B,6,3,11.630586546863315,0.5,0.5523300000000001,0.3771,0.9945996129867423,B:262:;B:263:;B:264:;B:265:;B:266:;B:314:,B:262:;B:265:;B:314:
asparaginase_alumoh,hbond_acceptor,12,1,primary plausible interface,D:200:,ASP,200,D,5,2,9.80674939097272,0.4,0.424602,0.36131,0.9953701814062126,D:196:;D:197:;D:199:;D:200:;D:202:,D:196:;D:199:
asparaginase_alumoh,hbond_acceptor,13,1,primary plausible interface,B:200:,ASP,200,B,5,2,9.850191159858456,0.4,0.40385,0.3453,0.9953886225157977,B:196:;B:197:;B:199:;B:200:;B:202:,B:196:;B:199:
asparaginase_alumoh,hbond_acceptor,14,1,primary plausible interface,C:200:,ASP,200,C,5,2,9.87614472098796,0.4,0.41433800000000004,0.33512000000000003,0.9954895362796716,C:196:;C:197:;C:199:;C:200:;C:202:,C:196:;C:199:
asparaginase_alumoh,hbond_acceptor,15,1,primary plausible interface,B:158:,ARG,158,B,3,1,10.949006398148441,0.3333333333333333,0.08252,0.029060000000000002,0.9976002978989755,B:100:;B:158:;B:159:,B:158:
asparaginase_alumoh,hbond_acceptor,16,1,primary plausible interface,D:158:,ARG,158,D,3,1,10.872988993343752,0.3333333333333333,0.08604666666666667,0.02693,0.9976336528501547,D:100:;D:158:;D:159:,D:158:
asparaginase_alumoh,hbond_acceptor,17,2,alternative interface,C:71:,LYS,71,C,6,5,10.371543365644316,0.8333333333333334,0.4373033333333334,0.74517,0.9931189849840056,C:206:;C:68:;C:71:;C:72:;C:74:;C:75:,C:206:;C:68:;C:71:;C:72:;C:75:
asparaginase_alumoh,hbond_acceptor,18,2,alternative interface,D:254:,PHE,254,D,7,3,11.811403612418198,0.42857142857142855,0.3657342857142857,0.55442,0.9936307414074514,D:250:;D:251:;D:252:;D:254:;D:255:;D:256:;D:258:,D:251:;D:252:;D:256:
asparaginase_alumoh,hbond_acceptor,19,2,alternative interface,C:77:,CYS,77,C,8,3,13.229948373307618,0.375,0.47650624999999996,0.53466,0.9923667416965806,C:107:;C:74:;C:75:;C:76:;C:77:;C:78:;C:79:;C:81:,C:107:;C:75:;C:79:
asparaginase_alumoh,hbond_acceptor,20,2,alternative interface,B:259:,THR,259,B,6,3,12.66718002082639,0.5,0.5155983333333334,0.5287,0.9935132408967272,B:255:;B:256:;B:258:;B:259:;B:262:;B:263:,B:256:;B:259:;B:262:
asparaginase_alumoh,hbond_acceptor,21,2,alternative interface,B:254:,PHE,254,B,7,3,11.72783593915767,0.42857142857142855,0.34407571428571426,0.50452,0.9937682708301692,B:250:;B:251:;B:252:;B:254:;B:255:;B:256:;B:258:,B:251:;B:252:;B:256:
asparaginase_alumoh,hbond_acceptor,22,2,alternative interface,D:259:,THR,259,D,6,3,12.621634245867524,0.5,0.5145383333333333,0.50157,0.9937065209500306,D:255:;D:256:;D:258:;D:259:;D:262:;D:263:,D:256:;D:259:;D:262:
asparaginase_alumoh,hbond_acceptor,23,2,alternative interface,C:259:,THR,259,C,6,3,12.659493986376594,0.5,0.5584749999999999,0.48908,0.9938424869528993,C:255:;C:256:;C:258:;C:259:;C:262:;C:263:,C:256:;C:259:;C:262:
asparaginase_alumoh,hbond_acceptor,24,2,alternative interface,D:207:,LYS,207,D,5,2,11.533880309419756,0.4,0.671432,0.44874,0.994996899365125,D:204:;D:206:;D:207:;D:208:;D:209:,D:206:;D:207:
asparaginase_alumoh,hbond_acceptor,25,2,alternative interface,A:200:,ASP,200,A,5,2,9.838096263184578,0.4,0.40442,0.32911999999999997,0.9954783422808086,A:196:;A:197:;A:199:;A:200:;A:202:,A:196:;A:199:
asparaginase_alumoh,hbond_acceptor,26,2,alternative interface,C:158:,ARG,158,C,3,1,10.884579319998048,0.3333333333333333,0.07876,0.02657,0.9975422537377829,C:100:;C:158:;C:159:,C:158:
asparaginase_alumoh,hbond_acceptor,27,3,alternative interface,D:20:,ALA,20,D,8,5,12.164974733586565,0.625,0.33237,0.69122,0.9908995548625399,D:119:;D:120:;D:121:;D:18:;D:19:;D:20:;D:21:;D:22:,D:119:;D:120:;D:19:;D:21:;D:22:
asparaginase_alumoh,hbond_acceptor,28,3,alternative interface,B:71:,LYS,71,B,6,5,10.434274898813147,0.8333333333333334,0.42942166666666665,0.68645,0.9931170575722459,B:206:;B:68:;B:71:;B:72:;B:74:;B:75:,B:206:;B:68:;B:71:;B:72:;B:75:
asparaginase_alumoh,hbond_acceptor,29,3,alternative interface,A:254:,PHE,254,A,7,3,11.871621099978384,0.42857142857142855,0.38079,0.5005700000000001,0.993669657992574,A:250:;A:251:;A:252:;A:254:;A:255:;A:256:;A:258:,A:251:;A:252:;A:256:
asparaginase_alumoh,hbond_acceptor,30,3,alternative interface,A:207:,LYS,207,A,5,2,11.45274026644928,0.4,0.6589639999999999,0.44671999999999995,0.9949418374536833,A:204:;A:206:;A:207:;A:208:;A:209:,A:206:;A:207:
asparaginase_alumoh,hbond_acceptor,31,3,alternative interface,A:313:,THR,313,A,6,3,11.990153089809432,0.5,0.4546016666666666,0.31544,0.9920665130709747,A:311:;A:312:;A:313:;A:314:;A:315:;A:318:,A:311:;A:313:;A:314:
asparaginase_alumoh,hbond_acceptor,32,3,alternative interface,B:313:,THR,313,B,6,3,11.992547472231655,0.5,0.4437066666666667,0.31216,0.9920981008371095,B:311:;B:312:;B:313:;B:314:;B:315:;B:318:,B:311:;B:313:;B:314:
asparaginase_alumoh,hbond_acceptor,33,3,alternative interface,C:264:,GLY,264,C,6,3,12.51801612193226,0.5,0.549535,0.31111,0.9921458107400202,C:237:;C:262:;C:263:;C:264:;C:265:;C:314:,C:262:;C:265:;C:314:
asparaginase_alumoh,hbond_acceptor,34,4,alternative interface,B:20:,ALA,20,B,9,6,12.21433387182098,0.6666666666666666,0.3321088888888889,0.68343,0.9893960152666144,B:119:;B:120:;B:121:;B:18:;B:19:;B:20:;B:21:;B:22:;B:23:,B:119:;B:120:;B:19:;B:21:;B:22:;B:23:
asparaginase_alumoh,hbond_acceptor,35,4,alternative interface,B:142:,ALA,142,B,9,3,12.860484046165688,0.3333333333333333,0.42547111111111113,0.49508,0.9864392878897884,B:106:;B:107:;B:108:;B:138:;B:139:;B:140:;B:142:;B:143:;B:144:,B:107:;B:139:;B:144:
asparaginase_alumoh,hbond_acceptor,36,4,alternative interface,A:142:,ALA,142,A,9,3,12.721882991918713,0.3333333333333333,0.4243411111111111,0.48934,0.9865253607216952,A:106:;A:107:;A:108:;A:138:;A:139:;A:140:;A:142:;A:143:;A:144:,A:107:;A:139:;A:144:
asparaginase_alumoh,hbond_acceptor,37,4,alternative interface,C:254:,PHE,254,C,7,3,11.907682343482108,0.42857142857142855,0.3805085714285714,0.47947,0.9936453194868963,C:250:;C:251:;C:252:;C:254:;C:255:;C:256:;C:258:,C:251:;C:252:;C:256:
asparaginase_alumoh,hbond_acceptor,38,4,alternative interface,A:19:,SER,19,A,10,6,10.535637716819089,0.6,0.373935,0.47219,0.9893357319943822,A:119:;A:120:;A:17:;A:18:;A:19:;A:20:;A:21:;A:22:;A:23:;A:24:,A:119:;A:120:;A:19:;A:21:;A:22:;A:23:
asparaginase_alumoh,hbond_acceptor,39,4,alternative interface,D:142:,ALA,142,D,9,3,12.568634880976573,0.3333333333333333,0.40786555555555554,0.45470999999999995,0.9867741143175186,D:106:;D:107:;D:108:;D:138:;D:139:;D:140:;D:142:;D:143:;D:144:,D:107:;D:139:;D:144:
asparaginase_alumoh,hbond_acceptor,40,4,alternative interface,A:41:,GLN,41,A,7,2,11.932875597597107,0.2857142857142857,0.4510871428571428,0.33786,0.9922194489730375,A:130:;A:40:;A:41:;A:43:;A:44:;A:45:;B:21:,A:43:;B:21:
asparaginase_alumoh,hbond_acceptor,41,4,alternative interface,D:314:,LYS,314,D,8,2,14.536466259348371,0.25,0.456515,0.31390999999999997,0.9898257000746531,D:264:;D:266:;D:312:;D:313:;D:314:;D:315:;D:316:;D:318:,D:313:;D:314:
asparaginase_alumoh,hbond_acceptor,42,4,alternative interface,D:184:,ASN,184,D,8,4,11.909746261307168,0.5,0.3814875,0.28519,0.9821414370698859,A:281:;C:21:;C:22:;C:23:;D:183:;D:184:;D:185:;D:186:,C:21:;C:22:;C:23:;D:186:
asparaginase_alumoh,hbond_acceptor,43,4,alternative interface,D:289:,TYR,289,D,8,2,14.121780057684145,0.25,0.46761125,0.28261,0.9921303380963991,D:258:;D:262:;D:285:;D:286:;D:287:;D:288:;D:289:;D:290:,D:262:;D:288:
asparaginase_alumoh,hbond_acceptor,44,4,alternative interface,A:289:,TYR,289,A,8,2,14.142150205005375,0.25,0.5202837499999999,0.27917000000000003,0.9921715129970226,A:258:;A:262:;A:285:;A:286:;A:287:;A:288:;A:289:;A:290:,A:262:;A:288:
asparaginase_alumoh,hbond_acceptor,45,4,alternative interface,B:104:,LYS,104,B,4,2,10.314427775837041,0.5,0.292425,0.2774,0.992165223832906,B:104:;B:106:;B:199:;B:74:,B:104:;B:199:
asparaginase_alumoh,hbond_acceptor,46,4,alternative interface,D:41:,GLN,41,D,6,1,10.709070315082748,0.16666666666666666,0.4890083333333333,0.26789,0.9949170065923423,D:130:;D:40:;D:41:;D:43:;D:44:;D:45:,D:43:
asparaginase_alumoh,hbond_acceptor,47,4,alternative interface,B:289:,TYR,289,B,8,2,13.71052789222693,0.25,0.48802750000000006,0.26578,0.9922800014293812,B:258:;B:262:;B:285:;B:286:;B:287:;B:288:;B:289:;B:290:,B:262:;B:288:
asparaginase_alumoh,hbond_acceptor,48,4,alternative interface,D:49:,LYS,49,D,6,2,13.61260663168752,0.3333333333333333,0.41190499999999997,0.26533,0.9901539421678363,D:3:;D:47:;D:49:;D:50:;D:51:;D:5:,D:49:;D:5:
asparaginase_alumoh,hbond_acceptor,49,4,alternative interface,C:212:,PRO,212,C,6,2,13.520437558372011,0.3333333333333333,0.41651166666666667,0.24395,0.9882682938780354,C:210:;C:212:;C:213:;C:236:;C:237:;C:311:,C:213:;C:311:
asparaginase_alumoh,hbond_acceptor,50,4,alternative interface,B:49:,LYS,49,B,5,2,13.447826728812649,0.4,0.462506,0.24306999999999998,0.9900364045611453,B:3:;B:47:;B:49:;B:51:;B:5:,B:49:;B:5:
asparaginase_alumoh,hbond_acceptor,51,4,alternative interface,C:313:,THR,313,C,6,3,11.93384399140777,0.5,0.38291000000000003,0.23062000000000002,0.9921803614048564,C:311:;C:312:;C:313:;C:314:;C:315:;C:318:,C:311:;C:313:;C:314:
asparaginase_alumoh,hbond_acceptor,52,4,alternative interface,B:232:,VAL,232,B,8,2,12.757756629457296,0.25,0.39726125,0.22503,0.9925075340577295,B:229:;B:230:;B:232:;B:233:;B:234:;B:235:;B:236:;B:265:,B:229:;B:265:
asparaginase_alumoh,hbond_acceptor,53,4,alternative interface,C:49:,LYS,49,C,6,2,13.546115421481153,0.3333333333333333,0.40411499999999995,0.22489,0.9903339458679147,C:3:;C:47:;C:49:;C:50:;C:51:;C:5:,C:49:;C:5:
asparaginase_alumoh,hbond_acceptor,54,4,alternative interface,D:104:,LYS,104,D,4,2,10.231441975650476,0.5,0.289165,0.20923999999999998,0.9922814772398478,D:104:;D:106:;D:199:;D:74:,D:104:;D:199:
asparaginase_alumoh,hbond_acceptor,55,4,alternative interface,A:104:,LYS,104,A,4,2,10.296288668078445,0.5,0.287365,0.20123999999999997,0.9923096147122648,A:104:;A:106:;A:199:;A:74:,A:104:;A:199:
asparaginase_alumoh,hbond_acceptor,56,5,alternative interface,A:16:,GLY,16,A,13,6,13.964976423058888,0.46153846153846156,0.3224123076923077,0.6388199999999999,0.9854527869906948,A:117:;A:118:;A:119:;A:120:;A:12:;A:16:;A:17:;A:18:;A:25:;A:26:;A:27:;A:29:;A:30:,A:118:;A:119:;A:120:;A:12:;A:26:;A:29:
asparaginase_alumoh,hbond_acceptor,57,5,alternative interface,A:184:,ASN,184,A,8,4,12.013826577268507,0.5,0.32280125,0.5060199999999999,0.9837120822745481,A:183:;A:184:;A:185:;A:186:;B:21:;B:22:;B:23:;D:281:,A:186:;B:21:;B:22:;B:23:
asparaginase_alumoh,hbond_acceptor,58,5,alternative interface,D:16:,GLY,16,D,11,5,13.51946781017636,0.45454545454545453,0.3311872727272727,0.48859,0.9865222219717462,D:117:;D:118:;D:119:;D:12:;D:16:;D:18:;D:25:;D:26:;D:27:;D:29:;D:30:,D:118:;D:119:;D:12:;D:26:;D:29:
asparaginase_alumoh,hbond_acceptor,59,5,alternative interface,B:184:,ASN,184,B,8,4,11.819916069250596,0.5,0.33186125,0.48266,0.9843172705459932,A:21:;A:22:;A:23:;B:183:;B:184:;B:185:;B:186:;C:281:,A:21:;A:22:;A:23:;B:186:
asparaginase_alumoh,hbond_acceptor,60,5,alternative interface,C:142:,ALA,142,C,9,3,12.83927473104557,0.3333333333333333,0.41579555555555553,0.47716000000000003,0.9864874478914413,C:106:;C:107:;C:108:;C:138:;C:139:;C:140:;C:142:;C:143:;C:144:,C:107:;C:139:;C:144:
asparaginase_alumoh,hbond_acceptor,61,5,alternative interface,B:117:,PRO,117,B,10,5,14.19116928523636,0.5,0.172433,0.45972999999999997,0.9855085048163985,B:116:;B:117:;B:118:;B:119:;B:120:;B:123:;B:125:;B:12:;B:16:;B:25:,B:116:;B:118:;B:119:;B:120:;B:12:
asparaginase_alumoh,hbond_acceptor,62,5,alternative interface,C:24:,ASN,24,C,9,3,11.529177521412663,0.3333333333333333,0.3725333333333334,0.36154000000000003,0.9872946803637689,A:281:;A:282:;A:283:;C:18:;C:22:;C:23:;C:24:;C:25:;C:26:,C:22:;C:23:;C:26:
asparaginase_alumoh,hbond_acceptor,63,5,alternative interface,D:237:,ASP,237,D,7,2,11.151001832013812,0.2857142857142857,0.3449685714285714,0.34225,0.991575558753008,D:212:;D:213:;D:235:;D:236:;D:237:;D:265:;D:266:,D:213:;D:265:
asparaginase_alumoh,hbond_acceptor,64,5,alternative interface,A:237:,ASP,237,A,7,2,11.110465778870278,0.2857142857142857,0.35565714285714284,0.33337000000000006,0.9915627189664474,A:212:;A:213:;A:235:;A:236:;A:237:;A:265:;A:266:,A:213:;A:265:
asparaginase_alumoh,hbond_acceptor,65,5,alternative interface,B:237:,ASP,237,B,7,2,11.095407274576711,0.2857142857142857,0.33964285714285714,0.33285,0.9916399474549794,B:212:;B:213:;B:235:;B:236:;B:237:;B:265:;B:266:,B:213:;B:265:
asparaginase_alumoh,hbond_acceptor,66,5,alternative interface,B:192:,THR,192,B,6,3,13.22684308145499,0.5,0.3530783333333333,0.31172,0.970492979201789,B:144:;B:192:;B:193:;B:194:;C:192:;C:194:,B:144:;B:192:;C:192:
asparaginase_alumoh,hbond_acceptor,67,5,alternative interface,B:41:,GLN,41,B,7,2,12.485808484379762,0.2857142857142857,0.4039371428571429,0.30157,0.9919801418022661,A:21:;B:130:;B:40:;B:41:;B:43:;B:44:;B:45:,A:21:;B:43:
asparaginase_alumoh,hbond_acceptor,68,5,alternative interface,A:192:,THR,192,A,5,3,13.266442016448773,0.6,0.336754,0.29626,0.9779405981849171,A:144:;A:192:;A:193:;A:194:;D:192:,A:144:;A:192:;D:192:
asparaginase_alumoh,hbond_acceptor,69,5,alternative interface,C:193:,PRO,193,C,6,4,10.630253516723316,0.6666666666666666,0.299815,0.27332999999999996,0.9844064825842677,C:144:;C:192:;C:193:;C:194:;C:195:;C:196:,C:144:;C:192:;C:195:;C:196:
asparaginase_alumoh,hbond_acceptor,70,5,alternative interface,D:193:,PRO,193,D,6,4,10.712404999747314,0.6666666666666666,0.300815,0.2708,0.984359268168361,D:144:;D:192:;D:193:;D:194:;D:195:;D:196:,D:144:;D:192:;D:195:;D:196:
asparaginase_alumoh,hbond_acceptor,71,5,alternative interface,C:289:,TYR,289,C,8,2,14.26290185372218,0.25,0.48151625000000003,0.25922999999999996,0.9921102937012336,C:258:;C:262:;C:285:;C:286:;C:287:;C:288:;C:289:;C:290:,C:262:;C:288:
asparaginase_alumoh,hbond_acceptor,72,5,alternative interface,D:232:,VAL,232,D,8,2,12.824093896805346,0.25,0.37446375,0.24416000000000002,0.9924251309395312,D:229:;D:230:;D:232:;D:233:;D:234:;D:235:;D:236:;D:265:,D:229:;D:265:
asparaginase_alumoh,hbond_acceptor,73,5,alternative interface,D:227:,PRO,227,D,8,1,12.210664854110826,0.125,0.26502875000000004,0.24416000000000002,0.9930154027046196,B:226:;B:227:;B:230:;D:225:;D:226:;D:227:;D:229:;D:230:,D:229:
asparaginase_alumoh,hbond_acceptor,74,5,alternative interface,C:232:,VAL,232,C,8,2,12.644959671708175,0.25,0.3866125,0.21427,0.9924946134369116,C:229:;C:230:;C:232:;C:233:;C:234:;C:235:;C:236:;C:265:,C:229:;C:265:
asparaginase_alumoh,hbond_acceptor,75,5,alternative interface,A:49:,LYS,49,A,6,2,13.431320563803014,0.3333333333333333,0.4014249999999999,0.20753,0.9903092046474244,A:3:;A:47:;A:49:;A:50:;A:51:;A:5:,A:49:;A:5:
asparaginase_alumoh,hbond_acceptor,76,5,alternative interface,C:104:,LYS,104,C,4,2,10.479475890256595,0.5,0.29755750000000003,0.18922,0.9920446829232099,C:104:;C:106:;C:199:;C:74:,C:104:;C:199:
asparaginase_alumoh,hbond_acceptor,77,5,alternative interface,B:225:,ASP,225,B,6,3,11.054188709068042,0.5,0.3020366666666667,0.17801999999999998,0.9917535204874154,B:225:;B:226:;B:227:;B:229:;B:252:;B:256:,B:229:;B:252:;B:256:
asparaginase_alumoh,hbond_acceptor,78,5,alternative interface,A:225:,ASP,225,A,6,3,10.921586195359788,0.5,0.3077733333333333,0.16056,0.9917697551393883,A:225:;A:226:;A:227:;A:229:;A:252:;A:256:,A:229:;A:252:;A:256:
asparaginase_alumoh,hbond_acceptor,79,5,alternative interface,D:311:,THR,311,D,4,2,11.128419756929123,0.5,0.1977225,0.05941,0.9921583541451097,D:212:;D:311:;D:312:;D:313:,D:311:;D:313:
asparaginase_alumoh,hbond_acceptor,80,5,alternative interface,A:280:,GLN,280,A,6,1,10.773324700586716,0.16666666666666666,0.3428616666666666,0.039209999999999995,0.9938178333732189,A:279:;A:280:;A:281:;A:282:;A:285:;A:286:,A:279:
asparaginase_alumoh,hbond_acceptor,81,6,alternative interface,C:184:,ASN,184,C,8,4,11.976054526570127,0.5,0.31383,0.42572000000000004,0.9836087817940316,B:281:;C:183:;C:184:;C:185:;C:186:;D:21:;D:22:;D:23:,C:186:;D:21:;D:22:;D:23:
asparaginase_alumoh,hbond_acceptor,82,6,alternative interface,C:283:,GLU,283,C,8,1,13.626536747422888,0.125,0.35362625000000003,0.30117,0.9855464400688867,A:24:;A:25:;A:26:;A:27:;C:281:;C:282:;C:283:;C:285:,A:26:
asparaginase_alumoh,hbond_acceptor,83,6,alternative interface,D:60:,ASP,60,D,8,1,12.967829855855829,0.125,0.3135125,0.28048,0.9855764231378268,B:222:;B:250:;B:251:;D:56:;D:57:;D:59:;D:60:;D:62:,B:251:
asparaginase_alumoh,hbond_acceptor,84,6,alternative interface,C:41:,GLN,41,C,8,2,12.347817915018855,0.25,0.37273375,0.26573,0.9906688578965165,C:130:;C:39:;C:40:;C:41:;C:43:;C:44:;C:45:;D:21:,C:43:;D:21:
asparaginase_alumoh,hbond_acceptor,85,6,alternative interface,D:24:,ASN,24,D,9,3,12.380984690465876,0.3333333333333333,0.34759666666666666,0.25434999999999997,0.9867336636180161,B:281:;B:282:;B:283:;D:18:;D:22:;D:23:;D:24:;D:25:;D:26:,D:22:;D:23:;D:26:
asparaginase_alumoh,hbond_acceptor,86,6,alternative interface,A:123:,ALA,123,A,10,4,11.807524363826015,0.4,0.17455500000000002,0.23815,0.985623218265405,A:116:;A:117:;A:118:;A:119:;A:120:;A:121:;A:123:;A:124:;A:125:;A:126:,A:116:;A:118:;A:119:;A:120:
asparaginase_alumoh,hbond_acceptor,87,6,alternative interface,C:227:,PRO,227,C,9,2,13.242954136758105,0.2222222222222222,0.21514,0.21427,0.9913787238793206,A:226:;A:227:;A:230:;C:224:;C:225:;C:226:;C:227:;C:229:;C:230:,C:224:;C:229:
asparaginase_alumoh,hbond_acceptor,88,6,alternative interface,A:232:,VAL,232,A,8,2,12.859383556384985,0.25,0.38502749999999997,0.20642,0.9924401738929141,A:229:;A:230:;A:232:;A:233:;A:234:;A:235:;A:236:;A:265:,A:229:;A:265:
asparaginase_alumoh,hbond_acceptor,89,6,alternative interface,A:195:,ARG,195,A,7,2,11.44511823273872,0.2857142857142857,0.25891714285714285,0.19544,0.9867685800116072,A:193:;A:194:;A:195:;A:196:;A:197:;A:325:;A:326:,A:195:;A:196:
asparaginase_alumoh,hbond_acceptor,90,6,alternative interface,A:65:,VAL,65,A,6,1,13.000746199931138,0.16666666666666666,0.38844166666666663,0.19093,0.989752219338467,A:54:;A:62:;A:63:;A:64:;A:65:;A:68:,A:68:
asparaginase_alumoh,hbond_acceptor,91,6,alternative interface,D:65:,VAL,65,D,6,1,12.83106405021689,0.16666666666666666,0.40038,0.18120999999999998,0.9900643016131863,D:54:;D:62:;D:63:;D:64:;D:65:;D:68:,D:68:
asparaginase_alumoh,hbond_acceptor,92,6,alternative interface,D:280:,GLN,280,D,6,1,10.692139663238583,0.16666666666666666,0.3020933333333333,0.03735,0.9936323379169477,D:279:;D:280:;D:281:;D:282:;D:285:;D:286:,D:279:
asparaginase_alumoh,hbond_acceptor,93,6,alternative interface,C:121:,MET,121,C,8,3,13.009433794226513,0.375,0.22114374999999997,0.03434,0.9842292162876534,C:119:;C:120:;C:121:;C:123:;C:20:;C:21:;D:126:;D:127:,C:119:;C:120:;C:21:
asparaginase_alumoh,hbond_acceptor,94,6,alternative interface,C:280:,GLN,280,C,6,1,10.730760167943307,0.16666666666666666,0.31623833333333334,0.03361,0.9936715297175824,C:279:;C:280:;C:281:;C:282:;C:285:;C:286:,C:279:
asparaginase_alumoh,hbond_acceptor,95,6,alternative interface,C:89:,THR,89,C,4,2,9.657184038946419,0.5,0.08901,0.03076,0.9898875800023191,C:12:;C:88:;C:89:;C:90:,C:12:;C:89:
asparaginase_alumoh,hbond_acceptor,96,6,alternative interface,B:280:,GLN,280,B,6,1,10.8887691272271,0.16666666666666666,0.29825666666666667,0.02801,0.9937513519785356,B:279:;B:280:;B:281:;B:282:;B:285:;B:286:,B:279:
asparaginase_alumoh,hbond_acceptor,97,7,alternative interface,D:174:,VAL,174,D,8,3,13.868941241922979,0.375,0.19656875,0.34359,0.8943882205372384,D:159:;D:161:;D:172:;D:174:;D:175:;D:177:;D:274:;D:275:,D:161:;D:172:;D:275:
asparaginase_alumoh,hbond_acceptor,98,7,alternative interface,B:26:,THR,26,B,8,3,14.006942935226567,0.375,0.27547,0.31869,0.9830110085367628,B:12:;B:16:;B:24:;B:25:;B:26:;B:29:;B:57:;D:283:,B:12:;B:26:;B:29:
asparaginase_alumoh,hbond_acceptor,99,7,alternative interface,C:118:,SER,118,C,11,5,13.084186809982386,0.45454545454545453,0.19047454545454545,0.31818,0.9831537426377248,C:116:;C:118:;C:119:;C:120:;C:123:;C:124:;C:125:;C:126:;C:12:;C:14:;C:16:,C:116:;C:118:;C:119:;C:120:;C:12:
asparaginase_alumoh,hbond_acceptor,100,7,alternative interface,A:172:,LYS,172,A,6,3,13.885033589336292,0.5,0.21845000000000003,0.29097,0.8895628350560089,A:161:;A:163:;A:172:;A:174:;A:177:;A:178:,A:161:;A:163:;A:172:
asparaginase_alumoh,hbond_acceptor,101,7,alternative interface,A:164:,ASN,164,A,7,3,12.195373817095742,0.42857142857142855,0.2740157142857143,0.29003,0.936833226527349,A:163:;A:164:;A:166:;A:167:;C:274:;C:275:;C:276:,A:163:;A:166:;C:275:
asparaginase_alumoh,hbond_acceptor,102,7,alternative interface,B:60:,ASP,60,B,8,1,12.898680704597638,0.125,0.31633125,0.28652,0.9853842570081173,B:56:;B:57:;B:59:;B:60:;B:62:;D:222:;D:250:;D:251:,D:251:
asparaginase_alumoh,hbond_acceptor,103,7,alternative interface,C:60:,ASP,60,C,8,1,12.897169735764491,0.125,0.30599875,0.27981,0.9855287956425826,A:222:;A:250:;A:251:;C:56:;C:57:;C:59:;C:60:;C:62:,A:251:
asparaginase_alumoh,hbond_acceptor,104,7,alternative interface,C:164:,ASN,164,C,7,3,12.225363752664071,0.42857142857142855,0.2622071428571429,0.26222999999999996,0.9370178333042534,A:274:;A:275:;A:276:;C:163:;C:164:;C:166:;C:167:,A:275:;C:163:;C:166:
asparaginase_alumoh,hbond_acceptor,105,7,alternative interface,C:326:,TYR,326,C,7,2,12.708552151256027,0.2857142857142857,0.28968000000000005,0.22664,0.9852311967488725,C:195:;C:196:;C:197:;C:322:;C:324:;C:325:;C:326:,C:195:;C:196:
asparaginase_alumoh,hbond_acceptor,106,7,alternative interface,D:326:,TYR,326,D,7,2,12.702591112372161,0.2857142857142857,0.30317,0.22415,0.985290824422877,D:195:;D:196:;D:197:;D:322:;D:324:;D:325:;D:326:,D:195:;D:196:
asparaginase_alumoh,hbond_acceptor,107,7,alternative interface,B:195:,ARG,195,B,7,2,11.46546578233828,0.2857142857142857,0.24363,0.21131,0.986689012900624,B:193:;B:194:;B:195:;B:196:;B:197:;B:325:;B:326:,B:195:;B:196:
asparaginase_alumoh,hbond_acceptor,108,7,alternative interface,B:65:,VAL,65,B,6,1,12.926460352056132,0.16666666666666666,0.39442,0.18076,0.9899250177133545,B:54:;B:62:;B:63:;B:64:;B:65:;B:68:,B:68:
asparaginase_alumoh,hbond_acceptor,109,7,alternative interface,C:65:,VAL,65,C,6,1,12.819815032039795,0.16666666666666666,0.38240666666666673,0.17939,0.9900625155156247,C:54:;C:62:;C:63:;C:64:;C:65:;C:68:,C:68:
asparaginase_alumoh,hbond_acceptor,110,7,alternative interface,A:277:,ALA,277,A,7,3,12.152260914503175,0.42857142857142855,0.28604999999999997,0.05152999999999999,0.9766418190131939,A:246:;A:275:;A:276:;A:277:;A:279:;A:295:;C:166:,A:275:;A:279:;C:166:
asparaginase_alumoh,hbond_acceptor,111,7,alternative interface,D:277:,ALA,277,D,7,3,12.221843408923325,0.42857142857142855,0.29227428571428576,0.04907,0.9763033386523992,B:166:;D:246:;D:275:;D:276:;D:277:;D:279:;D:295:,B:166:;D:275:;D:279:
asparaginase_alumoh,hbond_acceptor,112,7,alternative interface,A:88:,GLY,88,A,8,2,11.569876548418856,0.25,0.11465,0.0466,0.9896645240096094,A:12:;A:27:;A:56:;A:57:;A:59:;A:88:;A:89:;A:90:,A:12:;A:89:
asparaginase_alumoh,hbond_acceptor,113,7,alternative interface,C:277:,ALA,277,C,7,3,12.242078652862215,0.42857142857142855,0.3015757142857143,0.04417,0.9763130657679192,A:166:;C:246:;C:275:;C:276:;C:277:;C:279:;C:295:,A:166:;C:275:;C:279:
asparaginase_alumoh,hbond_acceptor,114,7,alternative interface,B:277:,ALA,277,B,7,3,12.080936515667428,0.42857142857142855,0.2972542857142857,0.0368,0.9763383723080824,B:246:;B:275:;B:276:;B:277:;B:279:;B:295:;D:166:,B:275:;B:279:;D:166:
asparaginase_alumoh,hbond_acceptor,115,8,alternative interface,C:27:,ALA,27,C,11,3,14.010919079166674,0.2727272727272727,0.22745181818181814,0.30773,0.9824234252666458,A:283:;C:12:;C:14:;C:16:;C:25:;C:26:;C:27:;C:29:;C:56:;C:57:;C:88:,C:12:;C:26:;C:29:
asparaginase_alumoh,hbond_acceptor,116,8,alternative interface,B:172:,LYS,172,B,8,3,15.385436833849456,0.375,0.1798875,0.28472000000000003,0.862497491313685,B:159:;B:161:;B:163:;B:169:;B:172:;B:174:;B:177:;B:178:,B:161:;B:163:;B:172:
asparaginase_alumoh,hbond_acceptor,117,8,alternative interface,C:172:,LYS,172,C,7,3,13.869297580873287,0.42857142857142855,0.20617714285714286,0.28032,0.9007952434739861,C:159:;C:161:;C:163:;C:172:;C:174:;C:177:;C:178:,C:161:;C:163:;C:172:
asparaginase_alumoh,hbond_acceptor,118,8,alternative interface,D:123:,ALA,123,D,11,4,14.199556332208436,0.36363636363636365,0.18006090909090908,0.27831,0.9800364709637481,C:123:;D:116:;D:117:;D:118:;D:119:;D:120:;D:121:;D:123:;D:124:;D:125:;D:126:,D:116:;D:118:;D:119:;D:120:
asparaginase_alumoh,hbond_acceptor,119,8,alternative interface,D:164:,ASN,164,D,7,3,12.214369272474421,0.42857142857142855,0.2739471428571429,0.27386,0.9361439924063186,B:274:;B:275:;B:276:;D:163:;D:164:;D:166:;D:167:,B:275:;D:163:;D:166:
asparaginase_alumoh,hbond_acceptor,120,8,alternative interface,A:60:,ASP,60,A,8,1,13.020340201140122,0.125,0.28641249999999996,0.26141,0.9854804824748101,A:56:;A:57:;A:59:;A:60:;A:62:;C:222:;C:250:;C:251:,C:251:
asparaginase_alumoh,hbond_acceptor,121,8,alternative interface,C:30:,VAL,30,C,7,1,13.025899384132785,0.14285714285714285,0.36004857142857144,0.15796,0.9897523774914568,C:14:;C:16:;C:29:;C:30:;C:31:;C:34:;C:35:,C:29:
asparaginase_alumoh,hbond_acceptor,122,8,alternative interface,B:30:,VAL,30,B,7,1,13.450088464626361,0.14285714285714285,0.37722571428571433,0.15701,0.9885163211011634,B:16:;B:29:;B:30:;B:31:;B:32:;B:34:;B:35:,B:29:
asparaginase_alumoh,hbond_acceptor,123,8,alternative interface,B:181:,TYR,181,B,6,1,14.375826357942149,0.16666666666666666,0.2633816666666667,0.08359,0.9623796320765831,B:152:;B:153:;B:178:;B:181:;B:183:;B:188:,B:153:
asparaginase_alumoh,hbond_acceptor,124,8,alternative interface,A:181:,TYR,181,A,6,1,14.315133166926827,0.16666666666666666,0.2747466666666667,0.07706,0.9624933447767474,A:152:;A:153:;A:178:;A:181:;A:183:;A:188:,A:153:
asparaginase_alumoh,hbond_acceptor,125,8,alternative interface,D:181:,TYR,181,D,6,1,14.203275050688235,0.16666666666666666,0.25723999999999997,0.07081,0.9628708653212101,D:152:;D:153:;D:178:;D:181:;D:183:;D:188:,D:153:
asparaginase_alumoh,hbond_acceptor,126,8,alternative interface,B:88:,GLY,88,B,6,1,11.215482023091727,0.16666666666666666,0.14068833333333333,0.02672,0.9892336286852624,B:12:;B:56:;B:57:;B:59:;B:88:;B:90:,B:12:
asparaginase_alumoh,hbond_acceptor,127,9,alternative interface,B:164:,ASN,164,B,8,3,13.750049487020354,0.375,0.22719250000000002,0.25169,0.9125845055451584,B:163:;B:164:;B:166:;B:167:;B:169:;D:274:;D:275:;D:276:,B:163:;B:166:;D:275:
asparaginase_alumoh,hbond_acceptor,128,9,alternative interface,C:181:,TYR,181,C,6,1,14.299078394684058,0.16666666666666666,0.2681533333333333,0.07706,0.9623192390645644,C:152:;C:153:;C:178:;C:181:;C:183:;C:188:,C:153:
asparaginase_alumoh,hbond_acceptor,129,9,alternative interface,A:159:,ASP,159,A,6,2,10.745038706930359,0.3333333333333333,0.09891333333333334,0.02408,0.9524197819235134,A:158:;A:159:;A:161:;A:174:;A:175:;A:177:,A:158:;A:161:
asparaginase_alumoh,hbond_acceptor,130,9,alternative interface,D:88:,GLY,88,D,6,1,10.863243028891997,0.16666666666666666,0.094815,0.02319,0.9876444784026677,D:12:;D:27:;D:57:;D:59:;D:88:;D:90:,D:12:
asparaginase_alumoh,hbond_acceptor,131,10,alternative interface,B:151:,ASN,151,B,9,1,12.983312703810373,0.1111111111111111,0.14308555555555558,0.06362,0.9483005559529539,A:167:;A:168:;B:124:;B:128:;B:151:;B:152:;B:153:;B:168:;B:169:,B:153:
asparaginase_alumoh,hbond_acceptor,132,10,alternative interface,C:151:,ASN,151,C,7,1,12.979217645179512,0.14285714285714285,0.15531714285714288,0.05865,0.9529983857560533,C:124:;C:128:;C:151:;C:152:;C:153:;C:168:;D:167:,C:153:
asparaginase_alumoh,hbond_acceptor,133,10,alternative interface,D:151:,ASN,151,D,7,1,13.075782066967495,0.14285714285714285,0.14638142857142858,0.05389,0.953295341396822,C:167:;D:124:;D:128:;D:151:;D:152:;D:153:;D:168:,D:153:
asparaginase_alumoh,hbond_acceptor,134,11,alternative interface,A:151:,ASN,151,A,8,1,13.045402248795888,0.125,0.137455,0.05865,0.9470038236593257,A:124:;A:128:;A:151:;A:152:;A:153:;A:168:;B:167:;B:168:,A:153:
asparaginase_alumoh,oxide,1,1,primary plausible interface,C:63:,ASP,63,C,6,3,11.86130819387338,0.5,0.47965166666666664,0.8615,0.9927819814195636,A:222:;C:210:;C:62:;C:63:;C:64:;C:65:,C:210:;C:63:;C:64:
asparaginase_alumoh,oxide,2,1,primary plausible interface,B:63:,ASP,63,B,6,3,11.601468277134899,0.5,0.4789016666666666,0.86003,0.9929449519246982,B:210:;B:62:;B:63:;B:64:;B:65:;D:222:,B:210:;B:63:;B:64:
asparaginase_alumoh,oxide,3,1,primary plausible interface,A:252:,THR,252,A,7,2,10.14855115934407,0.2857142857142857,0.41156428571428577,0.81133,0.9937031226282252,A:225:;A:250:;A:251:;A:252:;A:254:;A:255:;A:256:,A:225:;A:255:
asparaginase_alumoh,oxide,4,1,primary plausible interface,A:209:,ASN,209,A,5,2,12.884485679208254,0.4,0.813622,0.7578400000000001,0.9939902391212538,A:207:;A:208:;A:209:;A:210:;A:64:,A:210:;A:64:
asparaginase_alumoh,oxide,5,1,primary plausible interface,C:209:,ASN,209,C,5,2,12.941549230692939,0.4,0.8150960000000002,0.7497499999999999,0.9940219955550251,C:207:;C:208:;C:209:;C:210:;C:64:,C:210:;C:64:
asparaginase_alumoh,oxide,6,1,primary plausible interface,D:209:,ASN,209,D,5,2,12.898968352365316,0.4,0.820036,0.73291,0.9939723566481468,D:207:;D:208:;D:209:;D:210:;D:64:,D:210:;D:64:
asparaginase_alumoh,oxide,7,1,primary plausible interface,D:235:,GLY,235,D,6,2,10.932662191883436,0.3333333333333333,0.432745,0.53457,0.9955514305881429,D:232:;D:233:;D:234:;D:235:;D:236:;D:237:,D:233:;D:237:
asparaginase_alumoh,oxide,8,1,primary plausible interface,D:41:,GLN,41,D,6,1,10.709070315082748,0.16666666666666666,0.4890083333333333,0.44493000000000005,0.9949170065923423,D:130:;D:40:;D:41:;D:43:;D:44:;D:45:,D:44:
asparaginase_alumoh,oxide,9,1,primary plausible interface,A:158:,ARG,158,A,3,2,10.927046049370889,0.6666666666666666,0.07150333333333332,0.06379,0.997348946373526,A:100:;A:158:;A:159:,A:100:;A:159:
asparaginase_alumoh,oxide,10,1,primary plausible interface,B:158:,ARG,158,B,3,2,10.949006398148441,0.6666666666666666,0.08252,0.05975,0.9976002978989755,B:100:;B:158:;B:159:,B:100:;B:159:
asparaginase_alumoh,oxide,11,2,alternative interface,A:63:,ASP,63,A,6,3,11.701910401763946,0.5,0.4699633333333333,0.85643,0.9928341964397178,A:210:;A:62:;A:63:;A:64:;A:65:;C:222:,A:210:;A:63:;A:64:
asparaginase_alumoh,oxide,12,2,alternative interface,A:77:,CYS,77,A,8,3,13.14027032607035,0.375,0.475535,0.85199,0.9925740005184234,A:107:;A:74:;A:75:;A:76:;A:77:;A:78:;A:79:;A:81:,A:76:;A:78:;A:81:
asparaginase_alumoh,oxide,13,2,alternative interface,D:63:,ASP,63,D,6,3,11.620759431483812,0.5,0.476385,0.84833,0.9929323778398177,B:222:;D:210:;D:62:;D:63:;D:64:;D:65:,D:210:;D:63:;D:64:
asparaginase_alumoh,oxide,14,2,alternative interface,C:77:,CYS,77,C,8,3,13.229948373307618,0.375,0.47650624999999996,0.81256,0.9923667416965806,C:107:;C:74:;C:75:;C:76:;C:77:;C:78:;C:79:;C:81:,C:76:;C:78:;C:81:
asparaginase_alumoh,oxide,15,2,alternative interface,B:209:,ASN,209,B,5,2,12.818801806665194,0.4,0.808878,0.7425,0.9938497713082926,B:207:;B:208:;B:209:;B:210:;B:64:,B:210:;B:64:
asparaginase_alumoh,oxide,16,2,alternative interface,B:252:,THR,252,B,7,2,9.955068813259064,0.2857142857142857,0.3616442857142857,0.66095,0.993950727849438,B:225:;B:250:;B:251:;B:252:;B:254:;B:255:;B:256:,B:225:;B:255:
asparaginase_alumoh,oxide,17,2,alternative interface,A:226:,LEU,226,A,7,1,9.673900599591951,0.14285714285714285,0.2383542857142857,0.19870000000000002,0.9943023167677211,A:225:;A:226:;A:227:;A:229:;A:230:;C:227:;C:230:,A:225:
asparaginase_alumoh,oxide,18,2,alternative interface,D:100:,ASP,100,D,3,1,8.975225201315967,0.3333333333333333,0.10499666666666667,0.06017,0.9954466885429294,D:100:;D:158:;D:197:,D:100:
asparaginase_alumoh,oxide,19,2,alternative interface,C:158:,ARG,158,C,3,2,10.884579319998048,0.6666666666666666,0.07876,0.05165,0.9975422537377829,C:100:;C:158:;C:159:,C:100:;C:159:
asparaginase_alumoh,oxide,20,3,alternative interface,B:77:,CYS,77,B,8,3,13.15346319245731,0.375,0.47606125,0.83529,0.9925050804022229,B:107:;B:74:;B:75:;B:76:;B:77:;B:78:;B:79:;B:81:,B:76:;B:78:;B:81:
asparaginase_alumoh,oxide,21,3,alternative interface,D:77:,CYS,77,D,8,3,13.088591163101963,0.375,0.462665,0.7548600000000001,0.9926219128158,D:107:;D:74:;D:75:;D:76:;D:77:;D:78:;D:79:;D:81:,D:76:;D:78:;D:81:
asparaginase_alumoh,oxide,22,3,alternative interface,D:252:,THR,252,D,7,2,10.224577730550513,0.2857142857142857,0.4043128571428571,0.7088599999999999,0.9937276894007462,D:225:;D:250:;D:251:;D:252:;D:254:;D:255:;D:256:,D:225:;D:255:
asparaginase_alumoh,oxide,23,3,alternative interface,A:285:,ASP,285,A,9,4,13.85206021061459,0.4444444444444444,0.4346733333333333,0.6419199999999999,0.9907958877819032,A:280:;A:281:;A:282:;A:283:;A:285:;A:286:;A:287:;A:288:;A:289:,A:281:;A:283:;A:285:;A:286:
asparaginase_alumoh,oxide,24,3,alternative interface,D:199:,SER,199,D,5,2,9.79672405278503,0.4,0.375042,0.51851,0.9925804775335562,D:104:;D:106:;D:197:;D:199:;D:200:,D:106:;D:200:
asparaginase_alumoh,oxide,25,3,alternative interface,D:2:,PRO,2,D,7,1,12.51447684110569,0.14285714285714285,0.40737285714285715,0.49033,0.9929855635857197,D:137:;D:1:;D:2:;D:3:;D:45:;D:47:;D:81:,D:81:
asparaginase_alumoh,oxide,26,3,alternative interface,A:314:,LYS,314,A,8,1,14.66416080182699,0.125,0.4767375,0.45761,0.9897112658718445,A:264:;A:266:;A:312:;A:313:;A:314:;A:315:;A:316:;A:318:,A:315:
asparaginase_alumoh,oxide,27,3,alternative interface,B:314:,LYS,314,B,8,1,14.452252977390799,0.125,0.47727375,0.44494999999999996,0.9898344587449563,B:264:;B:266:;B:312:;B:313:;B:314:;B:315:;B:316:;B:318:,B:315:
asparaginase_alumoh,oxide,28,3,alternative interface,A:258:,ALA,258,A,8,1,13.080859923802612,0.125,0.48871999999999993,0.42077,0.9905128167905752,A:254:;A:255:;A:256:;A:258:;A:259:;A:262:;A:289:;A:290:,A:255:
asparaginase_alumoh,oxide,29,3,alternative interface,C:314:,LYS,314,C,7,1,14.431605635749131,0.14285714285714285,0.4848171428571429,0.37159,0.9905889835047107,C:264:;C:312:;C:313:;C:314:;C:315:;C:316:;C:318:,C:315:
asparaginase_alumoh,oxide,30,3,alternative interface,C:204:,ASP,204,C,5,1,13.514531784902104,0.2,0.5667340000000001,0.34743,0.9918442763315385,C:202:;C:204:;C:206:;C:207:;C:208:,C:204:
asparaginase_alumoh,oxide,31,3,alternative interface,A:204:,ASP,204,A,4,1,13.3526371182133,0.25,0.5944075,0.29510000000000003,0.9924347698732989,A:202:;A:204:;A:206:;A:207:,A:204:
asparaginase_alumoh,oxide,32,3,alternative interface,A:317:,GLN,317,A,7,1,12.861176622977263,0.14285714285714285,0.5759657142857143,0.28348,0.9931225378903455,A:290:;A:315:;A:316:;A:317:;A:318:;A:320:;A:321:,A:315:
asparaginase_alumoh,oxide,33,4,alternative interface,C:252:,THR,252,C,8,2,11.36759851948754,0.25,0.351325,0.77201,0.991404445216408,C:224:;C:225:;C:250:;C:251:;C:252:;C:254:;C:255:;C:256:,C:225:;C:255:
asparaginase_alumoh,oxide,34,4,alternative interface,D:32:,VAL,32,D,10,2,12.784725601363213,0.2,0.39404500000000003,0.6681900000000001,0.9898142292766337,D:30:;D:31:;D:32:;D:33:;D:34:;D:35:;D:36:;D:50:;D:51:;D:52:,D:33:;D:51:
asparaginase_alumoh,oxide,35,4,alternative interface,A:232:,VAL,232,A,8,1,12.859383556384985,0.125,0.38502749999999997,0.65643,0.9924401738929141,A:229:;A:230:;A:232:;A:233:;A:234:;A:235:;A:236:;A:265:,A:233:
asparaginase_alumoh,oxide,36,4,alternative interface,B:232:,VAL,232,B,8,1,12.757756629457296,0.125,0.39726125,0.6476900000000001,0.9925075340577295,B:229:;B:230:;B:232:;B:233:;B:234:;B:235:;B:236:;B:265:,B:233:
asparaginase_alumoh,oxide,37,4,alternative interface,C:285:,ASP,285,C,9,4,13.79596131786386,0.4444444444444444,0.4019966666666666,0.60293,0.9906667321508031,C:280:;C:281:;C:282:;C:283:;C:285:;C:286:;C:287:;C:288:;C:289:,C:281:;C:283:;C:285:;C:286:
asparaginase_alumoh,oxide,38,4,alternative interface,B:285:,ASP,285,B,9,4,13.921078811743602,0.4444444444444444,0.3979411111111111,0.54723,0.9907203413813421,B:280:;B:281:;B:282:;B:283:;B:285:;B:286:;B:287:;B:288:;B:289:,B:281:;B:283:;B:285:;B:286:
asparaginase_alumoh,oxide,39,4,alternative interface,C:50:,GLY,50,C,7,2,11.350009374782266,0.2857142857142857,0.3273542857142857,0.52975,0.9918486602277937,C:33:;C:49:;C:50:;C:51:;C:52:;C:5:;C:8:,C:33:;C:51:
asparaginase_alumoh,oxide,40,4,alternative interface,A:33:,GLU,33,A,7,1,10.65798682633252,0.14285714285714285,0.42458999999999997,0.51548,0.9926181322296754,A:31:;A:33:;A:34:;A:35:;A:36:;A:37:;A:50:,A:33:
asparaginase_alumoh,oxide,41,4,alternative interface,B:199:,SER,199,B,5,2,9.947789248462627,0.4,0.359328,0.47497,0.9924625390414702,B:104:;B:106:;B:197:;B:199:;B:200:,B:106:;B:200:
asparaginase_alumoh,oxide,42,4,alternative interface,C:258:,ALA,258,C,8,1,12.888543622666848,0.125,0.4626825,0.45702,0.9905176890382824,C:254:;C:255:;C:256:;C:258:;C:259:;C:262:;C:289:;C:290:,C:255:
asparaginase_alumoh,oxide,43,4,alternative interface,A:41:,GLN,41,A,7,1,11.932875597597107,0.14285714285714285,0.4510871428571428,0.44051,0.9922194489730375,A:130:;A:40:;A:41:;A:43:;A:44:;A:45:;B:21:,A:44:
asparaginase_alumoh,oxide,44,4,alternative interface,A:212:,PRO,212,A,6,2,13.517969644366667,0.3333333333333333,0.43545166666666674,0.42554000000000003,0.9886303816872009,A:210:;A:212:;A:213:;A:236:;A:237:;A:311:,A:210:;A:237:
asparaginase_alumoh,oxide,45,4,alternative interface,D:204:,ASP,204,D,4,1,13.49035744604292,0.25,0.57989,0.28599,0.9924049515736102,D:202:;D:204:;D:206:;D:207:,D:204:
asparaginase_alumoh,oxide,46,4,alternative interface,B:317:,GLN,317,B,7,1,12.816774480730665,0.14285714285714285,0.5675471428571429,0.27563,0.9930886290128615,B:290:;B:315:;B:316:;B:317:;B:318:;B:320:;B:321:,B:315:
asparaginase_alumoh,oxide,47,4,alternative interface,B:140:,ALA,140,B,5,1,11.364395574352322,0.2,0.586576,0.19906,0.9892891635948116,B:138:;B:139:;B:140:;B:142:;B:143:,B:138:
asparaginase_alumoh,oxide,48,4,alternative interface,A:72:,LYS,72,A,6,1,11.930818657257701,0.16666666666666666,0.403065,0.13543,0.9936291019500003,A:68:;A:71:;A:72:;A:74:;A:75:;A:76:,A:76:
asparaginase_alumoh,oxide,49,5,alternative interface,C:232:,VAL,232,C,8,1,12.644959671708175,0.125,0.3866125,0.63671,0.9924946134369116,C:229:;C:230:;C:232:;C:233:;C:234:;C:235:;C:236:;C:265:,C:233:
asparaginase_alumoh,oxide,50,5,alternative interface,C:25:,TYR,25,C,10,2,13.582152225188146,0.2,0.324587,0.6291899999999999,0.984482368531027,A:282:;A:283:;C:16:;C:18:;C:22:;C:23:;C:24:;C:25:;C:26:;C:27:,A:283:;C:18:
asparaginase_alumoh,oxide,51,5,alternative interface,B:24:,ASN,24,B,10,3,13.285153994035346,0.3,0.371953,0.60046,0.9857890069959035,B:18:;B:19:;B:22:;B:23:;B:24:;B:25:;B:26:;D:281:;D:282:;D:283:,B:18:;D:281:;D:283:
asparaginase_alumoh,oxide,52,5,alternative interface,D:285:,ASP,285,D,9,4,13.846347647437835,0.4444444444444444,0.39581,0.55584,0.9906573059905931,D:280:;D:281:;D:282:;D:283:;D:285:;D:286:;D:287:;D:288:;D:289:,D:281:;D:283:;D:285:;D:286:
asparaginase_alumoh,oxide,53,5,alternative interface,D:314:,LYS,314,D,8,1,14.536466259348371,0.125,0.456515,0.42671,0.9898257000746531,D:264:;D:266:;D:312:;D:313:;D:314:;D:315:;D:316:;D:318:,D:315:
asparaginase_alumoh,oxide,54,5,alternative interface,B:212:,PRO,212,B,6,2,13.596854444602318,0.3333333333333333,0.42435500000000004,0.36432000000000003,0.9883490442058236,B:210:;B:212:;B:213:;B:236:;B:237:;B:311:,B:210:;B:237:
asparaginase_alumoh,oxide,55,5,alternative interface,B:41:,GLN,41,B,7,1,12.485808484379762,0.14285714285714285,0.4039371428571429,0.35778,0.9919801418022661,A:21:;B:130:;B:40:;B:41:;B:43:;B:44:;B:45:,B:44:
asparaginase_alumoh,oxide,56,5,alternative interface,B:258:,ALA,258,B,8,1,13.210608321233718,0.125,0.42953125000000003,0.31205,0.9901391764219377,B:254:;B:255:;B:256:;B:258:;B:259:;B:262:;B:289:;B:290:,B:255:
asparaginase_alumoh,oxide,57,5,alternative interface,D:258:,ALA,258,D,8,1,13.1540412531501,0.125,0.43006375,0.29195,0.9903187717112533,D:254:;D:255:;D:256:;D:258:;D:259:;D:262:;D:289:;D:290:,D:255:
asparaginase_alumoh,oxide,58,5,alternative interface,D:19:,SER,19,D,7,1,9.64801583339418,0.14285714285714285,0.3687985714285714,0.28794000000000003,0.9922639700936248,D:119:;D:120:;D:18:;D:19:;D:20:;D:21:;D:22:,D:18:
asparaginase_alumoh,oxide,59,5,alternative interface,A:51:,GLU,51,A,6,1,12.734749865041971,0.16666666666666666,0.2536966666666667,0.27862,0.9906808021608046,A:49:;A:50:;A:51:;A:52:;A:53:;A:5:,A:51:
asparaginase_alumoh,oxide,60,5,alternative interface,D:317:,GLN,317,D,7,1,12.990324913181345,0.14285714285714285,0.5606842857142857,0.26433,0.9929483102635859,D:290:;D:315:;D:316:;D:317:;D:318:;D:320:;D:321:,D:315:
asparaginase_alumoh,oxide,61,5,alternative interface,B:204:,ASP,204,B,5,1,13.649547834044093,0.2,0.4988659999999999,0.24245,0.9915305515347771,B:202:;B:204:;B:206:;B:207:;B:208:,B:204:
asparaginase_alumoh,oxide,62,5,alternative interface,D:72:,LYS,72,D,6,1,11.998178701411677,0.16666666666666666,0.3945083333333333,0.12572,0.9935978532747732,D:68:;D:71:;D:72:;D:74:;D:75:;D:76:,D:76:
asparaginase_alumoh,oxide,63,6,alternative interface,C:199:,SER,199,C,6,2,14.559895155366355,0.3333333333333333,0.3661733333333334,0.53574,0.9896711520804589,C:104:;C:106:;C:197:;C:199:;C:200:;C:202:,C:106:;C:200:
asparaginase_alumoh,oxide,64,6,alternative interface,D:230:,ALA,230,D,10,1,12.012506164968613,0.1,0.28572,0.53457,0.9922732079383023,B:226:;B:227:;B:230:;D:226:;D:227:;D:229:;D:230:;D:232:;D:233:;D:234:,D:233:
asparaginase_alumoh,oxide,65,6,alternative interface,C:31:,GLY,31,C,9,1,12.523648011765522,0.1111111111111111,0.38547555555555557,0.52975,0.9888879970593749,C:14:;C:29:;C:30:;C:31:;C:33:;C:34:;C:35:;C:52:;C:8:,C:33:
asparaginase_alumoh,oxide,66,6,alternative interface,C:41:,GLN,41,C,8,1,12.347817915018855,0.125,0.37273375,0.42014,0.9906688578965165,C:130:;C:39:;C:40:;C:41:;C:43:;C:44:;C:45:;D:21:,C:44:
asparaginase_alumoh,oxide,67,6,alternative interface,D:212:,PRO,212,D,6,2,13.591018106376684,0.3333333333333333,0.4133416666666667,0.34857999999999995,0.9883361133637324,D:210:;D:212:;D:213:;D:236:;D:237:;D:311:,D:210:;D:237:
asparaginase_alumoh,oxide,68,6,alternative interface,C:212:,PRO,212,C,6,2,13.520437558372011,0.3333333333333333,0.41651166666666667,0.34151000000000004,0.9882682938780354,C:210:;C:212:;C:213:;C:236:;C:237:;C:311:,C:210:;C:237:
asparaginase_alumoh,oxide,69,6,alternative interface,C:19:,SER,19,C,9,1,12.664954604085866,0.1111111111111111,0.3880111111111111,0.31499,0.9891614400686024,C:119:;C:120:;C:16:;C:18:;C:19:;C:20:;C:21:;C:22:;C:23:,C:18:
asparaginase_alumoh,oxide,70,6,alternative interface,C:317:,GLN,317,C,7,1,13.0663420853211,0.14285714285714285,0.5454457142857143,0.23018999999999998,0.9929175772465361,C:290:;C:315:;C:316:;C:317:;C:318:;C:320:;C:321:,C:315:
asparaginase_alumoh,oxide,71,6,alternative interface,A:142:,ALA,142,A,9,2,12.721882991918713,0.2222222222222222,0.4243411111111111,0.22633,0.9865253607216952,A:106:;A:107:;A:108:;A:138:;A:139:;A:140:;A:142:;A:143:;A:144:,A:106:;A:138:
asparaginase_alumoh,oxide,72,6,alternative interface,C:151:,ASN,151,C,7,3,12.979217645179512,0.42857142857142855,0.15531714285714288,0.18932,0.9529983857560533,C:124:;C:128:;C:151:;C:152:;C:153:;C:168:;D:167:,C:124:;C:152:;D:167:
asparaginase_alumoh,oxide,73,6,alternative interface,D:151:,ASN,151,D,7,3,13.075782066967495,0.42857142857142855,0.14638142857142858,0.15437,0.953295341396822,C:167:;D:124:;D:128:;D:151:;D:152:;D:153:;D:168:,C:167:;D:124:;D:152:
asparaginase_alumoh,oxide,74,6,alternative interface,B:72:,LYS,72,B,6,1,12.003576428347023,0.16666666666666666,0.383315,0.09814,0.9935088300862543,B:68:;B:71:;B:72:;B:74:;B:75:;B:76:,B:76:
asparaginase_alumoh,oxide,75,6,alternative interface,C:89:,THR,89,C,4,1,9.657184038946419,0.25,0.08901,0.04672,0.9898875800023191,C:12:;C:88:;C:89:;C:90:,C:90:
asparaginase_alumoh,oxide,76,6,alternative interface,A:89:,THR,89,A,4,1,9.397008874701458,0.25,0.080045,0.0464,0.9902225671287028,A:12:;A:88:;A:89:;A:90:,A:90:
asparaginase_alumoh,oxide,77,7,alternative interface,B:32:,VAL,32,B,10,2,12.576586520476063,0.2,0.35807999999999995,0.5051,0.989550881925848,B:30:;B:31:;B:32:;B:33:;B:34:;B:35:;B:36:;B:51:;B:52:;B:8:,B:33:;B:51:
asparaginase_alumoh,oxide,78,7,alternative interface,A:199:,SER,199,A,6,2,14.668163888212863,0.3333333333333333,0.3598166666666667,0.48815,0.9896316845401705,A:104:;A:106:;A:197:;A:199:;A:200:;A:202:,A:106:;A:200:
asparaginase_alumoh,oxide,79,7,alternative interface,A:17:,GLY,17,A,12,1,13.453314428877595,0.08333333333333333,0.3798108333333334,0.47763,0.986503169120423,A:117:;A:119:;A:16:;A:17:;A:18:;A:19:;A:20:;A:22:;A:23:;A:24:;A:25:;A:26:,A:18:
asparaginase_alumoh,oxide,80,7,alternative interface,B:137:,ALA,137,B,9,2,15.091138299344317,0.2222222222222222,0.38299333333333335,0.32134,0.9874976044880662,B:108:;B:134:;B:137:;B:138:;B:139:;B:2:;B:3:;B:45:;B:81:,B:138:;B:81:
asparaginase_alumoh,oxide,81,7,alternative interface,A:137:,ALA,137,A,9,2,14.929450367336056,0.2222222222222222,0.37244444444444447,0.31428,0.9877584646492543,A:108:;A:134:;A:137:;A:138:;A:139:;A:2:;A:3:;A:45:;A:81:,A:138:;A:81:
asparaginase_alumoh,oxide,82,7,alternative interface,C:137:,ALA,137,C,9,2,14.909713524316677,0.2222222222222222,0.36939666666666665,0.30317,0.9878987326296592,C:108:;C:134:;C:137:;C:138:;C:139:;C:2:;C:3:;C:45:;C:81:,C:138:;C:81:
asparaginase_alumoh,oxide,83,7,alternative interface,C:142:,ALA,142,C,9,2,12.83927473104557,0.2222222222222222,0.41579555555555553,0.2582,0.9864874478914413,C:106:;C:107:;C:108:;C:138:;C:139:;C:140:;C:142:;C:143:;C:144:,C:106:;C:138:
asparaginase_alumoh,oxide,84,7,alternative interface,D:265:,THR,265,D,8,1,13.913385086472601,0.125,0.40798875,0.21594000000000002,0.9913219350771786,D:232:;D:236:;D:237:;D:262:;D:263:;D:264:;D:265:;D:266:,D:237:
asparaginase_alumoh,oxide,85,7,alternative interface,D:142:,ALA,142,D,9,2,12.568634880976573,0.2222222222222222,0.40786555555555554,0.19594999999999999,0.9867741143175186,D:106:;D:107:;D:108:;D:138:;D:139:;D:140:;D:142:;D:143:;D:144:,D:106:;D:138:
asparaginase_alumoh,oxide,86,7,alternative interface,A:151:,ASN,151,A,8,3,13.045402248795888,0.375,0.137455,0.16607,0.9470038236593257,A:124:;A:128:;A:151:;A:152:;A:153:;A:168:;B:167:;B:168:,A:124:;A:152:;B:167:
asparaginase_alumoh,oxide,87,7,alternative interface,C:226:,LEU,226,C,8,1,11.095584936682187,0.125,0.2044975,0.13069,0.9928527289915652,A:227:;A:230:;C:224:;C:225:;C:226:;C:227:;C:229:;C:230:,C:225:
asparaginase_alumoh,oxide,88,8,alternative interface,D:196:,LYS,196,D,8,1,12.430487016451167,0.125,0.335025,0.4573,0.9876031212895519,D:193:;D:194:;D:195:;D:196:;D:197:;D:200:;D:325:;D:326:,D:200:
asparaginase_alumoh,oxide,89,8,alternative interface,C:196:,LYS,196,C,8,1,12.436424889684108,0.125,0.32992125,0.42594,0.9876947403076127,C:193:;C:194:;C:195:;C:196:;C:197:;C:200:;C:325:;C:326:,C:200:
asparaginase_alumoh,oxide,90,8,alternative interface,A:196:,LYS,196,A,8,1,12.414498322099117,0.125,0.31761125,0.38304000000000005,0.9877182186725658,A:193:;A:194:;A:195:;A:196:;A:197:;A:200:;A:325:;A:326:,A:200:
asparaginase_alumoh,oxide,91,8,alternative interface,D:24:,ASN,24,D,9,3,12.380984690465876,0.3333333333333333,0.34759666666666666,0.32781999999999994,0.9867336636180161,B:281:;B:282:;B:283:;D:18:;D:22:;D:23:;D:24:;D:25:;D:26:,B:281:;B:283:;D:18:
asparaginase_alumoh,oxide,92,8,alternative interface,D:59:,GLN,59,D,8,2,14.552743889810413,0.25,0.24869249999999998,0.25489999999999996,0.9887951390675602,B:250:;B:251:;D:56:;D:57:;D:59:;D:60:;D:88:;D:90:,D:60:;D:90:
asparaginase_alumoh,oxide,93,8,alternative interface,B:59:,GLN,59,B,8,2,14.706474923662377,0.25,0.25213875,0.243,0.9884576182023913,B:56:;B:57:;B:59:;B:60:;B:88:;B:90:;D:250:;D:251:,B:60:;B:90:
asparaginase_alumoh,oxide,94,8,alternative interface,C:59:,GLN,59,C,7,2,14.772314666274612,0.2857142857142857,0.23805,0.23858000000000001,0.9887060036217882,A:250:;A:251:;C:57:;C:59:;C:60:;C:88:;C:90:,C:60:;C:90:
asparaginase_alumoh,oxide,95,8,alternative interface,A:59:,GLN,59,A,7,2,14.711110333293,0.2857142857142857,0.21837142857142858,0.23070000000000002,0.9888123954754515,A:57:;A:59:;A:60:;A:88:;A:90:;C:250:;C:251:,A:60:;A:90:
asparaginase_alumoh,oxide,96,9,alternative interface,B:196:,LYS,196,B,8,1,12.34468207544102,0.125,0.30563125,0.40091,0.9876489661526806,B:193:;B:194:;B:195:;B:196:;B:197:;B:200:;B:325:;B:326:,B:200:
asparaginase_alumoh,oxide,97,9,alternative interface,A:181:,TYR,181,A,6,2,14.315133166926827,0.3333333333333333,0.2747466666666667,0.32089,0.9624933447767474,A:152:;A:153:;A:178:;A:181:;A:183:;A:188:,A:152:;A:188:
asparaginase_alumoh,oxide,98,9,alternative interface,D:181:,TYR,181,D,6,2,14.203275050688235,0.3333333333333333,0.25723999999999997,0.29012,0.9628708653212101,D:152:;D:153:;D:178:;D:181:;D:183:;D:188:,D:152:;D:188:
asparaginase_alumoh,oxide,99,9,alternative interface,B:127:,PHE,127,B,7,1,10.375835171810639,0.14285714285714285,0.1442942857142857,0.07703,0.9877136405604658,A:121:;B:124:;B:125:;B:126:;B:127:;B:128:;B:130:,B:124:
asparaginase_alumoh,oxide,100,9,alternative interface,D:127:,PHE,127,D,7,1,10.26317015614012,0.14285714285714285,0.13844571428571426,0.0593,0.9880223637779714,C:121:;D:124:;D:125:;D:126:;D:127:;D:128:;D:130:,D:124:
asparaginase_alumoh,oxide,101,10,alternative interface,C:181:,TYR,181,C,6,2,14.299078394684058,0.3333333333333333,0.2681533333333333,0.31396,0.9623192390645644,C:152:;C:153:;C:178:;C:181:;C:183:;C:188:,C:152:;C:188:
asparaginase_alumoh,oxide,102,10,alternative interface,B:181:,TYR,181,B,6,2,14.375826357942149,0.3333333333333333,0.2633816666666667,0.28857,0.9623796320765831,B:152:;B:153:;B:178:;B:181:;B:183:;B:188:,B:152:;B:188:
asparaginase_alumoh,oxide,103,10,alternative interface,A:123:,ALA,123,A,10,1,11.807524363826015,0.1,0.17455500000000002,0.0816,0.985623218265405,A:116:;A:117:;A:118:;A:119:;A:120:;A:121:;A:123:;A:124:;A:125:;A:126:,A:124:
asparaginase_alumoh,oxide,104,10,alternative interface,B:123:,ALA,123,B,10,1,11.953281676538051,0.1,0.180004,0.07703,0.9854995373470959,B:116:;B:117:;B:118:;B:119:;B:120:;B:121:;B:123:;B:124:;B:125:;B:126:,B:124:
asparaginase_alumoh,oxide,105,11,alternative interface,A:166:,THR,166,A,7,1,13.842139481570399,0.14285714285714285,0.24820428571428568,0.26512,0.9510055417692885,A:164:;A:166:;A:167:;A:168:;C:246:;C:276:;C:277:,A:167:
asparaginase_alumoh,oxide,106,11,alternative interface,D:166:,THR,166,D,7,1,14.052493081652033,0.14285714285714285,0.2527614285714286,0.23532,0.9498839711129549,B:246:;B:276:;B:277:;D:164:;D:166:;D:167:;D:168:,D:167:
asparaginase_alumoh,oxide,107,11,alternative interface,C:123:,ALA,123,C,10,1,13.372026651642082,0.1,0.178457,0.07703,0.9802395779282647,C:116:;C:118:;C:119:;C:120:;C:121:;C:123:;C:124:;C:125:;C:126:;D:123:,C:124:
asparaginase_alumoh,oxide,108,12,alternative interface,C:166:,THR,166,C,7,1,13.97892320771191,0.14285714285714285,0.24187571428571428,0.26333,0.9509781265563859,A:246:;A:276:;A:277:;C:164:;C:166:;C:167:;C:168:,C:167:
asparaginase_alumoh,oxide,109,13,alternative interface,B:166:,THR,166,B,7,1,13.982945063066058,0.14285714285714285,0.23021,0.20596,0.950659312045532,B:164:;B:166:;B:167:;B:168:;D:246:;D:276:;D:277:,B:167:
asparaginase_alumoh,oxide,110,14,alternative interface,B:169:,ALA,169,B,7,1,14.62892058669771,0.14285714285714285,0.19980571428571428,0.20596,0.8982873485726875,A:168:;B:151:;B:164:;B:167:;B:168:;B:169:;B:172:,B:167:
asparaginase_alumoh,oxide,111,14,alternative interface,D:159:,ASP,159,D,7,1,10.990419846035303,0.14285714285714285,0.16796571428571427,0.032,0.9436298705248737,D:158:;D:159:;D:161:;D:172:;D:174:;D:175:;D:177:,D:159:
asparaginase_alumoh,calcium_phosphate,1,1,primary plausible interface,B:77:,CYS,77,B,8,5,13.15346319245731,0.625,0.47606125,0.84366,0.9925050804022229,B:107:;B:74:;B:75:;B:76:;B:77:;B:78:;B:79:;B:81:,B:107:;B:76:;B:78:;B:79:;B:81:
asparaginase_alumoh,calcium_phosphate,2,1,primary plausible interface,C:77:,CYS,77,C,8,5,13.229948373307618,0.625,0.47650624999999996,0.84164,0.9923667416965806,C:107:;C:74:;C:75:;C:76:;C:77:;C:78:;C:79:;C:81:,C:107:;C:76:;C:78:;C:79:;C:81:
asparaginase_alumoh,calcium_phosphate,3,1,primary plausible interface,A:77:,CYS,77,A,8,5,13.14027032607035,0.625,0.475535,0.82774,0.9925740005184234,A:107:;A:74:;A:75:;A:76:;A:77:;A:78:;A:79:;A:81:,A:107:;A:76:;A:78:;A:79:;A:81:
asparaginase_alumoh,calcium_phosphate,4,1,primary plausible interface,D:77:,CYS,77,D,8,5,13.088591163101963,0.625,0.462665,0.78994,0.9926219128158,D:107:;D:74:;D:75:;D:76:;D:77:;D:78:;D:79:;D:81:,D:107:;D:76:;D:78:;D:79:;D:81:
asparaginase_alumoh,calcium_phosphate,5,1,primary plausible interface,C:208:,LEU,208,C,6,3,12.083718672135833,0.5,0.731995,0.73555,0.993132368298002,C:204:;C:206:;C:207:;C:208:;C:209:;C:210:,C:204:;C:207:;C:210:
asparaginase_alumoh,calcium_phosphate,6,1,primary plausible interface,A:208:,LEU,208,A,5,2,10.68600837692765,0.4,0.7320059999999999,0.7051999999999999,0.9949268304489715,A:206:;A:207:;A:208:;A:209:;A:210:,A:207:;A:210:
asparaginase_alumoh,calcium_phosphate,7,1,primary plausible interface,D:208:,LEU,208,D,5,2,10.737330248244362,0.4,0.741822,0.69041,0.9950145408296931,D:206:;D:207:;D:208:;D:209:;D:210:,D:207:;D:210:
asparaginase_alumoh,calcium_phosphate,8,1,primary plausible interface,A:252:,THR,252,A,7,3,10.14855115934407,0.42857142857142855,0.41156428571428577,0.66494,0.9937031226282252,A:225:;A:250:;A:251:;A:252:;A:254:;A:255:;A:256:,A:225:;A:251:;A:255:
asparaginase_alumoh,calcium_phosphate,9,1,primary plausible interface,D:252:,THR,252,D,7,3,10.224577730550513,0.42857142857142855,0.4043128571428571,0.60945,0.9937276894007462,D:225:;D:250:;D:251:;D:252:;D:254:;D:255:;D:256:,D:225:;D:251:;D:255:
asparaginase_alumoh,calcium_phosphate,10,1,primary plausible interface,D:197:,HIS,197,D,7,5,12.036911492923387,0.7142857142857143,0.31416999999999995,0.60089,0.9887541944633965,D:100:;D:195:;D:196:;D:197:;D:199:;D:200:;D:326:,D:100:;D:195:;D:196:;D:197:;D:200:
asparaginase_alumoh,calcium_phosphate,11,1,primary plausible interface,C:197:,HIS,197,C,7,5,11.95058713933294,0.7142857142857143,0.2988214285714286,0.59091,0.9888178052552046,C:100:;C:195:;C:196:;C:197:;C:199:;C:200:;C:326:,C:100:;C:195:;C:196:;C:197:;C:200:
asparaginase_alumoh,calcium_phosphate,12,1,primary plausible interface,B:252:,THR,252,B,7,3,9.955068813259064,0.42857142857142855,0.3616442857142857,0.57728,0.993950727849438,B:225:;B:250:;B:251:;B:252:;B:254:;B:255:;B:256:,B:225:;B:251:;B:255:
asparaginase_alumoh,calcium_phosphate,13,1,primary plausible interface,B:197:,HIS,197,B,7,5,11.834224928840287,0.7142857142857143,0.29341000000000006,0.56026,0.9888178215187603,B:100:;B:195:;B:196:;B:197:;B:199:;B:200:;B:326:,B:100:;B:195:;B:196:;B:197:;B:200:
asparaginase_alumoh,calcium_phosphate,14,1,primary plausible interface,A:197:,HIS,197,A,7,5,11.97121440885907,0.7142857142857143,0.2844171428571428,0.5295799999999999,0.9888928454239482,A:100:;A:195:;A:196:;A:197:;A:199:;A:200:;A:326:,A:100:;A:195:;A:196:;A:197:;A:200:
asparaginase_alumoh,calcium_phosphate,15,1,primary plausible interface,B:235:,GLY,235,B,6,2,10.803652425448542,0.3333333333333333,0.4665066666666666,0.4475,0.9956842216787066,B:232:;B:233:;B:234:;B:235:;B:236:;B:237:,B:233:;B:237:
asparaginase_alumoh,calcium_phosphate,16,1,primary plausible interface,A:235:,GLY,235,A,6,2,10.996412673034584,0.3333333333333333,0.47591,0.43121000000000004,0.9955043143965259,A:232:;A:233:;A:234:;A:235:;A:236:;A:237:,A:233:;A:237:
asparaginase_alumoh,calcium_phosphate,17,1,primary plausible interface,A:72:,LYS,72,A,6,3,11.930818657257701,0.5,0.403065,0.25354,0.9936291019500003,A:68:;A:71:;A:72:;A:74:;A:75:;A:76:,A:71:;A:72:;A:76:
asparaginase_alumoh,calcium_phosphate,18,1,primary plausible interface,D:188:,ASP,188,D,3,2,8.147024226362358,0.6666666666666666,0.50111,0.20623999999999998,0.9944437893947456,D:181:;D:186:;D:188:,D:186:;D:188:
asparaginase_alumoh,calcium_phosphate,19,1,primary plausible interface,C:263:,ASN,263,C,5,1,8.750094911109745,0.2,0.6150260000000001,0.18276,0.9959722411151527,C:259:;C:262:;C:263:;C:264:;C:265:,C:262:
asparaginase_alumoh,calcium_phosphate,20,1,primary plausible interface,B:158:,ARG,158,B,3,3,10.949006398148441,1.0,0.08252,0.07488,0.9976002978989755,B:100:;B:158:;B:159:,B:100:;B:158:;B:159:
asparaginase_alumoh,calcium_phosphate,21,1,primary plausible interface,D:158:,ARG,158,D,3,3,10.872988993343752,1.0,0.08604666666666667,0.06694,0.9976336528501547,D:100:;D:158:;D:159:,D:100:;D:158:;D:159:
asparaginase_alumoh,calcium_phosphate,22,2,alternative interface,C:139:,LYS,139,C,6,2,9.366271551136233,0.3333333333333333,0.3796083333333333,0.65342,0.9894389625079343,C:108:;C:137:;C:138:;C:139:;C:140:;C:142:,C:138:;C:139:
asparaginase_alumoh,calcium_phosphate,23,2,alternative interface,B:208:,LEU,208,B,6,3,12.332945217881452,0.5,0.6860516666666666,0.64884,0.9929175787701617,B:204:;B:206:;B:207:;B:208:;B:209:;B:210:,B:204:;B:207:;B:210:
asparaginase_alumoh,calcium_phosphate,24,2,alternative interface,A:142:,ALA,142,A,9,5,12.721882991918713,0.5555555555555556,0.4243411111111111,0.63185,0.9865253607216952,A:106:;A:107:;A:108:;A:138:;A:139:;A:140:;A:142:;A:143:;A:144:,A:106:;A:107:;A:138:;A:139:;A:144:
asparaginase_alumoh,calcium_phosphate,25,2,alternative interface,B:142:,ALA,142,B,9,5,12.860484046165688,0.5555555555555556,0.42547111111111113,0.62869,0.9864392878897884,B:106:;B:107:;B:108:;B:138:;B:139:;B:140:;B:142:;B:143:;B:144:,B:106:;B:107:;B:138:;B:139:;B:144:
asparaginase_alumoh,calcium_phosphate,26,2,alternative interface,A:285:,ASP,285,A,9,5,13.85206021061459,0.5555555555555556,0.4346733333333333,0.6062299999999999,0.9907958877819032,A:280:;A:281:;A:282:;A:283:;A:285:;A:286:;A:287:;A:288:;A:289:,A:281:;A:283:;A:285:;A:286:;A:288:
asparaginase_alumoh,calcium_phosphate,27,2,alternative interface,B:63:,ASP,63,B,6,3,11.601468277134899,0.5,0.4789016666666666,0.56495,0.9929449519246982,B:210:;B:62:;B:63:;B:64:;B:65:;D:222:,B:210:;B:63:;B:64:
asparaginase_alumoh,calcium_phosphate,28,2,alternative interface,D:41:,GLN,41,D,6,2,10.709070315082748,0.3333333333333333,0.4890083333333333,0.44219,0.9949170065923423,D:130:;D:40:;D:41:;D:43:;D:44:;D:45:,D:43:;D:44:
asparaginase_alumoh,calcium_phosphate,29,2,alternative interface,B:259:,THR,259,B,6,2,12.66718002082639,0.3333333333333333,0.5155983333333334,0.38231000000000004,0.9935132408967272,B:255:;B:256:;B:258:;B:259:;B:262:;B:263:,B:255:;B:262:
asparaginase_alumoh,calcium_phosphate,30,2,alternative interface,C:68:,THR,68,C,5,3,12.116392825320538,0.6,0.43806200000000006,0.30876000000000003,0.9909913550687683,C:64:;C:65:;C:68:;C:71:;C:72:,C:64:;C:71:;C:72:
asparaginase_alumoh,calcium_phosphate,31,2,alternative interface,A:317:,GLN,317,A,7,1,12.861176622977263,0.14285714285714285,0.5759657142857143,0.3006,0.9931225378903455,A:290:;A:315:;A:316:;A:317:;A:318:;A:320:;A:321:,A:315:
asparaginase_alumoh,calcium_phosphate,32,2,alternative interface,D:259:,THR,259,D,6,2,12.621634245867524,0.3333333333333333,0.5145383333333333,0.26275,0.9937065209500306,D:255:;D:256:;D:258:;D:259:;D:262:;D:263:,D:255:;D:262:
asparaginase_alumoh,calcium_phosphate,33,2,alternative interface,D:72:,LYS,72,D,6,3,11.998178701411677,0.5,0.3945083333333333,0.25282,0.9935978532747732,D:68:;D:71:;D:72:;D:74:;D:75:;D:76:,D:71:;D:72:;D:76:
asparaginase_alumoh,calcium_phosphate,34,2,alternative interface,A:37:,ASN,37,A,7,1,11.186157865468328,0.14285714285714285,0.5167685714285714,0.2009,0.993834692429745,A:33:;A:34:;A:35:;A:36:;A:37:;A:38:;A:40:,A:33:
asparaginase_alumoh,calcium_phosphate,35,2,alternative interface,A:158:,ARG,158,A,3,3,10.927046049370889,1.0,0.07150333333333332,0.07143,0.997348946373526,A:100:;A:158:;A:159:,A:100:;A:158:;A:159:
asparaginase_alumoh,calcium_phosphate,36,2,alternative interface,C:158:,ARG,158,C,3,3,10.884579319998048,1.0,0.07876,0.06651,0.9975422537377829,C:100:;C:158:;C:159:,C:100:;C:158:;C:159:
asparaginase_alumoh,calcium_phosphate,37,3,alternative interface,B:230:,ALA,230,B,10,2,11.992749234801671,0.2,0.303066,0.64593,0.9922678462456669,B:226:;B:227:;B:229:;B:230:;B:232:;B:233:;B:234:;D:226:;D:227:;D:230:,B:229:;B:233:
asparaginase_alumoh,calcium_phosphate,38,3,alternative interface,A:230:,ALA,230,A,10,2,12.022333691492076,0.2,0.295273,0.63971,0.99230842285689,A:226:;A:227:;A:229:;A:230:;A:232:;A:233:;A:234:;C:226:;C:227:;C:230:,A:229:;A:233:
asparaginase_alumoh,calcium_phosphate,39,3,alternative interface,C:252:,THR,252,C,8,3,11.36759851948754,0.375,0.351325,0.6294299999999999,0.991404445216408,C:224:;C:225:;C:250:;C:251:;C:252:;C:254:;C:255:;C:256:,C:225:;C:251:;C:255:
asparaginase_alumoh,calcium_phosphate,40,3,alternative interface,A:212:,PRO,212,A,6,3,13.517969644366667,0.5,0.43545166666666674,0.6170300000000001,0.9886303816872009,A:210:;A:212:;A:213:;A:236:;A:237:;A:311:,A:210:;A:213:;A:237:
asparaginase_alumoh,calcium_phosphate,41,3,alternative interface,D:142:,ALA,142,D,9,5,12.568634880976573,0.5555555555555556,0.40786555555555554,0.58265,0.9867741143175186,D:106:;D:107:;D:108:;D:138:;D:139:;D:140:;D:142:;D:143:;D:144:,D:106:;D:107:;D:138:;D:139:;D:144:
asparaginase_alumoh,calcium_phosphate,42,3,alternative interface,D:50:,GLY,50,D,8,3,11.876958979414477,0.375,0.36167375,0.5729299999999999,0.9898258740782813,D:32:;D:33:;D:36:;D:49:;D:50:;D:51:;D:52:;D:5:,D:33:;D:49:;D:51:
asparaginase_alumoh,calcium_phosphate,43,3,alternative interface,C:63:,ASP,63,C,6,3,11.86130819387338,0.5,0.47965166666666664,0.56592,0.9927819814195636,A:222:;C:210:;C:62:;C:63:;C:64:;C:65:,C:210:;C:63:;C:64:
asparaginase_alumoh,calcium_phosphate,44,3,alternative interface,A:63:,ASP,63,A,6,3,11.701910401763946,0.5,0.4699633333333333,0.56259,0.9928341964397178,A:210:;A:62:;A:63:;A:64:;A:65:;C:222:,A:210:;A:63:;A:64:
asparaginase_alumoh,calcium_phosphate,45,3,alternative interface,D:63:,ASP,63,D,6,3,11.620759431483812,0.5,0.476385,0.5572699999999999,0.9929323778398177,B:222:;D:210:;D:62:;D:63:;D:64:;D:65:,D:210:;D:63:;D:64:
asparaginase_alumoh,calcium_phosphate,46,3,alternative interface,C:285:,ASP,285,C,9,5,13.79596131786386,0.5555555555555556,0.4019966666666666,0.5411699999999999,0.9906667321508031,C:280:;C:281:;C:282:;C:283:;C:285:;C:286:;C:287:;C:288:;C:289:,C:281:;C:283:;C:285:;C:286:;C:288:
asparaginase_alumoh,calcium_phosphate,47,3,alternative interface,B:285:,ASP,285,B,9,5,13.921078811743602,0.5555555555555556,0.3979411111111111,0.53444,0.9907203413813421,B:280:;B:281:;B:282:;B:283:;B:285:;B:286:;B:287:;B:288:;B:289:,B:281:;B:283:;B:285:;B:286:;B:288:
asparaginase_alumoh,calcium_phosphate,48,3,alternative interface,A:258:,ALA,258,A,8,2,13.080859923802612,0.25,0.48871999999999993,0.44619,0.9905128167905752,A:254:;A:255:;A:256:;A:258:;A:259:;A:262:;A:289:;A:290:,A:255:;A:262:
asparaginase_alumoh,calcium_phosphate,49,3,alternative interface,C:314:,LYS,314,C,7,2,14.431605635749131,0.2857142857142857,0.4848171428571429,0.39454999999999996,0.9905889835047107,C:264:;C:312:;C:313:;C:314:;C:315:;C:316:;C:318:,C:314:;C:315:
asparaginase_alumoh,calcium_phosphate,50,3,alternative interface,D:290:,GLY,290,D,9,3,15.377642051197498,0.3333333333333333,0.48918777777777783,0.37283,0.9884080068572756,D:258:;D:262:;D:286:;D:287:;D:288:;D:289:;D:290:;D:316:;D:317:,D:262:;D:286:;D:288:
asparaginase_alumoh,calcium_phosphate,51,3,alternative interface,B:290:,GLY,290,B,9,3,15.321495822618777,0.3333333333333333,0.5104777777777777,0.36118,0.9885613730626219,B:258:;B:262:;B:286:;B:287:;B:288:;B:289:;B:290:;B:316:;B:317:,B:262:;B:286:;B:288:
asparaginase_alumoh,calcium_phosphate,52,3,alternative interface,A:204:,ASP,204,A,4,2,13.3526371182133,0.5,0.5944075,0.31292000000000003,0.9924347698732989,A:202:;A:204:;A:206:;A:207:,A:204:;A:207:
asparaginase_alumoh,calcium_phosphate,53,3,alternative interface,B:71:,LYS,71,B,6,2,10.434274898813147,0.3333333333333333,0.42942166666666665,0.30624,0.9931170575722459,B:206:;B:68:;B:71:;B:72:;B:74:;B:75:,B:71:;B:72:
asparaginase_alumoh,calcium_phosphate,54,3,alternative interface,C:317:,GLN,317,C,7,1,13.0663420853211,0.14285714285714285,0.5454457142857143,0.13487,0.9929175772465361,C:290:;C:315:;C:316:;C:317:;C:318:;C:320:;C:321:,C:315:
asparaginase_alumoh,calcium_phosphate,55,4,alternative interface,D:212:,PRO,212,D,6,3,13.591018106376684,0.5,0.4133416666666667,0.5789,0.9883361133637324,D:210:;D:212:;D:213:;D:236:;D:237:;D:311:,D:210:;D:213:;D:237:
asparaginase_alumoh,calcium_phosphate,56,4,alternative interface,B:212:,PRO,212,B,6,3,13.596854444602318,0.5,0.42435500000000004,0.56737,0.9883490442058236,B:210:;B:212:;B:213:;B:236:;B:237:;B:311:,B:210:;B:213:;B:237:
asparaginase_alumoh,calcium_phosphate,57,4,alternative interface,A:314:,LYS,314,A,8,2,14.66416080182699,0.25,0.4767375,0.52384,0.9897112658718445,A:264:;A:266:;A:312:;A:313:;A:314:;A:315:;A:316:;A:318:,A:314:;A:315:
asparaginase_alumoh,calcium_phosphate,58,4,alternative interface,D:285:,ASP,285,D,9,5,13.846347647437835,0.5555555555555556,0.39581,0.52166,0.9906573059905931,D:280:;D:281:;D:282:;D:283:;D:285:;D:286:;D:287:;D:288:;D:289:,D:281:;D:283:;D:285:;D:286:;D:288:
asparaginase_alumoh,calcium_phosphate,59,4,alternative interface,C:232:,VAL,232,C,8,2,12.644959671708175,0.25,0.3866125,0.51822,0.9924946134369116,C:229:;C:230:;C:232:;C:233:;C:234:;C:235:;C:236:;C:265:,C:229:;C:233:
asparaginase_alumoh,calcium_phosphate,60,4,alternative interface,B:314:,LYS,314,B,8,2,14.452252977390799,0.25,0.47727375,0.49505000000000005,0.9898344587449563,B:264:;B:266:;B:312:;B:313:;B:314:;B:315:;B:316:;B:318:,B:314:;B:315:
asparaginase_alumoh,calcium_phosphate,61,4,alternative interface,A:41:,GLN,41,A,7,2,11.932875597597107,0.2857142857142857,0.4510871428571428,0.49361,0.9922194489730375,A:130:;A:40:;A:41:;A:43:;A:44:;A:45:;B:21:,A:43:;A:44:
asparaginase_alumoh,calcium_phosphate,62,4,alternative interface,C:50:,GLY,50,C,7,3,11.350009374782266,0.42857142857142855,0.3273542857142857,0.48938000000000004,0.9918486602277937,C:33:;C:49:;C:50:;C:51:;C:52:;C:5:;C:8:,C:33:;C:49:;C:51:
asparaginase_alumoh,calcium_phosphate,63,4,alternative interface,C:258:,ALA,258,C,8,2,12.888543622666848,0.25,0.4626825,0.45053,0.9905176890382824,C:254:;C:255:;C:256:;C:258:;C:259:;C:262:;C:289:;C:290:,C:255:;C:262:
asparaginase_alumoh,calcium_phosphate,64,4,alternative interface,B:36:,VAL,36,B,8,1,13.24649260145098,0.125,0.46624875,0.37377000000000005,0.9924287092420229,B:32:;B:33:;B:34:;B:35:;B:36:;B:37:;B:38:;B:40:,B:33:
asparaginase_alumoh,calcium_phosphate,65,4,alternative interface,B:49:,LYS,49,B,5,2,13.447826728812649,0.4,0.462506,0.33990000000000004,0.9900364045611453,B:3:;B:47:;B:49:;B:51:;B:5:,B:49:;B:51:
asparaginase_alumoh,calcium_phosphate,66,4,alternative interface,D:204:,ASP,204,D,4,2,13.49035744604292,0.5,0.57989,0.30326000000000003,0.9924049515736102,D:202:;D:204:;D:206:;D:207:,D:204:;D:207:
asparaginase_alumoh,calcium_phosphate,67,5,alternative interface,C:212:,PRO,212,C,6,3,13.520437558372011,0.5,0.41651166666666667,0.54256,0.9882682938780354,C:210:;C:212:;C:213:;C:236:;C:237:;C:311:,C:210:;C:213:;C:237:
asparaginase_alumoh,calcium_phosphate,68,5,alternative interface,D:232:,VAL,232,D,8,2,12.824093896805346,0.25,0.37446375,0.48597,0.9924251309395312,D:229:;D:230:;D:232:;D:233:;D:234:;D:235:;D:236:;D:265:,D:229:;D:233:
asparaginase_alumoh,calcium_phosphate,69,5,alternative interface,A:50:,GLY,50,A,7,3,12.005111342979998,0.42857142857142855,0.3419414285714285,0.47,0.9892323120174178,A:33:;A:36:;A:49:;A:50:;A:51:;A:52:;A:5:,A:33:;A:49:;A:51:
asparaginase_alumoh,calcium_phosphate,70,5,alternative interface,D:314:,LYS,314,D,8,2,14.536466259348371,0.25,0.456515,0.45476,0.9898257000746531,D:264:;D:266:;D:312:;D:313:;D:314:;D:315:;D:316:;D:318:,D:314:;D:315:
asparaginase_alumoh,calcium_phosphate,71,5,alternative interface,B:41:,GLN,41,B,7,2,12.485808484379762,0.2857142857142857,0.4039371428571429,0.41706000000000004,0.9919801418022661,A:21:;B:130:;B:40:;B:41:;B:43:;B:44:;B:45:,B:43:;B:44:
asparaginase_alumoh,calcium_phosphate,72,5,alternative interface,C:106:,ASP,106,C,8,4,12.53061139771322,0.5,0.31432375,0.32902000000000003,0.988886744452594,C:104:;C:106:;C:107:;C:108:;C:142:;C:143:;C:144:;C:199:,C:104:;C:106:;C:107:;C:144:
asparaginase_alumoh,calcium_phosphate,73,5,alternative interface,D:3:,ASN,3,D,8,2,13.278591979208704,0.25,0.42480375,0.3268,0.9903295240824588,D:137:;D:1:;D:2:;D:3:;D:47:;D:49:;D:5:;D:81:,D:49:;D:81:
asparaginase_alumoh,calcium_phosphate,74,5,alternative interface,C:3:,ASN,3,C,8,2,12.998678816836954,0.25,0.44330875,0.31119,0.9904372999094058,C:137:;C:1:;C:2:;C:3:;C:47:;C:49:;C:5:;C:81:,C:49:;C:81:
asparaginase_alumoh,calcium_phosphate,75,5,alternative interface,D:19:,SER,19,D,7,2,9.64801583339418,0.2857142857142857,0.3687985714285714,0.29778,0.9922639700936248,D:119:;D:120:;D:18:;D:19:;D:20:;D:21:;D:22:,D:18:;D:22:
asparaginase_alumoh,calcium_phosphate,76,5,alternative interface,A:265:,THR,265,A,8,2,13.88553355063223,0.25,0.43705125,0.27954,0.9913127143762399,A:232:;A:236:;A:237:;A:262:;A:263:;A:264:;A:265:;A:266:,A:237:;A:262:
asparaginase_alumoh,calcium_phosphate,77,5,alternative interface,B:265:,THR,265,B,8,2,14.023681734324278,0.25,0.44197875,0.23931999999999998,0.9913003598427698,B:232:;B:236:;B:237:;B:262:;B:263:;B:264:;B:265:;B:266:,B:237:;B:262:
asparaginase_alumoh,calcium_phosphate,78,5,alternative interface,D:104:,LYS,104,D,4,2,10.231441975650476,0.5,0.289165,0.14856999999999998,0.9922814772398478,D:104:;D:106:;D:199:;D:74:,D:104:;D:106:
asparaginase_alumoh,calcium_phosphate,79,5,alternative interface,B:104:,LYS,104,B,4,2,10.314427775837041,0.5,0.292425,0.14292,0.992165223832906,B:104:;B:106:;B:199:;B:74:,B:104:;B:106:
asparaginase_alumoh,calcium_phosphate,80,5,alternative interface,A:104:,LYS,104,A,4,2,10.296288668078445,0.5,0.287365,0.13352,0.9923096147122648,A:104:;A:106:;A:199:;A:74:,A:104:;A:106:
asparaginase_alumoh,calcium_phosphate,81,6,alternative interface,C:24:,ASN,24,C,9,4,11.529177521412663,0.4444444444444444,0.3725333333333334,0.51666,0.9872946803637689,A:281:;A:282:;A:283:;C:18:;C:22:;C:23:;C:24:;C:25:;C:26:,A:281:;A:283:;C:18:;C:22:
asparaginase_alumoh,calcium_phosphate,82,6,alternative interface,A:24:,ASN,24,A,11,4,13.623184878732268,0.36363636363636365,0.39418363636363635,0.5059,0.9858576571522755,A:17:;A:18:;A:19:;A:22:;A:23:;A:24:;A:25:;A:26:;C:281:;C:282:;C:283:,A:18:;A:22:;C:281:;C:283:
asparaginase_alumoh,calcium_phosphate,83,6,alternative interface,B:184:,ASN,184,B,8,4,11.819916069250596,0.5,0.33186125,0.46184,0.9843172705459932,A:21:;A:22:;A:23:;B:183:;B:184:;B:185:;B:186:;C:281:,A:22:;B:183:;B:186:;C:281:
asparaginase_alumoh,calcium_phosphate,84,6,alternative interface,C:41:,GLN,41,C,8,2,12.347817915018855,0.25,0.37273375,0.43258,0.9906688578965165,C:130:;C:39:;C:40:;C:41:;C:43:;C:44:;C:45:;D:21:,C:43:;C:44:
asparaginase_alumoh,calcium_phosphate,85,6,alternative interface,D:31:,GLY,31,D,9,2,12.828757888126821,0.2222222222222222,0.45566000000000006,0.4299,0.9886007571333141,D:29:;D:30:;D:31:;D:32:;D:33:;D:34:;D:35:;D:52:;D:55:,D:29:;D:33:
asparaginase_alumoh,calcium_phosphate,86,6,alternative interface,C:31:,GLY,31,C,9,2,12.523648011765522,0.2222222222222222,0.38547555555555557,0.42438000000000003,0.9888879970593749,C:14:;C:29:;C:30:;C:31:;C:33:;C:34:;C:35:;C:52:;C:8:,C:29:;C:33:
asparaginase_alumoh,calcium_phosphate,87,6,alternative interface,A:31:,GLY,31,A,8,2,12.811434482744499,0.25,0.39404874999999995,0.3636,0.9872473670552577,A:29:;A:30:;A:31:;A:33:;A:34:;A:35:;A:52:;A:55:,A:29:;A:33:
asparaginase_alumoh,calcium_phosphate,88,6,alternative interface,C:19:,SER,19,C,9,2,12.664954604085866,0.2222222222222222,0.3880111111111111,0.33257,0.9891614400686024,C:119:;C:120:;C:16:;C:18:;C:19:;C:20:;C:21:;C:22:;C:23:,C:18:;C:22:
asparaginase_alumoh,calcium_phosphate,89,6,alternative interface,A:3:,ASN,3,A,8,2,13.000986621480033,0.25,0.4306225,0.30818999999999996,0.9904280980662845,A:137:;A:1:;A:2:;A:3:;A:47:;A:49:;A:5:;A:81:,A:49:;A:81:
asparaginase_alumoh,calcium_phosphate,90,6,alternative interface,B:137:,ALA,137,B,9,3,15.091138299344317,0.3333333333333333,0.38299333333333335,0.21109000000000003,0.9874976044880662,B:108:;B:134:;B:137:;B:138:;B:139:;B:2:;B:3:;B:45:;B:81:,B:138:;B:139:;B:81:
asparaginase_alumoh,calcium_phosphate,91,6,alternative interface,B:325:,GLN,325,B,7,2,12.401391426526176,0.2857142857142857,0.3608771428571429,0.07864,0.9875391882098672,B:195:;B:196:;B:321:;B:322:;B:324:;B:325:;B:326:,B:195:;B:196:
asparaginase_alumoh,calcium_phosphate,92,6,alternative interface,C:193:,PRO,193,C,6,3,10.630253516723316,0.5,0.299815,0.07644999999999999,0.9844064825842677,C:144:;C:192:;C:193:;C:194:;C:195:;C:196:,C:144:;C:195:;C:196:
asparaginase_alumoh,calcium_phosphate,93,6,alternative interface,C:325:,GLN,325,C,7,2,12.38342888046465,0.2857142857142857,0.37199,0.07644999999999999,0.9875361548753857,C:195:;C:196:;C:321:;C:322:;C:324:;C:325:;C:326:,C:195:;C:196:
asparaginase_alumoh,calcium_phosphate,94,6,alternative interface,D:193:,PRO,193,D,6,3,10.712404999747314,0.5,0.300815,0.07368999999999999,0.984359268168361,D:144:;D:192:;D:193:;D:194:;D:195:;D:196:,D:144:;D:195:;D:196:
asparaginase_alumoh,calcium_phosphate,95,6,alternative interface,D:325:,GLN,325,D,7,2,12.343023927153837,0.2857142857142857,0.3901228571428571,0.07368999999999999,0.9876117308162835,D:195:;D:196:;D:321:;D:322:;D:324:;D:325:;D:326:,D:195:;D:196:
asparaginase_alumoh,calcium_phosphate,96,6,alternative interface,A:193:,PRO,193,A,6,3,10.574032110819493,0.5,0.28958666666666666,0.07253,0.9849180789682109,A:144:;A:192:;A:193:;A:194:;A:195:;A:196:,A:144:;A:195:;A:196:
asparaginase_alumoh,calcium_phosphate,97,7,alternative interface,B:24:,ASN,24,B,10,4,13.285153994035346,0.4,0.371953,0.4836,0.9857890069959035,B:18:;B:19:;B:22:;B:23:;B:24:;B:25:;B:26:;D:281:;D:282:;D:283:,B:18:;B:22:;D:281:;D:283:
asparaginase_alumoh,calcium_phosphate,98,7,alternative interface,D:24:,ASN,24,D,9,4,12.380984690465876,0.4444444444444444,0.34759666666666666,0.44895,0.9867336636180161,B:281:;B:282:;B:283:;D:18:;D:22:;D:23:;D:24:;D:25:;D:26:,B:281:;B:283:;D:18:;D:22:
asparaginase_alumoh,calcium_phosphate,99,7,alternative interface,A:184:,ASN,184,A,8,4,12.013826577268507,0.5,0.32280125,0.44034999999999996,0.9837120822745481,A:183:;A:184:;A:185:;A:186:;B:21:;B:22:;B:23:;D:281:,A:183:;A:186:;B:22:;D:281:
asparaginase_alumoh,calcium_phosphate,100,7,alternative interface,B:31:,GLY,31,B,10,2,13.001311874891746,0.2,0.38161999999999996,0.34630000000000005,0.9879397600788165,B:29:;B:30:;B:31:;B:32:;B:33:;B:34:;B:35:;B:52:;B:55:;B:8:,B:29:;B:33:
asparaginase_alumoh,calcium_phosphate,101,7,alternative interface,B:20:,ALA,20,B,9,2,12.21433387182098,0.2222222222222222,0.3321088888888889,0.23851,0.9893960152666144,B:119:;B:120:;B:121:;B:18:;B:19:;B:20:;B:21:;B:22:;B:23:,B:18:;B:22:
asparaginase_alumoh,calcium_phosphate,102,7,alternative interface,B:193:,PRO,193,B,6,3,10.703448079285128,0.5,0.3058216666666667,0.07864,0.9842666005142694,B:144:;B:192:;B:193:;B:194:;B:195:;B:196:,B:144:;B:195:;B:196:
asparaginase_alumoh,calcium_phosphate,103,7,alternative interface,A:325:,GLN,325,A,7,2,12.52096007562425,0.2857142857142857,0.3628657142857143,0.07253,0.9874864165992677,A:195:;A:196:;A:321:;A:322:;A:324:;A:325:;A:326:,A:195:;A:196:
asparaginase_alumoh,calcium_phosphate,104,7,alternative interface,C:88:,GLY,88,C,8,1,11.518445340870086,0.125,0.13241250000000002,0.027370000000000002,0.9894105540810888,C:12:;C:27:;C:56:;C:57:;C:59:;C:88:;C:89:;C:90:,C:90:
asparaginase_alumoh,calcium_phosphate,105,7,alternative interface,A:89:,THR,89,A,4,1,9.397008874701458,0.25,0.080045,0.02719,0.9902225671287028,A:12:;A:88:;A:89:;A:90:,A:90:
asparaginase_alumoh,calcium_phosphate,106,8,alternative interface,C:184:,ASN,184,C,8,4,11.976054526570127,0.5,0.31383,0.41131999999999996,0.9836087817940316,B:281:;C:183:;C:184:;C:185:;C:186:;D:21:;D:22:;D:23:,B:281:;C:183:;C:186:;D:22:
asparaginase_alumoh,calcium_phosphate,107,8,alternative interface,D:60:,ASP,60,D,8,2,12.967829855855829,0.25,0.3135125,0.31365,0.9855764231378268,B:222:;B:250:;B:251:;D:56:;D:57:;D:59:;D:60:;D:62:,B:251:;D:60:
asparaginase_alumoh,calcium_phosphate,108,8,alternative interface,B:60:,ASP,60,B,8,2,12.898680704597638,0.25,0.31633125,0.30912,0.9853842570081173,B:56:;B:57:;B:59:;B:60:;B:62:;D:222:;D:250:;D:251:,B:60:;D:251:
asparaginase_alumoh,calcium_phosphate,109,8,alternative interface,A:123:,ALA,123,A,10,2,11.807524363826015,0.2,0.17455500000000002,0.09576000000000001,0.985623218265405,A:116:;A:117:;A:118:;A:119:;A:120:;A:121:;A:123:;A:124:;A:125:;A:126:,A:116:;A:124:
asparaginase_alumoh,calcium_phosphate,110,8,alternative interface,B:127:,PHE,127,B,7,1,10.375835171810639,0.14285714285714285,0.1442942857142857,0.0506,0.9877136405604658,A:121:;B:124:;B:125:;B:126:;B:127:;B:128:;B:130:,B:124:
asparaginase_alumoh,calcium_phosphate,111,8,alternative interface,D:127:,PHE,127,D,7,1,10.26317015614012,0.14285714285714285,0.13844571428571426,0.03895,0.9880223637779714,C:121:;D:124:;D:125:;D:126:;D:127:;D:128:;D:130:,D:124:
asparaginase_alumoh,calcium_phosphate,112,8,alternative interface,B:88:,GLY,88,B,6,1,11.215482023091727,0.16666666666666666,0.14068833333333333,0.027370000000000002,0.9892336286852624,B:12:;B:56:;B:57:;B:59:;B:88:;B:90:,B:90:
asparaginase_alumoh,calcium_phosphate,113,9,alternative interface,D:183:,HIS,183,D,8,3,14.00926589302929,0.375,0.29822375,0.36115,0.9746792660801651,A:279:;C:23:;D:152:;D:181:;D:183:;D:184:;D:185:;D:186:,D:152:;D:183:;D:186:
asparaginase_alumoh,calcium_phosphate,114,9,alternative interface,A:181:,TYR,181,A,6,3,14.315133166926827,0.5,0.2747466666666667,0.34027999999999997,0.9624933447767474,A:152:;A:153:;A:178:;A:181:;A:183:;A:188:,A:152:;A:183:;A:188:
asparaginase_alumoh,calcium_phosphate,115,9,alternative interface,C:60:,ASP,60,C,8,2,12.897169735764491,0.25,0.30599875,0.30199000000000004,0.9855287956425826,A:222:;A:250:;A:251:;C:56:;C:57:;C:59:;C:60:;C:62:,A:251:;C:60:
asparaginase_alumoh,calcium_phosphate,116,10,alternative interface,C:181:,TYR,181,C,6,3,14.299078394684058,0.5,0.2681533333333333,0.33293,0.9623192390645644,C:152:;C:153:;C:178:;C:181:;C:183:;C:188:,C:152:;C:183:;C:188:
asparaginase_alumoh,calcium_phosphate,117,10,alternative interface,B:181:,TYR,181,B,6,3,14.375826357942149,0.5,0.2633816666666667,0.30601,0.9623796320765831,B:152:;B:153:;B:178:;B:181:;B:183:;B:188:,B:152:;B:183:;B:188:
asparaginase_alumoh,calcium_phosphate,118,10,alternative interface,A:60:,ASP,60,A,8,2,13.020340201140122,0.25,0.28641249999999996,0.28509,0.9854804824748101,A:56:;A:57:;A:59:;A:60:;A:62:;C:222:;C:250:;C:251:,A:60:;C:251:
asparaginase_alumoh,calcium_phosphate,119,10,alternative interface,B:123:,ALA,123,B,10,2,11.953281676538051,0.2,0.180004,0.09652,0.9854995373470959,B:116:;B:117:;B:118:;B:119:;B:120:;B:121:;B:123:;B:124:;B:125:;B:126:,B:116:;B:124:
asparaginase_alumoh,calcium_phosphate,120,11,alternative interface,D:27:,ALA,27,D,11,2,14.156273500833802,0.18181818181818182,0.22728181818181817,0.20274,0.9827119675538393,B:283:;D:117:;D:12:;D:16:;D:25:;D:26:;D:27:;D:29:;D:56:;D:57:;D:88:,B:283:;D:29:
asparaginase_alumoh,calcium_phosphate,121,11,alternative interface,A:161:,THR,161,A,5,2,11.621155380598118,0.4,0.22827599999999998,0.19785,0.935825944503009,A:159:;A:161:;A:163:;A:172:;A:174:,A:159:;A:172:
asparaginase_alumoh,calcium_phosphate,122,11,alternative interface,D:161:,THR,161,D,5,2,11.543982815930669,0.4,0.213388,0.19132000000000002,0.9365199771282338,D:159:;D:161:;D:163:;D:172:;D:174:,D:159:;D:172:
asparaginase_alumoh,calcium_phosphate,123,11,alternative interface,C:161:,THR,161,C,5,2,11.537060402800071,0.4,0.21852200000000002,0.18588000000000002,0.9363960492175207,C:159:;C:161:;C:163:;C:172:;C:174:,C:159:;C:172:
asparaginase_alumoh,calcium_phosphate,124,11,alternative interface,C:166:,THR,166,C,7,1,13.97892320771191,0.14285714285714285,0.24187571428571428,0.17783000000000002,0.9509781265563859,A:246:;A:276:;A:277:;C:164:;C:166:;C:167:;C:168:,C:167:
asparaginase_alumoh,calcium_phosphate,125,11,alternative interface,A:166:,THR,166,A,7,1,13.842139481570399,0.14285714285714285,0.24820428571428568,0.17416,0.9510055417692885,A:164:;A:166:;A:167:;A:168:;C:246:;C:276:;C:277:,A:167:
asparaginase_alumoh,calcium_phosphate,126,11,alternative interface,D:166:,THR,166,D,7,1,14.052493081652033,0.14285714285714285,0.2527614285714286,0.15458,0.9498839711129549,B:246:;B:276:;B:277:;D:164:;D:166:;D:167:;D:168:,D:167:
asparaginase_alumoh,calcium_phosphate,127,11,alternative interface,C:151:,ASN,151,C,7,3,12.979217645179512,0.42857142857142855,0.15531714285714288,0.12437,0.9529983857560533,C:124:;C:128:;C:151:;C:152:;C:153:;C:168:;D:167:,C:124:;C:152:;D:167:
asparaginase_alumoh,calcium_phosphate,128,11,alternative interface,D:153:,THR,153,D,5,1,11.47840135703473,0.2,0.19671,0.10141,0.9578419277183223,D:151:;D:152:;D:153:;D:178:;D:181:,D:152:
asparaginase_alumoh,calcium_phosphate,129,11,alternative interface,C:116:,ARG,116,C,9,2,13.789651478039376,0.2222222222222222,0.15519000000000002,0.06939000000000001,0.9816078161450125,C:116:;C:118:;C:120:;C:123:;C:124:;C:125:;C:12:;C:168:;C:23:,C:116:;C:124:
asparaginase_alumoh,calcium_phosphate,130,11,alternative interface,C:126:,PRO,126,C,11,1,13.936874282898456,0.09090909090909091,0.19758000000000003,0.02796,0.9845635261335648,C:118:;C:123:;C:124:;C:125:;C:126:;C:127:;C:128:;C:130:;C:38:;C:39:;D:121:,C:124:
asparaginase_alumoh,calcium_phosphate,131,11,alternative interface,D:90:,ASP,90,D,4,1,11.73794108123098,0.25,0.12759,0.02572,0.9789392584148954,B:246:;D:59:;D:88:;D:90:,D:90:
asparaginase_alumoh,calcium_phosphate,132,12,alternative interface,B:161:,THR,161,B,5,2,11.562709612292144,0.4,0.21248199999999998,0.19515000000000002,0.9349698872441172,B:159:;B:161:;B:163:;B:172:;B:174:,B:159:;B:172:
asparaginase_alumoh,calcium_phosphate,133,12,alternative interface,A:27:,ALA,27,A,11,2,13.669268896015,0.18181818181818182,0.21953818181818183,0.19126,0.982703684810835,A:117:;A:12:;A:16:;A:25:;A:26:;A:27:;A:29:;A:56:;A:57:;A:88:;C:283:,A:29:;C:283:
asparaginase_alumoh,calcium_phosphate,134,12,alternative interface,B:166:,THR,166,B,7,1,13.982945063066058,0.14285714285714285,0.23021,0.1353,0.950659312045532,B:164:;B:166:;B:167:;B:168:;D:246:;D:276:;D:277:,B:167:
asparaginase_alumoh,calcium_phosphate,135,12,alternative interface,A:151:,ASN,151,A,8,3,13.045402248795888,0.375,0.137455,0.10909,0.9470038236593257,A:124:;A:128:;A:151:;A:152:;A:153:;A:168:;B:167:;B:168:,A:124:;A:152:;B:167:
asparaginase_alumoh,calcium_phosphate,136,13,alternative interface,B:169:,ALA,169,B,7,2,14.62892058669771,0.2857142857142857,0.19980571428571428,0.1353,0.8982873485726875,A:168:;B:151:;B:164:;B:167:;B:168:;B:169:;B:172:,B:167:;B:172:
asparaginase_alumoh,calcium_phosphate,137,13,alternative interface,D:123:,ALA,123,D,11,2,14.199556332208436,0.18181818181818182,0.18006090909090908,0.09012,0.9800364709637481,C:123:;D:116:;D:117:;D:118:;D:119:;D:120:;D:121:;D:123:;D:124:;D:125:;D:126:,D:116:;D:124:
asparaginase_alumoh,metal_coord,1,1,primary plausible interface,A:77:,CYS,77,A,8,4,13.14027032607035,0.5,0.475535,0.9813200000000001,0.9925740005184234,A:107:;A:74:;A:75:;A:76:;A:77:;A:78:;A:79:;A:81:,A:76:;A:77:;A:78:;A:81:
asparaginase_alumoh,metal_coord,2,1,primary plausible interface,B:77:,CYS,77,B,8,4,13.15346319245731,0.5,0.47606125,0.94003,0.9925050804022229,B:107:;B:74:;B:75:;B:76:;B:77:;B:78:;B:79:;B:81:,B:76:;B:77:;B:78:;B:81:
asparaginase_alumoh,metal_coord,3,1,primary plausible interface,C:77:,CYS,77,C,8,4,13.229948373307618,0.5,0.47650624999999996,0.93854,0.9923667416965806,C:107:;C:74:;C:75:;C:76:;C:77:;C:78:;C:79:;C:81:,C:76:;C:77:;C:78:;C:81:
asparaginase_alumoh,metal_coord,4,1,primary plausible interface,D:77:,CYS,77,D,8,4,13.088591163101963,0.5,0.462665,0.8993899999999999,0.9926219128158,D:107:;D:74:;D:75:;D:76:;D:77:;D:78:;D:79:;D:81:,D:76:;D:77:;D:78:;D:81:
asparaginase_alumoh,metal_coord,5,1,primary plausible interface,C:63:,ASP,63,C,6,3,11.86130819387338,0.5,0.47965166666666664,0.8094,0.9927819814195636,A:222:;C:210:;C:62:;C:63:;C:64:;C:65:,C:210:;C:63:;C:64:
asparaginase_alumoh,metal_coord,6,1,primary plausible interface,B:63:,ASP,63,B,6,3,11.601468277134899,0.5,0.4789016666666666,0.8080200000000001,0.9929449519246982,B:210:;B:62:;B:63:;B:64:;B:65:;D:222:,B:210:;B:63:;B:64:
asparaginase_alumoh,metal_coord,7,1,primary plausible interface,A:252:,THR,252,A,7,2,10.14855115934407,0.2857142857142857,0.41156428571428577,0.73031,0.9937031226282252,A:225:;A:250:;A:251:;A:252:;A:254:;A:255:;A:256:,A:225:;A:255:
asparaginase_alumoh,metal_coord,8,1,primary plausible interface,A:209:,ASN,209,A,5,2,12.884485679208254,0.4,0.813622,0.7120099999999999,0.9939902391212538,A:207:;A:208:;A:209:;A:210:;A:64:,A:210:;A:64:
asparaginase_alumoh,metal_coord,9,1,primary plausible interface,C:209:,ASN,209,C,5,2,12.941549230692939,0.4,0.8150960000000002,0.70441,0.9940219955550251,C:207:;C:208:;C:209:;C:210:;C:64:,C:210:;C:64:
asparaginase_alumoh,metal_coord,10,1,primary plausible interface,D:209:,ASN,209,D,5,2,12.898968352365316,0.4,0.820036,0.6885899999999999,0.9939723566481468,D:207:;D:208:;D:209:;D:210:;D:64:,D:210:;D:64:
asparaginase_alumoh,metal_coord,11,1,primary plausible interface,D:199:,SER,199,D,5,3,9.79672405278503,0.6,0.375042,0.5199900000000001,0.9925804775335562,D:104:;D:106:;D:197:;D:199:;D:200:,D:106:;D:197:;D:200:
asparaginase_alumoh,metal_coord,12,1,primary plausible interface,D:235:,GLY,235,D,6,2,10.932662191883436,0.3333333333333333,0.432745,0.49245,0.9955514305881429,D:232:;D:233:;D:234:;D:235:;D:236:;D:237:,D:233:;D:237:
asparaginase_alumoh,metal_coord,13,1,primary plausible interface,D:41:,GLN,41,D,6,1,10.709070315082748,0.16666666666666666,0.4890083333333333,0.40049999999999997,0.9949170065923423,D:130:;D:40:;D:41:;D:43:;D:44:;D:45:,D:44:
asparaginase_alumoh,metal_coord,14,1,primary plausible interface,D:100:,ASP,100,D,3,2,8.975225201315967,0.6666666666666666,0.10499666666666667,0.10742000000000002,0.9954466885429294,D:100:;D:158:;D:197:,D:100:;D:197:
asparaginase_alumoh,metal_coord,15,2,alternative interface,A:63:,ASP,63,A,6,3,11.701910401763946,0.5,0.4699633333333333,0.80463,0.9928341964397178,A:210:;A:62:;A:63:;A:64:;A:65:;C:222:,A:210:;A:63:;A:64:
asparaginase_alumoh,metal_coord,16,2,alternative interface,D:63:,ASP,63,D,6,3,11.620759431483812,0.5,0.476385,0.79703,0.9929323778398177,B:222:;D:210:;D:62:;D:63:;D:64:;D:65:,D:210:;D:63:;D:64:
asparaginase_alumoh,metal_coord,17,2,alternative interface,B:209:,ASN,209,B,5,2,12.818801806665194,0.4,0.808878,0.6976,0.9938497713082926,B:207:;B:208:;B:209:;B:210:;B:64:,B:210:;B:64:
asparaginase_alumoh,metal_coord,18,2,alternative interface,B:252:,THR,252,B,7,2,9.955068813259064,0.2857142857142857,0.3616442857142857,0.59494,0.993950727849438,B:225:;B:250:;B:251:;B:252:;B:254:;B:255:;B:256:,B:225:;B:255:
asparaginase_alumoh,metal_coord,19,2,alternative interface,B:199:,SER,199,B,5,3,9.947789248462627,0.6,0.359328,0.48366,0.9924625390414702,B:104:;B:106:;B:197:;B:199:;B:200:,B:106:;B:197:;B:200:
asparaginase_alumoh,metal_coord,20,2,alternative interface,A:226:,LEU,226,A,7,1,9.673900599591951,0.14285714285714285,0.2383542857142857,0.17886,0.9943023167677211,A:225:;A:226:;A:227:;A:229:;A:230:;C:227:;C:230:,A:225:
asparaginase_alumoh,metal_coord,21,2,alternative interface,C:100:,ASP,100,C,3,2,8.939318453601217,0.6666666666666666,0.09980333333333334,0.10109,0.9950838541325172,C:100:;C:158:;C:197:,C:100:;C:197:
asparaginase_alumoh,metal_coord,22,2,alternative interface,A:100:,ASP,100,A,3,2,8.951094660151453,0.6666666666666666,0.09675,0.09974999999999999,0.9953894788703921,A:100:;A:158:;A:197:,A:100:;A:197:
asparaginase_alumoh,metal_coord,23,2,alternative interface,B:100:,ASP,100,B,3,2,8.89345934672613,0.6666666666666666,0.10019333333333331,0.099,0.9953388038010652,B:100:;B:158:;B:197:,B:100:;B:197:
asparaginase_alumoh,metal_coord,24,3,alternative interface,C:252:,THR,252,C,8,2,11.36759851948754,0.25,0.351325,0.69491,0.991404445216408,C:224:;C:225:;C:250:;C:251:;C:252:;C:254:;C:255:;C:256:,C:225:;C:255:
asparaginase_alumoh,metal_coord,25,3,alternative interface,D:252:,THR,252,D,7,2,10.224577730550513,0.2857142857142857,0.4043128571428571,0.63807,0.9937276894007462,D:225:;D:250:;D:251:;D:252:;D:254:;D:255:;D:256:,D:225:;D:255:
asparaginase_alumoh,metal_coord,26,3,alternative interface,A:285:,ASP,285,A,9,4,13.85206021061459,0.4444444444444444,0.4346733333333333,0.6031,0.9907958877819032,A:280:;A:281:;A:282:;A:283:;A:285:;A:286:;A:287:;A:288:;A:289:,A:281:;A:283:;A:285:;A:286:
asparaginase_alumoh,metal_coord,27,3,alternative interface,C:199:,SER,199,C,6,3,14.559895155366355,0.5,0.3661733333333334,0.5382,0.9896711520804589,C:104:;C:106:;C:197:;C:199:;C:200:;C:202:,C:106:;C:197:;C:200:
asparaginase_alumoh,metal_coord,28,3,alternative interface,A:33:,GLU,33,A,7,1,10.65798682633252,0.14285714285714285,0.42458999999999997,0.46399999999999997,0.9926181322296754,A:31:;A:33:;A:34:;A:35:;A:36:;A:37:;A:50:,A:33:
asparaginase_alumoh,metal_coord,29,3,alternative interface,D:2:,PRO,2,D,7,1,12.51447684110569,0.14285714285714285,0.40737285714285715,0.44137,0.9929855635857197,D:137:;D:1:;D:2:;D:3:;D:45:;D:47:;D:81:,D:81:
asparaginase_alumoh,metal_coord,30,3,alternative interface,A:314:,LYS,314,A,8,1,14.66416080182699,0.125,0.4767375,0.42993000000000003,0.9897112658718445,A:264:;A:266:;A:312:;A:313:;A:314:;A:315:;A:316:;A:318:,A:315:
asparaginase_alumoh,metal_coord,31,3,alternative interface,B:314:,LYS,314,B,8,1,14.452252977390799,0.125,0.47727375,0.41804,0.9898344587449563,B:264:;B:266:;B:312:;B:313:;B:314:;B:315:;B:316:;B:318:,B:315:
asparaginase_alumoh,metal_coord,32,3,alternative interface,C:258:,ALA,258,C,8,1,12.888543622666848,0.125,0.4626825,0.41137999999999997,0.9905176890382824,C:254:;C:255:;C:256:;C:258:;C:259:;C:262:;C:289:;C:290:,C:255:
asparaginase_alumoh,metal_coord,33,3,alternative interface,A:212:,PRO,212,A,6,2,13.517969644366667,0.3333333333333333,0.43545166666666674,0.39981,0.9886303816872009,A:210:;A:212:;A:213:;A:236:;A:237:;A:311:,A:210:;A:237:
asparaginase_alumoh,metal_coord,34,3,alternative interface,A:41:,GLN,41,A,7,1,11.932875597597107,0.14285714285714285,0.4510871428571428,0.39652,0.9922194489730375,A:130:;A:40:;A:41:;A:43:;A:44:;A:45:;B:21:,A:44:
asparaginase_alumoh,metal_coord,35,3,alternative interface,A:258:,ALA,258,A,8,1,13.080859923802612,0.125,0.48871999999999993,0.37875,0.9905128167905752,A:254:;A:255:;A:256:;A:258:;A:259:;A:262:;A:289:;A:290:,A:255:
asparaginase_alumoh,metal_coord,36,3,alternative interface,C:314:,LYS,314,C,7,1,14.431605635749131,0.14285714285714285,0.4848171428571429,0.34911000000000003,0.9905889835047107,C:264:;C:312:;C:313:;C:314:;C:315:;C:316:;C:318:,C:315:
asparaginase_alumoh,metal_coord,37,3,alternative interface,C:204:,ASP,204,C,5,1,13.514531784902104,0.2,0.5667340000000001,0.31273,0.9918442763315385,C:202:;C:204:;C:206:;C:207:;C:208:,C:204:
asparaginase_alumoh,metal_coord,38,3,alternative interface,A:204:,ASP,204,A,4,1,13.3526371182133,0.25,0.5944075,0.26563,0.9924347698732989,A:202:;A:204:;A:206:;A:207:,A:204:
asparaginase_alumoh,metal_coord,39,3,alternative interface,A:317:,GLN,317,A,7,1,12.861176622977263,0.14285714285714285,0.5759657142857143,0.25517,0.9931225378903455,A:290:;A:315:;A:316:;A:317:;A:318:;A:320:;A:321:,A:315:
asparaginase_alumoh,metal_coord,40,4,alternative interface,A:232:,VAL,232,A,8,1,12.859383556384985,0.125,0.38502749999999997,0.60332,0.9924401738929141,A:229:;A:230:;A:232:;A:233:;A:234:;A:235:;A:236:;A:265:,A:233:
asparaginase_alumoh,metal_coord,41,4,alternative interface,D:32:,VAL,32,D,10,2,12.784725601363213,0.2,0.39404500000000003,0.60146,0.9898142292766337,D:30:;D:31:;D:32:;D:33:;D:34:;D:35:;D:36:;D:50:;D:51:;D:52:,D:33:;D:51:
asparaginase_alumoh,metal_coord,42,4,alternative interface,B:232:,VAL,232,B,8,1,12.757756629457296,0.125,0.39726125,0.58301,0.9925075340577295,B:229:;B:230:;B:232:;B:233:;B:234:;B:235:;B:236:;B:265:,B:233:
asparaginase_alumoh,metal_coord,43,4,alternative interface,C:285:,ASP,285,C,9,4,13.79596131786386,0.4444444444444444,0.4019966666666666,0.56158,0.9906667321508031,C:280:;C:281:;C:282:;C:283:;C:285:;C:286:;C:287:;C:288:;C:289:,C:281:;C:283:;C:285:;C:286:
asparaginase_alumoh,metal_coord,44,4,alternative interface,B:285:,ASP,285,B,9,4,13.921078811743602,0.4444444444444444,0.3979411111111111,0.51413,0.9907203413813421,B:280:;B:281:;B:282:;B:283:;B:285:;B:286:;B:287:;B:288:;B:289:,B:281:;B:283:;B:285:;B:286:
asparaginase_alumoh,metal_coord,45,4,alternative interface,A:199:,SER,199,A,6,3,14.668163888212863,0.5,0.3598166666666667,0.5075500000000001,0.9896316845401705,A:104:;A:106:;A:197:;A:199:;A:200:;A:202:,A:106:;A:197:;A:200:
asparaginase_alumoh,metal_coord,46,4,alternative interface,C:50:,GLY,50,C,7,2,11.350009374782266,0.2857142857142857,0.3273542857142857,0.47685,0.9918486602277937,C:33:;C:49:;C:50:;C:51:;C:52:;C:5:;C:8:,C:33:;C:51:
asparaginase_alumoh,metal_coord,47,4,alternative interface,D:314:,LYS,314,D,8,1,14.536466259348371,0.125,0.456515,0.40090000000000003,0.9898257000746531,D:264:;D:266:;D:312:;D:313:;D:314:;D:315:;D:316:;D:318:,D:315:
asparaginase_alumoh,metal_coord,48,4,alternative interface,B:212:,PRO,212,B,6,2,13.596854444602318,0.3333333333333333,0.42435500000000004,0.34228000000000003,0.9883490442058236,B:210:;B:212:;B:213:;B:236:;B:237:;B:311:,B:210:;B:237:
asparaginase_alumoh,metal_coord,49,4,alternative interface,B:41:,GLN,41,B,7,1,12.485808484379762,0.14285714285714285,0.4039371428571429,0.32205,0.9919801418022661,A:21:;B:130:;B:40:;B:41:;B:43:;B:44:;B:45:,B:44:
asparaginase_alumoh,metal_coord,50,4,alternative interface,B:258:,ALA,258,B,8,1,13.210608321233718,0.125,0.42953125000000003,0.28089,0.9901391764219377,B:254:;B:255:;B:256:;B:258:;B:259:;B:262:;B:289:;B:290:,B:255:
asparaginase_alumoh,metal_coord,51,4,alternative interface,D:258:,ALA,258,D,8,1,13.1540412531501,0.125,0.43006375,0.26279,0.9903187717112533,D:254:;D:255:;D:256:;D:258:;D:259:;D:262:;D:289:;D:290:,D:255:
asparaginase_alumoh,metal_coord,52,4,alternative interface,D:19:,SER,19,D,7,1,9.64801583339418,0.14285714285714285,0.3687985714285714,0.25917999999999997,0.9922639700936248,D:119:;D:120:;D:18:;D:19:;D:20:;D:21:;D:22:,D:18:
asparaginase_alumoh,metal_coord,53,4,alternative interface,D:204:,ASP,204,D,4,1,13.49035744604292,0.25,0.57989,0.25742,0.9924049515736102,D:202:;D:204:;D:206:;D:207:,D:204:
asparaginase_alumoh,metal_coord,54,4,alternative interface,B:317:,GLN,317,B,7,1,12.816774480730665,0.14285714285714285,0.5675471428571429,0.24811,0.9930886290128615,B:290:;B:315:;B:316:;B:317:;B:318:;B:320:;B:321:,B:315:
asparaginase_alumoh,metal_coord,55,4,alternative interface,A:72:,LYS,72,A,6,1,11.930818657257701,0.16666666666666666,0.403065,0.20539000000000002,0.9936291019500003,A:68:;A:71:;A:72:;A:74:;A:75:;A:76:,A:76:
asparaginase_alumoh,metal_coord,56,5,alternative interface,C:232:,VAL,232,C,8,1,12.644959671708175,0.125,0.3866125,0.57312,0.9924946134369116,C:229:;C:230:;C:232:;C:233:;C:234:;C:235:;C:236:;C:265:,C:233:
asparaginase_alumoh,metal_coord,57,5,alternative interface,C:25:,TYR,25,C,10,2,13.582152225188146,0.2,0.324587,0.56636,0.984482368531027,A:282:;A:283:;C:16:;C:18:;C:22:;C:23:;C:24:;C:25:;C:26:;C:27:,A:283:;C:18:
asparaginase_alumoh,metal_coord,58,5,alternative interface,B:24:,ASN,24,B,10,3,13.285153994035346,0.3,0.371953,0.5405,0.9857890069959035,B:18:;B:19:;B:22:;B:23:;B:24:;B:25:;B:26:;D:281:;D:282:;D:283:,B:18:;D:281:;D:283:
asparaginase_alumoh,metal_coord,59,5,alternative interface,D:285:,ASP,285,D,9,4,13.846347647437835,0.4444444444444444,0.39581,0.50726,0.9906573059905931,D:280:;D:281:;D:282:;D:283:;D:285:;D:286:;D:287:;D:288:;D:289:,D:281:;D:283:;D:285:;D:286:
asparaginase_alumoh,metal_coord,60,5,alternative interface,A:181:,TYR,181,A,6,3,14.315133166926827,0.5,0.2747466666666667,0.40948999999999997,0.9624933447767474,A:152:;A:153:;A:178:;A:181:;A:183:;A:188:,A:152:;A:183:;A:188:
asparaginase_alumoh,metal_coord,61,5,alternative interface,D:181:,TYR,181,D,6,3,14.203275050688235,0.5,0.25723999999999997,0.36799,0.9628708653212101,D:152:;D:153:;D:178:;D:181:;D:183:;D:188:,D:152:;D:183:;D:188:
asparaginase_alumoh,metal_coord,62,5,alternative interface,D:212:,PRO,212,D,6,2,13.591018106376684,0.3333333333333333,0.4133416666666667,0.3275,0.9883361133637324,D:210:;D:212:;D:213:;D:236:;D:237:;D:311:,D:210:;D:237:
asparaginase_alumoh,metal_coord,63,5,alternative interface,C:212:,PRO,212,C,6,2,13.520437558372011,0.3333333333333333,0.41651166666666667,0.32085,0.9882682938780354,C:210:;C:212:;C:213:;C:236:;C:237:;C:311:,C:210:;C:237:
asparaginase_alumoh,metal_coord,64,5,alternative interface,A:51:,GLU,51,A,6,1,12.734749865041971,0.16666666666666666,0.2536966666666667,0.26177,0.9906808021608046,A:49:;A:50:;A:51:;A:52:;A:53:;A:5:,A:51:
asparaginase_alumoh,metal_coord,65,5,alternative interface,D:317:,GLN,317,D,7,1,12.990324913181345,0.14285714285714285,0.5606842857142857,0.23794,0.9929483102635859,D:290:;D:315:;D:316:;D:317:;D:318:;D:320:;D:321:,D:315:
asparaginase_alumoh,metal_coord,66,5,alternative interface,B:204:,ASP,204,B,5,1,13.649547834044093,0.2,0.4988659999999999,0.21824000000000002,0.9915305515347771,B:202:;B:204:;B:206:;B:207:;B:208:,B:204:
asparaginase_alumoh,metal_coord,67,5,alternative interface,A:142:,ALA,142,A,9,2,12.721882991918713,0.2222222222222222,0.4243411111111111,0.21265,0.9865253607216952,A:106:;A:107:;A:108:;A:138:;A:139:;A:140:;A:142:;A:143:;A:144:,A:106:;A:138:
asparaginase_alumoh,metal_coord,68,5,alternative interface,D:72:,LYS,72,D,6,1,11.998178701411677,0.16666666666666666,0.3945083333333333,0.19067,0.9935978532747732,D:68:;D:71:;D:72:;D:74:;D:75:;D:76:,D:76:
asparaginase_alumoh,metal_coord,69,5,alternative interface,B:142:,ALA,142,B,9,2,12.860484046165688,0.2222222222222222,0.42547111111111113,0.18457,0.9864392878897884,B:106:;B:107:;B:108:;B:138:;B:139:;B:140:;B:142:;B:143:;B:144:,B:106:;B:138:
asparaginase_alumoh,metal_coord,70,6,alternative interface,D:230:,ALA,230,D,10,1,12.012506164968613,0.1,0.28572,0.49668,0.9922732079383023,B:226:;B:227:;B:230:;D:226:;D:227:;D:229:;D:230:;D:232:;D:233:;D:234:,D:233:
asparaginase_alumoh,metal_coord,71,6,alternative interface,C:31:,GLY,31,C,9,1,12.523648011765522,0.1111111111111111,0.38547555555555557,0.47685,0.9888879970593749,C:14:;C:29:;C:30:;C:31:;C:33:;C:34:;C:35:;C:52:;C:8:,C:33:
asparaginase_alumoh,metal_coord,72,6,alternative interface,D:196:,LYS,196,D,8,2,12.430487016451167,0.25,0.335025,0.46488999999999997,0.9876031212895519,D:193:;D:194:;D:195:;D:196:;D:197:;D:200:;D:325:;D:326:,D:197:;D:200:
asparaginase_alumoh,metal_coord,73,6,alternative interface,A:19:,SER,19,A,10,1,10.535637716819089,0.1,0.373935,0.45988,0.9893357319943822,A:119:;A:120:;A:17:;A:18:;A:19:;A:20:;A:21:;A:22:;A:23:;A:24:,A:18:
asparaginase_alumoh,metal_coord,74,6,alternative interface,B:32:,VAL,32,B,10,2,12.576586520476063,0.2,0.35807999999999995,0.45466,0.989550881925848,B:30:;B:31:;B:32:;B:33:;B:34:;B:35:;B:36:;B:51:;B:52:;B:8:,B:33:;B:51:
asparaginase_alumoh,metal_coord,75,6,alternative interface,C:196:,LYS,196,C,8,2,12.436424889684108,0.25,0.32992125,0.43935,0.9876947403076127,C:193:;C:194:;C:195:;C:196:;C:197:;C:200:;C:325:;C:326:,C:197:;C:200:
asparaginase_alumoh,metal_coord,76,6,alternative interface,A:196:,LYS,196,A,8,2,12.414498322099117,0.25,0.31761125,0.41294,0.9877182186725658,A:193:;A:194:;A:195:;A:196:;A:197:;A:200:;A:325:;A:326:,A:197:;A:200:
asparaginase_alumoh,metal_coord,77,6,alternative interface,C:181:,TYR,181,C,6,3,14.299078394684058,0.5,0.2681533333333333,0.39636000000000005,0.9623192390645644,C:152:;C:153:;C:178:;C:181:;C:183:;C:188:,C:152:;C:183:;C:188:
asparaginase_alumoh,metal_coord,78,6,alternative interface,C:41:,GLN,41,C,8,1,12.347817915018855,0.125,0.37273375,0.37817999999999996,0.9906688578965165,C:130:;C:39:;C:40:;C:41:;C:43:;C:44:;C:45:;D:21:,C:44:
asparaginase_alumoh,metal_coord,79,6,alternative interface,B:181:,TYR,181,B,6,3,14.375826357942149,0.5,0.2633816666666667,0.37189999999999995,0.9623796320765831,B:152:;B:153:;B:178:;B:181:;B:183:;B:188:,B:152:;B:183:;B:188:
asparaginase_alumoh,metal_coord,80,6,alternative interface,C:19:,SER,19,C,9,1,12.664954604085866,0.1111111111111111,0.3880111111111111,0.31690999999999997,0.9891614400686024,C:119:;C:120:;C:16:;C:18:;C:19:;C:20:;C:21:;C:22:;C:23:,C:18:
asparaginase_alumoh,metal_coord,81,6,alternative interface,D:24:,ASN,24,D,9,3,12.380984690465876,0.3333333333333333,0.34759666666666666,0.308,0.9867336636180161,B:281:;B:282:;B:283:;D:18:;D:22:;D:23:;D:24:;D:25:;D:26:,B:281:;B:283:;D:18:
asparaginase_alumoh,metal_coord,82,6,alternative interface,B:137:,ALA,137,B,9,2,15.091138299344317,0.2222222222222222,0.38299333333333335,0.3019,0.9874976044880662,B:108:;B:134:;B:137:;B:138:;B:139:;B:2:;B:3:;B:45:;B:81:,B:138:;B:81:
asparaginase_alumoh,metal_coord,83,6,alternative interface,A:137:,ALA,137,A,9,2,14.929450367336056,0.2222222222222222,0.37244444444444447,0.29527000000000003,0.9877584646492543,A:108:;A:134:;A:137:;A:138:;A:139:;A:2:;A:3:;A:45:;A:81:,A:138:;A:81:
asparaginase_alumoh,metal_coord,84,6,alternative interface,C:137:,ALA,137,C,9,2,14.909713524316677,0.2222222222222222,0.36939666666666665,0.28483,0.9878987326296592,C:108:;C:134:;C:137:;C:138:;C:139:;C:2:;C:3:;C:45:;C:81:,C:138:;C:81:
asparaginase_alumoh,metal_coord,85,6,alternative interface,C:142:,ALA,142,C,9,2,12.83927473104557,0.2222222222222222,0.41579555555555553,0.24258,0.9864874478914413,C:106:;C:107:;C:108:;C:138:;C:139:;C:140:;C:142:;C:143:;C:144:,C:106:;C:138:
asparaginase_alumoh,metal_coord,86,6,alternative interface,D:59:,GLN,59,D,8,2,14.552743889810413,0.25,0.24869249999999998,0.22943999999999998,0.9887951390675602,B:250:;B:251:;D:56:;D:57:;D:59:;D:60:;D:88:;D:90:,D:60:;D:90:
asparaginase_alumoh,metal_coord,87,6,alternative interface,B:59:,GLN,59,B,8,2,14.706474923662377,0.25,0.25213875,0.21873,0.9884576182023913,B:56:;B:57:;B:59:;B:60:;B:88:;B:90:;D:250:;D:251:,B:60:;B:90:
asparaginase_alumoh,metal_coord,88,6,alternative interface,C:59:,GLN,59,C,7,2,14.772314666274612,0.2857142857142857,0.23805,0.21475000000000002,0.9887060036217882,A:250:;A:251:;C:57:;C:59:;C:60:;C:88:;C:90:,C:60:;C:90:
asparaginase_alumoh,metal_coord,89,6,alternative interface,A:59:,GLN,59,A,7,2,14.711110333293,0.2857142857142857,0.21837142857142858,0.20765999999999998,0.9888123954754515,A:57:;A:59:;A:60:;A:88:;A:90:;C:250:;C:251:,A:60:;A:90:
asparaginase_alumoh,metal_coord,90,6,alternative interface,C:317:,GLN,317,C,7,1,13.0663420853211,0.14285714285714285,0.5454457142857143,0.2072,0.9929175772465361,C:290:;C:315:;C:316:;C:317:;C:318:;C:320:;C:321:,C:315:
asparaginase_alumoh,metal_coord,91,6,alternative interface,A:186:,LYS,186,A,5,2,10.742486691863725,0.4,0.358412,0.20328,0.9864798911993434,A:183:;A:184:;A:185:;A:186:;A:188:,A:183:;A:188:
asparaginase_alumoh,metal_coord,92,6,alternative interface,D:142:,ALA,142,D,9,2,12.568634880976573,0.2222222222222222,0.40786555555555554,0.1841,0.9867741143175186,D:106:;D:107:;D:108:;D:138:;D:139:;D:140:;D:142:;D:143:;D:144:,D:106:;D:138:
asparaginase_alumoh,metal_coord,93,6,alternative interface,B:72:,LYS,72,B,6,1,12.003576428347023,0.16666666666666666,0.383315,0.14884,0.9935088300862543,B:68:;B:71:;B:72:;B:74:;B:75:;B:76:,B:76:
asparaginase_alumoh,metal_coord,94,6,alternative interface,C:89:,THR,89,C,4,1,9.657184038946419,0.25,0.08901,0.04206000000000001,0.9898875800023191,C:12:;C:88:;C:89:;C:90:,C:90:
asparaginase_alumoh,metal_coord,95,6,alternative interface,A:89:,THR,89,A,4,1,9.397008874701458,0.25,0.080045,0.041769999999999995,0.9902225671287028,A:12:;A:88:;A:89:;A:90:,A:90:
asparaginase_alumoh,metal_coord,96,6,alternative interface,B:20:,ALA,20,B,9,2,12.21433387182098,0.2222222222222222,0.3321088888888889,0.03924,0.9893960152666144,B:119:;B:120:;B:121:;B:18:;B:19:;B:20:;B:21:;B:22:;B:23:,B:121:;B:18:
asparaginase_alumoh,metal_coord,97,7,alternative interface,B:196:,LYS,196,B,8,2,12.34468207544102,0.25,0.30563125,0.41698999999999997,0.9876489661526806,B:193:;B:194:;B:195:;B:196:;B:197:;B:200:;B:325:;B:326:,B:197:;B:200:
asparaginase_alumoh,metal_coord,98,7,alternative interface,D:265:,THR,265,D,8,1,13.913385086472601,0.125,0.40798875,0.19437000000000001,0.9913219350771786,D:232:;D:236:;D:237:;D:262:;D:263:;D:264:;D:265:;D:266:,D:237:
asparaginase_alumoh,metal_coord,99,7,alternative interface,C:186:,LYS,186,C,6,2,12.389668089143314,0.3333333333333333,0.2968916666666667,0.19166,0.9818817746437537,C:134:;C:183:;C:184:;C:185:;C:186:;C:188:,C:183:;C:188:
asparaginase_alumoh,metal_coord,100,7,alternative interface,B:186:,LYS,186,B,5,2,10.892347566948636,0.4,0.342496,0.18896000000000002,0.9862542537781861,B:183:;B:184:;B:185:;B:186:;B:188:,B:183:;B:188:
asparaginase_alumoh,metal_coord,101,7,alternative interface,D:186:,LYS,186,D,5,2,10.80044373387584,0.4,0.343316,0.18003,0.9863944401295008,D:183:;D:184:;D:185:;D:186:;D:188:,D:183:;D:188:
asparaginase_alumoh,metal_coord,102,7,alternative interface,C:151:,ASN,151,C,7,3,12.979217645179512,0.42857142857142855,0.15531714285714288,0.17787,0.9529983857560533,C:124:;C:128:;C:151:;C:152:;C:153:;C:168:;D:167:,C:124:;C:152:;D:167:
asparaginase_alumoh,metal_coord,103,7,alternative interface,D:151:,ASN,151,D,7,3,13.075782066967495,0.42857142857142855,0.14638142857142858,0.14504,0.953295341396822,C:167:;D:124:;D:128:;D:151:;D:152:;D:153:;D:168:,C:167:;D:124:;D:152:
asparaginase_alumoh,metal_coord,104,7,alternative interface,B:127:,PHE,127,B,7,2,10.375835171810639,0.2857142857142857,0.1442942857142857,0.12283,0.9877136405604658,A:121:;B:124:;B:125:;B:126:;B:127:;B:128:;B:130:,A:121:;B:124:
asparaginase_alumoh,metal_coord,105,7,alternative interface,C:226:,LEU,226,C,8,1,11.095584936682187,0.125,0.2044975,0.11764,0.9928527289915652,A:227:;A:230:;C:224:;C:225:;C:226:;C:227:;C:229:;C:230:,C:225:
asparaginase_alumoh,metal_coord,106,7,alternative interface,D:127:,PHE,127,D,7,2,10.26317015614012,0.2857142857142857,0.13844571428571426,0.11196,0.9880223637779714,C:121:;D:124:;D:125:;D:126:;D:127:;D:128:;D:130:,C:121:;D:124:
asparaginase_alumoh,metal_coord,107,8,alternative interface,C:166:,THR,166,C,7,1,13.97892320771191,0.14285714285714285,0.24187571428571428,0.25434,0.9509781265563859,A:246:;A:276:;A:277:;C:164:;C:166:;C:167:;C:168:,C:167:
asparaginase_alumoh,metal_coord,108,8,alternative interface,A:166:,THR,166,A,7,1,13.842139481570399,0.14285714285714285,0.24820428571428568,0.24908999999999998,0.9510055417692885,A:164:;A:166:;A:167:;A:168:;C:246:;C:276:;C:277:,A:167:
asparaginase_alumoh,metal_coord,109,8,alternative interface,D:166:,THR,166,D,7,1,14.052493081652033,0.14285714285714285,0.2527614285714286,0.22109,0.9498839711129549,B:246:;B:276:;B:277:;D:164:;D:166:;D:167:;D:168:,D:167:
asparaginase_alumoh,metal_coord,110,8,alternative interface,A:151:,ASN,151,A,8,3,13.045402248795888,0.375,0.137455,0.15603,0.9470038236593257,A:124:;A:128:;A:151:;A:152:;A:153:;A:168:;B:167:;B:168:,A:124:;A:152:;B:167:
asparaginase_alumoh,metal_coord,111,8,alternative interface,C:123:,ALA,123,C,10,2,13.372026651642082,0.2,0.178457,0.12862,0.9802395779282647,C:116:;C:118:;C:119:;C:120:;C:121:;C:123:;C:124:;C:125:;C:126:;D:123:,C:121:;C:124:
asparaginase_alumoh,metal_coord,112,8,alternative interface,A:123:,ALA,123,A,10,2,11.807524363826015,0.2,0.17455500000000002,0.12712,0.985623218265405,A:116:;A:117:;A:118:;A:119:;A:120:;A:121:;A:123:;A:124:;A:125:;A:126:,A:121:;A:124:
asparaginase_alumoh,metal_coord,113,8,alternative interface,B:123:,ALA,123,B,10,2,11.953281676538051,0.2,0.180004,0.11162000000000001,0.9854995373470959,B:116:;B:117:;B:118:;B:119:;B:120:;B:121:;B:123:;B:124:;B:125:;B:126:,B:121:;B:124:
asparaginase_alumoh,metal_coord,114,8,alternative interface,A:25:,TYR,25,A,11,2,12.663392659689006,0.18181818181818182,0.2908972727272727,0.07175,0.9859939589576863,A:117:;A:16:;A:17:;A:18:;A:23:;A:24:;A:25:;A:26:;A:27:;C:282:;C:283:,A:18:;C:283:
asparaginase_alumoh,metal_coord,115,8,alternative interface,C:127:,PHE,127,C,9,2,13.319409951031004,0.2222222222222222,0.1476111111111111,0.05606,0.9813533538140804,C:124:;C:125:;C:126:;C:127:;C:128:;C:130:;C:131:;D:121:;D:21:,C:124:;D:121:
asparaginase_alumoh,metal_coord,116,8,alternative interface,A:127:,PHE,127,A,7,2,10.417736604673308,0.2857142857142857,0.1343042857142857,0.03924,0.9876913096400395,A:124:;A:125:;A:126:;A:127:;A:128:;A:130:;B:121:,A:124:;B:121:
asparaginase_alumoh,metal_coord,117,9,alternative interface,B:166:,THR,166,B,7,1,13.982945063066058,0.14285714285714285,0.23021,0.19351,0.950659312045532,B:164:;B:166:;B:167:;B:168:;D:246:;D:276:;D:277:,B:167:
asparaginase_alumoh,metal_coord,118,9,alternative interface,A:159:,ASP,159,A,6,1,10.745038706930359,0.16666666666666666,0.09891333333333334,0.03557,0.9524197819235134,A:158:;A:159:;A:161:;A:174:;A:175:;A:177:,A:159:
asparaginase_alumoh,metal_coord,119,9,alternative interface,B:159:,ASP,159,B,6,1,11.042270289426737,0.16666666666666666,0.19145,0.033319999999999995,0.9505516017195609,B:158:;B:159:;B:161:;B:172:;B:174:;B:177:,B:159:
asparaginase_alumoh,metal_coord,120,10,alternative interface,B:169:,ALA,169,B,7,1,14.62892058669771,0.14285714285714285,0.19980571428571428,0.19351,0.8982873485726875,A:168:;B:151:;B:164:;B:167:;B:168:;B:169:;B:172:,B:167:
asparaginase_alumoh,metal_coord,121,10,alternative interface,C:159:,ASP,159,C,7,1,11.120785783598107,0.14285714285714285,0.17776285714285714,0.0288,0.9440904813169313,C:158:;C:159:;C:161:;C:172:;C:174:;C:175:;C:177:,C:159:
asparaginase_alumoh,metal_coord,122,11,alternative interface,D:159:,ASP,159,D,7,1,10.990419846035303,0.14285714285714285,0.16796571428571427,0.0288,0.9436298705248737,D:158:;D:159:;D:161:;D:172:;D:174:;D:175:;D:177:,D:159:
asparaginase_alumoh,soft_metal_sulfur,1,1,primary plausible interface,A:78:,ASP,78,A,6,1,13.14027032607035,0.16666666666666666,0.5346033333333334,1.0,0.9941739143650965,A:75:;A:76:;A:77:;A:78:;A:79:;A:81:,A:77:
asparaginase_alumoh,soft_metal_sulfur,2,1,primary plausible interface,D:78:,ASP,78,D,6,1,13.088591163101963,0.16666666666666666,0.5196483333333334,0.95316,0.9942048372927949,D:75:;D:76:;D:77:;D:78:;D:79:;D:81:,D:77:
asparaginase_alumoh,soft_metal_sulfur,3,2,alternative interface,A:74:,ASN,74,A,7,1,10.945621143911032,0.14285714285714285,0.33576285714285714,1.0,0.9930976122662521,A:104:;A:71:;A:72:;A:74:;A:75:;A:76:;A:77:,A:77:
asparaginase_alumoh,soft_metal_sulfur,4,2,alternative interface,D:74:,ASN,74,D,7,1,10.954933015615058,0.14285714285714285,0.3352528571428572,0.95316,0.9931188851319617,D:104:;D:71:;D:72:;D:74:;D:75:;D:76:;D:77:,D:77:
asparaginase_alumoh,soft_metal_sulfur,5,2,alternative interface,B:78:,ASP,78,B,6,1,13.15346319245731,0.16666666666666666,0.5309416666666666,0.9517,0.9941217675914366,B:75:;B:76:;B:77:;B:78:;B:79:;B:81:,B:77:
asparaginase_alumoh,soft_metal_sulfur,6,2,alternative interface,C:78:,ASP,78,C,6,1,13.229948373307618,0.16666666666666666,0.5341133333333333,0.8776999999999999,0.994037214376234,C:75:;C:76:;C:77:;C:78:;C:79:;C:81:,C:77:
asparaginase_alumoh,soft_metal_sulfur,7,3,alternative interface,B:74:,ASN,74,B,7,1,10.95211845265082,0.14285714285714285,0.3242128571428572,0.9517,0.9929548579273796,B:104:;B:71:;B:72:;B:74:;B:75:;B:76:;B:77:,B:77:
asparaginase_alumoh,soft_metal_sulfur,8,3,alternative interface,C:74:,ASN,74,C,7,1,10.940287176940457,0.14285714285714285,0.32942142857142853,0.8776999999999999,0.9930517848005083,C:104:;C:71:;C:72:;C:74:;C:75:;C:76:;C:77:,C:77:
asparaginase_alumoh,soft_metal_sulfur,9,3,alternative interface,C:20:,ALA,20,C,8,1,11.743745264572988,0.125,0.367855,0.28190000000000004,0.990962060348638,C:119:;C:120:;C:121:;C:18:;C:19:;C:20:;C:21:;C:22:,C:121:
asparaginase_alumoh,soft_metal_sulfur,10,4,alternative interface,D:127:,PHE,127,D,7,1,10.26317015614012,0.14285714285714285,0.13844571428571426,0.28190000000000004,0.9880223637779714,C:121:;D:124:;D:125:;D:126:;D:127:;D:128:;D:130:,C:121:
asparaginase_alumoh,soft_metal_sulfur,11,4,alternative interface,C:123:,ALA,123,C,10,1,13.372026651642082,0.1,0.178457,0.28190000000000004,0.9802395779282647,C:116:;C:118:;C:119:;C:120:;C:121:;C:123:;C:124:;C:125:;C:126:;D:123:,C:121:
asparaginase_alumoh,soft_metal_sulfur,12,4,alternative interface,C:127:,PHE,127,C,9,1,13.319409951031004,0.1111111111111111,0.1476111111111111,0.28096,0.9813533538140804,C:124:;C:125:;C:126:;C:127:;C:128:;C:130:;C:131:;D:121:;D:21:,D:121:
asparaginase_alumoh,soft_metal_sulfur,13,4,alternative interface,D:120:,SER,120,D,12,1,12.285282489989457,0.08333333333333333,0.24450666666666668,0.28096,0.9851488815002265,D:116:;D:117:;D:118:;D:119:;D:120:;D:121:;D:123:;D:19:;D:20:;D:21:;D:22:;D:23:,D:121:
asparaginase_alumoh,soft_metal_sulfur,14,4,alternative interface,B:127:,PHE,127,B,7,1,10.375835171810639,0.14285714285714285,0.1442942857142857,0.25289,0.9877136405604658,A:121:;B:124:;B:125:;B:126:;B:127:;B:128:;B:130:,A:121:
asparaginase_alumoh,soft_metal_sulfur,15,4,alternative interface,A:20:,ALA,20,A,9,1,11.895895823637142,0.1111111111111111,0.3625022222222222,0.25289,0.9900095552085777,A:119:;A:120:;A:121:;A:17:;A:18:;A:19:;A:20:;A:21:;A:22:,A:121:
asparaginase_alumoh,soft_metal_sulfur,16,5,alternative interface,A:123:,ALA,123,A,10,1,11.807524363826015,0.1,0.17455500000000002,0.25289,0.985623218265405,A:116:;A:117:;A:118:;A:119:;A:120:;A:121:;A:123:;A:124:;A:125:;A:126:,A:121:
asparaginase_alumoh,soft_metal_sulfur,17,5,alternative interface,A:127:,PHE,127,A,7,1,10.417736604673308,0.14285714285714285,0.1343042857142857,0.19667,0.9876913096400395,A:124:;A:125:;A:126:;A:127:;A:128:;A:130:;B:121:,B:121:
asparaginase_alumoh,soft_metal_sulfur,18,5,alternative interface,B:20:,ALA,20,B,9,1,12.21433387182098,0.1111111111111111,0.3321088888888889,0.19667,0.9893960152666144,B:119:;B:120:;B:121:;B:18:;B:19:;B:20:;B:21:;B:22:;B:23:,B:121:
asparaginase_alumoh,soft_metal_sulfur,19,6,alternative interface,B:123:,ALA,123,B,10,1,11.953281676538051,0.1,0.180004,0.19667,0.9854995373470959,B:116:;B:117:;B:118:;B:119:;B:120:;B:121:;B:123:;B:124:;B:125:;B:126:,B:121:
asparaginase_alumoh,phosphate,1,1,primary plausible interface,D:206:,SER,206,D,5,3,9.772613403287135,0.6,0.5442159999999999,0.8768600000000001,0.9944810630988679,D:204:;D:206:;D:207:;D:208:;D:71:,D:206:;D:207:;D:71:
asparaginase_alumoh,phosphate,2,1,primary plausible interface,C:206:,SER,206,C,5,3,9.745429464794968,0.6,0.5576380000000001,0.7996,0.99440602702908,C:204:;C:206:;C:207:;C:208:;C:71:,C:206:;C:207:;C:71:
asparaginase_alumoh,phosphate,3,1,primary plausible interface,D:200:,ASP,200,D,5,3,9.80674939097272,0.6,0.424602,0.49463999999999997,0.9953701814062126,D:196:;D:197:;D:199:;D:200:;D:202:,D:196:;D:197:;D:199:
asparaginase_alumoh,phosphate,4,1,primary plausible interface,B:200:,ASP,200,B,5,3,9.850191159858456,0.6,0.40385,0.47335,0.9953886225157977,B:196:;B:197:;B:199:;B:200:;B:202:,B:196:;B:197:;B:199:
asparaginase_alumoh,phosphate,5,1,primary plausible interface,C:200:,ASP,200,C,5,3,9.87614472098796,0.6,0.41433800000000004,0.45956,0.9954895362796716,C:196:;C:197:;C:199:;C:200:;C:202:,C:196:;C:197:;C:199:
asparaginase_alumoh,phosphate,6,1,primary plausible interface,B:264:,GLY,264,B,6,2,11.630586546863315,0.3333333333333333,0.5523300000000001,0.42142,0.9945996129867423,B:262:;B:263:;B:264:;B:265:;B:266:;B:314:,B:262:;B:314:
asparaginase_alumoh,phosphate,7,1,primary plausible interface,A:40:,PRO,40,A,7,1,13.769400568306793,0.14285714285714285,0.5946357142857144,0.41198,0.9887652320651031,A:36:;A:37:;A:38:;A:40:;A:41:;A:43:;A:44:,A:43:
asparaginase_alumoh,phosphate,8,1,primary plausible interface,A:259:,THR,259,A,6,1,12.542751179479009,0.16666666666666666,0.5766016666666666,0.39631,0.9939279181776388,A:255:;A:256:;A:258:;A:259:;A:262:;A:263:,A:262:
asparaginase_alumoh,phosphate,9,1,primary plausible interface,D:264:,GLY,264,D,6,2,11.789360876933246,0.3333333333333333,0.4990649999999999,0.28962,0.994682159609474,D:262:;D:263:;D:264:;D:265:;D:266:;D:314:,D:262:;D:314:
asparaginase_alumoh,phosphate,10,1,primary plausible interface,B:158:,ARG,158,B,3,1,10.949006398148441,0.3333333333333333,0.08252,0.03928,0.9976002978989755,B:100:;B:158:;B:159:,B:158:
asparaginase_alumoh,phosphate,11,1,primary plausible interface,D:158:,ARG,158,D,3,1,10.872988993343752,0.3333333333333333,0.08604666666666667,0.03639,0.9976336528501547,D:100:;D:158:;D:159:,D:158:
asparaginase_alumoh,phosphate,12,2,alternative interface,A:206:,SER,206,A,5,3,9.811985274542172,0.6,0.5393459999999999,0.8535200000000001,0.9944423278866872,A:204:;A:206:;A:207:;A:208:;A:71:,A:206:;A:207:;A:71:
asparaginase_alumoh,phosphate,13,2,alternative interface,B:206:,SER,206,B,5,3,9.690159432843712,0.6,0.498236,0.8026800000000001,0.9944629397662127,B:204:;B:206:;B:207:;B:208:;B:71:,B:206:;B:207:;B:71:
asparaginase_alumoh,phosphate,14,2,alternative interface,A:200:,ASP,200,A,5,3,9.838096263184578,0.6,0.40442,0.45289999999999997,0.9954783422808086,A:196:;A:197:;A:199:;A:200:;A:202:,A:196:;A:197:;A:199:
asparaginase_alumoh,phosphate,15,2,alternative interface,A:264:,GLY,264,A,6,2,12.075463174569197,0.3333333333333333,0.5402866666666667,0.45196,0.9944500750280233,A:262:;A:263:;A:264:;A:265:;A:266:;A:314:,A:262:;A:314:
asparaginase_alumoh,phosphate,16,2,alternative interface,C:264:,GLY,264,C,6,2,12.51801612193226,0.3333333333333333,0.549535,0.36460000000000004,0.9921458107400202,C:237:;C:262:;C:263:;C:264:;C:265:;C:314:,C:262:;C:314:
asparaginase_alumoh,phosphate,17,2,alternative interface,C:259:,THR,259,C,6,1,12.659493986376594,0.16666666666666666,0.5584749999999999,0.3197,0.9938424869528993,C:255:;C:256:;C:258:;C:259:;C:262:;C:263:,C:262:
asparaginase_alumoh,phosphate,18,2,alternative interface,C:158:,ARG,158,C,3,1,10.884579319998048,0.3333333333333333,0.07876,0.035910000000000004,0.9975422537377829,C:100:;C:158:;C:159:,C:158:
asparaginase_alumoh,phosphate,19,3,alternative interface,B:142:,ALA,142,B,9,3,12.860484046165688,0.3333333333333333,0.42547111111111113,0.77102,0.9864392878897884,B:106:;B:107:;B:108:;B:138:;B:139:;B:140:;B:142:;B:143:;B:144:,B:107:;B:139:;B:144:
asparaginase_alumoh,phosphate,20,3,alternative interface,A:142:,ALA,142,A,9,3,12.721882991918713,0.3333333333333333,0.4243411111111111,0.7620699999999999,0.9865253607216952,A:106:;A:107:;A:108:;A:138:;A:139:;A:140:;A:142:;A:143:;A:144:,A:107:;A:139:;A:144:
asparaginase_alumoh,phosphate,21,3,alternative interface,C:22:,LYS,22,C,10,4,11.96857747503669,0.4,0.338482,0.7564700000000001,0.9866172513692806,C:120:;C:18:;C:19:;C:20:;C:21:;C:22:;C:23:;C:24:;C:25:;D:184:,C:120:;C:19:;C:22:;C:23:
asparaginase_alumoh,phosphate,22,3,alternative interface,D:142:,ALA,142,D,9,3,12.568634880976573,0.3333333333333333,0.40786555555555554,0.7081399999999999,0.9867741143175186,D:106:;D:107:;D:108:;D:138:;D:139:;D:140:;D:142:;D:143:;D:144:,D:107:;D:139:;D:144:
asparaginase_alumoh,phosphate,23,3,alternative interface,A:184:,ASN,184,A,8,4,12.013826577268507,0.5,0.32280125,0.68636,0.9837120822745481,A:183:;A:184:;A:185:;A:186:;B:21:;B:22:;B:23:;D:281:,A:183:;A:186:;B:22:;B:23:
asparaginase_alumoh,phosphate,24,3,alternative interface,B:184:,ASN,184,B,8,4,11.819916069250596,0.5,0.33186125,0.6565000000000001,0.9843172705459932,A:21:;A:22:;A:23:;B:183:;B:184:;B:185:;B:186:;C:281:,A:22:;A:23:;B:183:;B:186:
asparaginase_alumoh,phosphate,25,3,alternative interface,C:119:,THR,119,C,9,3,13.034039446959182,0.3333333333333333,0.3084088888888889,0.5752700000000001,0.9883603339381771,C:118:;C:119:;C:120:;C:121:;C:123:;C:16:;C:18:;C:19:;C:20:,C:118:;C:120:;C:19:
asparaginase_alumoh,phosphate,26,3,alternative interface,B:20:,ALA,20,B,9,4,12.21433387182098,0.4444444444444444,0.3321088888888889,0.5713199999999999,0.9893960152666144,B:119:;B:120:;B:121:;B:18:;B:19:;B:20:;B:21:;B:22:;B:23:,B:120:;B:19:;B:22:;B:23:
asparaginase_alumoh,phosphate,27,3,alternative interface,D:74:,ASN,74,D,7,3,10.954933015615058,0.42857142857142855,0.3352528571428572,0.52119,0.9931188851319617,D:104:;D:71:;D:72:;D:74:;D:75:;D:76:;D:77:,D:104:;D:71:;D:72:
asparaginase_alumoh,phosphate,28,3,alternative interface,A:19:,SER,19,A,10,4,10.535637716819089,0.4,0.373935,0.5164500000000001,0.9893357319943822,A:119:;A:120:;A:17:;A:18:;A:19:;A:20:;A:21:;A:22:;A:23:;A:24:,A:120:;A:19:;A:22:;A:23:
asparaginase_alumoh,phosphate,29,3,alternative interface,A:74:,ASN,74,A,7,3,10.945621143911032,0.42857142857142855,0.33576285714285714,0.49468,0.9930976122662521,A:104:;A:71:;A:72:;A:74:;A:75:;A:76:;A:77:,A:104:;A:71:;A:72:
asparaginase_alumoh,phosphate,30,3,alternative interface,A:45:,ILE,45,A,9,1,14.23407121702962,0.1111111111111111,0.4436788888888889,0.41198,0.9900171785757506,A:134:;A:137:;A:1:;A:2:;A:41:;A:43:;A:44:;A:45:;A:47:,A:43:
asparaginase_alumoh,phosphate,31,3,alternative interface,D:237:,ASP,237,D,7,1,11.151001832013812,0.14285714285714285,0.3449685714285714,0.38571,0.991575558753008,D:212:;D:213:;D:235:;D:236:;D:237:;D:265:;D:266:,D:213:
asparaginase_alumoh,phosphate,32,3,alternative interface,D:289:,TYR,289,D,8,2,14.121780057684145,0.25,0.46761125,0.38199,0.9921303380963991,D:258:;D:262:;D:285:;D:286:;D:287:;D:288:;D:289:;D:290:,D:262:;D:288:
asparaginase_alumoh,phosphate,33,3,alternative interface,A:289:,TYR,289,A,8,2,14.142150205005375,0.25,0.5202837499999999,0.37732999999999994,0.9921715129970226,A:258:;A:262:;A:285:;A:286:;A:287:;A:288:;A:289:;A:290:,A:262:;A:288:
asparaginase_alumoh,phosphate,34,3,alternative interface,B:259:,THR,259,B,6,1,12.66718002082639,0.16666666666666666,0.5155983333333334,0.36951999999999996,0.9935132408967272,B:255:;B:256:;B:258:;B:259:;B:262:;B:263:,B:262:
asparaginase_alumoh,phosphate,35,3,alternative interface,B:40:,PRO,40,B,7,1,13.851602433862706,0.14285714285714285,0.5330557142857144,0.36286999999999997,0.9892156595849568,B:36:;B:37:;B:38:;B:40:;B:41:;B:43:;B:44:,B:43:
asparaginase_alumoh,phosphate,36,3,alternative interface,B:289:,TYR,289,B,8,2,13.71052789222693,0.25,0.48802750000000006,0.35923,0.9922800014293812,B:258:;B:262:;B:285:;B:286:;B:287:;B:288:;B:289:;B:290:,B:262:;B:288:
asparaginase_alumoh,phosphate,37,3,alternative interface,D:252:,THR,252,D,7,1,10.224577730550513,0.14285714285714285,0.4043128571428571,0.33958,0.9937276894007462,D:225:;D:250:;D:251:;D:252:;D:254:;D:255:;D:256:,D:251:
asparaginase_alumoh,phosphate,38,3,alternative interface,B:78:,ASP,78,B,6,1,13.15346319245731,0.16666666666666666,0.5309416666666666,0.32513,0.9941217675914366,B:75:;B:76:;B:77:;B:78:;B:79:;B:81:,B:79:
asparaginase_alumoh,phosphate,39,3,alternative interface,D:40:,PRO,40,D,7,1,13.666899330658017,0.14285714285714285,0.53191,0.3175,0.9894248811614267,D:36:;D:37:;D:38:;D:40:;D:41:;D:43:;D:44:,D:43:
asparaginase_alumoh,phosphate,40,3,alternative interface,C:68:,THR,68,C,5,2,12.116392825320538,0.4,0.43806200000000006,0.29844000000000004,0.9909913550687683,C:64:;C:65:;C:68:;C:71:;C:72:,C:71:;C:72:
asparaginase_alumoh,phosphate,41,3,alternative interface,C:78:,ASP,78,C,6,1,13.229948373307618,0.16666666666666666,0.5341133333333333,0.29758,0.994037214376234,C:75:;C:76:;C:77:;C:78:;C:79:;C:81:,C:79:
asparaginase_alumoh,phosphate,42,3,alternative interface,D:78:,ASP,78,D,6,1,13.088591163101963,0.16666666666666666,0.5196483333333334,0.28424,0.9942048372927949,D:75:;D:76:;D:77:;D:78:;D:79:;D:81:,D:79:
asparaginase_alumoh,phosphate,43,3,alternative interface,A:78:,ASP,78,A,6,1,13.14027032607035,0.16666666666666666,0.5346033333333334,0.2591,0.9941739143650965,A:75:;A:76:;A:77:;A:78:;A:79:;A:81:,A:79:
asparaginase_alumoh,phosphate,44,3,alternative interface,D:68:,THR,68,D,5,2,12.092146463336507,0.4,0.44047200000000003,0.20302,0.9910523718676875,D:64:;D:65:;D:68:;D:71:;D:72:,D:71:;D:72:
asparaginase_alumoh,phosphate,45,3,alternative interface,A:68:,THR,68,A,5,2,12.18749515136577,0.4,0.44493600000000005,0.17998999999999998,0.9910370734867593,A:64:;A:65:;A:68:;A:71:;A:72:,A:71:;A:72:
asparaginase_alumoh,phosphate,46,3,alternative interface,B:68:,THR,68,B,5,2,12.066144070441435,0.4,0.43754,0.17279,0.9911283106041835,B:64:;B:65:;B:68:;B:71:;B:72:,B:71:;B:72:
asparaginase_alumoh,phosphate,47,3,alternative interface,A:158:,ARG,158,A,3,1,10.927046049370889,0.3333333333333333,0.07150333333333332,0.03254,0.997348946373526,A:100:;A:158:;A:159:,A:158:
asparaginase_alumoh,phosphate,48,4,alternative interface,C:142:,ALA,142,C,9,3,12.83927473104557,0.3333333333333333,0.41579555555555553,0.7431,0.9864874478914413,C:106:;C:107:;C:108:;C:138:;C:139:;C:140:;C:142:;C:143:;C:144:,C:107:;C:139:;C:144:
asparaginase_alumoh,phosphate,49,4,alternative interface,D:22:,LYS,22,D,10,4,14.818482663282078,0.4,0.312236,0.61927,0.9851173932837164,C:184:;C:185:;D:120:;D:18:;D:19:;D:20:;D:21:;D:22:;D:23:;D:24:,D:120:;D:19:;D:22:;D:23:
asparaginase_alumoh,phosphate,50,4,alternative interface,C:74:,ASN,74,C,7,3,10.940287176940457,0.42857142857142855,0.32942142857142853,0.50579,0.9930517848005083,C:104:;C:71:;C:72:;C:74:;C:75:;C:76:;C:77:,C:104:;C:71:;C:72:
asparaginase_alumoh,phosphate,51,4,alternative interface,A:237:,ASP,237,A,7,1,11.110465778870278,0.14285714285714285,0.35565714285714284,0.37409,0.9915627189664474,A:212:;A:213:;A:235:;A:236:;A:237:;A:265:;A:266:,A:213:
asparaginase_alumoh,phosphate,52,4,alternative interface,B:45:,ILE,45,B,9,1,14.221478131191791,0.1111111111111111,0.38676777777777777,0.36286999999999997,0.9899723273265524,B:134:;B:137:;B:1:;B:2:;B:41:;B:43:;B:44:;B:45:;B:47:,B:43:
asparaginase_alumoh,phosphate,53,4,alternative interface,B:237:,ASP,237,B,7,1,11.095407274576711,0.14285714285714285,0.33964285714285714,0.36161,0.9916399474549794,B:212:;B:213:;B:235:;B:236:;B:237:;B:265:;B:266:,B:213:
asparaginase_alumoh,phosphate,54,4,alternative interface,A:313:,THR,313,A,6,1,11.990153089809432,0.16666666666666666,0.4546016666666666,0.35563,0.9920665130709747,A:311:;A:312:;A:313:;A:314:;A:315:;A:318:,A:314:
asparaginase_alumoh,phosphate,55,4,alternative interface,B:313:,THR,313,B,6,1,11.992547472231655,0.16666666666666666,0.4437066666666667,0.35217,0.9920981008371095,B:311:;B:312:;B:313:;B:314:;B:315:;B:318:,B:314:
asparaginase_alumoh,phosphate,56,4,alternative interface,C:289:,TYR,289,C,8,2,14.26290185372218,0.25,0.48151625000000003,0.35037999999999997,0.9921102937012336,C:258:;C:262:;C:285:;C:286:;C:287:;C:288:;C:289:;C:290:,C:262:;C:288:
asparaginase_alumoh,phosphate,57,4,alternative interface,C:40:,PRO,40,C,8,1,13.618327511032607,0.125,0.51162125,0.3261,0.9908083679191201,C:36:;C:37:;C:38:;C:39:;C:40:;C:41:;C:43:;C:44:,C:43:
asparaginase_alumoh,phosphate,58,4,alternative interface,D:232:,VAL,232,D,8,1,12.824093896805346,0.125,0.37446375,0.28937999999999997,0.9924251309395312,D:229:;D:230:;D:232:;D:233:;D:234:;D:235:;D:236:;D:265:,D:229:
asparaginase_alumoh,phosphate,59,4,alternative interface,D:259:,THR,259,D,6,1,12.621634245867524,0.16666666666666666,0.5145383333333333,0.25396,0.9937065209500306,D:255:;D:256:;D:258:;D:259:;D:262:;D:263:,D:262:
asparaginase_alumoh,phosphate,60,4,alternative interface,C:116:,ARG,116,C,9,4,13.789651478039376,0.4444444444444444,0.15519000000000002,0.07649,0.9816078161450125,C:116:;C:118:;C:120:;C:123:;C:124:;C:125:;C:12:;C:168:;C:23:,C:116:;C:118:;C:120:;C:23:
asparaginase_alumoh,phosphate,61,5,alternative interface,B:74:,ASN,74,B,7,3,10.95211845265082,0.42857142857142855,0.3242128571428572,0.4951,0.9929548579273796,B:104:;B:71:;B:72:;B:74:;B:75:;B:76:;B:77:,B:104:;B:71:;B:72:
asparaginase_alumoh,phosphate,62,5,alternative interface,B:24:,ASN,24,B,10,3,13.285153994035346,0.3,0.371953,0.36644,0.9857890069959035,B:18:;B:19:;B:22:;B:23:;B:24:;B:25:;B:26:;D:281:;D:282:;D:283:,B:19:;B:22:;B:23:
asparaginase_alumoh,phosphate,63,5,alternative interface,C:250:,TYR,250,C,7,1,12.282351386205326,0.14285714285714285,0.3461742857142857,0.33752000000000004,0.9904976135035436,A:59:;A:60:;C:222:;C:250:;C:251:;C:252:;C:254:,C:251:
asparaginase_alumoh,phosphate,64,5,alternative interface,B:250:,TYR,250,B,7,1,12.208483951944798,0.14285714285714285,0.35618428571428573,0.33241,0.9905511168483121,B:222:;B:250:;B:251:;B:252:;B:254:;D:59:;D:60:,B:251:
asparaginase_alumoh,phosphate,65,5,alternative interface,D:49:,LYS,49,D,6,1,13.61260663168752,0.16666666666666666,0.41190499999999997,0.33061,0.9901539421678363,D:3:;D:47:;D:49:;D:50:;D:51:;D:5:,D:49:
asparaginase_alumoh,phosphate,66,5,alternative interface,D:227:,PRO,227,D,8,1,12.210664854110826,0.125,0.26502875000000004,0.33000999999999997,0.9930154027046196,B:226:;B:227:;B:230:;D:225:;D:226:;D:227:;D:229:;D:230:,D:229:
asparaginase_alumoh,phosphate,67,5,alternative interface,B:49:,LYS,49,B,5,1,13.447826728812649,0.2,0.462506,0.32854,0.9900364045611453,B:3:;B:47:;B:49:;B:51:;B:5:,B:49:
asparaginase_alumoh,phosphate,68,5,alternative interface,C:45:,ILE,45,C,9,1,14.129909588810346,0.1111111111111111,0.41849333333333333,0.3261,0.9902135194378858,C:134:;C:137:;C:1:;C:2:;C:41:;C:43:;C:44:;C:45:;C:47:,C:43:
asparaginase_alumoh,phosphate,69,5,alternative interface,D:45:,ILE,45,D,9,1,14.013773369175427,0.1111111111111111,0.4192666666666666,0.3175,0.9902880847328087,D:134:;D:137:;D:1:;D:2:;D:41:;D:43:;D:44:;D:45:;D:47:,D:43:
asparaginase_alumoh,phosphate,70,5,alternative interface,C:49:,LYS,49,C,6,1,13.546115421481153,0.16666666666666666,0.40411499999999995,0.31312,0.9903339458679147,C:3:;C:47:;C:49:;C:50:;C:51:;C:5:,C:49:
asparaginase_alumoh,phosphate,71,5,alternative interface,D:313:,THR,313,D,6,1,11.965783018355028,0.16666666666666666,0.41761333333333334,0.30327000000000004,0.9920852146156158,D:311:;D:312:;D:313:;D:314:;D:315:;D:318:,D:314:
asparaginase_alumoh,phosphate,72,5,alternative interface,B:229:,LYS,229,B,8,1,12.061969437001832,0.125,0.338015,0.2667,0.9923970493561866,B:225:;B:226:;B:227:;B:229:;B:230:;B:232:;B:233:;B:256:,B:229:
asparaginase_alumoh,phosphate,73,5,alternative interface,C:232:,VAL,232,C,8,1,12.644959671708175,0.125,0.3866125,0.25395,0.9924946134369116,C:229:;C:230:;C:232:;C:233:;C:234:;C:235:;C:236:;C:265:,C:229:
asparaginase_alumoh,phosphate,74,5,alternative interface,C:313:,THR,313,C,6,1,11.93384399140777,0.16666666666666666,0.38291000000000003,0.23742999999999997,0.9921803614048564,C:311:;C:312:;C:313:;C:314:;C:315:;C:318:,C:314:
asparaginase_alumoh,phosphate,75,6,alternative interface,D:185:,GLY,185,D,6,2,11.395135477407532,0.3333333333333333,0.29832,0.39809,0.9851308057467758,C:21:;D:134:;D:183:;D:184:;D:185:;D:186:,D:183:;D:186:
asparaginase_alumoh,phosphate,76,6,alternative interface,C:195:,ARG,195,C,7,3,11.456965312544758,0.42857142857142855,0.26465428571428573,0.35874,0.9867068500393084,C:193:;C:194:;C:195:;C:196:;C:197:;C:325:;C:326:,C:195:;C:196:;C:197:
asparaginase_alumoh,phosphate,77,6,alternative interface,D:195:,ARG,195,D,7,3,11.582269572711546,0.42857142857142855,0.2641057142857143,0.3546,0.9867076124252987,D:193:;D:194:;D:195:;D:196:;D:197:;D:325:;D:326:,D:195:;D:196:;D:197:
asparaginase_alumoh,phosphate,78,6,alternative interface,B:60:,ASP,60,B,8,1,12.898680704597638,0.125,0.31633125,0.33958,0.9853842570081173,B:56:;B:57:;B:59:;B:60:;B:62:;D:222:;D:250:;D:251:,D:251:
asparaginase_alumoh,phosphate,79,6,alternative interface,A:250:,TYR,250,A,7,1,12.36351504103869,0.14285714285714285,0.35374428571428573,0.33163,0.9903234995619266,A:222:;A:250:;A:251:;A:252:;A:254:;C:59:;C:60:,A:251:
asparaginase_alumoh,phosphate,80,6,alternative interface,A:30:,VAL,30,A,6,1,11.814915029639158,0.16666666666666666,0.322065,0.32626,0.988880815615618,A:16:;A:29:;A:30:;A:31:;A:34:;A:35:,A:29:
asparaginase_alumoh,phosphate,81,6,alternative interface,C:183:,HIS,183,C,8,3,13.699963117247645,0.375,0.2692175,0.32569000000000004,0.9764817795763958,B:279:;C:152:;C:181:;C:183:;C:184:;C:185:;C:186:;D:23:,C:183:;C:186:;D:23:
asparaginase_alumoh,phosphate,82,6,alternative interface,A:195:,ARG,195,A,7,3,11.44511823273872,0.42857142857142855,0.25891714285714285,0.31143,0.9867685800116072,A:193:;A:194:;A:195:;A:196:;A:197:;A:325:;A:326:,A:195:;A:196:;A:197:
asparaginase_alumoh,phosphate,83,6,alternative interface,C:212:,PRO,212,C,6,1,13.520437558372011,0.16666666666666666,0.41651166666666667,0.30757999999999996,0.9882682938780354,C:210:;C:212:;C:213:;C:236:;C:237:;C:311:,C:213:
asparaginase_alumoh,phosphate,84,6,alternative interface,A:49:,LYS,49,A,6,1,13.431320563803014,0.16666666666666666,0.4014249999999999,0.29384,0.9903092046474244,A:3:;A:47:;A:49:;A:50:;A:51:;A:5:,A:49:
asparaginase_alumoh,phosphate,85,6,alternative interface,C:227:,PRO,227,C,9,2,13.242954136758105,0.2222222222222222,0.21514,0.28961,0.9913787238793206,A:226:;A:227:;A:230:;C:224:;C:225:;C:226:;C:227:;C:229:;C:230:,C:224:;C:229:
asparaginase_alumoh,phosphate,86,6,alternative interface,C:14:,ALA,14,C,8,2,12.386159205245052,0.25,0.28455874999999997,0.28054,0.9912927022671347,C:118:;C:12:;C:14:;C:16:;C:27:;C:29:;C:30:;C:31:,C:118:;C:29:
asparaginase_alumoh,phosphate,87,6,alternative interface,A:229:,LYS,229,A,8,1,12.05069419005605,0.125,0.34314999999999996,0.24465,0.9924604989199315,A:225:;A:226:;A:227:;A:229:;A:230:;A:232:;A:233:;A:256:,A:229:
asparaginase_alumoh,phosphate,88,6,alternative interface,A:192:,THR,192,A,5,1,13.266442016448773,0.2,0.336754,0.09332000000000001,0.9779405981849171,A:144:;A:192:;A:193:;A:194:;D:192:,A:144:
asparaginase_alumoh,phosphate,89,7,alternative interface,D:117:,PRO,117,D,11,3,14.23919463933077,0.2727272727272727,0.16997454545454546,0.37616999999999995,0.9831262927973529,D:116:;D:117:;D:118:;D:119:;D:120:;D:123:;D:125:;D:12:;D:16:;D:25:;D:27:,D:116:;D:118:;D:120:
asparaginase_alumoh,phosphate,90,7,alternative interface,B:117:,PRO,117,B,10,3,14.19116928523636,0.3,0.172433,0.35173000000000004,0.9855085048163985,B:116:;B:117:;B:118:;B:119:;B:120:;B:123:;B:125:;B:12:;B:16:;B:25:,B:116:;B:118:;B:120:
asparaginase_alumoh,phosphate,91,7,alternative interface,B:195:,ARG,195,B,7,3,11.46546578233828,0.42857142857142855,0.24363,0.33488999999999997,0.986689012900624,B:193:;B:194:;B:195:;B:196:;B:197:;B:325:;B:326:,B:195:;B:196:;B:197:
asparaginase_alumoh,phosphate,92,7,alternative interface,D:29:,LYS,29,D,7,1,13.111159772649406,0.14285714285714285,0.3981257142857143,0.29034,0.9888319039344104,D:16:;D:26:;D:27:;D:29:;D:30:;D:31:;D:55:,D:29:
asparaginase_alumoh,phosphate,93,7,alternative interface,B:29:,LYS,29,B,7,1,13.277854508607643,0.14285714285714285,0.40948285714285715,0.24452000000000002,0.9857467135142762,B:16:;B:26:;B:29:;B:30:;B:31:;B:55:;B:56:,B:29:
asparaginase_alumoh,phosphate,94,7,alternative interface,B:192:,THR,192,B,6,1,13.22684308145499,0.16666666666666666,0.3530783333333333,0.09614,0.970492979201789,B:144:;B:192:;B:193:;B:194:;C:192:;C:194:,B:144:
asparaginase_alumoh,phosphate,95,8,alternative interface,A:117:,PRO,117,A,12,3,14.439641500567614,0.25,0.15631583333333332,0.32188,0.9836564273058875,A:116:;A:117:;A:118:;A:119:;A:120:;A:123:;A:125:;A:12:;A:16:;A:17:;A:25:;A:27:,A:116:;A:118:;A:120:
asparaginase_alumoh,phosphate,96,8,alternative interface,A:161:,THR,161,A,5,1,11.621155380598118,0.2,0.22827599999999998,0.3056,0.935825944503009,A:159:;A:161:;A:163:;A:172:;A:174:,A:172:
asparaginase_alumoh,phosphate,97,8,alternative interface,D:161:,THR,161,D,5,1,11.543982815930669,0.2,0.213388,0.30188,0.9365199771282338,D:159:;D:161:;D:163:;D:172:;D:174:,D:172:
asparaginase_alumoh,phosphate,98,8,alternative interface,C:161:,THR,161,C,5,1,11.537060402800071,0.2,0.21852200000000002,0.29236999999999996,0.9363960492175207,C:159:;C:161:;C:163:;C:172:;C:174:,C:172:
asparaginase_alumoh,phosphate,99,8,alternative interface,A:282:,ALA,282,A,10,1,13.202751482341393,0.1,0.304755,0.19338999999999998,0.9849557277800168,A:246:;A:279:;A:280:;A:281:;A:282:;A:283:;A:285:;C:23:;C:24:;C:25:,C:23:
asparaginase_alumoh,phosphate,100,8,alternative interface,D:121:,MET,121,D,8,1,13.50357931387294,0.125,0.22257125,0.07571,0.983881126101209,C:126:;C:127:;D:119:;D:120:;D:121:;D:123:;D:20:;D:21:,D:120:
asparaginase_alumoh,phosphate,101,8,alternative interface,B:282:,ALA,282,B,10,1,13.068624300258625,0.1,0.26350799999999996,0.07566,0.9850499967315967,B:246:;B:279:;B:280:;B:281:;B:282:;B:283:;B:285:;D:23:;D:24:;D:25:,D:23:
asparaginase_alumoh,phosphate,102,8,alternative interface,A:121:,MET,121,A,8,1,13.307999618542159,0.125,0.21556375,0.07133,0.9840927311227473,A:119:;A:120:;A:121:;A:123:;A:20:;A:21:;B:126:;B:127:,A:120:
asparaginase_alumoh,phosphate,103,8,alternative interface,C:282:,ALA,282,C,10,1,12.883353978744356,0.1,0.277502,0.056740000000000006,0.985005413678912,A:23:;A:24:;A:25:;C:246:;C:279:;C:280:;C:281:;C:282:;C:283:;C:285:,A:23:
asparaginase_alumoh,phosphate,104,9,alternative interface,B:161:,THR,161,B,5,1,11.562709612292144,0.2,0.21248199999999998,0.30345,0.9349698872441172,B:159:;B:161:;B:163:;B:172:;B:174:,B:172:
