case_id,map_key,display_rank,pareto_front,classification,center_key,center_res_name,center_res_seq,center_chain,n_members,n_chemistry_seeds,diameter_A,chemistry_support,mean_accessibility,patch_coherence,orientation_coherence,members,seed_members
bsa_silica,anionic,1,1,primary plausible interface,A:184:,MET,184,A,9,4,12.408461371586284,0.4444444444444444,0.4370733333333334,0.83985,0.9848922941743692,A:180:;A:181:;A:182:;A:183:;A:184:;A:185:;A:186:;A:187:;A:188:,A:180:;A:183:;A:185:;A:187:
bsa_silica,anionic,2,1,primary plausible interface,A:373:,PHE,373,A,7,5,13.43031296599384,0.7142857142857143,0.5317842857142857,0.76149,0.9904488791671899,A:305:;A:370:;A:371:;A:373:;A:374:;A:375:;A:377:,A:305:;A:370:;A:371:;A:375:;A:377:
bsa_silica,anionic,3,1,primary plausible interface,A:578:,THR,578,A,10,3,13.611023870677291,0.3,0.40772700000000006,0.65086,0.9930593414316738,A:546:;A:574:;A:575:;A:576:;A:577:;A:578:;A:579:;A:580:;A:581:;A:583:,A:577:;A:578:;A:580:
bsa_silica,anionic,4,1,primary plausible interface,A:4:,LYS,4,A,6,3,12.083129545427704,0.5,0.6744749999999998,0.59397,0.9922391905780263,A:2:;A:3:;A:4:;A:57:;A:63:;A:6:,A:2:;A:3:;A:4:
bsa_silica,anionic,5,1,primary plausible interface,A:56:,ASP,56,A,7,3,9.995426167620092,0.42857142857142855,0.5760928571428571,0.55864,0.9948257399644633,A:52:;A:54:;A:55:;A:56:;A:57:;A:58:;A:59:,A:52:;A:58:;A:59:
bsa_silica,anionic,6,1,primary plausible interface,A:515:,LEU,515,A,8,3,13.678887675484436,0.375,0.5936025,0.4395,0.99327789688052,A:511:;A:514:;A:515:;A:516:;A:517:;A:518:;A:519:;A:520:,A:514:;A:518:;A:520:
bsa_silica,anionic,7,1,primary plausible interface,A:313:,ASP,313,A,6,2,9.865155207705905,0.3333333333333333,0.5202883333333334,0.43027,0.9948895257425804,A:311:;A:312:;A:313:;A:315:;A:316:;A:317:,A:312:;A:316:
bsa_silica,anionic,8,1,primary plausible interface,A:471:,LYS,471,A,4,3,6.214296901434142,0.75,0.5179625,0.37801,0.9918899656142559,A:470:;A:471:;A:473:;A:474:,A:471:;A:473:;A:474:
bsa_silica,anionic,9,1,primary plausible interface,A:319:,GLN,319,A,7,2,10.275909788666203,0.2857142857142857,0.5310728571428572,0.33371,0.9955841534327438,A:315:;A:316:;A:317:;A:319:;A:320:;A:321:;A:322:,A:316:;A:322:
bsa_silica,anionic,10,1,primary plausible interface,A:1:,ASP,1,A,3,2,6.745793248799693,0.6666666666666666,0.9568300000000001,0.26048,0.9980668024267084,A:1:;A:2:;A:3:,A:2:;A:3:
bsa_silica,anionic,11,2,alternative interface,A:133:,PHE,133,A,12,3,12.60704389568947,0.25,0.358845,0.7291200000000001,0.9880137639241521,A:125:;A:126:;A:129:;A:130:;A:131:;A:132:;A:133:;A:134:;A:135:;A:136:;A:137:;A:161:,A:131:;A:132:;A:136:
bsa_silica,anionic,12,2,alternative interface,A:79:,SER,79,A,7,3,11.039044364462049,0.42857142857142855,0.5220142857142858,0.6896599999999999,0.9899471067468435,A:77:;A:78:;A:79:;A:81:;A:82:;A:83:;A:84:,A:79:;A:81:;A:83:
bsa_silica,anionic,13,2,alternative interface,A:521:,GLN,521,A,8,4,10.969448638492134,0.5,0.5104925,0.6204,0.9869078725017749,A:517:;A:518:;A:519:;A:520:;A:521:;A:522:;A:523:;A:524:,A:518:;A:520:;A:523:;A:524:
bsa_silica,anionic,14,2,alternative interface,A:476:,CYS,476,A,9,5,12.060967125798301,0.5555555555555556,0.34251888888888893,0.60621,0.9574798367104288,A:460:;A:473:;A:474:;A:476:;A:477:;A:478:;A:479:;A:480:;A:483:,A:473:;A:474:;A:477:;A:479:;A:483:
bsa_silica,anionic,15,2,alternative interface,A:505:,LEU,505,A,8,2,11.797714157643664,0.25,0.43455875,0.55863,0.9926079434696711,A:502:;A:503:;A:504:;A:505:;A:506:;A:507:;A:527:;A:530:,A:504:;A:507:
bsa_silica,anionic,16,2,alternative interface,A:542:,GLN,542,A,9,3,12.058910690247147,0.3333333333333333,0.4827022222222222,0.5526,0.9930811686237205,A:539:;A:540:;A:541:;A:542:;A:543:;A:544:;A:545:;A:546:;A:581:,A:539:;A:544:;A:545:
bsa_silica,anionic,17,2,alternative interface,A:493:,ASP,493,A,8,4,11.769925718673374,0.5,0.48714124999999997,0.54428,0.9898885394217873,A:412:;A:413:;A:491:;A:492:;A:493:;A:494:;A:495:;A:496:,A:412:;A:413:;A:491:;A:495:
bsa_silica,anionic,18,2,alternative interface,A:189:,LEU,189,A,9,5,12.421201310554936,0.5555555555555556,0.3685,0.53159,0.9332968810702392,A:185:;A:186:;A:187:;A:188:;A:189:;A:190:;A:191:;A:192:;A:193:,A:185:;A:187:;A:190:;A:191:;A:192:
bsa_silica,anionic,19,2,alternative interface,A:431:,LYS,431,A,8,5,12.590441260173863,0.625,0.29256875,0.52901,0.9581896218306818,A:399:;A:427:;A:428:;A:429:;A:431:;A:432:;A:434:;A:435:,A:427:;A:428:;A:431:;A:434:;A:435:
bsa_silica,anionic,20,2,alternative interface,A:310:,GLU,310,A,8,4,13.030935444303548,0.5,0.57548,0.48892,0.9918203299909837,A:305:;A:306:;A:307:;A:310:;A:311:;A:312:;A:366:;A:370:,A:305:;A:312:;A:366:;A:370:
bsa_silica,anionic,21,2,alternative interface,A:115:,LEU,115,A,5,2,11.738607165413928,0.4,0.667016,0.4878,0.982148724545176,A:113:;A:114:;A:115:;A:116:;A:117:,A:114:;A:116:
bsa_silica,anionic,22,2,alternative interface,A:536:,PRO,536,A,8,5,10.89553232071641,0.625,0.30421499999999996,0.46682,0.98996771971026,A:412:;A:498:;A:531:;A:533:;A:534:;A:535:;A:536:;A:537:,A:412:;A:533:;A:534:;A:535:;A:537:
bsa_silica,anionic,23,2,alternative interface,A:65:,SER,65,A,8,4,11.47041872240042,0.5,0.41448624999999995,0.46070999999999995,0.9919644284118027,A:63:;A:64:;A:65:;A:66:;A:67:;A:68:;A:69:;A:6:,A:64:;A:65:;A:67:;A:68:
bsa_silica,anionic,24,2,alternative interface,A:124:,ASP,124,A,8,2,12.328689039645754,0.25,0.585255,0.44122,0.9900946563104478,A:120:;A:121:;A:122:;A:124:;A:125:;A:126:;A:127:;A:128:,A:121:;A:127:
bsa_silica,anionic,25,2,alternative interface,A:194:,ARG,194,A,7,5,12.73375205352179,0.7142857142857143,0.20473285714285713,0.37906999999999996,0.43073269590741925,A:190:;A:191:;A:192:;A:194:;A:197:;A:198:;A:454:,A:190:;A:191:;A:192:;A:194:;A:198:
bsa_silica,anionic,26,2,alternative interface,A:378:,HIS,378,A,8,3,13.156880277554489,0.375,0.5905787499999999,0.32764000000000004,0.9900633014014357,A:374:;A:375:;A:377:;A:378:;A:379:;A:380:;A:381:;A:382:,A:375:;A:377:;A:378:
bsa_silica,anionic,27,2,alternative interface,A:49:,PHE,49,A,6,2,10.880444502875127,0.3333333333333333,0.4700866666666666,0.32632,0.9942073783258937,A:45:;A:46:;A:48:;A:49:;A:51:;A:52:,A:51:;A:52:
bsa_silica,anionic,28,2,alternative interface,A:572:,PRO,572,A,9,1,13.511221478560886,0.1111111111111111,0.4849155555555556,0.2927,0.9942043988206314,A:568:;A:569:;A:570:;A:571:;A:572:;A:573:;A:574:;A:575:;A:576:,A:573:
bsa_silica,anionic,29,2,alternative interface,A:418:,SER,418,A,5,3,11.633696317530097,0.6,0.356532,0.22559,0.9845925644224163,A:416:;A:418:;A:419:;A:420:;A:421:,A:418:;A:419:;A:421:
bsa_silica,anionic,30,2,alternative interface,A:61:,GLY,61,A,5,2,10.943002683893203,0.4,0.545184,0.22149999999999997,0.9967429769962908,A:59:;A:60:;A:61:;A:63:;A:64:,A:59:;A:64:
bsa_silica,anionic,31,2,alternative interface,A:552:,ALA,552,A,8,1,11.981652247493965,0.125,0.5615375,0.17227,0.9932283261147933,A:548:;A:549:;A:550:;A:551:;A:552:;A:554:;A:555:;A:556:,A:556:
bsa_silica,anionic,32,2,alternative interface,A:279:,ASP,279,A,6,3,13.35871569886009,0.5,0.60071,0.11723,0.985818489447251,A:275:;A:276:;A:279:;A:280:;A:281:;A:285:,A:275:;A:280:;A:285:
bsa_silica,anionic,33,2,alternative interface,A:358:,GLU,358,A,7,2,13.237851659320919,0.2857142857142857,0.4383957142857143,0.05322,0.9976380385111999,A:354:;A:355:;A:357:;A:358:;A:360:;A:361:;A:362:,A:355:;A:362:
bsa_silica,anionic,34,3,alternative interface,A:444:,ARG,444,A,13,5,12.921666351908133,0.38461538461538464,0.39782923076923077,0.66646,0.9763766284017096,A:387:;A:437:;A:438:;A:439:;A:440:;A:441:;A:442:;A:443:;A:444:;A:445:;A:446:;A:447:;A:448:,A:438:;A:439:;A:442:;A:444:;A:448:
bsa_silica,anionic,35,3,alternative interface,A:273:,LYS,273,A,8,4,13.855445151354068,0.5,0.5031675,0.60884,0.9827104757193906,A:272:;A:273:;A:275:;A:276:;A:292:;A:293:;A:294:;A:295:,A:272:;A:273:;A:275:;A:294:
bsa_silica,anionic,36,3,alternative interface,A:85:,GLY,85,A,7,2,9.724519074366848,0.2857142857142857,0.5584171428571428,0.35344000000000003,0.990733980558529,A:81:;A:82:;A:83:;A:84:;A:85:;A:86:;A:88:,A:81:;A:83:
bsa_silica,anionic,37,3,alternative interface,A:547:,MET,547,A,9,2,12.181711042333164,0.2222222222222222,0.44748999999999994,0.33234,0.9923951355218658,A:543:;A:544:;A:545:;A:546:;A:547:;A:548:;A:549:;A:550:;A:551:,A:544:;A:545:
bsa_silica,anionic,38,3,alternative interface,A:231:,THR,231,A,7,3,12.205804434509842,0.42857142857142855,0.4512928571428571,0.33134,0.9868007534870282,A:215:;A:227:;A:228:;A:229:;A:231:;A:232:;A:235:,A:231:;A:232:;A:235:
bsa_silica,anionic,39,3,alternative interface,A:269:,THR,269,A,6,2,12.629319302364731,0.3333333333333333,0.5726583333333334,0.27835,0.9834981191413043,A:224:;A:226:;A:266:;A:267:;A:268:;A:269:,A:224:;A:269:
bsa_silica,anionic,40,3,alternative interface,A:11:,PHE,11,A,10,4,12.811921992960734,0.4,0.38250100000000004,0.27706,0.9891609219189839,A:10:;A:11:;A:12:;A:13:;A:14:;A:15:;A:16:;A:51:;A:54:;A:9:,A:10:;A:12:;A:51:;A:9:
bsa_silica,anionic,41,3,alternative interface,A:558:,CYS,558,A,8,2,11.50570758926902,0.25,0.43860375,0.24672999999999998,0.9937418036064504,A:510:;A:554:;A:555:;A:556:;A:558:;A:559:;A:560:;A:563:,A:556:;A:563:
bsa_silica,anionic,42,3,alternative interface,A:396:,LYS,396,A,7,1,9.784798183825249,0.14285714285714285,0.56052,0.22358,0.9913519648104197,A:392:;A:393:;A:394:;A:395:;A:396:;A:397:;A:398:,A:396:
bsa_silica,anionic,43,3,alternative interface,A:499:,LYS,499,A,8,4,12.02594268753364,0.5,0.44255875,0.21008,0.9916158744237473,A:497:;A:498:;A:499:;A:500:;A:501:;A:533:;A:534:;A:535:,A:499:;A:533:;A:534:;A:535:
bsa_silica,anionic,44,3,alternative interface,A:179:,PRO,179,A,8,2,13.414212840562623,0.25,0.46765375,0.20735,0.9939841003521188,A:175:;A:176:;A:178:;A:179:;A:180:;A:181:;A:182:;A:183:,A:180:;A:183:
bsa_silica,anionic,45,3,alternative interface,A:168:,CYS,168,A,6,1,11.060365208844704,0.16666666666666666,0.500015,0.15001,0.9917105352506502,A:165:;A:166:;A:168:;A:169:;A:170:;A:173:,A:173:
bsa_silica,anionic,46,3,alternative interface,A:145:,HIS,145,A,7,4,12.419917362861291,0.5714285714285714,0.1791157142857143,0.13483,0.8868811072000683,A:108:;A:141:;A:143:;A:144:;A:145:;A:147:;A:192:,A:143:;A:144:;A:145:;A:192:
bsa_silica,anionic,47,3,alternative interface,A:172:,ASP,172,A,7,1,9.19434618268519,0.14285714285714285,0.5110371428571429,0.10474,0.9956976925912332,A:170:;A:171:;A:172:;A:173:;A:174:;A:175:;A:176:,A:173:
bsa_silica,anionic,48,4,alternative interface,A:211:,LYS,211,A,9,3,12.83170365946715,0.3333333333333333,0.4074511111111111,0.48441,0.9536178512439537,A:207:;A:208:;A:209:;A:211:;A:212:;A:213:;A:215:;A:235:;A:237:,A:208:;A:211:;A:235:
bsa_silica,anionic,49,4,alternative interface,A:236:,ASP,236,A,7,3,13.56829701814887,0.42857142857142855,0.4004914285714286,0.46793999999999997,0.974741633204217,A:232:;A:235:;A:236:;A:237:;A:239:;A:255:;A:259:,A:232:;A:235:;A:239:
bsa_silica,anionic,50,4,alternative interface,A:463:,HIS,463,A,10,5,14.211023245940444,0.5,0.3344600000000001,0.46582999999999997,0.9596546650156375,A:421:;A:460:;A:462:;A:463:;A:464:;A:465:;A:466:;A:467:;A:468:;A:473:,A:421:;A:463:;A:465:;A:466:;A:473:
bsa_silica,anionic,51,4,alternative interface,A:490:,LEU,490,A,7,3,13.564039071480465,0.42857142857142855,0.3864614285714286,0.40513,0.9811248851160648,A:413:;A:486:;A:488:;A:489:;A:490:;A:491:;A:492:,A:413:;A:488:;A:491:
bsa_silica,anionic,52,4,alternative interface,A:526:,THR,526,A,10,4,12.199656632465384,0.4,0.280145,0.3611,0.9818916678877939,A:419:;A:420:;A:423:;A:522:;A:523:;A:524:;A:526:;A:527:;A:528:;A:530:,A:419:;A:523:;A:524:;A:526:
bsa_silica,anionic,53,4,alternative interface,A:386:,LEU,386,A,8,1,11.458439866228606,0.125,0.45580875,0.33903,0.9848356437998159,A:383:;A:384:;A:385:;A:386:;A:387:;A:388:;A:389:;A:390:,A:388:
bsa_silica,anionic,54,4,alternative interface,A:264:,CYS,264,A,8,2,13.184511625374038,0.25,0.4135175,0.32216,0.9871041633513785,A:261:;A:262:;A:263:;A:264:;A:265:;A:266:;A:267:;A:275:,A:261:;A:275:
bsa_silica,anionic,55,4,alternative interface,A:242:,LYS,242,A,6,3,12.151917994827231,0.5,0.35418499999999997,0.29832000000000003,0.9452947961415145,A:202:;A:207:;A:239:;A:242:;A:243:;A:246:,A:239:;A:242:;A:246:
bsa_silica,anionic,56,4,alternative interface,A:101:,CYS,101,A,8,3,13.028769761367085,0.375,0.34474,0.29185,0.9865451277136883,A:100:;A:101:;A:103:;A:104:;A:105:;A:97:;A:98:;A:99:,A:104:;A:105:;A:98:
bsa_silica,anionic,57,4,alternative interface,A:119:,PRO,119,A,9,2,13.607289457495746,0.2222222222222222,0.44697333333333333,0.2781,0.9863688548926183,A:117:;A:118:;A:119:;A:120:;A:121:;A:122:;A:173:;A:174:;A:178:,A:121:;A:173:
bsa_silica,anionic,58,4,alternative interface,A:43:,VAL,43,A,9,2,11.463055160050786,0.2222222222222222,0.3318644444444445,0.25664000000000003,0.990882752217324,A:20:;A:24:;A:40:;A:41:;A:42:;A:43:;A:44:;A:45:;A:46:,A:20:;A:41:
bsa_silica,anionic,59,4,alternative interface,A:353:,GLU,353,A,8,2,12.396623003822876,0.25,0.32669125,0.25109000000000004,0.9886748467097459,A:326:;A:349:;A:350:;A:351:;A:353:;A:354:;A:355:;A:357:,A:350:;A:355:
bsa_silica,anionic,60,4,alternative interface,A:94:,GLN,94,A,8,2,11.844477743298466,0.25,0.5026587499999999,0.24709,0.9903858956873884,A:91:;A:92:;A:93:;A:94:;A:95:;A:96:;A:97:;A:98:,A:93:;A:98:
bsa_silica,anionic,61,4,alternative interface,A:324:,ALA,324,A,8,2,10.336685093268436,0.25,0.39975875000000005,0.23981000000000002,0.9924109088743215,A:321:;A:322:;A:323:;A:324:;A:325:;A:326:;A:327:;A:328:,A:322:;A:328:
bsa_silica,anionic,62,4,alternative interface,A:508:,PHE,508,A,7,2,13.819921204006585,0.2857142857142857,0.36988000000000004,0.23827,0.9883757269546365,A:506:;A:507:;A:508:;A:509:;A:510:;A:511:;A:571:,A:507:;A:509:
bsa_silica,anionic,63,4,alternative interface,A:410:,TYR,410,A,7,3,12.863552378819353,0.42857142857142855,0.17108714285714283,0.20698,0.9811413425468504,A:406:;A:408:;A:409:;A:410:;A:412:;A:413:;A:415:,A:409:;A:412:;A:413:
bsa_silica,anionic,64,4,alternative interface,A:365:,PRO,365,A,10,2,12.273633151942063,0.2,0.4518,0.20207,0.9931781418947878,A:315:;A:360:;A:361:;A:362:;A:363:;A:364:;A:365:;A:366:;A:367:;A:368:,A:362:;A:366:
bsa_silica,anionic,65,4,alternative interface,A:221:,LYS,221,A,9,4,15.046972935310912,0.4444444444444444,0.2681511111111111,0.20088,0.9673356151534759,A:217:;A:218:;A:221:;A:292:;A:293:;A:294:;A:295:;A:335:;A:338:,A:217:;A:221:;A:294:;A:335:
bsa_silica,anionic,66,4,alternative interface,A:284:,GLU,284,A,10,4,12.003839455772232,0.4,0.28652099999999997,0.18372,0.9841958530673969,A:155:;A:280:;A:281:;A:282:;A:283:;A:284:;A:285:;A:286:;A:287:;A:288:,A:280:;A:285:;A:286:;A:287:
bsa_silica,anionic,67,4,alternative interface,A:485:,PRO,485,A,7,3,10.717980038157878,0.42857142857142855,0.32738428571428574,0.17978000000000002,0.9839264150661782,A:482:;A:483:;A:484:;A:485:;A:486:;A:488:;A:489:,A:483:;A:484:;A:488:
bsa_silica,anionic,68,4,alternative interface,A:303:,PRO,303,A,6,1,11.398750109158502,0.16666666666666666,0.4040416666666667,0.16503,0.9931924141114356,A:301:;A:302:;A:303:;A:304:;A:305:;A:306:,A:305:
bsa_silica,anionic,69,4,alternative interface,A:566:,CYS,566,A,10,1,14.180666359676572,0.1,0.466056,0.16254000000000002,0.9923588673423372,A:560:;A:562:;A:563:;A:564:;A:565:;A:566:;A:568:;A:569:;A:570:;A:571:,A:563:
bsa_silica,anionic,70,4,alternative interface,A:17:,GLU,17,A,7,2,10.287712252220832,0.2857142857142857,0.3545628571428571,0.10055,0.9904279038117202,A:14:;A:15:;A:16:;A:17:;A:18:;A:20:;A:21:,A:18:;A:20:
bsa_silica,anionic,71,4,alternative interface,A:336:,ARG,336,A,6,3,11.258703507987494,0.5,0.21588833333333335,0.07248,0.9877997637749073,A:297:;A:332:;A:335:;A:336:;A:337:;A:338:,A:335:;A:336:;A:337:
bsa_silica,anionic,72,5,alternative interface,A:206:,GLY,206,A,9,3,10.758177125850091,0.3333333333333333,0.3788622222222222,0.42892,0.9715728831856466,A:201:;A:202:;A:203:;A:204:;A:205:;A:206:;A:207:;A:208:;A:209:,A:201:;A:204:;A:208:
bsa_silica,anionic,73,5,alternative interface,A:391:,CYS,391,A,10,1,12.201990862136428,0.1,0.40946899999999997,0.33903,0.9828332041311563,A:387:;A:388:;A:389:;A:390:;A:391:;A:392:;A:393:;A:394:;A:395:;A:437:,A:388:
bsa_silica,anionic,74,5,alternative interface,A:196:,ARG,196,A,6,3,12.200820169754202,0.5,0.1648333333333333,0.28789000000000003,0.7005817907222066,A:147:;A:192:;A:196:;A:197:;A:198:;A:200:,A:192:;A:196:;A:198:
bsa_silica,anionic,75,5,alternative interface,A:257:,ALA,257,A,10,3,12.319420636211449,0.3,0.308559,0.28431,0.9757377719215583,A:253:;A:254:;A:255:;A:256:;A:257:;A:258:;A:259:;A:261:;A:282:;A:286:,A:256:;A:261:;A:286:
bsa_silica,anionic,76,5,alternative interface,A:139:,TYR,139,A,9,2,12.050643514273531,0.2222222222222222,0.19000222222222224,0.2495,0.9764530959129065,A:135:;A:136:;A:137:;A:139:;A:140:;A:141:;A:143:;A:24:;A:36:,A:136:;A:143:
bsa_silica,anionic,77,5,alternative interface,A:76:,LYS,76,A,6,1,12.658487308418323,0.16666666666666666,0.40887,0.24414000000000002,0.9898699764171321,A:72:;A:73:;A:75:;A:76:;A:77:;A:78:,A:76:
bsa_silica,anionic,78,5,alternative interface,A:347:,ARG,347,A,9,3,12.38512211938532,0.3333333333333333,0.24595333333333336,0.22723,0.9774894546635793,A:343:;A:344:;A:346:;A:347:;A:349:;A:350:;A:351:;A:481:;A:482:,A:343:;A:347:;A:350:
bsa_silica,anionic,79,5,alternative interface,A:38:,GLU,38,A,8,1,11.805122775620807,0.125,0.45287374999999996,0.17918,0.9855621498972467,A:34:;A:35:;A:36:;A:37:;A:38:;A:40:;A:41:;A:42:,A:41:
bsa_silica,anionic,80,5,alternative interface,A:70:,PHE,70,A,8,2,11.024705084755453,0.25,0.22676375,0.12828,0.9908490827876285,A:66:;A:67:;A:68:;A:69:;A:70:;A:71:;A:72:;A:73:,A:67:;A:68:
bsa_silica,anionic,81,5,alternative interface,A:289:,ILE,289,A,8,3,10.104747696277702,0.375,0.25665375,0.10186999999999999,0.9811405950986015,A:285:;A:286:;A:287:;A:288:;A:289:;A:290:;A:291:;A:292:,A:285:;A:286:;A:287:
bsa_silica,anionic,82,5,alternative interface,A:424:,GLU,424,A,7,3,12.567901877226639,0.42857142857142855,0.2901985714285714,0.10095000000000001,0.9584889040033601,A:420:;A:421:;A:423:;A:424:;A:425:;A:427:;A:428:,A:421:;A:427:;A:428:
bsa_silica,anionic,83,5,alternative interface,A:248:,ASP,248,A,4,1,10.45523129590602,0.25,0.2337475,0.00477,0.9814539193469435,A:243:;A:246:;A:248:;A:251:,A:246:
bsa_silica,anionic,84,6,alternative interface,A:455:,ILE,455,A,9,3,11.830409303122511,0.3333333333333333,0.20961666666666667,0.26992,0.8683264024462393,A:425:;A:428:;A:429:;A:451:;A:452:;A:453:;A:454:;A:455:;A:458:,A:428:;A:453:;A:458:
bsa_silica,anionic,85,6,alternative interface,A:450:,ASP,450,A,10,3,13.22087048095032,0.3,0.20717800000000003,0.20946,0.9363767898040328,A:342:;A:343:;A:446:;A:447:;A:448:;A:450:;A:451:;A:452:;A:453:;A:454:,A:343:;A:448:;A:453:
bsa_silica,anionic,86,6,alternative interface,A:160:,TYR,160,A,8,1,12.376112958893163,0.125,0.29202374999999997,0.20287,0.9817751679053986,A:156:;A:158:;A:159:;A:160:;A:161:;A:162:;A:163:;A:181:,A:159:
bsa_silica,anionic,87,6,alternative interface,A:107:,ASP,107,A,6,2,11.27713680239768,0.3333333333333333,0.26194,0.19418,0.9598175927337883,A:105:;A:107:;A:108:;A:109:;A:110:;A:32:,A:105:;A:109:
bsa_silica,anionic,88,6,alternative interface,A:339:,GLU,339,A,6,1,12.615405546561593,0.16666666666666666,0.331655,0.003,0.9767711070562014,A:337:;A:338:;A:339:;A:340:;A:443:;A:446:,A:337:
bsa_silica,anionic,89,7,alternative interface,A:330:,LEU,330,A,9,1,12.839409809625504,0.1111111111111111,0.2129166666666667,0.12619999999999998,0.9812061527704283,A:212:;A:215:;A:326:;A:327:;A:328:;A:330:;A:332:;A:346:;A:349:,A:328:
bsa_silica,cationic,1,1,primary plausible interface,A:267:,GLN,267,A,9,6,12.583669337987917,0.6666666666666666,0.4813522222222223,0.76294,0.9857974023217618,A:263:;A:264:;A:265:;A:266:;A:267:;A:268:;A:269:;A:272:;A:275:,A:265:;A:266:;A:267:;A:268:;A:269:;A:272:
bsa_silica,cationic,2,1,primary plausible interface,A:544:,LYS,544,A,9,5,12.359701377014032,0.5555555555555556,0.52296,0.7544299999999999,0.9922429278273192,A:540:;A:541:;A:542:;A:543:;A:544:;A:545:;A:546:;A:547:;A:548:,A:540:;A:541:;A:542:;A:545:;A:548:
bsa_silica,cationic,3,1,primary plausible interface,A:311:,ASP,311,A,6,4,11.127895095193637,0.6666666666666666,0.6344949999999999,0.70988,0.9948899167406748,A:306:;A:307:;A:310:;A:311:;A:312:;A:313:,A:307:;A:310:;A:311:;A:313:
bsa_silica,cationic,4,1,primary plausible interface,A:321:,ALA,321,A,8,4,10.700507796776575,0.5,0.5334875,0.50512,0.9958650133588453,A:317:;A:319:;A:320:;A:321:;A:322:;A:323:;A:324:;A:325:,A:317:;A:319:;A:320:;A:323:
bsa_silica,cationic,5,1,primary plausible interface,A:562:,ASP,562,A,7,3,9.161442897163914,0.42857142857142855,0.5449371428571429,0.49213999999999997,0.9962357173658647,A:560:;A:561:;A:562:;A:563:;A:564:;A:565:;A:566:,A:561:;A:562:;A:564:
bsa_silica,cationic,6,1,primary plausible interface,A:355:,THR,355,A,6,5,10.974031339359797,0.8333333333333334,0.42980833333333335,0.39802,0.9955849984990995,A:351:;A:353:;A:354:;A:355:;A:357:;A:358:,A:351:;A:353:;A:355:;A:357:;A:358:
bsa_silica,cationic,7,1,primary plausible interface,A:299:,GLU,299,A,5,2,8.83299058656093,0.4,0.520548,0.38234,0.9970998051724376,A:297:;A:298:;A:299:;A:300:;A:301:,A:299:;A:300:
bsa_silica,cationic,8,1,primary plausible interface,A:1:,ASP,1,A,3,2,6.745793248799693,0.6666666666666666,0.9568300000000001,0.37827,0.9980668024267084,A:1:;A:2:;A:3:,A:1:;A:2:
bsa_silica,cationic,9,2,alternative interface,A:391:,CYS,391,A,10,5,12.201990862136428,0.5,0.40946899999999997,0.7559,0.9828332041311563,A:387:;A:388:;A:389:;A:390:;A:391:;A:392:;A:393:;A:394:;A:395:;A:437:,A:389:;A:390:;A:392:;A:393:;A:395:
bsa_silica,cationic,10,2,alternative interface,A:98:,ARG,98,A,12,6,12.579715399658157,0.5,0.41609749999999995,0.74562,0.9882677992978165,A:100:;A:101:;A:71:;A:91:;A:92:;A:93:;A:94:;A:95:;A:96:;A:97:;A:98:;A:99:,A:100:;A:92:;A:94:;A:95:;A:97:;A:99:
bsa_silica,cationic,11,2,alternative interface,A:126:,PHE,126,A,10,5,12.750677798825885,0.5,0.46038199999999996,0.7199800000000001,0.9888275462741706,A:122:;A:124:;A:125:;A:126:;A:127:;A:128:;A:129:;A:130:;A:133:;A:161:,A:124:;A:125:;A:129:;A:130:;A:161:
bsa_silica,cationic,12,2,alternative interface,A:120:,ASN,120,A,8,4,12.636222832734326,0.5,0.50403,0.71881,0.9877729247220985,A:118:;A:119:;A:120:;A:121:;A:122:;A:124:;A:173:;A:174:,A:118:;A:120:;A:121:;A:124:
bsa_silica,cationic,13,2,alternative interface,A:170:,ALA,170,A,8,4,11.901593159328774,0.5,0.5501225,0.67791,0.9919990776061827,A:166:;A:168:;A:169:;A:170:;A:171:;A:172:;A:173:;A:176:,A:166:;A:169:;A:171:;A:172:
bsa_silica,cationic,14,2,alternative interface,A:493:,ASP,493,A,8,5,11.769925718673374,0.625,0.48714124999999997,0.60685,0.9898885394217873,A:412:;A:413:;A:491:;A:492:;A:493:;A:494:;A:495:;A:496:,A:491:;A:493:;A:494:;A:495:;A:496:
bsa_silica,cationic,15,2,alternative interface,A:578:,THR,578,A,10,4,13.611023870677291,0.4,0.40772700000000006,0.58875,0.9930593414316738,A:546:;A:574:;A:575:;A:576:;A:577:;A:578:;A:579:;A:580:;A:581:;A:583:,A:577:;A:578:;A:579:;A:580:
bsa_silica,cationic,16,2,alternative interface,A:474:,LYS,474,A,7,4,11.642030338527746,0.5714285714285714,0.5222628571428571,0.56125,0.9791687316440539,A:470:;A:471:;A:473:;A:474:;A:476:;A:477:;A:478:,A:470:;A:473:;A:477:;A:478:
bsa_silica,cationic,17,2,alternative interface,A:539:,THR,539,A,6,4,11.621716291025189,0.6666666666666666,0.5785916666666667,0.54184,0.9922132171244696,A:537:;A:539:;A:540:;A:541:;A:542:;A:543:,A:539:;A:540:;A:541:;A:542:
bsa_silica,cationic,18,2,alternative interface,A:57:,GLU,57,A,9,5,14.163874855791686,0.5555555555555556,0.5884377777777777,0.53476,0.9904790220096217,A:4:;A:52:;A:54:;A:55:;A:56:;A:57:;A:58:;A:59:;A:63:,A:52:;A:56:;A:57:;A:58:;A:63:
bsa_silica,cationic,19,2,alternative interface,A:365:,PRO,365,A,10,2,12.273633151942063,0.2,0.4518,0.5111,0.9931781418947878,A:315:;A:360:;A:361:;A:362:;A:363:;A:364:;A:365:;A:366:;A:367:;A:368:,A:363:;A:364:
bsa_silica,cationic,20,2,alternative interface,A:370:,SER,370,A,7,3,12.960314956055845,0.42857142857142855,0.4439685714285714,0.51101,0.9933121234020905,A:310:;A:366:;A:367:;A:368:;A:370:;A:371:;A:373:,A:310:;A:370:;A:371:
bsa_silica,cationic,21,2,alternative interface,A:505:,LEU,505,A,8,4,11.797714157643664,0.5,0.43455875,0.49259000000000003,0.9926079434696711,A:502:;A:503:;A:504:;A:505:;A:506:;A:507:;A:527:;A:530:,A:502:;A:503:;A:507:;A:530:
bsa_silica,cationic,22,2,alternative interface,A:316:,LYS,316,A,6,4,10.941183193835426,0.6666666666666666,0.5473,0.4603,0.9948222810054631,A:313:;A:315:;A:316:;A:317:;A:319:;A:320:,A:313:;A:317:;A:319:;A:320:
bsa_silica,cationic,23,2,alternative interface,A:279:,ASP,279,A,6,2,13.35871569886009,0.3333333333333333,0.60071,0.44427999999999995,0.985818489447251,A:275:;A:276:;A:279:;A:280:;A:281:;A:285:,A:276:;A:279:
bsa_silica,cationic,24,2,alternative interface,A:552:,ALA,552,A,8,3,11.981652247493965,0.375,0.5615375,0.40557000000000004,0.9932283261147933,A:548:;A:549:;A:550:;A:551:;A:552:;A:554:;A:555:;A:556:,A:548:;A:549:;A:555:
bsa_silica,cationic,25,2,alternative interface,A:175:,ALA,175,A,7,1,12.377787146550084,0.14285714285714285,0.4687314285714286,0.22918,0.9957009637737245,A:172:;A:173:;A:174:;A:175:;A:176:;A:178:;A:179:,A:172:
bsa_silica,cationic,26,2,alternative interface,A:375:,LYS,375,A,7,2,13.733306585163318,0.2857142857142857,0.5482785714285714,0.22309,0.9937127462356281,A:371:;A:373:;A:374:;A:375:;A:377:;A:378:;A:379:,A:371:;A:374:
bsa_silica,cationic,27,2,alternative interface,A:61:,GLY,61,A,5,1,10.943002683893203,0.2,0.545184,0.20481000000000002,0.9967429769962908,A:59:;A:60:;A:61:;A:63:;A:64:,A:63:
bsa_silica,cationic,28,2,alternative interface,A:251:,GLU,251,A,7,5,13.995143745164984,0.7142857142857143,0.16581142857142858,0.15199,0.975627914649775,A:10:;A:243:;A:248:;A:251:;A:253:;A:254:;A:255:,A:243:;A:248:;A:251:;A:254:;A:255:
bsa_silica,cationic,29,2,alternative interface,A:149:,TYR,149,A,6,5,11.956278355670387,0.8333333333333334,0.1283,0.05248,0.8799417031429956,A:147:;A:149:;A:151:;A:152:;A:191:;A:192:,A:147:;A:149:;A:152:;A:191:;A:192:
bsa_silica,cationic,30,2,alternative interface,A:497:,VAL,497,A,6,3,13.180692771704537,0.5,0.590885,0.04616,0.9882427421696821,A:494:;A:495:;A:496:;A:497:;A:498:;A:499:,A:494:;A:495:;A:496:
bsa_silica,cationic,31,3,alternative interface,A:444:,ARG,444,A,13,5,12.921666351908133,0.38461538461538464,0.39782923076923077,0.68001,0.9763766284017096,A:387:;A:437:;A:438:;A:439:;A:440:;A:441:;A:442:;A:443:;A:444:;A:445:;A:446:;A:447:;A:448:,A:438:;A:441:;A:442:;A:443:;A:448:
bsa_silica,cationic,32,3,alternative interface,A:520:,LYS,520,A,11,5,13.128822095533598,0.45454545454545453,0.5095790909090909,0.6744499999999999,0.9844261431889026,A:514:;A:515:;A:516:;A:517:;A:518:;A:519:;A:520:;A:521:;A:522:;A:523:;A:524:,A:514:;A:517:;A:518:;A:519:;A:521:
bsa_silica,cationic,33,3,alternative interface,A:386:,LEU,386,A,8,4,11.458439866228606,0.5,0.45580875,0.5868,0.9848356437998159,A:383:;A:384:;A:385:;A:386:;A:387:;A:388:;A:389:;A:390:,A:384:;A:385:;A:389:;A:390:
bsa_silica,cationic,34,3,alternative interface,A:381:,ASP,381,A,9,4,15.792715765637695,0.4444444444444444,0.527328888888889,0.5779099999999999,0.9817690349443127,A:377:;A:378:;A:379:;A:380:;A:381:;A:382:;A:383:;A:384:;A:385:,A:381:;A:382:;A:384:;A:385:
bsa_silica,cationic,35,3,alternative interface,A:110:,PRO,110,A,8,5,10.949278106194097,0.625,0.32935375,0.55764,0.9569902345311496,A:107:;A:108:;A:109:;A:110:;A:111:;A:112:;A:144:;A:32:,A:107:;A:108:;A:109:;A:111:;A:32:
bsa_silica,cationic,36,3,alternative interface,A:81:,ARG,81,A,8,5,12.278865191950478,0.625,0.56030125,0.49912999999999996,0.9889604081075679,A:79:;A:81:;A:82:;A:83:;A:84:;A:85:;A:86:;A:88:,A:79:;A:82:;A:83:;A:84:;A:86:
bsa_silica,cationic,37,3,alternative interface,A:46:,LEU,46,A,7,3,10.957105513213213,0.42857142857142855,0.36520571428571424,0.42879,0.9939540527863697,A:42:;A:43:;A:44:;A:45:;A:46:;A:48:;A:49:,A:44:;A:45:;A:48:
bsa_silica,cationic,38,3,alternative interface,A:229:,GLU,229,A,6,3,10.294250896248691,0.5,0.5248333333333334,0.41777000000000003,0.9920301823753683,A:226:;A:227:;A:228:;A:229:;A:231:;A:232:,A:226:;A:229:;A:231:
bsa_silica,cationic,39,3,alternative interface,A:510:,ALA,510,A,8,3,12.701720588881662,0.375,0.4682299999999999,0.39393999999999996,0.9926573601725727,A:508:;A:509:;A:510:;A:511:;A:514:;A:558:;A:563:;A:564:,A:511:;A:514:;A:564:
bsa_silica,cationic,40,3,alternative interface,A:51:,LYS,51,A,7,2,11.322034332297504,0.2857142857142857,0.49019571428571423,0.3782,0.9935273806785633,A:11:;A:48:;A:49:;A:51:;A:52:;A:54:;A:55:,A:48:;A:52:
bsa_silica,cationic,41,3,alternative interface,A:132:,LYS,132,A,8,2,10.806001537910698,0.25,0.41174125,0.32232,0.9940758019108901,A:129:;A:130:;A:131:;A:132:;A:133:;A:134:;A:135:;A:136:,A:129:;A:130:
bsa_silica,cationic,42,3,alternative interface,A:78:,ALA,78,A,4,1,8.6799970260967,0.25,0.5415875,0.16135000000000002,0.9946254243453104,A:76:;A:77:;A:78:;A:79:,A:79:
bsa_silica,cationic,43,4,alternative interface,A:89:,ASP,89,A,6,3,12.453911596441197,0.5,0.5286716666666667,0.47988,0.988576361756093,A:86:;A:88:;A:89:;A:91:;A:92:;A:93:,A:86:;A:89:;A:92:
bsa_silica,cationic,44,4,alternative interface,A:305:,THR,305,A,7,3,12.149285929393574,0.42857142857142855,0.5010957142857143,0.39863,0.9913697030929345,A:303:;A:304:;A:305:;A:306:;A:307:;A:310:;A:373:,A:305:;A:307:;A:310:
bsa_silica,cationic,45,4,alternative interface,A:155:,TYR,155,A,9,5,12.718611565925569,0.5555555555555556,0.23807,0.22733,0.9643172744771457,A:151:;A:152:;A:155:;A:156:;A:158:;A:159:;A:283:;A:284:;A:287:,A:152:;A:155:;A:156:;A:158:;A:284:
bsa_silica,cationic,46,4,alternative interface,A:501:,PHE,501,A,6,2,11.944342202948793,0.3333333333333333,0.5137633333333333,0.15363,0.991469330873092,A:499:;A:500:;A:501:;A:502:;A:503:;A:534:,A:502:;A:503:
bsa_silica,cationic,47,4,alternative interface,A:350:,LYS,350,A,7,2,12.371913180080083,0.2857142857142857,0.3117742857142857,0.15198,0.9916924760712721,A:346:;A:347:;A:349:;A:350:;A:351:;A:353:;A:354:,A:351:;A:353:
bsa_silica,cationic,48,4,alternative interface,A:568:,ALA,568,A,9,2,13.08796086373706,0.2222222222222222,0.49519666666666673,0.11127000000000001,0.9939398497747317,A:509:;A:564:;A:565:;A:566:;A:568:;A:569:;A:570:;A:571:;A:572:,A:564:;A:570:
bsa_silica,cationic,49,4,alternative interface,A:573:,LYS,573,A,9,2,13.455112098912593,0.2222222222222222,0.48879666666666666,0.11127000000000001,0.994412426298051,A:569:;A:570:;A:571:;A:572:;A:573:;A:574:;A:575:;A:576:;A:577:,A:570:;A:577:
bsa_silica,cationic,50,5,alternative interface,A:163:,VAL,163,A,9,4,12.844751114064417,0.4444444444444444,0.39579666666666663,0.44144,0.9831317867856382,A:159:;A:160:;A:161:;A:162:;A:163:;A:165:;A:166:;A:180:;A:181:,A:160:;A:161:;A:165:;A:166:
bsa_silica,cationic,51,5,alternative interface,A:184:,MET,184,A,9,3,12.408461371586284,0.3333333333333333,0.4370733333333334,0.43929,0.9848922941743692,A:180:;A:181:;A:182:;A:183:;A:184:;A:185:;A:186:;A:187:;A:188:,A:182:;A:183:;A:186:
bsa_silica,cationic,52,5,alternative interface,A:68:,THR,68,A,10,4,11.173497743457068,0.4,0.309724,0.42331,0.9878723928735557,A:64:;A:65:;A:66:;A:67:;A:68:;A:69:;A:70:;A:71:;A:72:;A:95:,A:65:;A:68:;A:72:;A:95:
bsa_silica,cationic,53,5,alternative interface,A:479:,SER,479,A,8,4,10.296472660951652,0.5,0.32703249999999995,0.42107999999999995,0.9654470315726664,A:476:;A:477:;A:478:;A:479:;A:480:;A:481:;A:482:;A:483:,A:477:;A:478:;A:479:;A:482:
bsa_silica,cationic,54,5,alternative interface,A:35:,PRO,35,A,6,3,11.942927366367982,0.5,0.4858983333333333,0.41107,0.9881842977077803,A:33:;A:34:;A:35:;A:36:;A:37:;A:38:,A:33:;A:37:;A:38:
bsa_silica,cationic,55,5,alternative interface,A:467:,PRO,467,A,8,4,13.354453517718468,0.5,0.494185,0.31451,0.973924498011817,A:463:;A:464:;A:465:;A:466:;A:467:;A:468:;A:470:;A:473:,A:464:;A:466:;A:470:;A:473:
bsa_silica,cationic,56,5,alternative interface,A:327:,GLY,327,A,9,2,12.123669503723958,0.2222222222222222,0.3017033333333334,0.28331,0.9898004712877547,A:212:;A:215:;A:323:;A:324:;A:325:;A:326:;A:327:;A:328:;A:330:,A:323:;A:328:
bsa_silica,cationic,57,5,alternative interface,A:117:,PRO,117,A,6,1,11.904456241874833,0.16666666666666666,0.4823366666666667,0.16053,0.9883159549616615,A:115:;A:116:;A:117:;A:118:;A:119:;A:122:,A:118:
bsa_silica,cationic,58,5,alternative interface,A:137:,TYR,137,A,8,3,12.729019921473697,0.375,0.19009375,0.10992,0.9883132152508656,A:133:;A:134:;A:135:;A:136:;A:137:;A:139:;A:140:;A:141:,A:137:;A:139:;A:140:
bsa_silica,cationic,59,6,alternative interface,A:40:,VAL,40,A,9,3,12.567114782423133,0.3333333333333333,0.4016544444444445,0.41107,0.987050592637539,A:24:;A:36:;A:37:;A:38:;A:40:;A:41:;A:42:;A:43:;A:44:,A:37:;A:38:;A:44:
bsa_silica,cationic,60,6,alternative interface,A:398:,GLY,398,A,9,3,11.13653821167466,0.3333333333333333,0.4571911111111111,0.40911000000000003,0.987748269494238,A:394:;A:395:;A:396:;A:397:;A:398:;A:399:;A:400:;A:401:;A:402:,A:395:;A:399:;A:400:
bsa_silica,cationic,61,6,alternative interface,A:236:,ASP,236,A,7,3,13.56829701814887,0.42857142857142855,0.4004914285714286,0.36827,0.974741633204217,A:232:;A:235:;A:236:;A:237:;A:239:;A:255:;A:259:,A:235:;A:236:;A:255:
bsa_silica,cationic,62,6,alternative interface,A:261:,LYS,261,A,8,3,12.234963504950256,0.375,0.38348625000000003,0.30705,0.9878793355432401,A:257:;A:258:;A:259:;A:261:;A:262:;A:263:;A:264:;A:265:,A:258:;A:262:;A:265:
bsa_silica,cationic,63,6,alternative interface,A:103:,LEU,103,A,8,4,12.76003108520618,0.5,0.29863874999999995,0.29071,0.9646165180818584,A:100:;A:101:;A:103:;A:104:;A:105:;A:246:;A:30:;A:99:,A:100:;A:104:;A:30:;A:99:
bsa_silica,cationic,64,6,alternative interface,A:15:,GLY,15,A,9,3,11.963561750291086,0.3333333333333333,0.37276666666666675,0.28258,0.988031486341598,A:10:;A:11:;A:12:;A:13:;A:14:;A:15:;A:16:;A:17:;A:18:,A:13:;A:16:;A:17:
bsa_silica,cationic,65,6,alternative interface,A:293:,GLU,293,A,7,3,12.693980746062591,0.42857142857142855,0.38038,0.25062,0.9850027651472829,A:221:;A:273:;A:291:;A:292:;A:293:;A:294:;A:295:,A:291:;A:293:;A:295:
bsa_silica,cationic,66,6,alternative interface,A:189:,LEU,189,A,9,4,12.421201310554936,0.4444444444444444,0.3685,0.24488,0.9332968810702392,A:185:;A:186:;A:187:;A:188:;A:189:;A:190:;A:191:;A:192:;A:193:,A:186:;A:190:;A:191:;A:192:
bsa_silica,cationic,67,6,alternative interface,A:224:,LYS,224,A,8,3,14.716077974226609,0.375,0.44314625,0.23715,0.9800876196272053,A:224:;A:226:;A:269:;A:295:;A:296:;A:297:;A:298:;A:335:,A:226:;A:269:;A:295:
bsa_silica,cationic,68,6,alternative interface,A:339:,GLU,339,A,6,3,12.615405546561593,0.5,0.331655,0.22789,0.9767711070562014,A:337:;A:338:;A:339:;A:340:;A:443:;A:446:,A:339:;A:340:;A:443:
bsa_silica,cationic,69,6,alternative interface,A:6:,GLU,6,A,8,3,13.286397205246395,0.375,0.46913874999999994,0.13143000000000002,0.9869155574464239,A:10:;A:4:;A:63:;A:64:;A:65:;A:66:;A:6:;A:9:,A:63:;A:65:;A:6:
bsa_silica,cationic,70,6,alternative interface,A:416:,GLN,416,A,4,2,9.796977621096486,0.5,0.344975,0.08796,0.9814049717545343,A:415:;A:416:;A:418:;A:468:,A:416:;A:418:
bsa_silica,cationic,71,6,alternative interface,A:533:,LYS,533,A,10,1,12.362037664727955,0.1,0.234612,0.03401,0.9880615092785329,A:412:;A:415:;A:498:;A:499:;A:530:;A:531:;A:533:;A:534:;A:535:;A:536:,A:530:
bsa_silica,cationic,72,7,alternative interface,A:288:,CYS,288,A,9,3,11.76596507549958,0.3333333333333333,0.28127222222222215,0.36067,0.9778464736842635,A:284:;A:285:;A:286:;A:287:;A:288:;A:289:;A:290:;A:291:;A:292:,A:284:;A:286:;A:291:
bsa_silica,cationic,73,7,alternative interface,A:490:,LEU,490,A,7,2,13.564039071480465,0.2857142857142857,0.3864614285714286,0.31175,0.9811248851160648,A:413:;A:486:;A:488:;A:489:;A:490:;A:491:;A:492:,A:488:;A:491:
bsa_silica,cationic,74,7,alternative interface,A:256:,ARG,256,A,10,4,13.38144914231727,0.4,0.203521,0.31064,0.9666965490696996,A:151:;A:237:;A:253:;A:254:;A:255:;A:256:;A:257:;A:258:;A:259:;A:286:,A:254:;A:255:;A:258:;A:286:
bsa_silica,cationic,75,7,alternative interface,A:431:,LYS,431,A,8,3,12.590441260173863,0.375,0.29256875,0.28925999999999996,0.9581896218306818,A:399:;A:427:;A:428:;A:429:;A:431:;A:432:;A:434:;A:435:,A:399:;A:428:;A:434:
bsa_silica,cationic,76,7,alternative interface,A:20:,LYS,20,A,8,3,12.760705116085605,0.375,0.3020325,0.26978,0.9842978139545075,A:16:;A:17:;A:18:;A:20:;A:21:;A:24:;A:43:;A:44:,A:16:;A:17:;A:44:
bsa_silica,cationic,77,7,alternative interface,A:421:,THR,421,A,9,4,13.037502383341682,0.4444444444444444,0.2436488888888889,0.25913,0.9489538625597539,A:418:;A:419:;A:420:;A:421:;A:423:;A:424:;A:425:;A:462:;A:463:,A:418:;A:419:;A:421:;A:424:
bsa_silica,cationic,78,7,alternative interface,A:485:,PRO,485,A,7,2,10.717980038157878,0.2857142857142857,0.32738428571428574,0.18716999999999998,0.9839264150661782,A:482:;A:483:;A:484:;A:485:;A:486:;A:488:;A:489:,A:482:;A:488:
bsa_silica,cationic,79,7,alternative interface,A:282:,LEU,282,A,8,2,12.302541416018222,0.25,0.3253975,0.13452999999999998,0.98512730178614,A:257:;A:280:;A:281:;A:282:;A:283:;A:284:;A:285:;A:286:,A:284:;A:286:
bsa_silica,cationic,80,7,alternative interface,A:143:,ARG,143,A,8,4,12.686487171016157,0.5,0.215335,0.09119999999999999,0.972746283446867,A:139:;A:140:;A:141:;A:143:;A:144:;A:145:;A:32:;A:33:,A:139:;A:140:;A:32:;A:33:
bsa_silica,cationic,81,8,alternative interface,A:452:,LEU,452,A,10,4,13.346186385235452,0.4,0.18481799999999998,0.29673,0.9228677224365839,A:429:;A:432:;A:448:;A:450:;A:451:;A:452:;A:453:;A:454:;A:455:;A:484:,A:448:;A:450:;A:451:;A:453:
bsa_silica,cationic,82,8,alternative interface,A:202:,ILE,202,A,12,3,12.606042283756103,0.25,0.3462441666666667,0.21527000000000002,0.9552376981353337,A:198:;A:200:;A:201:;A:202:;A:203:;A:204:;A:205:;A:206:;A:207:;A:208:;A:209:;A:242:,A:201:;A:203:;A:207:
bsa_silica,cationic,83,8,alternative interface,A:73:,GLU,73,A,9,2,13.468721259652618,0.2222222222222222,0.25256,0.19438,0.9840949440382393,A:42:;A:69:;A:70:;A:71:;A:72:;A:73:;A:75:;A:76:;A:77:,A:72:;A:73:
bsa_silica,cationic,84,8,alternative interface,A:528:,LEU,528,A,8,3,12.82806301379808,0.375,0.1924275,0.14590999999999998,0.978683802384845,A:404:;A:408:;A:524:;A:526:;A:527:;A:528:;A:530:;A:531:,A:404:;A:526:;A:530:
bsa_silica,cationic,85,8,alternative interface,A:460:,CYS,460,A,7,2,12.768946536512324,0.2857142857142857,0.22131857142857142,0.11882999999999999,0.9562817114114947,A:458:;A:460:;A:462:;A:463:;A:464:;A:473:;A:476:,A:464:;A:473:
bsa_silica,cationic,86,8,alternative interface,A:194:,ARG,194,A,7,3,12.73375205352179,0.42857142857142855,0.20473285714285713,0.10949999999999999,0.43073269590741925,A:190:;A:191:;A:192:;A:194:;A:197:;A:198:;A:454:,A:190:;A:191:;A:192:
bsa_silica,cationic,87,8,alternative interface,A:332:,GLU,332,A,6,2,12.794786174864539,0.3333333333333333,0.16946499999999998,0.06846000000000001,0.9838985543631857,A:304:;A:328:;A:330:;A:332:;A:335:;A:336:,A:328:;A:332:
bsa_silica,cationic,88,8,alternative interface,A:343:,SER,343,A,8,3,12.366839379791088,0.375,0.21669,0.05669,0.9536527873869393,A:342:;A:343:;A:344:;A:346:;A:347:;A:450:;A:453:;A:481:,A:343:;A:450:;A:453:
bsa_silica,cationic,89,9,alternative interface,A:406:,LEU,406,A,9,2,12.334240916311703,0.2222222222222222,0.12828,0.05518,0.9776075382081995,A:402:;A:404:;A:405:;A:406:;A:408:;A:409:;A:410:;A:427:;A:429:,A:404:;A:410:
bsa_silica,hydrophobic,1,1,primary plausible interface,A:571:,GLY,571,A,11,6,14.419561938895821,0.5454545454545454,0.3952636363636363,0.955,0.9934461210843237,A:507:;A:508:;A:566:;A:568:;A:569:;A:570:;A:571:;A:572:;A:573:;A:574:;A:575:,A:508:;A:568:;A:569:;A:572:;A:574:;A:575:
bsa_silica,hydrophobic,2,1,primary plausible interface,A:550:,PHE,550,A,9,7,12.336565926226651,0.7777777777777778,0.4197177777777778,0.73664,0.9917909738359292,A:546:;A:547:;A:548:;A:549:;A:550:;A:551:;A:552:;A:554:;A:574:,A:546:;A:547:;A:550:;A:551:;A:552:;A:554:;A:574:
bsa_silica,hydrophobic,3,1,primary plausible interface,A:577:,SER,577,A,9,4,12.45852840626147,0.4444444444444444,0.48633777777777776,0.69401,0.9945841710115716,A:573:;A:574:;A:575:;A:576:;A:577:;A:578:;A:579:;A:580:;A:581:,A:574:;A:575:;A:576:;A:581:
bsa_silica,hydrophobic,4,1,primary plausible interface,A:556:,LYS,556,A,7,4,12.70198457249763,0.5714285714285714,0.49857428571428575,0.68842,0.9951196589609491,A:552:;A:554:;A:555:;A:556:;A:558:;A:559:;A:560:,A:552:;A:554:;A:559:;A:560:
bsa_silica,hydrophobic,5,1,primary plausible interface,A:305:,THR,305,A,7,4,12.149285929393574,0.5714285714285714,0.5010957142857143,0.57503,0.9913697030929345,A:303:;A:304:;A:305:;A:306:;A:307:;A:310:;A:373:,A:303:;A:304:;A:306:;A:373:
bsa_silica,hydrophobic,6,1,primary plausible interface,A:302:,PRO,302,A,6,5,13.352802170106171,0.8333333333333334,0.4755500000000001,0.5686,0.9915960463221076,A:300:;A:301:;A:302:;A:303:;A:304:;A:306:,A:301:;A:302:;A:303:;A:304:;A:306:
bsa_silica,hydrophobic,7,1,primary plausible interface,A:501:,PHE,501,A,6,2,11.944342202948793,0.3333333333333333,0.5137633333333333,0.5494100000000001,0.991469330873092,A:499:;A:500:;A:501:;A:502:;A:503:;A:534:,A:500:;A:501:
bsa_silica,hydrophobic,8,1,primary plausible interface,A:117:,PRO,117,A,6,4,11.904456241874833,0.6666666666666666,0.4823366666666667,0.4868,0.9883159549616615,A:115:;A:116:;A:117:;A:118:;A:119:;A:122:,A:115:;A:117:;A:119:;A:122:
bsa_silica,hydrophobic,9,1,primary plausible interface,A:54:,VAL,54,A,8,3,13.23640892829894,0.375,0.49933875,0.46587,0.9940282320066816,A:11:;A:12:;A:51:;A:52:;A:54:;A:55:;A:56:;A:57:,A:11:;A:54:;A:55:
bsa_silica,hydrophobic,10,1,primary plausible interface,A:322:,LYS,322,A,9,4,11.321196856107479,0.4444444444444444,0.48564999999999997,0.42168999999999995,0.9951826755046743,A:317:;A:319:;A:320:;A:321:;A:322:;A:323:;A:324:;A:325:;A:326:,A:321:;A:324:;A:325:;A:326:
bsa_silica,hydrophobic,11,1,primary plausible interface,A:226:,GLU,226,A,6,2,11.452215046034047,0.3333333333333333,0.5699666666666667,0.39132,0.9860115129380256,A:224:;A:226:;A:227:;A:228:;A:229:;A:269:,A:227:;A:228:
bsa_silica,hydrophobic,12,1,primary plausible interface,A:173:,LYS,173,A,11,3,12.192695282993661,0.2727272727272727,0.5159163636363636,0.37973,0.9879218123003699,A:119:;A:120:;A:168:;A:169:;A:170:;A:171:;A:172:;A:173:;A:174:;A:175:;A:176:,A:119:;A:170:;A:175:
bsa_silica,hydrophobic,13,1,primary plausible interface,A:364:,ASP,364,A,7,2,9.376756760064792,0.2857142857142857,0.5263828571428572,0.35722000000000004,0.9959151720074456,A:362:;A:363:;A:364:;A:365:;A:366:;A:367:;A:368:,A:365:;A:367:
bsa_silica,hydrophobic,14,1,primary plausible interface,A:357:,GLU,357,A,7,2,12.662579269128928,0.2857142857142857,0.41094714285714284,0.29535,0.997024144853765,A:353:;A:354:;A:355:;A:357:;A:358:;A:360:;A:361:,A:354:;A:361:
bsa_silica,hydrophobic,15,1,primary plausible interface,A:61:,GLY,61,A,5,1,10.943002683893203,0.2,0.545184,0.28176,0.9967429769962908,A:59:;A:60:;A:61:;A:63:;A:64:,A:60:
bsa_silica,hydrophobic,16,1,primary plausible interface,A:382:,GLU,382,A,8,3,13.227710643760961,0.375,0.52461875,0.24428999999999998,0.9841569428496082,A:378:;A:379:;A:380:;A:381:;A:382:;A:383:;A:384:;A:385:,A:379:;A:380:;A:383:
bsa_silica,hydrophobic,17,1,primary plausible interface,A:121:,THR,121,A,7,2,10.890809402052334,0.2857142857142857,0.5657442857142857,0.19628,0.9918310821426879,A:118:;A:119:;A:120:;A:121:;A:122:;A:124:;A:125:,A:119:;A:122:
bsa_silica,hydrophobic,18,1,primary plausible interface,A:377:,LYS,377,A,8,3,13.491398777715707,0.375,0.5052162499999999,0.19404,0.990676679024091,A:373:;A:374:;A:375:;A:377:;A:378:;A:379:;A:380:;A:381:,A:373:;A:379:;A:380:
bsa_silica,hydrophobic,19,1,primary plausible interface,A:583:,ALA,583,A,5,2,7.888093319921544,0.4,0.42722799999999994,0.18999,0.9971075504887893,A:578:;A:579:;A:580:;A:581:;A:583:,A:581:;A:583:
bsa_silica,hydrophobic,20,1,primary plausible interface,A:540:,GLU,540,A,6,1,8.451708911824662,0.16666666666666666,0.5611700000000001,0.01843,0.9958672360336561,A:539:;A:540:;A:541:;A:542:;A:543:;A:544:,A:543:
bsa_silica,hydrophobic,21,2,alternative interface,A:498:,PRO,498,A,9,4,12.02996797669608,0.4444444444444444,0.39976555555555554,0.65488,0.9890926941730619,A:496:;A:497:;A:498:;A:499:;A:500:;A:533:;A:534:;A:535:;A:536:,A:497:;A:498:;A:500:;A:536:
bsa_silica,hydrophobic,22,2,alternative interface,A:563:,LYS,563,A,10,4,11.769438913490816,0.4,0.497257,0.55272,0.9950731992805218,A:510:;A:558:;A:559:;A:560:;A:561:;A:562:;A:563:;A:564:;A:565:;A:566:,A:510:;A:559:;A:560:;A:565:
bsa_silica,hydrophobic,23,2,alternative interface,A:178:,LEU,178,A,9,5,12.693354146473453,0.5555555555555556,0.3990099999999999,0.53484,0.9908613156526506,A:119:;A:174:;A:175:;A:176:;A:178:;A:179:;A:180:;A:181:;A:182:,A:119:;A:175:;A:178:;A:179:;A:181:
bsa_silica,hydrophobic,24,2,alternative interface,A:38:,GLU,38,A,8,4,11.805122775620807,0.5,0.45287374999999996,0.44101999999999997,0.9855621498972467,A:34:;A:35:;A:36:;A:37:;A:38:;A:40:;A:41:;A:42:,A:35:;A:36:;A:40:;A:42:
bsa_silica,hydrophobic,25,2,alternative interface,A:327:,GLY,327,A,9,6,12.123669503723958,0.6666666666666666,0.3017033333333334,0.43651,0.9898004712877547,A:212:;A:215:;A:323:;A:324:;A:325:;A:326:;A:327:;A:328:;A:330:,A:212:;A:215:;A:324:;A:325:;A:326:;A:330:
bsa_silica,hydrophobic,26,2,alternative interface,A:112:,LEU,112,A,6,3,11.401408949334796,0.5,0.4767883333333333,0.43052,0.9703054420978654,A:110:;A:111:;A:112:;A:113:;A:114:;A:144:,A:110:;A:112:;A:113:
bsa_silica,hydrophobic,27,2,alternative interface,A:231:,THR,231,A,7,3,12.205804434509842,0.42857142857142855,0.4512928571428571,0.42865000000000003,0.9868007534870282,A:215:;A:227:;A:228:;A:229:;A:231:;A:232:;A:235:,A:215:;A:227:;A:228:
bsa_silica,hydrophobic,28,2,alternative interface,A:211:,LYS,211,A,9,5,12.83170365946715,0.5555555555555556,0.4074511111111111,0.39049999999999996,0.9536178512439537,A:207:;A:208:;A:209:;A:211:;A:212:;A:213:;A:215:;A:235:;A:237:,A:209:;A:212:;A:213:;A:215:;A:237:
bsa_silica,hydrophobic,29,2,alternative interface,A:519:,GLU,519,A,9,3,10.638652738406794,0.3333333333333333,0.5127,0.38232,0.9866718661025095,A:515:;A:516:;A:517:;A:518:;A:519:;A:520:;A:521:;A:522:;A:523:,A:515:;A:516:;A:522:
bsa_silica,hydrophobic,30,2,alternative interface,A:43:,VAL,43,A,9,5,11.463055160050786,0.5555555555555556,0.3318644444444445,0.28347,0.990882752217324,A:20:;A:24:;A:40:;A:41:;A:42:;A:43:;A:44:;A:45:;A:46:,A:24:;A:40:;A:42:;A:43:;A:46:
bsa_silica,hydrophobic,31,2,alternative interface,A:506:,PHE,506,A,9,5,13.115315610908366,0.5555555555555556,0.4143,0.22873000000000002,0.9910118686566157,A:502:;A:503:;A:504:;A:505:;A:506:;A:507:;A:508:;A:527:;A:575:,A:505:;A:506:;A:508:;A:527:;A:575:
bsa_silica,hydrophobic,32,2,alternative interface,A:395:,GLU,395,A,8,2,9.832817463881637,0.25,0.4992975,0.18795,0.9896280809376545,A:391:;A:392:;A:393:;A:394:;A:395:;A:396:;A:397:;A:398:,A:394:;A:397:
bsa_silica,hydrophobic,33,2,alternative interface,A:509:,HIS,509,A,7,3,12.826465614156065,0.42857142857142855,0.49645999999999996,0.15442999999999998,0.9936266782551173,A:507:;A:508:;A:509:;A:510:;A:511:;A:564:;A:568:,A:508:;A:510:;A:568:
bsa_silica,hydrophobic,34,2,alternative interface,A:81:,ARG,81,A,8,1,12.278865191950478,0.125,0.56030125,0.0886,0.9889604081075679,A:79:;A:81:;A:82:;A:83:;A:84:;A:85:;A:86:;A:88:,A:88:
bsa_silica,hydrophobic,35,2,alternative interface,A:514:,THR,514,A,6,3,13.410154404780602,0.5,0.45690000000000003,0.08715999999999999,0.9936117178774106,A:510:;A:511:;A:514:;A:515:;A:516:;A:520:,A:510:;A:515:;A:516:
bsa_silica,hydrophobic,36,2,alternative interface,A:89:,ASP,89,A,6,1,12.453911596441197,0.16666666666666666,0.5286716666666667,0.05619,0.988576361756093,A:86:;A:88:;A:89:;A:91:;A:92:;A:93:,A:88:
bsa_silica,hydrophobic,37,3,alternative interface,A:297:,ILE,297,A,8,3,11.923827040518214,0.375,0.38249875,0.53278,0.9891977071931215,A:224:;A:295:;A:296:;A:297:;A:298:;A:299:;A:335:;A:336:,A:296:;A:297:;A:298:
bsa_silica,hydrophobic,38,3,alternative interface,A:423:,VAL,423,A,9,4,12.429487020928924,0.4444444444444444,0.28427111111111114,0.38427999999999995,0.970289555385847,A:419:;A:420:;A:421:;A:423:;A:424:;A:425:;A:427:;A:522:;A:526:,A:420:;A:423:;A:425:;A:522:
bsa_silica,hydrophobic,39,3,alternative interface,A:488:,SER,488,A,6,3,10.253207233440879,0.5,0.29872499999999996,0.37752,0.9889077013858633,A:484:;A:485:;A:486:;A:488:;A:489:;A:490:,A:485:;A:489:;A:490:
bsa_silica,hydrophobic,40,3,alternative interface,A:201:,SER,201,A,12,6,12.595391286548251,0.5,0.2991625,0.33874000000000004,0.9567870340433731,A:197:;A:198:;A:200:;A:201:;A:202:;A:203:;A:204:;A:205:;A:206:;A:207:;A:209:;A:480:,A:197:;A:200:;A:202:;A:205:;A:209:;A:480:
bsa_silica,hydrophobic,41,3,alternative interface,A:467:,PRO,467,A,8,2,13.354453517718468,0.25,0.494185,0.311,0.973924498011817,A:463:;A:464:;A:465:;A:466:;A:467:;A:468:;A:470:;A:473:,A:467:;A:468:
bsa_silica,hydrophobic,42,3,alternative interface,A:77:,VAL,77,A,6,2,12.362523414309898,0.3333333333333333,0.4285166666666667,0.3072,0.9892870846572992,A:73:;A:75:;A:76:;A:77:;A:78:;A:79:,A:77:;A:78:
bsa_silica,hydrophobic,43,3,alternative interface,A:126:,PHE,126,A,10,4,12.750677798825885,0.4,0.46038199999999996,0.30038,0.9888275462741706,A:122:;A:124:;A:125:;A:126:;A:127:;A:128:;A:129:;A:130:;A:133:;A:161:,A:122:;A:126:;A:128:;A:133:
bsa_silica,hydrophobic,44,3,alternative interface,A:351:,GLU,351,A,7,2,12.539549388529062,0.2857142857142857,0.2995,0.2986,0.9935664904195977,A:347:;A:349:;A:350:;A:351:;A:353:;A:354:;A:355:,A:349:;A:354:
bsa_silica,hydrophobic,45,3,alternative interface,A:491:,THR,491,A,7,3,12.877158507185353,0.42857142857142855,0.40678,0.29674,0.984690348891528,A:412:;A:413:;A:489:;A:490:;A:491:;A:492:;A:493:,A:489:;A:490:;A:492:
bsa_silica,hydrophobic,46,3,alternative interface,A:545:,THR,545,A,9,3,12.383953098954269,0.3333333333333333,0.47710111111111114,0.29123,0.9927720568138363,A:541:;A:542:;A:543:;A:544:;A:545:;A:546:;A:547:;A:548:;A:549:,A:543:;A:546:;A:547:
bsa_silica,hydrophobic,47,3,alternative interface,A:402:,PHE,402,A,11,5,12.10824872560484,0.45454545454545453,0.31739363636363643,0.23571999999999999,0.9784812258004648,A:393:;A:394:;A:397:;A:398:;A:399:;A:400:;A:401:;A:402:;A:404:;A:405:;A:406:,A:394:;A:397:;A:402:;A:405:;A:406:
bsa_silica,hydrophobic,48,3,alternative interface,A:370:,SER,370,A,7,2,12.960314956055845,0.2857142857142857,0.4439685714285714,0.22784,0.9933121234020905,A:310:;A:366:;A:367:;A:368:;A:370:;A:371:;A:373:,A:367:;A:373:
bsa_silica,hydrophobic,49,3,alternative interface,A:340:,TYR,340,A,7,4,11.447036120019884,0.5714285714285714,0.24670714285714282,0.17577,0.9754061971912857,A:337:;A:338:;A:339:;A:340:;A:342:;A:344:;A:446:,A:338:;A:342:;A:344:;A:446:
bsa_silica,hydrophobic,50,3,alternative interface,A:49:,PHE,49,A,6,2,10.880444502875127,0.3333333333333333,0.4700866666666666,0.16748000000000002,0.9942073783258937,A:45:;A:46:;A:48:;A:49:;A:51:;A:52:,A:46:;A:49:
bsa_silica,hydrophobic,51,3,alternative interface,A:217:,ARG,217,A,6,4,12.640390096359557,0.6666666666666666,0.19374166666666667,0.11903999999999999,0.9633598742879603,A:213:;A:215:;A:217:;A:218:;A:221:;A:342:,A:213:;A:215:;A:218:;A:342:
bsa_silica,hydrophobic,52,3,alternative interface,A:166:,GLU,166,A,7,2,13.686631048678446,0.2857142857142857,0.48378714285714286,0.04606,0.9935547595499222,A:162:;A:163:;A:165:;A:166:;A:168:;A:169:;A:170:,A:163:;A:170:
bsa_silica,hydrophobic,53,4,alternative interface,A:283:,LEU,283,A,11,4,15.094976226990156,0.36363636363636365,0.25851545454545455,0.47637,0.9799708515988884,A:151:;A:152:;A:155:;A:280:;A:281:;A:282:;A:283:;A:284:;A:285:;A:286:;A:287:,A:151:;A:281:;A:282:;A:283:
bsa_silica,hydrophobic,54,4,alternative interface,A:418:,SER,418,A,5,1,11.633696317530097,0.2,0.356532,0.33445,0.9845925644224163,A:416:;A:418:;A:419:;A:420:;A:421:,A:420:
bsa_silica,hydrophobic,55,4,alternative interface,A:343:,SER,343,A,8,4,12.366839379791088,0.5,0.21669,0.30591999999999997,0.9536527873869393,A:342:;A:343:;A:344:;A:346:;A:347:;A:450:;A:453:;A:481:,A:342:;A:344:;A:346:;A:481:
bsa_silica,hydrophobic,56,4,alternative interface,A:454:,LEU,454,A,9,4,13.333522797701374,0.4444444444444444,0.25876666666666664,0.29238,0.7210274387660001,A:194:;A:197:;A:450:;A:451:;A:452:;A:453:;A:454:;A:455:;A:458:,A:197:;A:452:;A:454:;A:455:
bsa_silica,hydrophobic,57,4,alternative interface,A:443:,GLU,443,A,10,3,13.38603986859604,0.3,0.4633920000000001,0.25897,0.9812882912757178,A:339:;A:439:;A:440:;A:441:;A:442:;A:443:;A:444:;A:445:;A:446:;A:447:,A:440:;A:445:;A:446:
bsa_silica,hydrophobic,58,4,alternative interface,A:288:,CYS,288,A,9,3,11.76596507549958,0.3333333333333333,0.28127222222222215,0.25884,0.9778464736842635,A:284:;A:285:;A:286:;A:287:;A:288:;A:289:;A:290:;A:291:;A:292:,A:289:;A:290:;A:292:
bsa_silica,hydrophobic,59,4,alternative interface,A:99:,ASN,99,A,10,2,12.957631714119874,0.2,0.315794,0.24687,0.9850582906933117,A:100:;A:101:;A:103:;A:67:;A:71:;A:95:;A:96:;A:97:;A:98:;A:99:,A:103:;A:96:
bsa_silica,hydrophobic,60,4,alternative interface,A:186:,GLU,186,A,9,3,12.541757002880745,0.3333333333333333,0.44238000000000005,0.22609,0.9772186923427236,A:182:;A:183:;A:184:;A:185:;A:186:;A:187:;A:188:;A:189:;A:190:,A:184:;A:188:;A:189:
bsa_silica,hydrophobic,61,4,alternative interface,A:68:,THR,68,A,10,3,11.173497743457068,0.3,0.309724,0.21603000000000003,0.9878723928735557,A:64:;A:65:;A:66:;A:67:;A:68:;A:69:;A:70:;A:71:;A:72:;A:95:,A:66:;A:69:;A:70:
bsa_silica,hydrophobic,62,4,alternative interface,A:261:,LYS,261,A,8,3,12.234963504950256,0.375,0.38348625000000003,0.21197,0.9878793355432401,A:257:;A:258:;A:259:;A:261:;A:262:;A:263:;A:264:;A:265:,A:257:;A:259:;A:263:
bsa_silica,hydrophobic,63,4,alternative interface,A:256:,ARG,256,A,10,5,13.38144914231727,0.5,0.203521,0.20758,0.9666965490696996,A:151:;A:237:;A:253:;A:254:;A:255:;A:256:;A:257:;A:258:;A:259:;A:286:,A:151:;A:237:;A:253:;A:257:;A:259:
bsa_silica,hydrophobic,64,4,alternative interface,A:531:,LEU,531,A,8,4,13.262753130321789,0.5,0.1649,0.18780000000000002,0.987587889954819,A:527:;A:528:;A:530:;A:531:;A:533:;A:534:;A:535:;A:536:,A:527:;A:528:;A:531:;A:536:
bsa_silica,hydrophobic,65,4,alternative interface,A:386:,LEU,386,A,8,3,11.458439866228606,0.375,0.45580875,0.16451000000000002,0.9848356437998159,A:383:;A:384:;A:385:;A:386:;A:387:;A:388:;A:389:;A:390:,A:383:;A:386:;A:387:
bsa_silica,hydrophobic,66,4,alternative interface,A:448:,THR,448,A,10,5,13.21253835779515,0.5,0.178368,0.11538999999999999,0.9680836588180334,A:387:;A:432:;A:444:;A:445:;A:446:;A:447:;A:448:;A:450:;A:451:;A:452:,A:387:;A:432:;A:445:;A:446:;A:452:
bsa_silica,hydrophobic,67,4,alternative interface,A:429:,LEU,429,A,9,6,13.066613103022172,0.6666666666666666,0.17629555555555554,0.08376,0.9360805673207084,A:406:;A:425:;A:427:;A:428:;A:429:;A:431:;A:432:;A:452:;A:455:,A:406:;A:425:;A:429:;A:432:;A:452:;A:455:
bsa_silica,hydrophobic,68,4,alternative interface,A:9:,HIS,9,A,6,1,10.834714460714604,0.16666666666666666,0.3726233333333333,0.08376,0.9912864141765727,A:10:;A:11:;A:12:;A:13:;A:6:;A:9:,A:11:
bsa_silica,hydrophobic,69,4,alternative interface,A:132:,LYS,132,A,8,2,10.806001537910698,0.25,0.41174125,0.0669,0.9940758019108901,A:129:;A:130:;A:131:;A:132:;A:133:;A:134:;A:135:;A:136:,A:133:;A:134:
bsa_silica,hydrophobic,70,4,alternative interface,A:537:,LYS,537,A,4,1,9.38254759462614,0.25,0.44213499999999994,0.05884,0.9930310922799231,A:535:;A:536:;A:537:;A:539:,A:536:
bsa_silica,hydrophobic,71,5,alternative interface,A:192:,SER,192,A,11,3,12.865998479254088,0.2727272727272727,0.22823090909090907,0.33129,0.6221209742430449,A:145:;A:147:;A:149:;A:188:;A:189:;A:190:;A:191:;A:192:;A:193:;A:194:;A:196:,A:188:;A:189:;A:193:
bsa_silica,hydrophobic,72,5,alternative interface,A:482:,ASN,482,A,9,3,12.66969445321429,0.3333333333333333,0.20087666666666665,0.21828,0.960595110030741,A:347:;A:479:;A:480:;A:481:;A:482:;A:483:;A:484:;A:485:;A:486:,A:480:;A:481:;A:485:
bsa_silica,hydrophobic,73,5,alternative interface,A:524:,LYS,524,A,8,3,12.501881750960745,0.375,0.31558375,0.21011,0.984384930444603,A:520:;A:521:;A:522:;A:523:;A:524:;A:526:;A:527:;A:528:,A:522:;A:527:;A:528:
bsa_silica,hydrophobic,74,5,alternative interface,A:408:,VAL,408,A,8,4,12.47846367583178,0.5,0.16438125,0.12997999999999998,0.9779913448463293,A:404:;A:405:;A:406:;A:408:;A:409:;A:410:;A:412:;A:528:,A:405:;A:406:;A:408:;A:528:
bsa_silica,hydrophobic,75,5,alternative interface,A:236:,ASP,236,A,7,2,13.56829701814887,0.2857142857142857,0.4004914285714286,0.11413000000000001,0.974741633204217,A:232:;A:235:;A:236:;A:237:;A:239:;A:255:;A:259:,A:237:;A:259:
bsa_silica,hydrophobic,76,5,alternative interface,A:14:,LEU,14,A,11,3,13.107923241053628,0.2727272727272727,0.3197627272727273,0.10221,0.98540664676535,A:10:;A:11:;A:12:;A:13:;A:14:;A:15:;A:16:;A:17:;A:18:;A:253:;A:254:,A:11:;A:14:;A:253:
bsa_silica,hydrophobic,77,5,alternative interface,A:104:,SER,104,A,5,1,9.06789045552717,0.2,0.36546399999999996,0.0487,0.9880213671474731,A:100:;A:101:;A:103:;A:104:;A:105:,A:103:
bsa_silica,hydrophobic,78,5,alternative interface,A:293:,GLU,293,A,7,1,12.693980746062591,0.14285714285714285,0.38038,0.03583,0.9850027651472829,A:221:;A:273:;A:291:;A:292:;A:293:;A:294:;A:295:,A:292:
bsa_silica,hydrophobic,79,5,alternative interface,A:266:,ASN,266,A,8,1,11.900680513104046,0.125,0.42756125,0.026869999999999998,0.9904955174292712,A:262:;A:263:;A:264:;A:265:;A:266:;A:267:;A:268:;A:269:,A:263:
bsa_silica,hydrophobic,80,6,alternative interface,A:139:,TYR,139,A,9,3,12.050643514273531,0.3333333333333333,0.19000222222222224,0.09743,0.9764530959129065,A:135:;A:136:;A:137:;A:139:;A:140:;A:141:;A:143:;A:24:;A:36:,A:141:;A:24:;A:36:
bsa_silica,hydrophobic,81,6,alternative interface,A:109:,SER,109,A,7,2,13.579676898353943,0.2857142857142857,0.35611,0.05859,0.9338980671911291,A:107:;A:108:;A:109:;A:110:;A:111:;A:144:;A:462:,A:110:;A:462:
bsa_silica,hydrophobic,82,6,alternative interface,A:21:,GLY,21,A,6,1,11.084857509303323,0.16666666666666666,0.2850783333333333,0.049800000000000004,0.9813525578423318,A:135:;A:17:;A:18:;A:20:;A:21:;A:24:,A:24:
bsa_silica,hydrophobic,83,6,alternative interface,A:160:,TYR,160,A,8,2,12.376112958893163,0.25,0.29202374999999997,0.04606,0.9817751679053986,A:156:;A:158:;A:159:;A:160:;A:161:;A:162:;A:163:;A:181:,A:163:;A:181:
bsa_silica,hydrophobic,84,6,alternative interface,A:415:,PRO,415,A,7,1,13.976284221427692,0.14285714285714285,0.16606,0.04394,0.9827653537891954,A:410:;A:412:;A:413:;A:415:;A:416:;A:496:;A:533:,A:415:
bsa_silica,hydrophobic,85,6,alternative interface,A:434:,THR,434,A,7,1,12.336914964284178,0.14285714285714285,0.3727628571428571,0.03327,0.9765854176364756,A:399:;A:431:;A:432:;A:434:;A:435:;A:437:;A:438:,A:432:
bsa_silica,hydrophobic,86,6,alternative interface,A:332:,GLU,332,A,6,2,12.794786174864539,0.3333333333333333,0.16946499999999998,0.0332,0.9838985543631857,A:304:;A:328:;A:330:;A:332:;A:335:;A:336:,A:304:;A:330:
bsa_silica,hydrophobic,87,7,alternative interface,A:460:,CYS,460,A,7,1,12.768946536512324,0.14285714285714285,0.22131857142857142,0.02698,0.9562817114114947,A:458:;A:460:;A:462:;A:463:;A:464:;A:473:;A:476:,A:462:
bsa_silica,hydrophobic,88,7,alternative interface,A:251:,GLU,251,A,7,1,13.995143745164984,0.14285714285714285,0.16581142857142858,0.02408,0.975627914649775,A:10:;A:243:;A:248:;A:251:;A:253:;A:254:;A:255:,A:253:
bsa_silica,pi_carbon,1,1,primary plausible interface,A:133:,PHE,133,A,12,7,12.60704389568947,0.5833333333333334,0.358845,0.91971,0.9880137639241521,A:125:;A:126:;A:129:;A:130:;A:131:;A:132:;A:133:;A:134:;A:135:;A:136:;A:137:;A:161:,A:126:;A:131:;A:132:;A:133:;A:134:;A:136:;A:137:
bsa_silica,pi_carbon,2,1,primary plausible interface,A:184:,MET,184,A,9,3,12.408461371586284,0.3333333333333333,0.4370733333333334,0.81262,0.9848922941743692,A:180:;A:181:;A:182:;A:183:;A:184:;A:185:;A:186:;A:187:;A:188:,A:180:;A:185:;A:187:
bsa_silica,pi_carbon,3,1,primary plausible interface,A:375:,LYS,375,A,7,4,13.733306585163318,0.5714285714285714,0.5482785714285714,0.7019199999999999,0.9937127462356281,A:371:;A:373:;A:374:;A:375:;A:377:;A:378:;A:379:,A:373:;A:375:;A:377:;A:378:
bsa_silica,pi_carbon,4,1,primary plausible interface,A:3:,HIS,3,A,4,2,9.069559466806224,0.5,0.8514375000000001,0.69111,0.9966222961234753,A:1:;A:2:;A:3:;A:4:,A:3:;A:4:
bsa_silica,pi_carbon,5,1,primary plausible interface,A:536:,PRO,536,A,8,5,10.89553232071641,0.625,0.30421499999999996,0.6325,0.98996771971026,A:412:;A:498:;A:531:;A:533:;A:534:;A:535:;A:536:;A:537:,A:412:;A:533:;A:534:;A:535:;A:537:
bsa_silica,pi_carbon,6,1,primary plausible interface,A:9:,HIS,9,A,6,4,10.834714460714604,0.6666666666666666,0.3726233333333333,0.62387,0.9912864141765727,A:10:;A:11:;A:12:;A:13:;A:6:;A:9:,A:10:;A:11:;A:12:;A:9:
bsa_silica,pi_carbon,7,1,primary plausible interface,A:499:,LYS,499,A,8,5,12.02594268753364,0.625,0.44255875,0.34125999999999995,0.9916158744237473,A:497:;A:498:;A:499:;A:500:;A:501:;A:533:;A:534:;A:535:,A:499:;A:501:;A:533:;A:534:;A:535:
bsa_silica,pi_carbon,8,1,primary plausible interface,A:61:,GLY,61,A,5,2,10.943002683893203,0.4,0.545184,0.25127,0.9967429769962908,A:59:;A:60:;A:61:;A:63:;A:64:,A:59:;A:64:
bsa_silica,pi_carbon,9,2,alternative interface,A:212:,ALA,212,A,9,3,12.841626107384089,0.3333333333333333,0.30023111111111106,0.61376,0.9690347139301865,A:208:;A:209:;A:211:;A:212:;A:213:;A:215:;A:327:;A:330:;A:346:,A:208:;A:211:;A:213:
bsa_silica,pi_carbon,10,2,alternative interface,A:115:,LEU,115,A,5,2,11.738607165413928,0.4,0.667016,0.57313,0.982148724545176,A:113:;A:114:;A:115:;A:116:;A:117:,A:114:;A:116:
bsa_silica,pi_carbon,11,2,alternative interface,A:502:,ASP,502,A,7,3,12.862409885828006,0.42857142857142855,0.5435885714285714,0.56548,0.990707179143052,A:500:;A:501:;A:502:;A:503:;A:504:;A:505:;A:506:,A:501:;A:504:;A:506:
bsa_silica,pi_carbon,12,2,alternative interface,A:507:,THR,507,A,8,4,13.251531938993494,0.5,0.45596375,0.5395300000000001,0.9906482475064512,A:503:;A:504:;A:505:;A:506:;A:507:;A:508:;A:509:;A:571:,A:504:;A:506:;A:508:;A:509:
bsa_silica,pi_carbon,13,2,alternative interface,A:313:,ASP,313,A,6,2,9.865155207705905,0.3333333333333333,0.5202883333333334,0.5055299999999999,0.9948895257425804,A:311:;A:312:;A:313:;A:315:;A:316:;A:317:,A:312:;A:316:
bsa_silica,pi_carbon,14,2,alternative interface,A:319:,GLN,319,A,7,2,10.275909788666203,0.2857142857142857,0.5310728571428572,0.43588,0.9955841534327438,A:315:;A:316:;A:317:;A:319:;A:320:;A:321:;A:322:,A:316:;A:322:
bsa_silica,pi_carbon,15,2,alternative interface,A:128:,ALA,128,A,7,2,10.306848698395596,0.2857142857142857,0.5924857142857143,0.42906999999999995,0.9936811650441233,A:124:;A:125:;A:126:;A:127:;A:128:;A:129:;A:130:,A:126:;A:127:
bsa_silica,pi_carbon,16,2,alternative interface,A:52:,THR,52,A,9,3,13.6209570945073,0.3333333333333333,0.5433633333333333,0.40458,0.99225608203438,A:48:;A:49:;A:51:;A:52:;A:54:;A:55:;A:56:;A:57:;A:59:,A:49:;A:51:;A:59:
bsa_silica,pi_carbon,17,2,alternative interface,A:139:,TYR,139,A,9,5,12.050643514273531,0.5555555555555556,0.19000222222222224,0.39417,0.9764530959129065,A:135:;A:136:;A:137:;A:139:;A:140:;A:141:;A:143:;A:24:;A:36:,A:136:;A:137:;A:139:;A:143:;A:36:
bsa_silica,pi_carbon,18,2,alternative interface,A:510:,ALA,510,A,8,3,12.701720588881662,0.375,0.4682299999999999,0.37986,0.9926573601725727,A:508:;A:509:;A:510:;A:511:;A:514:;A:558:;A:563:;A:564:,A:508:;A:509:;A:563:
bsa_silica,pi_carbon,19,2,alternative interface,A:158:,ASN,158,A,8,5,11.097505746839175,0.625,0.29110250000000004,0.32744999999999996,0.9833700265571984,A:134:;A:155:;A:156:;A:158:;A:159:;A:160:;A:161:;A:162:,A:134:;A:155:;A:156:;A:159:;A:160:
bsa_silica,pi_carbon,20,2,alternative interface,A:364:,ASP,364,A,7,2,9.376756760064792,0.2857142857142857,0.5263828571428572,0.32433,0.9959151720074456,A:362:;A:363:;A:364:;A:365:;A:366:;A:367:;A:368:,A:362:;A:366:
bsa_silica,pi_carbon,21,2,alternative interface,A:559:,ALA,559,A,7,2,12.93743874444207,0.2857142857142857,0.5890928571428571,0.27988,0.9955288287040202,A:555:;A:556:;A:558:;A:559:;A:560:;A:561:;A:563:,A:556:;A:563:
bsa_silica,pi_carbon,22,2,alternative interface,A:471:,LYS,471,A,4,2,6.214296901434142,0.5,0.5179625,0.264,0.9918899656142559,A:470:;A:471:;A:473:;A:474:,A:471:;A:474:
bsa_silica,pi_carbon,23,2,alternative interface,A:58:,SER,58,A,6,1,11.22988187868969,0.16666666666666666,0.65984,0.24378,0.9951007789390708,A:56:;A:57:;A:58:;A:59:;A:60:;A:63:,A:59:
bsa_silica,pi_carbon,24,2,alternative interface,A:226:,GLU,226,A,6,2,11.452215046034047,0.3333333333333333,0.5699666666666667,0.23802,0.9860115129380256,A:224:;A:226:;A:227:;A:228:;A:229:;A:269:,A:224:;A:227:
bsa_silica,pi_carbon,25,2,alternative interface,A:337:,HIS,337,A,6,4,10.104420441573984,0.6666666666666666,0.2519633333333333,0.21306999999999998,0.9883212918968486,A:335:;A:336:;A:337:;A:338:;A:339:;A:340:,A:335:;A:336:;A:337:;A:340:
bsa_silica,pi_carbon,26,2,alternative interface,A:540:,GLU,540,A,6,1,8.451708911824662,0.16666666666666666,0.5611700000000001,0.21244,0.9958672360336561,A:539:;A:540:;A:541:;A:542:;A:543:;A:544:,A:544:
bsa_silica,pi_carbon,27,2,alternative interface,A:279:,ASP,279,A,6,3,13.35871569886009,0.5,0.60071,0.13299,0.985818489447251,A:275:;A:276:;A:279:;A:280:;A:281:;A:285:,A:275:;A:280:;A:285:
bsa_silica,pi_carbon,28,3,alternative interface,A:206:,GLY,206,A,9,3,10.758177125850091,0.3333333333333333,0.3788622222222222,0.57133,0.9715728831856466,A:201:;A:202:;A:203:;A:204:;A:205:;A:206:;A:207:;A:208:;A:209:,A:204:;A:205:;A:208:
bsa_silica,pi_carbon,29,3,alternative interface,A:264:,CYS,264,A,8,3,13.184511625374038,0.375,0.4135175,0.545,0.9871041633513785,A:261:;A:262:;A:263:;A:264:;A:265:;A:266:;A:267:;A:275:,A:261:;A:262:;A:275:
bsa_silica,pi_carbon,30,3,alternative interface,A:273:,LYS,273,A,8,3,13.855445151354068,0.375,0.5031675,0.5405599999999999,0.9827104757193906,A:272:;A:273:;A:275:;A:276:;A:292:;A:293:;A:294:;A:295:,A:273:;A:275:;A:294:
bsa_silica,pi_carbon,31,3,alternative interface,A:521:,GLN,521,A,8,3,10.969448638492134,0.375,0.5104925,0.47944000000000003,0.9869078725017749,A:517:;A:518:;A:519:;A:520:;A:521:;A:522:;A:523:;A:524:,A:520:;A:523:;A:524:
bsa_silica,pi_carbon,32,3,alternative interface,A:397:,LEU,397,A,10,4,11.60701398853951,0.4,0.45492499999999997,0.4636,0.9862016259888596,A:393:;A:394:;A:395:;A:396:;A:397:;A:398:;A:399:;A:400:;A:401:;A:402:,A:394:;A:396:;A:400:;A:402:
bsa_silica,pi_carbon,33,3,alternative interface,A:84:,TYR,84,A,8,2,12.278865191950478,0.25,0.56030125,0.41306,0.9889604081075679,A:79:;A:81:;A:82:;A:83:;A:84:;A:85:;A:86:;A:88:,A:81:;A:84:
bsa_silica,pi_carbon,34,3,alternative interface,A:310:,GLU,310,A,8,2,13.030935444303548,0.25,0.57548,0.39029,0.9918203299909837,A:305:;A:306:;A:307:;A:310:;A:311:;A:312:;A:366:;A:370:,A:312:;A:366:
bsa_silica,pi_carbon,35,3,alternative interface,A:65:,SER,65,A,8,2,11.47041872240042,0.25,0.41448624999999995,0.36936,0.9919644284118027,A:63:;A:64:;A:65:;A:66:;A:67:;A:68:;A:69:;A:6:,A:64:;A:67:
bsa_silica,pi_carbon,36,3,alternative interface,A:196:,ARG,196,A,6,3,12.200820169754202,0.5,0.1648333333333333,0.32656999999999997,0.7005817907222066,A:147:;A:192:;A:196:;A:197:;A:198:;A:200:,A:147:;A:196:;A:198:
bsa_silica,pi_carbon,37,3,alternative interface,A:574:,LEU,574,A,11,2,12.65181285784457,0.18181818181818182,0.43205727272727273,0.30768,0.9921435211192482,A:549:;A:550:;A:570:;A:571:;A:572:;A:573:;A:574:;A:575:;A:576:;A:577:;A:578:,A:550:;A:573:
bsa_silica,pi_carbon,38,3,alternative interface,A:323:,ASP,323,A,7,2,9.88194350670904,0.2857142857142857,0.4093528571428572,0.29397,0.9943345785927455,A:321:;A:322:;A:323:;A:324:;A:325:;A:326:;A:327:,A:322:;A:325:
bsa_silica,pi_carbon,39,3,alternative interface,A:410:,TYR,410,A,7,4,12.863552378819353,0.5714285714285714,0.17108714285714283,0.29205,0.9811413425468504,A:406:;A:408:;A:409:;A:410:;A:412:;A:413:;A:415:,A:409:;A:410:;A:412:;A:413:
bsa_silica,pi_carbon,40,3,alternative interface,A:145:,HIS,145,A,7,4,12.419917362861291,0.5714285714285714,0.1791157142857143,0.29023,0.8868811072000683,A:108:;A:141:;A:143:;A:144:;A:145:;A:147:;A:192:,A:143:;A:144:;A:145:;A:147:
bsa_silica,pi_carbon,41,3,alternative interface,A:554:,VAL,554,A,7,2,12.18270285221639,0.2857142857142857,0.47972571428571426,0.27988,0.9938785504994785,A:550:;A:551:;A:552:;A:554:;A:555:;A:556:;A:558:,A:550:;A:556:
bsa_silica,pi_carbon,42,3,alternative interface,A:221:,LYS,221,A,9,4,15.046972935310912,0.4444444444444444,0.2681511111111111,0.22787,0.9673356151534759,A:217:;A:218:;A:221:;A:292:;A:293:;A:294:;A:295:;A:335:;A:338:,A:217:;A:221:;A:294:;A:335:
bsa_silica,pi_carbon,43,3,alternative interface,A:360:,CYS,360,A,8,1,12.656886969186372,0.125,0.47404625,0.22229,0.9954435950513139,A:315:;A:357:;A:358:;A:360:;A:361:;A:362:;A:363:;A:365:,A:362:
bsa_silica,pi_carbon,44,3,alternative interface,A:172:,ASP,172,A,7,1,9.19434618268519,0.14285714285714285,0.5110371428571429,0.12305999999999999,0.9956976925912332,A:170:;A:171:;A:172:;A:173:;A:174:;A:175:;A:176:,A:173:
bsa_silica,pi_carbon,45,3,alternative interface,A:515:,LEU,515,A,8,1,13.678887675484436,0.125,0.5936025,0.11241,0.99327789688052,A:511:;A:514:;A:515:;A:516:;A:517:;A:518:;A:519:;A:520:,A:520:
bsa_silica,pi_carbon,46,4,alternative interface,A:14:,LEU,14,A,11,4,13.107923241053628,0.36363636363636365,0.3197627272727273,0.49495,0.98540664676535,A:10:;A:11:;A:12:;A:13:;A:14:;A:15:;A:16:;A:17:;A:18:;A:253:;A:254:,A:10:;A:11:;A:12:;A:18:
bsa_silica,pi_carbon,47,4,alternative interface,A:391:,CYS,391,A,10,2,12.201990862136428,0.2,0.40946899999999997,0.45724,0.9828332041311563,A:387:;A:388:;A:389:;A:390:;A:391:;A:392:;A:393:;A:394:;A:395:;A:437:,A:388:;A:394:
bsa_silica,pi_carbon,48,4,alternative interface,A:259:,LEU,259,A,10,3,12.673208834487157,0.3,0.35382100000000005,0.42923,0.9782361463009209,A:236:;A:237:;A:255:;A:256:;A:257:;A:258:;A:259:;A:261:;A:262:;A:263:,A:256:;A:261:;A:262:
bsa_silica,pi_carbon,49,4,alternative interface,A:239:,LYS,239,A,6,2,12.428797136673962,0.3333333333333333,0.41779833333333327,0.4023,0.9703883510173854,A:235:;A:236:;A:237:;A:239:;A:242:;A:243:,A:239:;A:242:
bsa_silica,pi_carbon,50,4,alternative interface,A:380:,VAL,380,A,9,2,13.050054651811378,0.2222222222222222,0.45358555555555546,0.37185,0.9843777007556153,A:344:;A:377:;A:378:;A:379:;A:380:;A:381:;A:382:;A:383:;A:384:,A:377:;A:378:
bsa_silica,pi_carbon,51,4,alternative interface,A:44:,ASN,44,A,9,2,12.312089964431166,0.2222222222222222,0.4073333333333334,0.29112,0.9896937689135867,A:20:;A:40:;A:41:;A:42:;A:43:;A:44:;A:45:;A:46:;A:48:,A:20:;A:41:
bsa_silica,pi_carbon,52,4,alternative interface,A:98:,ARG,98,A,12,2,12.579715399658157,0.16666666666666666,0.41609749999999995,0.2803,0.9882677992978165,A:100:;A:101:;A:71:;A:91:;A:92:;A:93:;A:94:;A:95:;A:96:;A:97:;A:98:;A:99:,A:93:;A:98:
bsa_silica,pi_carbon,53,4,alternative interface,A:546:,VAL,546,A,10,2,12.220165896626199,0.2,0.38631800000000005,0.28001000000000004,0.9916321414887954,A:542:;A:543:;A:544:;A:545:;A:546:;A:547:;A:548:;A:549:;A:550:;A:578:,A:544:;A:550:
bsa_silica,pi_carbon,54,4,alternative interface,A:385:,ASN,385,A,9,1,14.341483104361146,0.1111111111111111,0.5451722222222223,0.27811,0.9806082649709958,A:381:;A:382:;A:383:;A:384:;A:385:;A:386:;A:387:;A:388:;A:389:,A:388:
bsa_silica,pi_carbon,55,4,alternative interface,A:284:,GLU,284,A,10,4,12.003839455772232,0.4,0.28652099999999997,0.27536,0.9841958530673969,A:155:;A:280:;A:281:;A:282:;A:283:;A:284:;A:285:;A:286:;A:287:;A:288:,A:155:;A:280:;A:285:;A:287:
bsa_silica,pi_carbon,56,4,alternative interface,A:38:,GLU,38,A,8,2,11.805122775620807,0.25,0.45287374999999996,0.25056,0.9855621498972467,A:34:;A:35:;A:36:;A:37:;A:38:;A:40:;A:41:;A:42:,A:36:;A:41:
bsa_silica,pi_carbon,57,4,alternative interface,A:178:,LEU,178,A,9,1,12.693354146473453,0.1111111111111111,0.3990099999999999,0.23521,0.9908613156526506,A:119:;A:174:;A:175:;A:176:;A:178:;A:179:;A:180:;A:181:;A:182:,A:180:
bsa_silica,pi_carbon,58,4,alternative interface,A:231:,THR,231,A,7,2,12.205804434509842,0.2857142857142857,0.4512928571428571,0.23413,0.9868007534870282,A:215:;A:227:;A:228:;A:229:;A:231:;A:232:;A:235:,A:227:;A:232:
bsa_silica,pi_carbon,59,4,alternative interface,A:351:,GLU,351,A,7,2,12.539549388529062,0.2857142857142857,0.2995,0.22446000000000002,0.9935664904195977,A:347:;A:349:;A:350:;A:351:;A:353:;A:354:;A:355:,A:347:;A:350:
bsa_silica,pi_carbon,60,4,alternative interface,A:566:,CYS,566,A,10,1,14.180666359676572,0.1,0.466056,0.18438,0.9923588673423372,A:560:;A:562:;A:563:;A:564:;A:565:;A:566:;A:568:;A:569:;A:570:;A:571:,A:563:
bsa_silica,pi_carbon,61,4,alternative interface,A:492:,PRO,492,A,7,2,12.379107228235418,0.2857142857142857,0.43198428571428577,0.17906,0.9909725217558344,A:412:;A:413:;A:490:;A:491:;A:492:;A:493:;A:494:,A:412:;A:413:
bsa_silica,pi_carbon,62,4,alternative interface,A:168:,CYS,168,A,6,1,11.060365208844704,0.16666666666666666,0.500015,0.17017,0.9917105352506502,A:165:;A:166:;A:168:;A:169:;A:170:;A:173:,A:173:
bsa_silica,pi_carbon,63,4,alternative interface,A:103:,LEU,103,A,8,3,12.76003108520618,0.375,0.29863874999999995,0.12164,0.9646165180818584,A:100:;A:101:;A:103:;A:104:;A:105:;A:246:;A:30:;A:99:,A:105:;A:246:;A:30:
bsa_silica,pi_carbon,64,4,alternative interface,A:152:,GLU,152,A,7,4,12.620158614311263,0.5714285714285714,0.11047142857142858,0.10923999999999999,0.9587754471299018,A:149:;A:151:;A:152:;A:155:;A:156:;A:283:;A:287:,A:149:;A:155:;A:156:;A:287:
bsa_silica,pi_carbon,65,4,alternative interface,A:163:,VAL,163,A,9,3,12.844751114064417,0.3333333333333333,0.39579666666666663,0.07946,0.9831317867856382,A:159:;A:160:;A:161:;A:162:;A:163:;A:165:;A:166:;A:180:;A:181:,A:159:;A:160:;A:180:
bsa_silica,pi_carbon,66,4,alternative interface,A:496:,TYR,496,A,7,1,11.249247366306395,0.14285714285714285,0.5359342857142857,0.07705000000000001,0.9910189817600343,A:415:;A:493:;A:494:;A:495:;A:496:;A:497:;A:498:,A:496:
bsa_silica,pi_carbon,67,4,alternative interface,A:467:,PRO,467,A,8,2,13.354453517718468,0.25,0.494185,0.02748,0.973924498011817,A:463:;A:464:;A:465:;A:466:;A:467:;A:468:;A:470:;A:473:,A:463:;A:465:
bsa_silica,pi_carbon,68,5,alternative interface,A:432:,VAL,432,A,10,3,14.278766907239108,0.3,0.249201,0.32344,0.9354662859787345,A:428:;A:429:;A:431:;A:432:;A:434:;A:435:;A:437:;A:448:;A:451:;A:452:,A:431:;A:435:;A:451:
bsa_silica,pi_carbon,69,5,alternative interface,A:190:,THR,190,A,9,2,12.416628991789585,0.2222222222222222,0.34914333333333336,0.31372,0.8539082716622369,A:186:;A:187:;A:188:;A:189:;A:190:;A:191:;A:192:;A:193:;A:194:,A:187:;A:194:
bsa_silica,pi_carbon,70,5,alternative interface,A:444:,ARG,444,A,13,2,12.921666351908133,0.15384615384615385,0.39782923076923077,0.2965,0.9763766284017096,A:387:;A:437:;A:438:;A:439:;A:440:;A:441:;A:442:;A:443:;A:444:;A:445:;A:446:;A:447:;A:448:,A:439:;A:444:
bsa_silica,pi_carbon,71,5,alternative interface,A:73:,GLU,73,A,9,2,13.468721259652618,0.2222222222222222,0.25256,0.27909,0.9840949440382393,A:42:;A:69:;A:70:;A:71:;A:72:;A:73:;A:75:;A:76:;A:77:,A:70:;A:76:
bsa_silica,pi_carbon,72,5,alternative interface,A:462:,LEU,462,A,10,3,13.166343418398597,0.3,0.274035,0.26716,0.9212511686508851,A:108:;A:109:;A:421:;A:458:;A:460:;A:462:;A:463:;A:464:;A:465:;A:466:,A:458:;A:463:;A:465:
bsa_silica,pi_carbon,73,5,alternative interface,A:21:,GLY,21,A,6,2,11.084857509303323,0.3333333333333333,0.2850783333333333,0.23507,0.9813525578423318,A:135:;A:17:;A:18:;A:20:;A:21:;A:24:,A:18:;A:20:
bsa_silica,pi_carbon,74,5,alternative interface,A:526:,THR,526,A,10,2,12.199656632465384,0.2,0.280145,0.2343,0.9818916678877939,A:419:;A:420:;A:423:;A:522:;A:523:;A:524:;A:526:;A:527:;A:528:;A:530:,A:523:;A:524:
bsa_silica,pi_carbon,75,5,alternative interface,A:477:,THR,477,A,8,2,13.142381132598057,0.25,0.42901374999999997,0.22722,0.9569779063847372,A:204:;A:473:;A:474:;A:476:;A:477:;A:478:;A:479:;A:480:,A:204:;A:474:
bsa_silica,pi_carbon,76,5,alternative interface,A:248:,ASP,248,A,4,1,10.45523129590602,0.25,0.2337475,0.17667000000000002,0.9814539193469435,A:243:;A:246:;A:248:;A:251:,A:246:
bsa_silica,pi_carbon,77,5,alternative interface,A:486:,CYS,486,A,8,2,12.731227616581423,0.25,0.29879374999999997,0.09756999999999999,0.9808056907794509,A:482:;A:483:;A:484:;A:485:;A:486:;A:488:;A:489:;A:490:,A:483:;A:484:
bsa_silica,pi_carbon,78,5,alternative interface,A:328:,SER,328,A,8,2,11.915391956069293,0.25,0.26229375,0.06055,0.9851123013479736,A:227:;A:324:;A:325:;A:326:;A:327:;A:328:;A:330:;A:332:,A:227:;A:325:
bsa_silica,pi_carbon,79,5,alternative interface,A:405:,ALA,405,A,7,2,12.40529405238134,0.2857142857142857,0.18790857142857145,0.027679999999999996,0.9819696488876676,A:401:;A:402:;A:404:;A:405:;A:406:;A:408:;A:409:,A:402:;A:409:
bsa_silica,pi_carbon,80,6,alternative interface,A:455:,ILE,455,A,9,2,11.830409303122511,0.2222222222222222,0.20961666666666667,0.14099,0.8683264024462393,A:425:;A:428:;A:429:;A:451:;A:452:;A:453:;A:454:;A:455:;A:458:,A:451:;A:458:
bsa_silica,pi_carbon,81,6,alternative interface,A:289:,ILE,289,A,8,2,10.104747696277702,0.25,0.25665375,0.13295,0.9811405950986015,A:285:;A:286:;A:287:;A:288:;A:289:;A:290:;A:291:;A:292:,A:285:;A:287:
bsa_silica,pi_carbon,82,6,alternative interface,A:107:,ASP,107,A,6,1,11.27713680239768,0.16666666666666666,0.26194,0.12164,0.9598175927337883,A:105:;A:107:;A:108:;A:109:;A:110:;A:32:,A:105:
bsa_silica,pi_carbon,83,6,alternative interface,A:481:,VAL,481,A,10,3,13.004541456070465,0.3,0.178707,0.09081,0.9467910514801635,A:343:;A:344:;A:346:;A:347:;A:479:;A:480:;A:481:;A:482:;A:483:;A:484:,A:347:;A:483:;A:484:
bsa_silica,pi_carbon,84,7,alternative interface,A:450:,ASP,450,A,10,1,13.22087048095032,0.1,0.20717800000000003,0.08889,0.9363767898040328,A:342:;A:343:;A:446:;A:447:;A:448:;A:450:;A:451:;A:452:;A:453:;A:454:,A:451:
bsa_silica,pi_carbon,85,7,alternative interface,A:427:,ARG,427,A,8,2,12.677196927964037,0.25,0.21910125,0.052329999999999995,0.9546811800262365,A:406:;A:423:;A:424:;A:425:;A:427:;A:428:;A:429:;A:431:,A:427:;A:431:
bsa_silica,hbond_donor,1,1,primary plausible interface,A:267:,GLN,267,A,9,6,12.583669337987917,0.6666666666666666,0.4813522222222223,0.76292,0.9857974023217618,A:263:;A:264:;A:265:;A:266:;A:267:;A:268:;A:269:;A:272:;A:275:,A:265:;A:266:;A:267:;A:268:;A:269:;A:272:
bsa_silica,hbond_donor,2,1,primary plausible interface,A:544:,LYS,544,A,9,5,12.359701377014032,0.5555555555555556,0.52296,0.75445,0.9922429278273192,A:540:;A:541:;A:542:;A:543:;A:544:;A:545:;A:546:;A:547:;A:548:,A:540:;A:541:;A:542:;A:545:;A:548:
bsa_silica,hbond_donor,3,1,primary plausible interface,A:311:,ASP,311,A,6,4,11.127895095193637,0.6666666666666666,0.6344949999999999,0.70988,0.9948899167406748,A:306:;A:307:;A:310:;A:311:;A:312:;A:313:,A:307:;A:310:;A:311:;A:313:
bsa_silica,hbond_donor,4,1,primary plausible interface,A:321:,ALA,321,A,8,4,10.700507796776575,0.5,0.5334875,0.5051100000000001,0.9958650133588453,A:317:;A:319:;A:320:;A:321:;A:322:;A:323:;A:324:;A:325:,A:317:;A:319:;A:320:;A:323:
bsa_silica,hbond_donor,5,1,primary plausible interface,A:562:,ASP,562,A,7,3,9.161442897163914,0.42857142857142855,0.5449371428571429,0.49216,0.9962357173658647,A:560:;A:561:;A:562:;A:563:;A:564:;A:565:;A:566:,A:561:;A:562:;A:564:
bsa_silica,hbond_donor,6,1,primary plausible interface,A:355:,THR,355,A,6,5,10.974031339359797,0.8333333333333334,0.42980833333333335,0.39804,0.9955849984990995,A:351:;A:353:;A:354:;A:355:;A:357:;A:358:,A:351:;A:353:;A:355:;A:357:;A:358:
bsa_silica,hbond_donor,7,1,primary plausible interface,A:299:,GLU,299,A,5,2,8.83299058656093,0.4,0.520548,0.38232999999999995,0.9970998051724376,A:297:;A:298:;A:299:;A:300:;A:301:,A:299:;A:300:
bsa_silica,hbond_donor,8,1,primary plausible interface,A:1:,ASP,1,A,3,2,6.745793248799693,0.6666666666666666,0.9568300000000001,0.37826,0.9980668024267084,A:1:;A:2:;A:3:,A:1:;A:2:
bsa_silica,hbond_donor,9,2,alternative interface,A:391:,CYS,391,A,10,5,12.201990862136428,0.5,0.40946899999999997,0.7558799999999999,0.9828332041311563,A:387:;A:388:;A:389:;A:390:;A:391:;A:392:;A:393:;A:394:;A:395:;A:437:,A:389:;A:390:;A:392:;A:393:;A:395:
bsa_silica,hbond_donor,10,2,alternative interface,A:98:,ARG,98,A,12,6,12.579715399658157,0.5,0.41609749999999995,0.74563,0.9882677992978165,A:100:;A:101:;A:71:;A:91:;A:92:;A:93:;A:94:;A:95:;A:96:;A:97:;A:98:;A:99:,A:100:;A:92:;A:94:;A:95:;A:97:;A:99:
bsa_silica,hbond_donor,11,2,alternative interface,A:126:,PHE,126,A,10,5,12.750677798825885,0.5,0.46038199999999996,0.7199800000000001,0.9888275462741706,A:122:;A:124:;A:125:;A:126:;A:127:;A:128:;A:129:;A:130:;A:133:;A:161:,A:124:;A:125:;A:129:;A:130:;A:161:
bsa_silica,hbond_donor,12,2,alternative interface,A:120:,ASN,120,A,8,4,12.636222832734326,0.5,0.50403,0.7188,0.9877729247220985,A:118:;A:119:;A:120:;A:121:;A:122:;A:124:;A:173:;A:174:,A:118:;A:120:;A:121:;A:124:
bsa_silica,hbond_donor,13,2,alternative interface,A:170:,ALA,170,A,8,4,11.901593159328774,0.5,0.5501225,0.67792,0.9919990776061827,A:166:;A:168:;A:169:;A:170:;A:171:;A:172:;A:173:;A:176:,A:166:;A:169:;A:171:;A:172:
bsa_silica,hbond_donor,14,2,alternative interface,A:493:,ASP,493,A,8,5,11.769925718673374,0.625,0.48714124999999997,0.60683,0.9898885394217873,A:412:;A:413:;A:491:;A:492:;A:493:;A:494:;A:495:;A:496:,A:491:;A:493:;A:494:;A:495:;A:496:
bsa_silica,hbond_donor,15,2,alternative interface,A:578:,THR,578,A,10,4,13.611023870677291,0.4,0.40772700000000006,0.58872,0.9930593414316738,A:546:;A:574:;A:575:;A:576:;A:577:;A:578:;A:579:;A:580:;A:581:;A:583:,A:577:;A:578:;A:579:;A:580:
bsa_silica,hbond_donor,16,2,alternative interface,A:474:,LYS,474,A,7,4,11.642030338527746,0.5714285714285714,0.5222628571428571,0.5612400000000001,0.9791687316440539,A:470:;A:471:;A:473:;A:474:;A:476:;A:477:;A:478:,A:470:;A:473:;A:477:;A:478:
bsa_silica,hbond_donor,17,2,alternative interface,A:539:,THR,539,A,6,4,11.621716291025189,0.6666666666666666,0.5785916666666667,0.54185,0.9922132171244696,A:537:;A:539:;A:540:;A:541:;A:542:;A:543:,A:539:;A:540:;A:541:;A:542:
bsa_silica,hbond_donor,18,2,alternative interface,A:57:,GLU,57,A,9,5,14.163874855791686,0.5555555555555556,0.5884377777777777,0.53476,0.9904790220096217,A:4:;A:52:;A:54:;A:55:;A:56:;A:57:;A:58:;A:59:;A:63:,A:52:;A:56:;A:57:;A:58:;A:63:
bsa_silica,hbond_donor,19,2,alternative interface,A:365:,PRO,365,A,10,2,12.273633151942063,0.2,0.4518,0.51111,0.9931781418947878,A:315:;A:360:;A:361:;A:362:;A:363:;A:364:;A:365:;A:366:;A:367:;A:368:,A:363:;A:364:
bsa_silica,hbond_donor,20,2,alternative interface,A:370:,SER,370,A,7,3,12.960314956055845,0.42857142857142855,0.4439685714285714,0.51101,0.9933121234020905,A:310:;A:366:;A:367:;A:368:;A:370:;A:371:;A:373:,A:310:;A:370:;A:371:
bsa_silica,hbond_donor,21,2,alternative interface,A:505:,LEU,505,A,8,4,11.797714157643664,0.5,0.43455875,0.49259000000000003,0.9926079434696711,A:502:;A:503:;A:504:;A:505:;A:506:;A:507:;A:527:;A:530:,A:502:;A:503:;A:507:;A:530:
bsa_silica,hbond_donor,22,2,alternative interface,A:316:,LYS,316,A,6,4,10.941183193835426,0.6666666666666666,0.5473,0.46027999999999997,0.9948222810054631,A:313:;A:315:;A:316:;A:317:;A:319:;A:320:,A:313:;A:317:;A:319:;A:320:
bsa_silica,hbond_donor,23,2,alternative interface,A:279:,ASP,279,A,6,2,13.35871569886009,0.3333333333333333,0.60071,0.4443,0.985818489447251,A:275:;A:276:;A:279:;A:280:;A:281:;A:285:,A:276:;A:279:
bsa_silica,hbond_donor,24,2,alternative interface,A:552:,ALA,552,A,8,3,11.981652247493965,0.375,0.5615375,0.40556,0.9932283261147933,A:548:;A:549:;A:550:;A:551:;A:552:;A:554:;A:555:;A:556:,A:548:;A:549:;A:555:
bsa_silica,hbond_donor,25,2,alternative interface,A:175:,ALA,175,A,7,1,12.377787146550084,0.14285714285714285,0.4687314285714286,0.22919,0.9957009637737245,A:172:;A:173:;A:174:;A:175:;A:176:;A:178:;A:179:,A:172:
bsa_silica,hbond_donor,26,2,alternative interface,A:375:,LYS,375,A,7,2,13.733306585163318,0.2857142857142857,0.5482785714285714,0.22309,0.9937127462356281,A:371:;A:373:;A:374:;A:375:;A:377:;A:378:;A:379:,A:371:;A:374:
bsa_silica,hbond_donor,27,2,alternative interface,A:61:,GLY,61,A,5,1,10.943002683893203,0.2,0.545184,0.20482,0.9967429769962908,A:59:;A:60:;A:61:;A:63:;A:64:,A:63:
bsa_silica,hbond_donor,28,2,alternative interface,A:251:,GLU,251,A,7,5,13.995143745164984,0.7142857142857143,0.16581142857142858,0.15199,0.975627914649775,A:10:;A:243:;A:248:;A:251:;A:253:;A:254:;A:255:,A:243:;A:248:;A:251:;A:254:;A:255:
bsa_silica,hbond_donor,29,2,alternative interface,A:149:,TYR,149,A,6,5,11.956278355670387,0.8333333333333334,0.1283,0.05248,0.8799417031429956,A:147:;A:149:;A:151:;A:152:;A:191:;A:192:,A:147:;A:149:;A:152:;A:191:;A:192:
bsa_silica,hbond_donor,30,2,alternative interface,A:497:,VAL,497,A,6,3,13.180692771704537,0.5,0.590885,0.04616,0.9882427421696821,A:494:;A:495:;A:496:;A:497:;A:498:;A:499:,A:494:;A:495:;A:496:
bsa_silica,hbond_donor,31,3,alternative interface,A:444:,ARG,444,A,13,5,12.921666351908133,0.38461538461538464,0.39782923076923077,0.68003,0.9763766284017096,A:387:;A:437:;A:438:;A:439:;A:440:;A:441:;A:442:;A:443:;A:444:;A:445:;A:446:;A:447:;A:448:,A:438:;A:441:;A:442:;A:443:;A:448:
bsa_silica,hbond_donor,32,3,alternative interface,A:520:,LYS,520,A,11,5,13.128822095533598,0.45454545454545453,0.5095790909090909,0.67444,0.9844261431889026,A:514:;A:515:;A:516:;A:517:;A:518:;A:519:;A:520:;A:521:;A:522:;A:523:;A:524:,A:514:;A:517:;A:518:;A:519:;A:521:
bsa_silica,hbond_donor,33,3,alternative interface,A:386:,LEU,386,A,8,4,11.458439866228606,0.5,0.45580875,0.5867600000000001,0.9848356437998159,A:383:;A:384:;A:385:;A:386:;A:387:;A:388:;A:389:;A:390:,A:384:;A:385:;A:389:;A:390:
bsa_silica,hbond_donor,34,3,alternative interface,A:381:,ASP,381,A,9,4,15.792715765637695,0.4444444444444444,0.527328888888889,0.5779,0.9817690349443127,A:377:;A:378:;A:379:;A:380:;A:381:;A:382:;A:383:;A:384:;A:385:,A:381:;A:382:;A:384:;A:385:
bsa_silica,hbond_donor,35,3,alternative interface,A:110:,PRO,110,A,8,5,10.949278106194097,0.625,0.32935375,0.55765,0.9569902345311496,A:107:;A:108:;A:109:;A:110:;A:111:;A:112:;A:144:;A:32:,A:107:;A:108:;A:109:;A:111:;A:32:
bsa_silica,hbond_donor,36,3,alternative interface,A:81:,ARG,81,A,8,5,12.278865191950478,0.625,0.56030125,0.49912999999999996,0.9889604081075679,A:79:;A:81:;A:82:;A:83:;A:84:;A:85:;A:86:;A:88:,A:79:;A:82:;A:83:;A:84:;A:86:
bsa_silica,hbond_donor,37,3,alternative interface,A:46:,LEU,46,A,7,3,10.957105513213213,0.42857142857142855,0.36520571428571424,0.4288,0.9939540527863697,A:42:;A:43:;A:44:;A:45:;A:46:;A:48:;A:49:,A:44:;A:45:;A:48:
bsa_silica,hbond_donor,38,3,alternative interface,A:229:,GLU,229,A,6,3,10.294250896248691,0.5,0.5248333333333334,0.41778,0.9920301823753683,A:226:;A:227:;A:228:;A:229:;A:231:;A:232:,A:226:;A:229:;A:231:
bsa_silica,hbond_donor,39,3,alternative interface,A:510:,ALA,510,A,8,3,12.701720588881662,0.375,0.4682299999999999,0.39396000000000003,0.9926573601725727,A:508:;A:509:;A:510:;A:511:;A:514:;A:558:;A:563:;A:564:,A:511:;A:514:;A:564:
bsa_silica,hbond_donor,40,3,alternative interface,A:51:,LYS,51,A,7,2,11.322034332297504,0.2857142857142857,0.49019571428571423,0.37821,0.9935273806785633,A:11:;A:48:;A:49:;A:51:;A:52:;A:54:;A:55:,A:48:;A:52:
bsa_silica,hbond_donor,41,3,alternative interface,A:132:,LYS,132,A,8,2,10.806001537910698,0.25,0.41174125,0.32234,0.9940758019108901,A:129:;A:130:;A:131:;A:132:;A:133:;A:134:;A:135:;A:136:,A:129:;A:130:
bsa_silica,hbond_donor,42,3,alternative interface,A:78:,ALA,78,A,4,1,8.6799970260967,0.25,0.5415875,0.16134,0.9946254243453104,A:76:;A:77:;A:78:;A:79:,A:79:
bsa_silica,hbond_donor,43,4,alternative interface,A:89:,ASP,89,A,6,3,12.453911596441197,0.5,0.5286716666666667,0.47989,0.988576361756093,A:86:;A:88:;A:89:;A:91:;A:92:;A:93:,A:86:;A:89:;A:92:
bsa_silica,hbond_donor,44,4,alternative interface,A:305:,THR,305,A,7,3,12.149285929393574,0.42857142857142855,0.5010957142857143,0.39863,0.9913697030929345,A:303:;A:304:;A:305:;A:306:;A:307:;A:310:;A:373:,A:305:;A:307:;A:310:
bsa_silica,hbond_donor,45,4,alternative interface,A:155:,TYR,155,A,9,5,12.718611565925569,0.5555555555555556,0.23807,0.22732,0.9643172744771457,A:151:;A:152:;A:155:;A:156:;A:158:;A:159:;A:283:;A:284:;A:287:,A:152:;A:155:;A:156:;A:158:;A:284:
bsa_silica,hbond_donor,46,4,alternative interface,A:501:,PHE,501,A,6,2,11.944342202948793,0.3333333333333333,0.5137633333333333,0.15364,0.991469330873092,A:499:;A:500:;A:501:;A:502:;A:503:;A:534:,A:502:;A:503:
bsa_silica,hbond_donor,47,4,alternative interface,A:350:,LYS,350,A,7,2,12.371913180080083,0.2857142857142857,0.3117742857142857,0.15199,0.9916924760712721,A:346:;A:347:;A:349:;A:350:;A:351:;A:353:;A:354:,A:351:;A:353:
bsa_silica,hbond_donor,48,4,alternative interface,A:568:,ALA,568,A,9,2,13.08796086373706,0.2222222222222222,0.49519666666666673,0.11127000000000001,0.9939398497747317,A:509:;A:564:;A:565:;A:566:;A:568:;A:569:;A:570:;A:571:;A:572:,A:564:;A:570:
bsa_silica,hbond_donor,49,4,alternative interface,A:573:,LYS,573,A,9,2,13.455112098912593,0.2222222222222222,0.48879666666666666,0.11127000000000001,0.994412426298051,A:569:;A:570:;A:571:;A:572:;A:573:;A:574:;A:575:;A:576:;A:577:,A:570:;A:577:
bsa_silica,hbond_donor,50,5,alternative interface,A:163:,VAL,163,A,9,4,12.844751114064417,0.4444444444444444,0.39579666666666663,0.44143,0.9831317867856382,A:159:;A:160:;A:161:;A:162:;A:163:;A:165:;A:166:;A:180:;A:181:,A:160:;A:161:;A:165:;A:166:
bsa_silica,hbond_donor,51,5,alternative interface,A:184:,MET,184,A,9,3,12.408461371586284,0.3333333333333333,0.4370733333333334,0.4393,0.9848922941743692,A:180:;A:181:;A:182:;A:183:;A:184:;A:185:;A:186:;A:187:;A:188:,A:182:;A:183:;A:186:
bsa_silica,hbond_donor,52,5,alternative interface,A:68:,THR,68,A,10,4,11.173497743457068,0.4,0.309724,0.4233,0.9878723928735557,A:64:;A:65:;A:66:;A:67:;A:68:;A:69:;A:70:;A:71:;A:72:;A:95:,A:65:;A:68:;A:72:;A:95:
bsa_silica,hbond_donor,53,5,alternative interface,A:479:,SER,479,A,8,4,10.296472660951652,0.5,0.32703249999999995,0.42107999999999995,0.9654470315726664,A:476:;A:477:;A:478:;A:479:;A:480:;A:481:;A:482:;A:483:,A:477:;A:478:;A:479:;A:482:
bsa_silica,hbond_donor,54,5,alternative interface,A:35:,PRO,35,A,6,3,11.942927366367982,0.5,0.4858983333333333,0.41107999999999995,0.9881842977077803,A:33:;A:34:;A:35:;A:36:;A:37:;A:38:,A:33:;A:37:;A:38:
bsa_silica,hbond_donor,55,5,alternative interface,A:467:,PRO,467,A,8,4,13.354453517718468,0.5,0.494185,0.3145,0.973924498011817,A:463:;A:464:;A:465:;A:466:;A:467:;A:468:;A:470:;A:473:,A:464:;A:466:;A:470:;A:473:
bsa_silica,hbond_donor,56,5,alternative interface,A:327:,GLY,327,A,9,2,12.123669503723958,0.2222222222222222,0.3017033333333334,0.28331,0.9898004712877547,A:212:;A:215:;A:323:;A:324:;A:325:;A:326:;A:327:;A:328:;A:330:,A:323:;A:328:
bsa_silica,hbond_donor,57,5,alternative interface,A:117:,PRO,117,A,6,1,11.904456241874833,0.16666666666666666,0.4823366666666667,0.16053,0.9883159549616615,A:115:;A:116:;A:117:;A:118:;A:119:;A:122:,A:118:
bsa_silica,hbond_donor,58,5,alternative interface,A:137:,TYR,137,A,8,3,12.729019921473697,0.375,0.19009375,0.10992,0.9883132152508656,A:133:;A:134:;A:135:;A:136:;A:137:;A:139:;A:140:;A:141:,A:137:;A:139:;A:140:
bsa_silica,hbond_donor,59,6,alternative interface,A:40:,VAL,40,A,9,3,12.567114782423133,0.3333333333333333,0.4016544444444445,0.41107999999999995,0.987050592637539,A:24:;A:36:;A:37:;A:38:;A:40:;A:41:;A:42:;A:43:;A:44:,A:37:;A:38:;A:44:
bsa_silica,hbond_donor,60,6,alternative interface,A:398:,GLY,398,A,9,3,11.13653821167466,0.3333333333333333,0.4571911111111111,0.40912,0.987748269494238,A:394:;A:395:;A:396:;A:397:;A:398:;A:399:;A:400:;A:401:;A:402:,A:395:;A:399:;A:400:
bsa_silica,hbond_donor,61,6,alternative interface,A:236:,ASP,236,A,7,3,13.56829701814887,0.42857142857142855,0.4004914285714286,0.36826000000000003,0.974741633204217,A:232:;A:235:;A:236:;A:237:;A:239:;A:255:;A:259:,A:235:;A:236:;A:255:
bsa_silica,hbond_donor,62,6,alternative interface,A:261:,LYS,261,A,8,3,12.234963504950256,0.375,0.38348625000000003,0.30705,0.9878793355432401,A:257:;A:258:;A:259:;A:261:;A:262:;A:263:;A:264:;A:265:,A:258:;A:262:;A:265:
bsa_silica,hbond_donor,63,6,alternative interface,A:103:,LEU,103,A,8,4,12.76003108520618,0.5,0.29863874999999995,0.29071,0.9646165180818584,A:100:;A:101:;A:103:;A:104:;A:105:;A:246:;A:30:;A:99:,A:100:;A:104:;A:30:;A:99:
bsa_silica,hbond_donor,64,6,alternative interface,A:15:,GLY,15,A,9,3,11.963561750291086,0.3333333333333333,0.37276666666666675,0.2826,0.988031486341598,A:10:;A:11:;A:12:;A:13:;A:14:;A:15:;A:16:;A:17:;A:18:,A:13:;A:16:;A:17:
bsa_silica,hbond_donor,65,6,alternative interface,A:293:,GLU,293,A,7,3,12.693980746062591,0.42857142857142855,0.38038,0.25064,0.9850027651472829,A:221:;A:273:;A:291:;A:292:;A:293:;A:294:;A:295:,A:291:;A:293:;A:295:
bsa_silica,hbond_donor,66,6,alternative interface,A:189:,LEU,189,A,9,4,12.421201310554936,0.4444444444444444,0.3685,0.24488,0.9332968810702392,A:185:;A:186:;A:187:;A:188:;A:189:;A:190:;A:191:;A:192:;A:193:,A:186:;A:190:;A:191:;A:192:
bsa_silica,hbond_donor,67,6,alternative interface,A:224:,LYS,224,A,8,3,14.716077974226609,0.375,0.44314625,0.23717,0.9800876196272053,A:224:;A:226:;A:269:;A:295:;A:296:;A:297:;A:298:;A:335:,A:226:;A:269:;A:295:
bsa_silica,hbond_donor,68,6,alternative interface,A:339:,GLU,339,A,6,3,12.615405546561593,0.5,0.331655,0.2279,0.9767711070562014,A:337:;A:338:;A:339:;A:340:;A:443:;A:446:,A:339:;A:340:;A:443:
bsa_silica,hbond_donor,69,6,alternative interface,A:6:,GLU,6,A,8,3,13.286397205246395,0.375,0.46913874999999994,0.13144,0.9869155574464239,A:10:;A:4:;A:63:;A:64:;A:65:;A:66:;A:6:;A:9:,A:63:;A:65:;A:6:
bsa_silica,hbond_donor,70,6,alternative interface,A:416:,GLN,416,A,4,2,9.796977621096486,0.5,0.344975,0.08796,0.9814049717545343,A:415:;A:416:;A:418:;A:468:,A:416:;A:418:
bsa_silica,hbond_donor,71,6,alternative interface,A:533:,LYS,533,A,10,1,12.362037664727955,0.1,0.234612,0.03402,0.9880615092785329,A:412:;A:415:;A:498:;A:499:;A:530:;A:531:;A:533:;A:534:;A:535:;A:536:,A:530:
bsa_silica,hbond_donor,72,7,alternative interface,A:288:,CYS,288,A,9,3,11.76596507549958,0.3333333333333333,0.28127222222222215,0.3607,0.9778464736842635,A:284:;A:285:;A:286:;A:287:;A:288:;A:289:;A:290:;A:291:;A:292:,A:284:;A:286:;A:291:
bsa_silica,hbond_donor,73,7,alternative interface,A:490:,LEU,490,A,7,2,13.564039071480465,0.2857142857142857,0.3864614285714286,0.31174,0.9811248851160648,A:413:;A:486:;A:488:;A:489:;A:490:;A:491:;A:492:,A:488:;A:491:
bsa_silica,hbond_donor,74,7,alternative interface,A:256:,ARG,256,A,10,4,13.38144914231727,0.4,0.203521,0.31065000000000004,0.9666965490696996,A:151:;A:237:;A:253:;A:254:;A:255:;A:256:;A:257:;A:258:;A:259:;A:286:,A:254:;A:255:;A:258:;A:286:
bsa_silica,hbond_donor,75,7,alternative interface,A:431:,LYS,431,A,8,3,12.590441260173863,0.375,0.29256875,0.28924,0.9581896218306818,A:399:;A:427:;A:428:;A:429:;A:431:;A:432:;A:434:;A:435:,A:399:;A:428:;A:434:
bsa_silica,hbond_donor,76,7,alternative interface,A:20:,LYS,20,A,8,3,12.760705116085605,0.375,0.3020325,0.2698,0.9842978139545075,A:16:;A:17:;A:18:;A:20:;A:21:;A:24:;A:43:;A:44:,A:16:;A:17:;A:44:
bsa_silica,hbond_donor,77,7,alternative interface,A:421:,THR,421,A,9,4,13.037502383341682,0.4444444444444444,0.2436488888888889,0.25913,0.9489538625597539,A:418:;A:419:;A:420:;A:421:;A:423:;A:424:;A:425:;A:462:;A:463:,A:418:;A:419:;A:421:;A:424:
bsa_silica,hbond_donor,78,7,alternative interface,A:485:,PRO,485,A,7,2,10.717980038157878,0.2857142857142857,0.32738428571428574,0.18716000000000002,0.9839264150661782,A:482:;A:483:;A:484:;A:485:;A:486:;A:488:;A:489:,A:482:;A:488:
bsa_silica,hbond_donor,79,7,alternative interface,A:282:,LEU,282,A,8,2,12.302541416018222,0.25,0.3253975,0.13454,0.98512730178614,A:257:;A:280:;A:281:;A:282:;A:283:;A:284:;A:285:;A:286:,A:284:;A:286:
bsa_silica,hbond_donor,80,7,alternative interface,A:143:,ARG,143,A,8,4,12.686487171016157,0.5,0.215335,0.09119999999999999,0.972746283446867,A:139:;A:140:;A:141:;A:143:;A:144:;A:145:;A:32:;A:33:,A:139:;A:140:;A:32:;A:33:
bsa_silica,hbond_donor,81,8,alternative interface,A:452:,LEU,452,A,10,4,13.346186385235452,0.4,0.18481799999999998,0.29673,0.9228677224365839,A:429:;A:432:;A:448:;A:450:;A:451:;A:452:;A:453:;A:454:;A:455:;A:484:,A:448:;A:450:;A:451:;A:453:
bsa_silica,hbond_donor,82,8,alternative interface,A:202:,ILE,202,A,12,3,12.606042283756103,0.25,0.3462441666666667,0.21527000000000002,0.9552376981353337,A:198:;A:200:;A:201:;A:202:;A:203:;A:204:;A:205:;A:206:;A:207:;A:208:;A:209:;A:242:,A:201:;A:203:;A:207:
bsa_silica,hbond_donor,83,8,alternative interface,A:73:,GLU,73,A,9,2,13.468721259652618,0.2222222222222222,0.25256,0.19438,0.9840949440382393,A:42:;A:69:;A:70:;A:71:;A:72:;A:73:;A:75:;A:76:;A:77:,A:72:;A:73:
bsa_silica,hbond_donor,84,8,alternative interface,A:528:,LEU,528,A,8,3,12.82806301379808,0.375,0.1924275,0.1459,0.978683802384845,A:404:;A:408:;A:524:;A:526:;A:527:;A:528:;A:530:;A:531:,A:404:;A:526:;A:530:
bsa_silica,hbond_donor,85,8,alternative interface,A:460:,CYS,460,A,7,2,12.768946536512324,0.2857142857142857,0.22131857142857142,0.11884,0.9562817114114947,A:458:;A:460:;A:462:;A:463:;A:464:;A:473:;A:476:,A:464:;A:473:
bsa_silica,hbond_donor,86,8,alternative interface,A:194:,ARG,194,A,7,3,12.73375205352179,0.42857142857142855,0.20473285714285713,0.10949,0.43073269590741925,A:190:;A:191:;A:192:;A:194:;A:197:;A:198:;A:454:,A:190:;A:191:;A:192:
bsa_silica,hbond_donor,87,8,alternative interface,A:332:,GLU,332,A,6,2,12.794786174864539,0.3333333333333333,0.16946499999999998,0.06846000000000001,0.9838985543631857,A:304:;A:328:;A:330:;A:332:;A:335:;A:336:,A:328:;A:332:
bsa_silica,hbond_donor,88,8,alternative interface,A:343:,SER,343,A,8,3,12.366839379791088,0.375,0.21669,0.05669,0.9536527873869393,A:342:;A:343:;A:344:;A:346:;A:347:;A:450:;A:453:;A:481:,A:343:;A:450:;A:453:
bsa_silica,hbond_donor,89,9,alternative interface,A:406:,LEU,406,A,9,2,12.334240916311703,0.2222222222222222,0.12828,0.05518,0.9776075382081995,A:402:;A:404:;A:405:;A:406:;A:408:;A:409:;A:410:;A:427:;A:429:,A:404:;A:410:
bsa_silica,hbond_acceptor,1,1,primary plausible interface,A:184:,MET,184,A,9,4,12.408461371586284,0.4444444444444444,0.4370733333333334,0.83985,0.9848922941743692,A:180:;A:181:;A:182:;A:183:;A:184:;A:185:;A:186:;A:187:;A:188:,A:180:;A:183:;A:185:;A:187:
bsa_silica,hbond_acceptor,2,1,primary plausible interface,A:133:,PHE,133,A,12,4,12.60704389568947,0.3333333333333333,0.358845,0.76349,0.9880137639241521,A:125:;A:126:;A:129:;A:130:;A:131:;A:132:;A:133:;A:134:;A:135:;A:136:;A:137:;A:161:,A:131:;A:132:;A:134:;A:136:
bsa_silica,hbond_acceptor,3,1,primary plausible interface,A:373:,PHE,373,A,7,5,13.43031296599384,0.7142857142857143,0.5317842857142857,0.76149,0.9904488791671899,A:305:;A:370:;A:371:;A:373:;A:374:;A:375:;A:377:,A:305:;A:370:;A:371:;A:375:;A:377:
bsa_silica,hbond_acceptor,4,1,primary plausible interface,A:578:,THR,578,A,10,3,13.611023870677291,0.3,0.40772700000000006,0.65086,0.9930593414316738,A:546:;A:574:;A:575:;A:576:;A:577:;A:578:;A:579:;A:580:;A:581:;A:583:,A:577:;A:578:;A:580:
bsa_silica,hbond_acceptor,5,1,primary plausible interface,A:4:,LYS,4,A,6,2,12.083129545427704,0.3333333333333333,0.6744749999999998,0.58128,0.9922391905780263,A:2:;A:3:;A:4:;A:57:;A:63:;A:6:,A:2:;A:4:
bsa_silica,hbond_acceptor,6,1,primary plausible interface,A:505:,LEU,505,A,8,2,11.797714157643664,0.25,0.43455875,0.55863,0.9926079434696711,A:502:;A:503:;A:504:;A:505:;A:506:;A:507:;A:527:;A:530:,A:504:;A:507:
bsa_silica,hbond_acceptor,7,1,primary plausible interface,A:56:,ASP,56,A,7,2,9.995426167620092,0.2857142857142857,0.5760928571428571,0.5540400000000001,0.9948257399644633,A:52:;A:54:;A:55:;A:56:;A:57:;A:58:;A:59:,A:52:;A:58:
bsa_silica,hbond_acceptor,8,1,primary plausible interface,A:542:,GLN,542,A,9,3,12.058910690247147,0.3333333333333333,0.4827022222222222,0.5526,0.9930811686237205,A:539:;A:540:;A:541:;A:542:;A:543:;A:544:;A:545:;A:546:;A:581:,A:539:;A:544:;A:545:
bsa_silica,hbond_acceptor,9,1,primary plausible interface,A:310:,GLU,310,A,8,3,13.030935444303548,0.375,0.57548,0.48892,0.9918203299909837,A:305:;A:306:;A:307:;A:310:;A:311:;A:312:;A:366:;A:370:,A:305:;A:312:;A:370:
bsa_silica,hbond_acceptor,10,1,primary plausible interface,A:115:,LEU,115,A,5,2,11.738607165413928,0.4,0.667016,0.4878,0.982148724545176,A:113:;A:114:;A:115:;A:116:;A:117:,A:114:;A:116:
bsa_silica,hbond_acceptor,11,1,primary plausible interface,A:65:,SER,65,A,8,3,11.47041872240042,0.375,0.41448624999999995,0.45787,0.9919644284118027,A:63:;A:64:;A:65:;A:66:;A:67:;A:68:;A:69:;A:6:,A:64:;A:65:;A:68:
bsa_silica,hbond_acceptor,12,1,primary plausible interface,A:515:,LEU,515,A,8,3,13.678887675484436,0.375,0.5936025,0.4395,0.99327789688052,A:511:;A:514:;A:515:;A:516:;A:517:;A:518:;A:519:;A:520:,A:514:;A:518:;A:520:
bsa_silica,hbond_acceptor,13,1,primary plausible interface,A:313:,ASP,313,A,6,2,9.865155207705905,0.3333333333333333,0.5202883333333334,0.43027,0.9948895257425804,A:311:;A:312:;A:313:;A:315:;A:316:;A:317:,A:312:;A:316:
bsa_silica,hbond_acceptor,14,1,primary plausible interface,A:471:,LYS,471,A,4,3,6.214296901434142,0.75,0.5179625,0.37801,0.9918899656142559,A:470:;A:471:;A:473:;A:474:,A:471:;A:473:;A:474:
bsa_silica,hbond_acceptor,15,1,primary plausible interface,A:319:,GLN,319,A,7,2,10.275909788666203,0.2857142857142857,0.5310728571428572,0.33371,0.9955841534327438,A:315:;A:316:;A:317:;A:319:;A:320:;A:321:;A:322:,A:316:;A:322:
bsa_silica,hbond_acceptor,16,1,primary plausible interface,A:1:,ASP,1,A,3,1,6.745793248799693,0.3333333333333333,0.9568300000000001,0.25162,0.9980668024267084,A:1:;A:2:;A:3:,A:2:
bsa_silica,hbond_acceptor,17,1,primary plausible interface,A:279:,ASP,279,A,6,3,13.35871569886009,0.5,0.60071,0.11723,0.985818489447251,A:275:;A:276:;A:279:;A:280:;A:281:;A:285:,A:275:;A:280:;A:285:
bsa_silica,hbond_acceptor,18,2,alternative interface,A:79:,SER,79,A,7,3,11.039044364462049,0.42857142857142855,0.5220142857142858,0.6896599999999999,0.9899471067468435,A:77:;A:78:;A:79:;A:81:;A:82:;A:83:;A:84:,A:79:;A:81:;A:83:
bsa_silica,hbond_acceptor,19,2,alternative interface,A:521:,GLN,521,A,8,4,10.969448638492134,0.5,0.5104925,0.6204,0.9869078725017749,A:517:;A:518:;A:519:;A:520:;A:521:;A:522:;A:523:;A:524:,A:518:;A:520:;A:523:;A:524:
bsa_silica,hbond_acceptor,20,2,alternative interface,A:476:,CYS,476,A,9,5,12.060967125798301,0.5555555555555556,0.34251888888888893,0.60621,0.9574798367104288,A:460:;A:473:;A:474:;A:476:;A:477:;A:478:;A:479:;A:480:;A:483:,A:473:;A:474:;A:477:;A:479:;A:483:
bsa_silica,hbond_acceptor,21,2,alternative interface,A:493:,ASP,493,A,8,4,11.769925718673374,0.5,0.48714124999999997,0.54428,0.9898885394217873,A:412:;A:413:;A:491:;A:492:;A:493:;A:494:;A:495:;A:496:,A:412:;A:413:;A:491:;A:495:
bsa_silica,hbond_acceptor,22,2,alternative interface,A:189:,LEU,189,A,9,5,12.421201310554936,0.5555555555555556,0.3685,0.53159,0.9332968810702392,A:185:;A:186:;A:187:;A:188:;A:189:;A:190:;A:191:;A:192:;A:193:,A:185:;A:187:;A:190:;A:191:;A:192:
bsa_silica,hbond_acceptor,23,2,alternative interface,A:431:,LYS,431,A,8,5,12.590441260173863,0.625,0.29256875,0.52901,0.9581896218306818,A:399:;A:427:;A:428:;A:429:;A:431:;A:432:;A:434:;A:435:,A:427:;A:428:;A:431:;A:434:;A:435:
bsa_silica,hbond_acceptor,24,2,alternative interface,A:536:,PRO,536,A,8,4,10.89553232071641,0.5,0.30421499999999996,0.46395000000000003,0.98996771971026,A:412:;A:498:;A:531:;A:533:;A:534:;A:535:;A:536:;A:537:,A:412:;A:533:;A:535:;A:537:
bsa_silica,hbond_acceptor,25,2,alternative interface,A:124:,ASP,124,A,8,2,12.328689039645754,0.25,0.585255,0.44122,0.9900946563104478,A:120:;A:121:;A:122:;A:124:;A:125:;A:126:;A:127:;A:128:,A:121:;A:127:
bsa_silica,hbond_acceptor,26,2,alternative interface,A:194:,ARG,194,A,7,5,12.73375205352179,0.7142857142857143,0.20473285714285713,0.37906999999999996,0.43073269590741925,A:190:;A:191:;A:192:;A:194:;A:197:;A:198:;A:454:,A:190:;A:191:;A:192:;A:194:;A:198:
bsa_silica,hbond_acceptor,27,2,alternative interface,A:85:,GLY,85,A,7,2,9.724519074366848,0.2857142857142857,0.5584171428571428,0.35344000000000003,0.990733980558529,A:81:;A:82:;A:83:;A:84:;A:85:;A:86:;A:88:,A:81:;A:83:
bsa_silica,hbond_acceptor,28,2,alternative interface,A:547:,MET,547,A,9,2,12.181711042333164,0.2222222222222222,0.44748999999999994,0.33234,0.9923951355218658,A:543:;A:544:;A:545:;A:546:;A:547:;A:548:;A:549:;A:550:;A:551:,A:544:;A:545:
bsa_silica,hbond_acceptor,29,2,alternative interface,A:49:,PHE,49,A,6,2,10.880444502875127,0.3333333333333333,0.4700866666666666,0.32632,0.9942073783258937,A:45:;A:46:;A:48:;A:49:;A:51:;A:52:,A:51:;A:52:
bsa_silica,hbond_acceptor,30,2,alternative interface,A:378:,HIS,378,A,8,2,13.156880277554489,0.25,0.5905787499999999,0.32063,0.9900633014014357,A:374:;A:375:;A:377:;A:378:;A:379:;A:380:;A:381:;A:382:,A:375:;A:377:
bsa_silica,hbond_acceptor,31,2,alternative interface,A:572:,PRO,572,A,9,1,13.511221478560886,0.1111111111111111,0.4849155555555556,0.2927,0.9942043988206314,A:568:;A:569:;A:570:;A:571:;A:572:;A:573:;A:574:;A:575:;A:576:,A:573:
bsa_silica,hbond_acceptor,32,2,alternative interface,A:269:,THR,269,A,6,2,12.629319302364731,0.3333333333333333,0.5726583333333334,0.27835,0.9834981191413043,A:224:;A:226:;A:266:;A:267:;A:268:;A:269:,A:224:;A:269:
bsa_silica,hbond_acceptor,33,2,alternative interface,A:418:,SER,418,A,5,3,11.633696317530097,0.6,0.356532,0.22507000000000002,0.9845925644224163,A:416:;A:418:;A:419:;A:420:;A:421:,A:418:;A:419:;A:421:
bsa_silica,hbond_acceptor,34,2,alternative interface,A:396:,LYS,396,A,7,1,9.784798183825249,0.14285714285714285,0.56052,0.22358,0.9913519648104197,A:392:;A:393:;A:394:;A:395:;A:396:;A:397:;A:398:,A:396:
bsa_silica,hbond_acceptor,35,2,alternative interface,A:61:,GLY,61,A,5,1,10.943002683893203,0.2,0.545184,0.22149999999999997,0.9967429769962908,A:59:;A:60:;A:61:;A:63:;A:64:,A:64:
bsa_silica,hbond_acceptor,36,2,alternative interface,A:499:,LYS,499,A,8,3,12.02594268753364,0.375,0.44255875,0.20721,0.9916158744237473,A:497:;A:498:;A:499:;A:500:;A:501:;A:533:;A:534:;A:535:,A:499:;A:533:;A:535:
bsa_silica,hbond_acceptor,37,2,alternative interface,A:552:,ALA,552,A,8,1,11.981652247493965,0.125,0.5615375,0.17227,0.9932283261147933,A:548:;A:549:;A:550:;A:551:;A:552:;A:554:;A:555:;A:556:,A:556:
bsa_silica,hbond_acceptor,38,2,alternative interface,A:358:,GLU,358,A,7,2,13.237851659320919,0.2857142857142857,0.4383957142857143,0.05322,0.9976380385111999,A:354:;A:355:;A:357:;A:358:;A:360:;A:361:;A:362:,A:355:;A:362:
bsa_silica,hbond_acceptor,39,3,alternative interface,A:444:,ARG,444,A,13,5,12.921666351908133,0.38461538461538464,0.39782923076923077,0.66646,0.9763766284017096,A:387:;A:437:;A:438:;A:439:;A:440:;A:441:;A:442:;A:443:;A:444:;A:445:;A:446:;A:447:;A:448:,A:438:;A:439:;A:442:;A:444:;A:448:
bsa_silica,hbond_acceptor,40,3,alternative interface,A:273:,LYS,273,A,8,4,13.855445151354068,0.5,0.5031675,0.60884,0.9827104757193906,A:272:;A:273:;A:275:;A:276:;A:292:;A:293:;A:294:;A:295:,A:272:;A:273:;A:275:;A:294:
bsa_silica,hbond_acceptor,41,3,alternative interface,A:386:,LEU,386,A,8,1,11.458439866228606,0.125,0.45580875,0.33903,0.9848356437998159,A:383:;A:384:;A:385:;A:386:;A:387:;A:388:;A:389:;A:390:,A:388:
bsa_silica,hbond_acceptor,42,3,alternative interface,A:231:,THR,231,A,7,3,12.205804434509842,0.42857142857142855,0.4512928571428571,0.33134,0.9868007534870282,A:215:;A:227:;A:228:;A:229:;A:231:;A:232:;A:235:,A:231:;A:232:;A:235:
bsa_silica,hbond_acceptor,43,3,alternative interface,A:264:,CYS,264,A,8,2,13.184511625374038,0.25,0.4135175,0.32216,0.9871041633513785,A:261:;A:262:;A:263:;A:264:;A:265:;A:266:;A:267:;A:275:,A:261:;A:275:
bsa_silica,hbond_acceptor,44,3,alternative interface,A:11:,PHE,11,A,10,3,12.811921992960734,0.3,0.38250100000000004,0.2707,0.9891609219189839,A:10:;A:11:;A:12:;A:13:;A:14:;A:15:;A:16:;A:51:;A:54:;A:9:,A:10:;A:12:;A:51:
bsa_silica,hbond_acceptor,45,3,alternative interface,A:43:,VAL,43,A,9,2,11.463055160050786,0.2222222222222222,0.3318644444444445,0.25664000000000003,0.990882752217324,A:20:;A:24:;A:40:;A:41:;A:42:;A:43:;A:44:;A:45:;A:46:,A:20:;A:41:
bsa_silica,hbond_acceptor,46,3,alternative interface,A:94:,GLN,94,A,8,2,11.844477743298466,0.25,0.5026587499999999,0.24709,0.9903858956873884,A:91:;A:92:;A:93:;A:94:;A:95:;A:96:;A:97:;A:98:,A:93:;A:98:
bsa_silica,hbond_acceptor,47,3,alternative interface,A:558:,CYS,558,A,8,2,11.50570758926902,0.25,0.43860375,0.24672999999999998,0.9937418036064504,A:510:;A:554:;A:555:;A:556:;A:558:;A:559:;A:560:;A:563:,A:556:;A:563:
bsa_silica,hbond_acceptor,48,3,alternative interface,A:179:,PRO,179,A,8,2,13.414212840562623,0.25,0.46765375,0.20735,0.9939841003521188,A:175:;A:176:;A:178:;A:179:;A:180:;A:181:;A:182:;A:183:,A:180:;A:183:
bsa_silica,hbond_acceptor,49,3,alternative interface,A:168:,CYS,168,A,6,1,11.060365208844704,0.16666666666666666,0.500015,0.15001,0.9917105352506502,A:165:;A:166:;A:168:;A:169:;A:170:;A:173:,A:173:
bsa_silica,hbond_acceptor,50,3,alternative interface,A:172:,ASP,172,A,7,1,9.19434618268519,0.14285714285714285,0.5110371428571429,0.10474,0.9956976925912332,A:170:;A:171:;A:172:;A:173:;A:174:;A:175:;A:176:,A:173:
bsa_silica,hbond_acceptor,51,3,alternative interface,A:336:,ARG,336,A,6,2,11.258703507987494,0.3333333333333333,0.21588833333333335,0.07039,0.9877997637749073,A:297:;A:332:;A:335:;A:336:;A:337:;A:338:,A:335:;A:336:
bsa_silica,hbond_acceptor,52,4,alternative interface,A:211:,LYS,211,A,9,4,12.83170365946715,0.4444444444444444,0.4074511111111111,0.58028,0.9536178512439537,A:207:;A:208:;A:209:;A:211:;A:212:;A:213:;A:215:;A:235:;A:237:,A:208:;A:211:;A:213:;A:235:
bsa_silica,hbond_acceptor,53,4,alternative interface,A:236:,ASP,236,A,7,3,13.56829701814887,0.42857142857142855,0.4004914285714286,0.46793999999999997,0.974741633204217,A:232:;A:235:;A:236:;A:237:;A:239:;A:255:;A:259:,A:232:;A:235:;A:239:
bsa_silica,hbond_acceptor,54,4,alternative interface,A:490:,LEU,490,A,7,3,13.564039071480465,0.42857142857142855,0.3864614285714286,0.40513,0.9811248851160648,A:413:;A:486:;A:488:;A:489:;A:490:;A:491:;A:492:,A:413:;A:488:;A:491:
bsa_silica,hbond_acceptor,55,4,alternative interface,A:526:,THR,526,A,10,4,12.199656632465384,0.4,0.280145,0.3611,0.9818916678877939,A:419:;A:420:;A:423:;A:522:;A:523:;A:524:;A:526:;A:527:;A:528:;A:530:,A:419:;A:523:;A:524:;A:526:
bsa_silica,hbond_acceptor,56,4,alternative interface,A:391:,CYS,391,A,10,1,12.201990862136428,0.1,0.40946899999999997,0.33903,0.9828332041311563,A:387:;A:388:;A:389:;A:390:;A:391:;A:392:;A:393:;A:394:;A:395:;A:437:,A:388:
bsa_silica,hbond_acceptor,57,4,alternative interface,A:101:,CYS,101,A,8,2,13.028769761367085,0.25,0.34474,0.29185,0.9865451277136883,A:100:;A:101:;A:103:;A:104:;A:105:;A:97:;A:98:;A:99:,A:104:;A:98:
bsa_silica,hbond_acceptor,58,4,alternative interface,A:196:,ARG,196,A,6,3,12.200820169754202,0.5,0.1648333333333333,0.28789000000000003,0.7005817907222066,A:147:;A:192:;A:196:;A:197:;A:198:;A:200:,A:192:;A:196:;A:198:
bsa_silica,hbond_acceptor,59,4,alternative interface,A:119:,PRO,119,A,9,2,13.607289457495746,0.2222222222222222,0.44697333333333333,0.2781,0.9863688548926183,A:117:;A:118:;A:119:;A:120:;A:121:;A:122:;A:173:;A:174:;A:178:,A:121:;A:173:
bsa_silica,hbond_acceptor,60,4,alternative interface,A:353:,GLU,353,A,8,2,12.396623003822876,0.25,0.32669125,0.25109000000000004,0.9886748467097459,A:326:;A:349:;A:350:;A:351:;A:353:;A:354:;A:355:;A:357:,A:350:;A:355:
bsa_silica,hbond_acceptor,61,4,alternative interface,A:76:,LYS,76,A,6,1,12.658487308418323,0.16666666666666666,0.40887,0.24414000000000002,0.9898699764171321,A:72:;A:73:;A:75:;A:76:;A:77:;A:78:,A:76:
bsa_silica,hbond_acceptor,62,4,alternative interface,A:324:,ALA,324,A,8,2,10.336685093268436,0.25,0.39975875000000005,0.23981000000000002,0.9924109088743215,A:321:;A:322:;A:323:;A:324:;A:325:;A:326:;A:327:;A:328:,A:322:;A:328:
bsa_silica,hbond_acceptor,63,4,alternative interface,A:410:,TYR,410,A,7,3,12.863552378819353,0.42857142857142855,0.17108714285714283,0.20698,0.9811413425468504,A:406:;A:408:;A:409:;A:410:;A:412:;A:413:;A:415:,A:409:;A:412:;A:413:
bsa_silica,hbond_acceptor,64,4,alternative interface,A:221:,LYS,221,A,9,4,15.046972935310912,0.4444444444444444,0.2681511111111111,0.20088,0.9673356151534759,A:217:;A:218:;A:221:;A:292:;A:293:;A:294:;A:295:;A:335:;A:338:,A:217:;A:221:;A:294:;A:335:
bsa_silica,hbond_acceptor,65,4,alternative interface,A:365:,PRO,365,A,10,1,12.273633151942063,0.1,0.4518,0.19596,0.9931781418947878,A:315:;A:360:;A:361:;A:362:;A:363:;A:364:;A:365:;A:366:;A:367:;A:368:,A:362:
bsa_silica,hbond_acceptor,66,4,alternative interface,A:284:,GLU,284,A,10,3,12.003839455772232,0.3,0.28652099999999997,0.18242999999999998,0.9841958530673969,A:155:;A:280:;A:281:;A:282:;A:283:;A:284:;A:285:;A:286:;A:287:;A:288:,A:280:;A:285:;A:286:
bsa_silica,hbond_acceptor,67,4,alternative interface,A:485:,PRO,485,A,7,3,10.717980038157878,0.42857142857142855,0.32738428571428574,0.17978000000000002,0.9839264150661782,A:482:;A:483:;A:484:;A:485:;A:486:;A:488:;A:489:,A:483:;A:484:;A:488:
bsa_silica,hbond_acceptor,68,4,alternative interface,A:38:,GLU,38,A,8,1,11.805122775620807,0.125,0.45287374999999996,0.17918,0.9855621498972467,A:34:;A:35:;A:36:;A:37:;A:38:;A:40:;A:41:;A:42:,A:41:
bsa_silica,hbond_acceptor,69,4,alternative interface,A:303:,PRO,303,A,6,1,11.398750109158502,0.16666666666666666,0.4040416666666667,0.16503,0.9931924141114356,A:301:;A:302:;A:303:;A:304:;A:305:;A:306:,A:305:
bsa_silica,hbond_acceptor,70,4,alternative interface,A:566:,CYS,566,A,10,1,14.180666359676572,0.1,0.466056,0.16254000000000002,0.9923588673423372,A:560:;A:562:;A:563:;A:564:;A:565:;A:566:;A:568:;A:569:;A:570:;A:571:,A:563:
bsa_silica,hbond_acceptor,71,5,alternative interface,A:463:,HIS,463,A,10,4,14.211023245940444,0.4,0.3344600000000001,0.46509,0.9596546650156375,A:421:;A:460:;A:462:;A:463:;A:464:;A:465:;A:466:;A:467:;A:468:;A:473:,A:421:;A:465:;A:466:;A:473:
bsa_silica,hbond_acceptor,72,5,alternative interface,A:206:,GLY,206,A,9,3,10.758177125850091,0.3333333333333333,0.3788622222222222,0.42892,0.9715728831856466,A:201:;A:202:;A:203:;A:204:;A:205:;A:206:;A:207:;A:208:;A:209:,A:201:;A:204:;A:208:
bsa_silica,hbond_acceptor,73,5,alternative interface,A:257:,ALA,257,A,10,3,12.319420636211449,0.3,0.308559,0.28431,0.9757377719215583,A:253:;A:254:;A:255:;A:256:;A:257:;A:258:;A:259:;A:261:;A:282:;A:286:,A:256:;A:261:;A:286:
bsa_silica,hbond_acceptor,74,5,alternative interface,A:139:,TYR,139,A,9,2,12.050643514273531,0.2222222222222222,0.19000222222222224,0.26999,0.9764530959129065,A:135:;A:136:;A:137:;A:139:;A:140:;A:141:;A:143:;A:24:;A:36:,A:136:;A:143:
bsa_silica,hbond_acceptor,75,5,alternative interface,A:508:,PHE,508,A,7,1,13.819921204006585,0.14285714285714285,0.36988000000000004,0.2299,0.9883757269546365,A:506:;A:507:;A:508:;A:509:;A:510:;A:511:;A:571:,A:507:
bsa_silica,hbond_acceptor,76,5,alternative interface,A:347:,ARG,347,A,9,3,12.38512211938532,0.3333333333333333,0.24595333333333336,0.22723,0.9774894546635793,A:343:;A:344:;A:346:;A:347:;A:349:;A:350:;A:351:;A:481:;A:482:,A:343:;A:347:;A:350:
bsa_silica,hbond_acceptor,77,5,alternative interface,A:145:,HIS,145,A,7,3,12.419917362861291,0.42857142857142855,0.1791157142857143,0.13154,0.8868811072000683,A:108:;A:141:;A:143:;A:144:;A:145:;A:147:;A:192:,A:143:;A:144:;A:192:
bsa_silica,hbond_acceptor,78,5,alternative interface,A:70:,PHE,70,A,8,1,11.024705084755453,0.125,0.22676375,0.12420999999999999,0.9908490827876285,A:66:;A:67:;A:68:;A:69:;A:70:;A:71:;A:72:;A:73:,A:68:
bsa_silica,hbond_acceptor,79,5,alternative interface,A:424:,GLU,424,A,7,3,12.567901877226639,0.42857142857142855,0.2901985714285714,0.10095000000000001,0.9584889040033601,A:420:;A:421:;A:423:;A:424:;A:425:;A:427:;A:428:,A:421:;A:427:;A:428:
bsa_silica,hbond_acceptor,80,5,alternative interface,A:289:,ILE,289,A,8,2,10.104747696277702,0.25,0.25665375,0.10058,0.9811405950986015,A:285:;A:286:;A:287:;A:288:;A:289:;A:290:;A:291:;A:292:,A:285:;A:286:
bsa_silica,hbond_acceptor,81,5,alternative interface,A:17:,GLU,17,A,7,1,10.287712252220832,0.14285714285714285,0.3545628571428571,0.09741,0.9904279038117202,A:14:;A:15:;A:16:;A:17:;A:18:;A:20:;A:21:,A:20:
bsa_silica,hbond_acceptor,82,6,alternative interface,A:242:,LYS,242,A,6,2,12.151917994827231,0.3333333333333333,0.35418499999999997,0.29498,0.9452947961415145,A:202:;A:207:;A:239:;A:242:;A:243:;A:246:,A:239:;A:242:
bsa_silica,hbond_acceptor,83,6,alternative interface,A:160:,TYR,160,A,8,1,12.376112958893163,0.125,0.29202374999999997,0.20287,0.9817751679053986,A:156:;A:158:;A:159:;A:160:;A:161:;A:162:;A:163:;A:181:,A:159:
bsa_silica,hbond_acceptor,84,6,alternative interface,A:107:,ASP,107,A,6,1,11.27713680239768,0.16666666666666666,0.26194,0.19088999999999998,0.9598175927337883,A:105:;A:107:;A:108:;A:109:;A:110:;A:32:,A:109:
bsa_silica,hbond_acceptor,85,7,alternative interface,A:455:,ILE,455,A,9,3,11.830409303122511,0.3333333333333333,0.20961666666666667,0.26992,0.8683264024462393,A:425:;A:428:;A:429:;A:451:;A:452:;A:453:;A:454:;A:455:;A:458:,A:428:;A:453:;A:458:
bsa_silica,hbond_acceptor,86,7,alternative interface,A:450:,ASP,450,A,10,3,13.22087048095032,0.3,0.20717800000000003,0.20946,0.9363767898040328,A:342:;A:343:;A:446:;A:447:;A:448:;A:450:;A:451:;A:452:;A:453:;A:454:,A:343:;A:448:;A:453:
bsa_silica,hbond_acceptor,87,7,alternative interface,A:330:,LEU,330,A,9,1,12.839409809625504,0.1111111111111111,0.2129166666666667,0.12619999999999998,0.9812061527704283,A:212:;A:215:;A:326:;A:327:;A:328:;A:330:;A:332:;A:346:;A:349:,A:328:
bsa_silica,oxide,1,1,primary plausible interface,A:126:,PHE,126,A,10,4,12.750677798825885,0.4,0.46038199999999996,0.8011400000000001,0.9888275462741706,A:122:;A:124:;A:125:;A:126:;A:127:;A:128:;A:129:;A:130:;A:133:;A:161:,A:124:;A:125:;A:129:;A:130:
bsa_silica,oxide,2,1,primary plausible interface,A:311:,ASP,311,A,6,4,11.127895095193637,0.6666666666666666,0.6344949999999999,0.78643,0.9948899167406748,A:306:;A:307:;A:310:;A:311:;A:312:;A:313:,A:307:;A:310:;A:311:;A:313:
bsa_silica,oxide,3,1,primary plausible interface,A:562:,ASP,562,A,7,3,9.161442897163914,0.42857142857142855,0.5449371428571429,0.73911,0.9962357173658647,A:560:;A:561:;A:562:;A:563:;A:564:;A:565:;A:566:,A:561:;A:562:;A:564:
bsa_silica,oxide,4,1,primary plausible interface,A:355:,THR,355,A,6,4,10.974031339359797,0.6666666666666666,0.42980833333333335,0.55871,0.9955849984990995,A:351:;A:353:;A:354:;A:355:;A:357:;A:358:,A:351:;A:353:;A:357:;A:358:
bsa_silica,oxide,5,1,primary plausible interface,A:1:,ASP,1,A,3,1,6.745793248799693,0.3333333333333333,0.9568300000000001,0.3037,0.9980668024267084,A:1:;A:2:;A:3:,A:1:
bsa_silica,oxide,6,1,primary plausible interface,A:248:,ASP,248,A,4,3,10.45523129590602,0.75,0.2337475,0.1697,0.9814539193469435,A:243:;A:246:;A:248:;A:251:,A:243:;A:248:;A:251:
bsa_silica,oxide,7,2,alternative interface,A:89:,ASP,89,A,6,3,12.453911596441197,0.5,0.5286716666666667,0.72069,0.988576361756093,A:86:;A:88:;A:89:;A:91:;A:92:;A:93:,A:86:;A:89:;A:92:
bsa_silica,oxide,8,2,alternative interface,A:543:,LEU,543,A,9,2,12.178828825147884,0.2222222222222222,0.4925744444444444,0.70638,0.992285847658025,A:539:;A:540:;A:541:;A:542:;A:543:;A:544:;A:545:;A:546:;A:547:,A:540:;A:541:
bsa_silica,oxide,9,2,alternative interface,A:362:,LYS,362,A,8,3,11.160685337330298,0.375,0.50826625,0.6887000000000001,0.9960954167235141,A:358:;A:360:;A:361:;A:362:;A:363:;A:364:;A:365:;A:368:,A:358:;A:363:;A:364:
bsa_silica,oxide,10,2,alternative interface,A:170:,ALA,170,A,8,3,11.901593159328774,0.375,0.5501225,0.68789,0.9919990776061827,A:166:;A:168:;A:169:;A:170:;A:171:;A:172:;A:173:;A:176:,A:166:;A:171:;A:172:
bsa_silica,oxide,11,2,alternative interface,A:279:,ASP,279,A,6,2,13.35871569886009,0.3333333333333333,0.60071,0.65157,0.985818489447251,A:275:;A:276:;A:279:;A:280:;A:281:;A:285:,A:276:;A:279:
bsa_silica,oxide,12,2,alternative interface,A:85:,GLY,85,A,7,2,9.724519074366848,0.2857142857142857,0.5584171428571428,0.59284,0.990733980558529,A:81:;A:82:;A:83:;A:84:;A:85:;A:86:;A:88:,A:82:;A:86:
bsa_silica,oxide,13,2,alternative interface,A:379:,LEU,379,A,7,2,11.489006574533194,0.2857142857142857,0.5616657142857143,0.59152,0.9904407053669584,A:375:;A:377:;A:378:;A:379:;A:380:;A:381:;A:382:,A:381:;A:382:
bsa_silica,oxide,14,2,alternative interface,A:442:,SER,442,A,6,2,9.642693025584094,0.3333333333333333,0.56267,0.5453600000000001,0.9921844151530017,A:440:;A:441:;A:442:;A:443:;A:444:;A:445:,A:441:;A:443:
bsa_silica,oxide,15,2,alternative interface,A:516:,PRO,516,A,7,2,11.221240828600932,0.2857142857142857,0.5876871428571429,0.48789,0.9945436112523437,A:514:;A:515:;A:516:;A:517:;A:518:;A:519:;A:520:,A:517:;A:519:
bsa_silica,oxide,16,2,alternative interface,A:321:,ALA,321,A,8,2,10.700507796776575,0.25,0.5334875,0.44563,0.9958650133588453,A:317:;A:319:;A:320:;A:321:;A:322:;A:323:;A:324:;A:325:,A:320:;A:323:
bsa_silica,oxide,17,2,alternative interface,A:57:,GLU,57,A,9,3,14.163874855791686,0.3333333333333333,0.5884377777777777,0.4219,0.9904790220096217,A:4:;A:52:;A:54:;A:55:;A:56:;A:57:;A:58:;A:59:;A:63:,A:56:;A:57:;A:63:
bsa_silica,oxide,18,2,alternative interface,A:255:,ASP,255,A,9,5,12.238712836587016,0.5555555555555556,0.27455999999999997,0.41857999999999995,0.975002532737788,A:236:;A:251:;A:253:;A:254:;A:255:;A:256:;A:257:;A:258:;A:259:,A:236:;A:251:;A:254:;A:255:;A:258:
bsa_silica,oxide,19,2,alternative interface,A:299:,GLU,299,A,5,1,8.83299058656093,0.2,0.520548,0.27048,0.9970998051724376,A:297:;A:298:;A:299:;A:300:;A:301:,A:299:
bsa_silica,oxide,20,2,alternative interface,A:374:,ASP,374,A,6,1,11.966389008051493,0.16666666666666666,0.5989066666666666,0.24083,0.994024271368917,A:371:;A:373:;A:374:;A:375:;A:377:;A:378:,A:374:
bsa_silica,oxide,21,3,alternative interface,A:98:,ARG,98,A,12,4,12.579715399658157,0.3333333333333333,0.41609749999999995,0.6095,0.9882677992978165,A:100:;A:101:;A:71:;A:91:;A:92:;A:93:;A:94:;A:95:;A:96:;A:97:;A:98:;A:99:,A:100:;A:92:;A:95:;A:97:
bsa_silica,oxide,22,3,alternative interface,A:120:,ASN,120,A,8,2,12.636222832734326,0.25,0.50403,0.55096,0.9877729247220985,A:118:;A:119:;A:120:;A:121:;A:122:;A:124:;A:173:;A:174:,A:118:;A:124:
bsa_silica,oxide,23,3,alternative interface,A:266:,ASN,266,A,8,2,11.900680513104046,0.25,0.42756125,0.51105,0.9904955174292712,A:262:;A:263:;A:264:;A:265:;A:266:;A:267:;A:268:;A:269:,A:265:;A:268:
bsa_silica,oxide,24,3,alternative interface,A:110:,PRO,110,A,8,3,10.949278106194097,0.375,0.32935375,0.49921,0.9569902345311496,A:107:;A:108:;A:109:;A:110:;A:111:;A:112:;A:144:;A:32:,A:107:;A:108:;A:111:
bsa_silica,oxide,25,3,alternative interface,A:46:,LEU,46,A,7,2,10.957105513213213,0.2857142857142857,0.36520571428571424,0.47950000000000004,0.9939540527863697,A:42:;A:43:;A:44:;A:45:;A:46:;A:48:;A:49:,A:45:;A:48:
bsa_silica,oxide,26,3,alternative interface,A:35:,PRO,35,A,6,2,11.942927366367982,0.3333333333333333,0.4858983333333333,0.44375,0.9881842977077803,A:33:;A:34:;A:35:;A:36:;A:37:;A:38:,A:37:;A:38:
bsa_silica,oxide,27,3,alternative interface,A:132:,LYS,132,A,8,2,10.806001537910698,0.25,0.41174125,0.43432000000000004,0.9940758019108901,A:129:;A:130:;A:131:;A:132:;A:133:;A:134:;A:135:;A:136:,A:129:;A:130:
bsa_silica,oxide,28,3,alternative interface,A:502:,ASP,502,A,7,2,12.862409885828006,0.2857142857142857,0.5435885714285714,0.42788,0.990707179143052,A:500:;A:501:;A:502:;A:503:;A:504:;A:505:;A:506:,A:502:;A:503:
bsa_silica,oxide,29,3,alternative interface,A:510:,ALA,510,A,8,2,12.701720588881662,0.25,0.4682299999999999,0.42526,0.9926573601725727,A:508:;A:509:;A:510:;A:511:;A:514:;A:558:;A:563:;A:564:,A:511:;A:564:
bsa_silica,oxide,30,3,alternative interface,A:227:,PHE,227,A,6,2,11.932865143392982,0.3333333333333333,0.5155116666666667,0.39944,0.9876590364967436,A:226:;A:227:;A:228:;A:229:;A:231:;A:328:,A:226:;A:229:
bsa_silica,oxide,31,3,alternative interface,A:552:,ALA,552,A,8,2,11.981652247493965,0.25,0.5615375,0.32622,0.9932283261147933,A:548:;A:549:;A:550:;A:551:;A:552:;A:554:;A:555:;A:556:,A:548:;A:555:
bsa_silica,oxide,32,3,alternative interface,A:305:,THR,305,A,7,2,12.149285929393574,0.2857142857142857,0.5010957142857143,0.32069000000000003,0.9913697030929345,A:303:;A:304:;A:305:;A:306:;A:307:;A:310:;A:373:,A:307:;A:310:
bsa_silica,oxide,33,3,alternative interface,A:175:,ALA,175,A,7,1,12.377787146550084,0.14285714285714285,0.4687314285714286,0.30882000000000004,0.9957009637737245,A:172:;A:173:;A:174:;A:175:;A:176:;A:178:;A:179:,A:172:
bsa_silica,oxide,34,3,alternative interface,A:51:,LYS,51,A,7,1,11.322034332297504,0.14285714285714285,0.49019571428571423,0.2965,0.9935273806785633,A:11:;A:48:;A:49:;A:51:;A:52:;A:54:;A:55:,A:48:
bsa_silica,oxide,35,3,alternative interface,A:9:,HIS,9,A,6,2,10.834714460714604,0.3333333333333333,0.3726233333333333,0.1771,0.9912864141765727,A:10:;A:11:;A:12:;A:13:;A:6:;A:9:,A:13:;A:6:
bsa_silica,oxide,36,3,alternative interface,A:568:,ALA,568,A,9,2,13.08796086373706,0.2222222222222222,0.49519666666666673,0.14993,0.9939398497747317,A:509:;A:564:;A:565:;A:566:;A:568:;A:569:;A:570:;A:571:;A:572:,A:564:;A:570:
bsa_silica,oxide,37,3,alternative interface,A:573:,LYS,573,A,9,1,13.455112098912593,0.1111111111111111,0.48879666666666666,0.12011,0.994412426298051,A:569:;A:570:;A:571:;A:572:;A:573:;A:574:;A:575:;A:576:;A:577:,A:570:
bsa_silica,oxide,38,3,alternative interface,A:232:,LYS,232,A,6,2,12.593064505628291,0.3333333333333333,0.552145,0.08678000000000001,0.9876081384971178,A:228:;A:229:;A:231:;A:232:;A:235:;A:236:,A:229:;A:236:
bsa_silica,oxide,39,4,alternative interface,A:40:,VAL,40,A,9,2,12.567114782423133,0.2222222222222222,0.4016544444444445,0.5539000000000001,0.987050592637539,A:24:;A:36:;A:37:;A:38:;A:40:;A:41:;A:42:;A:43:;A:44:,A:37:;A:38:
bsa_silica,oxide,40,4,alternative interface,A:394:,PHE,394,A,13,3,14.992492946107319,0.23076923076923078,0.4053869230769231,0.51371,0.977772222916218,A:390:;A:391:;A:392:;A:393:;A:394:;A:395:;A:396:;A:397:;A:398:;A:399:;A:401:;A:402:;A:437:,A:392:;A:395:;A:399:
bsa_silica,oxide,41,4,alternative interface,A:383:,PRO,383,A,9,2,12.46995473292228,0.2222222222222222,0.40179,0.47389000000000003,0.9804308619904863,A:380:;A:381:;A:382:;A:383:;A:384:;A:385:;A:386:;A:387:;A:445:,A:381:;A:382:
bsa_silica,oxide,42,4,alternative interface,A:15:,GLY,15,A,9,3,11.963561750291086,0.3333333333333333,0.37276666666666675,0.42439,0.988031486341598,A:10:;A:11:;A:12:;A:13:;A:14:;A:15:;A:16:;A:17:;A:18:,A:13:;A:16:;A:17:
bsa_silica,oxide,43,4,alternative interface,A:493:,ASP,493,A,8,2,11.769925718673374,0.25,0.48714124999999997,0.40543999999999997,0.9898885394217873,A:412:;A:413:;A:491:;A:492:;A:493:;A:494:;A:495:;A:496:,A:493:;A:494:
bsa_silica,oxide,44,4,alternative interface,A:366:,HIS,366,A,8,2,12.813526571396823,0.25,0.51621875,0.30961,0.9927677712188651,A:310:;A:312:;A:364:;A:365:;A:366:;A:367:;A:368:;A:370:,A:310:;A:364:
bsa_silica,oxide,45,4,alternative interface,A:79:,SER,79,A,7,1,11.039044364462049,0.14285714285714285,0.5220142857142858,0.23623999999999998,0.9899471067468435,A:77:;A:78:;A:79:;A:81:;A:82:;A:83:;A:84:,A:82:
bsa_silica,oxide,46,4,alternative interface,A:239:,LYS,239,A,6,2,12.428797136673962,0.3333333333333333,0.41779833333333327,0.21895,0.9703883510173854,A:235:;A:236:;A:237:;A:239:;A:242:;A:243:,A:236:;A:243:
bsa_silica,oxide,47,4,alternative interface,A:350:,LYS,350,A,7,2,12.371913180080083,0.2857142857142857,0.3117742857142857,0.1892,0.9916924760712721,A:346:;A:347:;A:349:;A:350:;A:351:;A:353:;A:354:,A:351:;A:353:
bsa_silica,oxide,48,5,alternative interface,A:292:,VAL,292,A,9,2,12.776014248068218,0.2222222222222222,0.37112,0.48368,0.9756213704004856,A:221:;A:273:;A:288:;A:289:;A:290:;A:291:;A:292:;A:293:;A:294:,A:291:;A:293:
bsa_silica,oxide,49,5,alternative interface,A:183:,THR,183,A,9,2,12.768147816072482,0.2222222222222222,0.4855855555555555,0.37421,0.988491457959099,A:179:;A:180:;A:181:;A:182:;A:183:;A:184:;A:185:;A:186:;A:187:,A:182:;A:186:
bsa_silica,oxide,50,5,alternative interface,A:20:,LYS,20,A,8,2,12.760705116085605,0.25,0.3020325,0.29124,0.9842978139545075,A:16:;A:17:;A:18:;A:20:;A:21:;A:24:;A:43:;A:44:,A:16:;A:17:
bsa_silica,oxide,51,5,alternative interface,A:224:,LYS,224,A,8,2,14.716077974226609,0.25,0.44314625,0.28809999999999997,0.9800876196272053,A:224:;A:226:;A:269:;A:295:;A:296:;A:297:;A:298:;A:335:,A:226:;A:295:
bsa_silica,oxide,52,5,alternative interface,A:64:,LYS,64,A,8,2,11.325451096271236,0.25,0.39079625,0.27597,0.9924111192879917,A:61:;A:63:;A:64:;A:65:;A:66:;A:68:;A:69:;A:6:,A:63:;A:6:
bsa_silica,oxide,53,5,alternative interface,A:339:,GLU,339,A,6,2,12.615405546561593,0.3333333333333333,0.331655,0.25107,0.9767711070562014,A:337:;A:338:;A:339:;A:340:;A:443:;A:446:,A:339:;A:443:
bsa_silica,oxide,54,5,alternative interface,A:315:,CYS,315,A,7,1,13.050435967186164,0.14285714285714285,0.4029642857142857,0.22959,0.9909473848350839,A:313:;A:315:;A:316:;A:317:;A:319:;A:360:;A:365:,A:313:
bsa_silica,oxide,55,6,alternative interface,A:473:,THR,473,A,10,2,11.990735393162211,0.2,0.39685800000000004,0.32581000000000004,0.9645981484895796,A:460:;A:463:;A:464:;A:467:;A:470:;A:471:;A:473:;A:474:;A:476:;A:477:,A:464:;A:470:
bsa_silica,oxide,56,6,alternative interface,A:261:,LYS,261,A,8,2,12.234963504950256,0.25,0.38348625000000003,0.2688,0.9878793355432401,A:257:;A:258:;A:259:;A:261:;A:262:;A:263:;A:264:;A:265:,A:258:;A:265:
bsa_silica,oxide,57,6,alternative interface,A:522:,ILE,522,A,9,1,12.63904362250771,0.1111111111111111,0.41152333333333335,0.26603,0.9796631341924676,A:423:;A:518:;A:519:;A:520:;A:521:;A:522:;A:523:;A:524:;A:526:,A:519:
bsa_silica,oxide,58,6,alternative interface,A:389:,GLN,389,A,9,1,12.83700186444285,0.1111111111111111,0.48188555555555557,0.23946,0.9844826064173017,A:385:;A:386:;A:387:;A:388:;A:389:;A:390:;A:391:;A:392:;A:393:,A:392:
bsa_silica,oxide,59,6,alternative interface,A:478:,GLU,478,A,6,1,11.028797356334271,0.16666666666666666,0.4005183333333333,0.23402,0.9786223877621126,A:474:;A:476:;A:477:;A:478:;A:479:;A:480:,A:478:
bsa_silica,oxide,60,6,alternative interface,A:208:,ARG,208,A,8,1,11.055780642023876,0.125,0.4306,0.22697,0.9666587836276979,A:202:;A:205:;A:206:;A:207:;A:208:;A:209:;A:211:;A:212:,A:207:
bsa_silica,oxide,61,6,alternative interface,A:70:,PHE,70,A,8,2,11.024705084755453,0.25,0.22676375,0.20983000000000002,0.9908490827876285,A:66:;A:67:;A:68:;A:69:;A:70:;A:71:;A:72:;A:73:,A:72:;A:73:
bsa_silica,oxide,62,6,alternative interface,A:287:,HIS,287,A,11,3,12.86023214560561,0.2727272727272727,0.2583972727272727,0.18128,0.9623700303420091,A:152:;A:155:;A:283:;A:284:;A:285:;A:286:;A:287:;A:288:;A:289:;A:290:;A:291:,A:152:;A:284:;A:291:
bsa_silica,oxide,63,6,alternative interface,A:117:,PRO,117,A,6,1,11.904456241874833,0.16666666666666666,0.4823366666666667,0.17329,0.9883159549616615,A:115:;A:116:;A:117:;A:118:;A:119:;A:122:,A:118:
bsa_silica,oxide,64,7,alternative interface,A:326:,LEU,326,A,10,2,12.216303558360956,0.2,0.31569100000000005,0.25566,0.9825502639843912,A:322:;A:323:;A:324:;A:325:;A:326:;A:327:;A:328:;A:330:;A:349:;A:353:,A:323:;A:353:
bsa_silica,oxide,65,7,alternative interface,A:75:,CYS,75,A,8,2,12.186774403807162,0.25,0.24766624999999998,0.20983000000000002,0.9849077849656683,A:71:;A:72:;A:73:;A:75:;A:76:;A:77:;A:88:;A:91:,A:72:;A:73:
bsa_silica,oxide,66,7,alternative interface,A:282:,LEU,282,A,8,1,12.302541416018222,0.125,0.3253975,0.18128,0.98512730178614,A:257:;A:280:;A:281:;A:282:;A:283:;A:284:;A:285:;A:286:,A:284:
bsa_silica,oxide,67,7,alternative interface,A:163:,VAL,163,A,9,1,12.844751114064417,0.1111111111111111,0.39579666666666663,0.1808,0.9831317867856382,A:159:;A:160:;A:161:;A:162:;A:163:;A:165:;A:166:;A:180:;A:181:,A:166:
bsa_silica,oxide,68,7,alternative interface,A:447:,CYS,447,A,9,2,13.052699415815988,0.2222222222222222,0.25583777777777783,0.16725,0.9746637562868277,A:435:;A:443:;A:444:;A:445:;A:446:;A:447:;A:448:;A:450:;A:451:,A:443:;A:450:
bsa_silica,oxide,69,7,alternative interface,A:400:,TYR,400,A,7,1,10.309828354229087,0.14285714285714285,0.3923371428571429,0.11808999999999999,0.9881706972998271,A:397:;A:398:;A:399:;A:400:;A:401:;A:402:;A:404:,A:399:
bsa_silica,oxide,70,7,alternative interface,A:137:,TYR,137,A,8,1,12.729019921473697,0.125,0.19009375,0.06182000000000001,0.9883132152508656,A:133:;A:134:;A:135:;A:136:;A:137:;A:139:;A:140:;A:141:,A:140:
bsa_silica,oxide,71,8,alternative interface,A:103:,LEU,103,A,8,1,12.76003108520618,0.125,0.29863874999999995,0.19912,0.9646165180818584,A:100:;A:101:;A:103:;A:104:;A:105:;A:246:;A:30:;A:99:,A:100:
bsa_silica,oxide,72,8,alternative interface,A:188:,VAL,188,A,10,1,12.594572621674356,0.1,0.313392,0.18067,0.9345562228446784,A:156:;A:184:;A:185:;A:186:;A:187:;A:188:;A:189:;A:190:;A:191:;A:192:,A:186:
bsa_silica,oxide,73,8,alternative interface,A:462:,LEU,462,A,10,2,13.166343418398597,0.2,0.274035,0.16012,0.9212511686508851,A:108:;A:109:;A:421:;A:458:;A:460:;A:462:;A:463:;A:464:;A:465:;A:466:,A:108:;A:464:
bsa_silica,oxide,74,8,alternative interface,A:143:,ARG,143,A,8,1,12.686487171016157,0.125,0.215335,0.07716,0.972746283446867,A:139:;A:140:;A:141:;A:143:;A:144:;A:145:;A:32:;A:33:,A:140:
bsa_silica,oxide,75,8,alternative interface,A:332:,GLU,332,A,6,1,12.794786174864539,0.16666666666666666,0.16946499999999998,0.0739,0.9838985543631857,A:304:;A:328:;A:330:;A:332:;A:335:;A:336:,A:332:
bsa_silica,oxide,76,8,alternative interface,A:530:,GLU,530,A,9,1,12.424806296873054,0.1111111111111111,0.18444444444444444,0.04583,0.9868451067158175,A:419:;A:505:;A:526:;A:527:;A:528:;A:530:;A:531:;A:533:;A:534:,A:530:
bsa_silica,oxide,77,9,alternative interface,A:427:,ARG,427,A,8,1,12.677196927964037,0.125,0.21910125,0.19057,0.9546811800262365,A:406:;A:423:;A:424:;A:425:;A:427:;A:428:;A:429:;A:431:,A:424:
bsa_silica,oxide,78,9,alternative interface,A:151:,PRO,151,A,7,1,12.620158614311263,0.14285714285714285,0.10340857142857142,0.03415,0.9645868708931365,A:149:;A:151:;A:152:;A:155:;A:253:;A:256:;A:283:,A:152:
bsa_silica,oxide,79,10,alternative interface,A:452:,LEU,452,A,10,1,13.346186385235452,0.1,0.18481799999999998,0.13399,0.9228677224365839,A:429:;A:432:;A:448:;A:450:;A:451:;A:452:;A:453:;A:454:;A:455:;A:484:,A:450:
bsa_silica,calcium_phosphate,1,1,primary plausible interface,A:126:,PHE,126,A,10,5,12.750677798825885,0.5,0.46038199999999996,1.0,0.9888275462741706,A:122:;A:124:;A:125:;A:126:;A:127:;A:128:;A:129:;A:130:;A:133:;A:161:,A:124:;A:125:;A:127:;A:129:;A:130:
bsa_silica,calcium_phosphate,2,1,primary plausible interface,A:184:,MET,184,A,9,5,12.408461371586284,0.5555555555555556,0.4370733333333334,0.7333,0.9848922941743692,A:180:;A:181:;A:182:;A:183:;A:184:;A:185:;A:186:;A:187:;A:188:,A:180:;A:182:;A:185:;A:186:;A:187:
bsa_silica,calcium_phosphate,3,1,primary plausible interface,A:311:,ASP,311,A,6,5,11.127895095193637,0.8333333333333334,0.6344949999999999,0.72961,0.9948899167406748,A:306:;A:307:;A:310:;A:311:;A:312:;A:313:,A:307:;A:310:;A:311:;A:312:;A:313:
bsa_silica,calcium_phosphate,4,1,primary plausible interface,A:276:,GLU,276,A,5,5,13.824607673842776,1.0,0.637158,0.7145699999999999,0.982343731334038,A:273:;A:275:;A:276:;A:279:;A:280:,A:273:;A:275:;A:276:;A:279:;A:280:
bsa_silica,calcium_phosphate,5,1,primary plausible interface,A:562:,ASP,562,A,7,4,9.161442897163914,0.5714285714285714,0.5449371428571429,0.60026,0.9962357173658647,A:560:;A:561:;A:562:;A:563:;A:564:;A:565:;A:566:,A:561:;A:562:;A:563:;A:564:
bsa_silica,calcium_phosphate,6,1,primary plausible interface,A:355:,THR,355,A,6,4,10.974031339359797,0.6666666666666666,0.42980833333333335,0.42929,0.9955849984990995,A:351:;A:353:;A:354:;A:355:;A:357:;A:358:,A:351:;A:353:;A:357:;A:358:
bsa_silica,calcium_phosphate,7,1,primary plausible interface,A:115:,LEU,115,A,5,2,11.738607165413928,0.4,0.667016,0.35844000000000004,0.982148724545176,A:113:;A:114:;A:115:;A:116:;A:117:,A:114:;A:116:
bsa_silica,calcium_phosphate,8,1,primary plausible interface,A:2:,THR,2,A,4,3,9.069559466806224,0.75,0.8514375000000001,0.33222,0.9966222961234753,A:1:;A:2:;A:3:;A:4:,A:1:;A:3:;A:4:
bsa_silica,calcium_phosphate,9,2,alternative interface,A:88:,ALA,88,A,9,4,14.660704661586188,0.4444444444444444,0.5188355555555556,0.71382,0.981807155219192,A:75:;A:81:;A:84:;A:85:;A:86:;A:88:;A:89:;A:91:;A:92:,A:81:;A:86:;A:89:;A:92:
bsa_silica,calcium_phosphate,10,2,alternative interface,A:543:,LEU,543,A,9,3,12.178828825147884,0.3333333333333333,0.4925744444444444,0.69754,0.992285847658025,A:539:;A:540:;A:541:;A:542:;A:543:;A:544:;A:545:;A:546:;A:547:,A:540:;A:541:;A:544:
bsa_silica,calcium_phosphate,11,2,alternative interface,A:132:,LYS,132,A,8,5,10.806001537910698,0.625,0.41174125,0.6761400000000001,0.9940758019108901,A:129:;A:130:;A:131:;A:132:;A:133:;A:134:;A:135:;A:136:,A:129:;A:130:;A:131:;A:132:;A:136:
bsa_silica,calcium_phosphate,12,2,alternative interface,A:365:,PRO,365,A,10,4,12.273633151942063,0.4,0.4518,0.63732,0.9931781418947878,A:315:;A:360:;A:361:;A:362:;A:363:;A:364:;A:365:;A:366:;A:367:;A:368:,A:362:;A:363:;A:364:;A:366:
bsa_silica,calcium_phosphate,13,2,alternative interface,A:98:,ARG,98,A,12,6,12.579715399658157,0.5,0.41609749999999995,0.63124,0.9882677992978165,A:100:;A:101:;A:71:;A:91:;A:92:;A:93:;A:94:;A:95:;A:96:;A:97:;A:98:;A:99:,A:100:;A:92:;A:93:;A:95:;A:97:;A:98:
bsa_silica,calcium_phosphate,14,2,alternative interface,A:379:,LEU,379,A,7,5,11.489006574533194,0.7142857142857143,0.5616657142857143,0.61041,0.9904407053669584,A:375:;A:377:;A:378:;A:379:;A:380:;A:381:;A:382:,A:375:;A:377:;A:378:;A:381:;A:382:
bsa_silica,calcium_phosphate,15,2,alternative interface,A:170:,ALA,170,A,8,4,11.901593159328774,0.5,0.5501225,0.5887899999999999,0.9919990776061827,A:166:;A:168:;A:169:;A:170:;A:171:;A:172:;A:173:;A:176:,A:166:;A:171:;A:172:;A:173:
bsa_silica,calcium_phosphate,16,2,alternative interface,A:317:,ASN,317,A,9,4,13.275620878810027,0.4444444444444444,0.49467777777777777,0.54225,0.9941997231195248,A:313:;A:315:;A:316:;A:317:;A:319:;A:320:;A:321:;A:322:;A:325:,A:313:;A:316:;A:320:;A:322:
bsa_silica,calcium_phosphate,17,2,alternative interface,A:396:,LYS,396,A,7,3,9.784798183825249,0.42857142857142855,0.56052,0.45209000000000005,0.9913519648104197,A:392:;A:393:;A:394:;A:395:;A:396:;A:397:;A:398:,A:392:;A:395:;A:396:
bsa_silica,calcium_phosphate,18,2,alternative interface,A:552:,ALA,552,A,8,3,11.981652247493965,0.375,0.5615375,0.41703,0.9932283261147933,A:548:;A:549:;A:550:;A:551:;A:552:;A:554:;A:555:;A:556:,A:548:;A:555:;A:556:
bsa_silica,calcium_phosphate,19,2,alternative interface,A:63:,GLU,63,A,9,5,14.248274375148078,0.5555555555555556,0.5768844444444444,0.36164,0.9924239473365843,A:4:;A:57:;A:58:;A:60:;A:61:;A:63:;A:64:;A:65:;A:6:,A:4:;A:57:;A:63:;A:64:;A:6:
bsa_silica,calcium_phosphate,20,2,alternative interface,A:54:,VAL,54,A,8,4,13.23640892829894,0.5,0.49933875,0.35328000000000004,0.9940282320066816,A:11:;A:12:;A:51:;A:52:;A:54:;A:55:;A:56:;A:57:,A:12:;A:51:;A:56:;A:57:
bsa_silica,calcium_phosphate,21,2,alternative interface,A:175:,ALA,175,A,7,2,12.377787146550084,0.2857142857142857,0.4687314285714286,0.33698999999999996,0.9957009637737245,A:172:;A:173:;A:174:;A:175:;A:176:;A:178:;A:179:,A:172:;A:173:
bsa_silica,calcium_phosphate,22,2,alternative interface,A:9:,HIS,9,A,6,5,10.834714460714604,0.8333333333333334,0.3726233333333333,0.32537999999999995,0.9912864141765727,A:10:;A:11:;A:12:;A:13:;A:6:;A:9:,A:10:;A:12:;A:13:;A:6:;A:9:
bsa_silica,calcium_phosphate,23,2,alternative interface,A:59:,HIS,59,A,7,3,10.960837297877879,0.42857142857142855,0.5605871428571428,0.32321,0.993391158968922,A:52:;A:56:;A:57:;A:58:;A:59:;A:60:;A:61:,A:56:;A:57:;A:59:
bsa_silica,calcium_phosphate,24,2,alternative interface,A:301:,LEU,301,A,6,1,12.14520101622427,0.16666666666666666,0.5831583333333333,0.21878,0.9917781548732607,A:298:;A:299:;A:300:;A:301:;A:302:;A:303:,A:299:
bsa_silica,calcium_phosphate,25,2,alternative interface,A:248:,ASP,248,A,4,4,10.45523129590602,1.0,0.2337475,0.16329000000000002,0.9814539193469435,A:243:;A:246:;A:248:;A:251:,A:243:;A:246:;A:248:;A:251:
bsa_silica,calcium_phosphate,26,3,alternative interface,A:391:,CYS,391,A,10,3,12.201990862136428,0.3,0.40946899999999997,0.6224799999999999,0.9828332041311563,A:387:;A:388:;A:389:;A:390:;A:391:;A:392:;A:393:;A:394:;A:395:;A:437:,A:388:;A:392:;A:395:
bsa_silica,calcium_phosphate,27,3,alternative interface,A:444:,ARG,444,A,13,4,12.921666351908133,0.3076923076923077,0.39782923076923077,0.59267,0.9763766284017096,A:387:;A:437:;A:438:;A:439:;A:440:;A:441:;A:442:;A:443:;A:444:;A:445:;A:446:;A:447:;A:448:,A:439:;A:441:;A:443:;A:444:
bsa_silica,calcium_phosphate,28,3,alternative interface,A:502:,ASP,502,A,7,3,12.862409885828006,0.42857142857142855,0.5435885714285714,0.5846800000000001,0.990707179143052,A:500:;A:501:;A:502:;A:503:;A:504:;A:505:;A:506:,A:502:;A:503:;A:504:
bsa_silica,calcium_phosphate,29,3,alternative interface,A:520:,LYS,520,A,11,5,13.128822095533598,0.45454545454545453,0.5095790909090909,0.55802,0.9844261431889026,A:514:;A:515:;A:516:;A:517:;A:518:;A:519:;A:520:;A:521:;A:522:;A:523:;A:524:,A:517:;A:519:;A:520:;A:523:;A:524:
bsa_silica,calcium_phosphate,30,3,alternative interface,A:15:,GLY,15,A,9,6,11.963561750291086,0.6666666666666666,0.37276666666666675,0.50955,0.988031486341598,A:10:;A:11:;A:12:;A:13:;A:14:;A:15:;A:16:;A:17:;A:18:,A:10:;A:12:;A:13:;A:16:;A:17:;A:18:
bsa_silica,calcium_phosphate,31,3,alternative interface,A:473:,THR,473,A,10,5,11.990735393162211,0.5,0.39685800000000004,0.44073,0.9645981484895796,A:460:;A:463:;A:464:;A:467:;A:470:;A:471:;A:473:;A:474:;A:476:;A:477:,A:463:;A:464:;A:470:;A:471:;A:474:
bsa_silica,calcium_phosphate,32,3,alternative interface,A:558:,CYS,558,A,8,3,11.50570758926902,0.375,0.43860375,0.41703,0.9937418036064504,A:510:;A:554:;A:555:;A:556:;A:558:;A:559:;A:560:;A:563:,A:555:;A:556:;A:563:
bsa_silica,calcium_phosphate,33,3,alternative interface,A:239:,LYS,239,A,6,4,12.428797136673962,0.6666666666666666,0.41779833333333327,0.41066,0.9703883510173854,A:235:;A:236:;A:237:;A:239:;A:242:;A:243:,A:236:;A:239:;A:242:;A:243:
bsa_silica,calcium_phosphate,34,3,alternative interface,A:48:,GLU,48,A,7,3,12.49759309079615,0.42857142857142855,0.48028714285714286,0.40572,0.9926683875297342,A:44:;A:45:;A:46:;A:48:;A:49:;A:51:;A:52:,A:45:;A:48:;A:51:
bsa_silica,calcium_phosphate,35,3,alternative interface,A:493:,ASP,493,A,8,4,11.769925718673374,0.5,0.48714124999999997,0.36451999999999996,0.9898885394217873,A:412:;A:413:;A:491:;A:492:;A:493:;A:494:;A:495:;A:496:,A:412:;A:413:;A:493:;A:494:
bsa_silica,calcium_phosphate,36,3,alternative interface,A:536:,PRO,536,A,8,5,10.89553232071641,0.625,0.30421499999999996,0.32287,0.98996771971026,A:412:;A:498:;A:531:;A:533:;A:534:;A:535:;A:536:;A:537:,A:412:;A:533:;A:534:;A:535:;A:537:
bsa_silica,calcium_phosphate,37,3,alternative interface,A:229:,GLU,229,A,6,3,10.294250896248691,0.5,0.5248333333333334,0.30992000000000003,0.9920301823753683,A:226:;A:227:;A:228:;A:229:;A:231:;A:232:,A:226:;A:229:;A:232:
bsa_silica,calcium_phosphate,38,3,alternative interface,A:350:,LYS,350,A,7,4,12.371913180080083,0.5714285714285714,0.3117742857142857,0.25648,0.9916924760712721,A:346:;A:347:;A:349:;A:350:;A:351:;A:353:;A:354:,A:347:;A:350:;A:351:;A:353:
bsa_silica,calcium_phosphate,39,3,alternative interface,A:570:,GLU,570,A,8,2,12.048865803009058,0.25,0.42743,0.23417000000000002,0.994721670461842,A:566:;A:568:;A:569:;A:570:;A:571:;A:572:;A:573:;A:574:,A:570:;A:573:
bsa_silica,calcium_phosphate,40,3,alternative interface,A:254:,ASP,254,A,10,7,12.871178827503465,0.7,0.238295,0.21624,0.9817978569759983,A:10:;A:13:;A:14:;A:251:;A:253:;A:254:;A:255:;A:256:;A:257:;A:258:,A:10:;A:13:;A:251:;A:254:;A:255:;A:256:;A:258:
bsa_silica,calcium_phosphate,41,3,alternative interface,A:575:,VAL,575,A,10,1,12.9183369018009,0.1,0.427442,0.20245000000000002,0.9937548171841016,A:506:;A:571:;A:572:;A:573:;A:574:;A:575:;A:576:;A:577:;A:578:;A:579:,A:573:
bsa_silica,calcium_phosphate,42,3,alternative interface,A:337:,HIS,337,A,6,4,10.104420441573984,0.6666666666666666,0.2519633333333333,0.19391999999999998,0.9883212918968486,A:335:;A:336:;A:337:;A:338:;A:339:;A:340:,A:335:;A:336:;A:337:;A:339:
bsa_silica,calcium_phosphate,43,4,alternative interface,A:40:,VAL,40,A,9,3,12.567114782423133,0.3333333333333333,0.4016544444444445,0.56122,0.987050592637539,A:24:;A:36:;A:37:;A:38:;A:40:;A:41:;A:42:;A:43:;A:44:,A:37:;A:38:;A:41:
bsa_silica,calcium_phosphate,44,4,alternative interface,A:208:,ARG,208,A,8,3,11.055780642023876,0.375,0.4306,0.50646,0.9666587836276979,A:202:;A:205:;A:206:;A:207:;A:208:;A:209:;A:211:;A:212:,A:207:;A:208:;A:211:
bsa_silica,calcium_phosphate,45,4,alternative interface,A:267:,GLN,267,A,9,3,12.583669337987917,0.3333333333333333,0.4813522222222223,0.48179,0.9857974023217618,A:263:;A:264:;A:265:;A:266:;A:267:;A:268:;A:269:;A:272:;A:275:,A:265:;A:268:;A:275:
bsa_silica,calcium_phosphate,46,4,alternative interface,A:79:,SER,79,A,7,2,11.039044364462049,0.2857142857142857,0.5220142857142858,0.4743,0.9899471067468435,A:77:;A:78:;A:79:;A:81:;A:82:;A:83:;A:84:,A:81:;A:82:
bsa_silica,calcium_phosphate,47,4,alternative interface,A:292:,VAL,292,A,9,5,12.776014248068218,0.5555555555555556,0.37112,0.45598,0.9756213704004856,A:221:;A:273:;A:288:;A:289:;A:290:;A:291:;A:292:;A:293:;A:294:,A:221:;A:273:;A:291:;A:293:;A:294:
bsa_silica,calcium_phosphate,48,4,alternative interface,A:259:,LEU,259,A,10,5,12.673208834487157,0.5,0.35382100000000005,0.45543,0.9782361463009209,A:236:;A:237:;A:255:;A:256:;A:257:;A:258:;A:259:;A:261:;A:262:;A:263:,A:236:;A:255:;A:256:;A:258:;A:261:
bsa_silica,calcium_phosphate,49,4,alternative interface,A:120:,ASN,120,A,8,3,12.636222832734326,0.375,0.50403,0.41612000000000005,0.9877729247220985,A:118:;A:119:;A:120:;A:121:;A:122:;A:124:;A:173:;A:174:,A:118:;A:124:;A:173:
bsa_silica,calcium_phosphate,50,4,alternative interface,A:373:,PHE,373,A,7,3,13.43031296599384,0.42857142857142855,0.5317842857142857,0.40917000000000003,0.9904488791671899,A:305:;A:370:;A:371:;A:373:;A:374:;A:375:;A:377:,A:374:;A:375:;A:377:
bsa_silica,calcium_phosphate,51,4,alternative interface,A:324:,ALA,324,A,8,2,10.336685093268436,0.25,0.39975875000000005,0.33541,0.9924109088743215,A:321:;A:322:;A:323:;A:324:;A:325:;A:326:;A:327:;A:328:,A:322:;A:323:
bsa_silica,calcium_phosphate,52,4,alternative interface,A:224:,LYS,224,A,8,4,14.716077974226609,0.5,0.44314625,0.32369,0.9800876196272053,A:224:;A:226:;A:269:;A:295:;A:296:;A:297:;A:298:;A:335:,A:224:;A:226:;A:295:;A:335:
bsa_silica,calcium_phosphate,53,4,alternative interface,A:285:,LYS,285,A,11,5,12.177413004866137,0.45454545454545453,0.33564181818181815,0.28969,0.9860851150226198,A:279:;A:280:;A:281:;A:282:;A:283:;A:284:;A:285:;A:286:;A:287:;A:288:;A:289:,A:279:;A:280:;A:284:;A:285:;A:287:
bsa_silica,calcium_phosphate,54,4,alternative interface,A:20:,LYS,20,A,8,4,12.760705116085605,0.5,0.3020325,0.27754999999999996,0.9842978139545075,A:16:;A:17:;A:18:;A:20:;A:21:;A:24:;A:43:;A:44:,A:16:;A:17:;A:18:;A:20:
bsa_silica,calcium_phosphate,55,4,alternative interface,A:507:,THR,507,A,8,3,13.251531938993494,0.375,0.45596375,0.25934,0.9906482475064512,A:503:;A:504:;A:505:;A:506:;A:507:;A:508:;A:509:;A:571:,A:503:;A:504:;A:509:
bsa_silica,calcium_phosphate,56,4,alternative interface,A:499:,LYS,499,A,8,4,12.02594268753364,0.5,0.44255875,0.14529999999999998,0.9916158744237473,A:497:;A:498:;A:499:;A:500:;A:501:;A:533:;A:534:;A:535:,A:499:;A:533:;A:534:;A:535:
bsa_silica,calcium_phosphate,57,4,alternative interface,A:145:,HIS,145,A,7,4,12.419917362861291,0.5714285714285714,0.1791157142857143,0.09325,0.8868811072000683,A:108:;A:141:;A:143:;A:144:;A:145:;A:147:;A:192:,A:108:;A:143:;A:144:;A:145:
bsa_silica,calcium_phosphate,58,5,alternative interface,A:384:,GLN,384,A,10,3,14.753610109913705,0.3,0.443761,0.44676000000000005,0.9780161745675119,A:380:;A:381:;A:382:;A:383:;A:384:;A:385:;A:386:;A:387:;A:388:;A:445:,A:381:;A:382:;A:388:
bsa_silica,calcium_phosphate,59,5,alternative interface,A:110:,PRO,110,A,8,4,10.949278106194097,0.5,0.32935375,0.41828000000000004,0.9569902345311496,A:107:;A:108:;A:109:;A:110:;A:111:;A:112:;A:144:;A:32:,A:107:;A:108:;A:111:;A:144:
bsa_silica,calcium_phosphate,60,5,alternative interface,A:189:,LEU,189,A,9,3,12.421201310554936,0.3333333333333333,0.3685,0.36161,0.9332968810702392,A:185:;A:186:;A:187:;A:188:;A:189:;A:190:;A:191:;A:192:;A:193:,A:185:;A:186:;A:187:
bsa_silica,calcium_phosphate,61,5,alternative interface,A:35:,PRO,35,A,6,2,11.942927366367982,0.3333333333333333,0.4858983333333333,0.31032,0.9881842977077803,A:33:;A:34:;A:35:;A:36:;A:37:;A:38:,A:37:;A:38:
bsa_silica,calcium_phosphate,62,5,alternative interface,A:410:,TYR,410,A,7,3,12.863552378819353,0.42857142857142855,0.17108714285714283,0.15209,0.9811413425468504,A:406:;A:408:;A:409:;A:410:;A:412:;A:413:;A:415:,A:409:;A:412:;A:413:
bsa_silica,calcium_phosphate,63,5,alternative interface,A:103:,LEU,103,A,8,3,12.76003108520618,0.375,0.29863874999999995,0.14339000000000002,0.9646165180818584,A:100:;A:101:;A:103:;A:104:;A:105:;A:246:;A:30:;A:99:,A:100:;A:105:;A:246:
bsa_silica,calcium_phosphate,64,5,alternative interface,A:511:,ASP,511,A,6,2,12.423446949721695,0.3333333333333333,0.4207733333333333,0.13916,0.9911334554370586,A:508:;A:509:;A:510:;A:511:;A:514:;A:515:,A:509:;A:511:
bsa_silica,calcium_phosphate,65,5,alternative interface,A:68:,THR,68,A,10,4,11.173497743457068,0.4,0.309724,0.13326000000000002,0.9878723928735557,A:64:;A:65:;A:66:;A:67:;A:68:;A:69:;A:70:;A:71:;A:72:;A:95:,A:64:;A:67:;A:72:;A:95:
bsa_silica,calcium_phosphate,66,5,alternative interface,A:218:,LEU,218,A,4,2,9.949893111157,0.5,0.18114,0.12367,0.9835294394943972,A:215:;A:217:;A:218:;A:221:,A:217:;A:221:
bsa_silica,calcium_phosphate,67,5,alternative interface,A:332:,GLU,332,A,6,3,12.794786174864539,0.5,0.16946499999999998,0.09944000000000001,0.9838985543631857,A:304:;A:328:;A:330:;A:332:;A:335:;A:336:,A:332:;A:335:;A:336:
bsa_silica,calcium_phosphate,68,6,alternative interface,A:478:,GLU,478,A,6,2,11.028797356334271,0.3333333333333333,0.4005183333333333,0.28483,0.9786223877621126,A:474:;A:476:;A:477:;A:478:;A:479:;A:480:,A:474:;A:478:
bsa_silica,calcium_phosphate,69,6,alternative interface,A:73:,GLU,73,A,9,3,13.468721259652618,0.3333333333333333,0.25256,0.27199,0.9840949440382393,A:42:;A:69:;A:70:;A:71:;A:72:;A:73:;A:75:;A:76:;A:77:,A:72:;A:73:;A:76:
bsa_silica,calcium_phosphate,70,6,alternative interface,A:462:,LEU,462,A,10,5,13.166343418398597,0.5,0.274035,0.27081,0.9212511686508851,A:108:;A:109:;A:421:;A:458:;A:460:;A:462:;A:463:;A:464:;A:465:;A:466:,A:108:;A:458:;A:463:;A:464:;A:465:
bsa_silica,calcium_phosphate,71,6,alternative interface,A:427:,ARG,427,A,8,3,12.677196927964037,0.375,0.21910125,0.17584,0.9546811800262365,A:406:;A:423:;A:424:;A:425:;A:427:;A:428:;A:429:;A:431:,A:424:;A:427:;A:431:
bsa_silica,calcium_phosphate,72,6,alternative interface,A:526:,THR,526,A,10,3,12.199656632465384,0.3,0.280145,0.17221,0.9818916678877939,A:419:;A:420:;A:423:;A:522:;A:523:;A:524:;A:526:;A:527:;A:528:;A:530:,A:523:;A:524:;A:530:
bsa_silica,calcium_phosphate,73,6,alternative interface,A:163:,VAL,163,A,9,3,12.844751114064417,0.3333333333333333,0.39579666666666663,0.17045000000000002,0.9831317867856382,A:159:;A:160:;A:161:;A:162:;A:163:;A:165:;A:166:;A:180:;A:181:,A:159:;A:166:;A:180:
bsa_silica,calcium_phosphate,74,7,alternative interface,A:139:,TYR,139,A,9,3,12.050643514273531,0.3333333333333333,0.19000222222222224,0.22657,0.9764530959129065,A:135:;A:136:;A:137:;A:139:;A:140:;A:141:;A:143:;A:24:;A:36:,A:136:;A:140:;A:143:
bsa_silica,calcium_phosphate,75,7,alternative interface,A:432:,VAL,432,A,10,2,14.278766907239108,0.2,0.249201,0.19774999999999998,0.9354662859787345,A:428:;A:429:;A:431:;A:432:;A:434:;A:435:;A:437:;A:448:;A:451:;A:452:,A:431:;A:435:
bsa_silica,calcium_phosphate,76,7,alternative interface,A:201:,SER,201,A,12,3,12.595391286548251,0.25,0.2991625,0.18924,0.9567870340433731,A:197:;A:198:;A:200:;A:201:;A:202:;A:203:;A:204:;A:205:;A:206:;A:207:;A:209:;A:480:,A:198:;A:204:;A:207:
bsa_silica,calcium_phosphate,77,7,alternative interface,A:194:,ARG,194,A,7,2,12.73375205352179,0.2857142857142857,0.20473285714285713,0.1477,0.43073269590741925,A:190:;A:191:;A:192:;A:194:;A:197:;A:198:;A:454:,A:194:;A:198:
bsa_silica,calcium_phosphate,78,7,alternative interface,A:453:,SER,453,A,9,3,12.825859489489844,0.3333333333333333,0.20497333333333334,0.12632,0.9220030225325144,A:343:;A:450:;A:451:;A:452:;A:453:;A:454:;A:455:;A:483:;A:484:,A:450:;A:483:;A:484:
bsa_silica,calcium_phosphate,79,7,alternative interface,A:156:,TYR,156,A,7,2,12.686158572111584,0.2857142857142857,0.21738285714285716,0.12321,0.9725519953296462,A:152:;A:155:;A:156:;A:158:;A:159:;A:160:;A:188:,A:152:;A:159:
bsa_silica,calcium_phosphate,80,7,alternative interface,A:402:,PHE,402,A,11,1,12.10824872560484,0.09090909090909091,0.31739363636363643,0.11132,0.9784812258004648,A:393:;A:394:;A:397:;A:398:;A:399:;A:400:;A:401:;A:402:;A:404:;A:405:;A:406:,A:399:
bsa_silica,calcium_phosphate,81,7,alternative interface,A:482:,ASN,482,A,9,3,12.66969445321429,0.3333333333333333,0.20087666666666665,0.05949,0.960595110030741,A:347:;A:479:;A:480:;A:481:;A:482:;A:483:;A:484:;A:485:;A:486:,A:347:;A:483:;A:484:
bsa_silica,calcium_phosphate,82,8,alternative interface,A:196:,ARG,196,A,6,2,12.200820169754202,0.3333333333333333,0.1648333333333333,0.19911,0.7005817907222066,A:147:;A:192:;A:196:;A:197:;A:198:;A:200:,A:196:;A:198:
bsa_silica,calcium_phosphate,83,8,alternative interface,A:213:,TRP,213,A,8,2,12.641734321293058,0.25,0.29853874999999996,0.18069,0.9492471057843395,A:209:;A:211:;A:212:;A:213:;A:215:;A:217:;A:342:;A:346:,A:211:;A:217:
bsa_silica,calcium_phosphate,84,8,alternative interface,A:344:,VAL,344,A,8,1,13.943574376586714,0.125,0.16380875,0.030539999999999998,0.9676512177496188,A:340:;A:342:;A:343:;A:344:;A:346:;A:347:;A:380:;A:481:,A:347:
bsa_silica,calcium_phosphate,85,9,alternative interface,A:149:,TYR,149,A,6,1,11.956278355670387,0.16666666666666666,0.1283,0.02579,0.8799417031429956,A:147:;A:149:;A:151:;A:152:;A:191:;A:192:,A:152:
bsa_silica,metal_coord,1,1,primary plausible interface,A:365:,PRO,365,A,10,6,12.273633151942063,0.6,0.4518,0.86803,0.9931781418947878,A:315:;A:360:;A:361:;A:362:;A:363:;A:364:;A:365:;A:366:;A:367:;A:368:,A:315:;A:360:;A:363:;A:364:;A:366:;A:368:
bsa_silica,metal_coord,2,1,primary plausible interface,A:311:,ASP,311,A,6,4,11.127895095193637,0.6666666666666666,0.6344949999999999,0.82781,0.9948899167406748,A:306:;A:307:;A:310:;A:311:;A:312:;A:313:,A:307:;A:310:;A:311:;A:313:
bsa_silica,metal_coord,3,1,primary plausible interface,A:562:,ASP,562,A,7,4,9.161442897163914,0.5714285714285714,0.5449371428571429,0.70284,0.9962357173658647,A:560:;A:561:;A:562:;A:563:;A:564:;A:565:;A:566:,A:561:;A:562:;A:564:;A:566:
bsa_silica,metal_coord,4,1,primary plausible interface,A:355:,THR,355,A,6,4,10.974031339359797,0.6666666666666666,0.42980833333333335,0.52591,0.9955849984990995,A:351:;A:353:;A:354:;A:355:;A:357:;A:358:,A:351:;A:353:;A:357:;A:358:
bsa_silica,metal_coord,5,1,primary plausible interface,A:2:,THR,2,A,4,2,9.069559466806224,0.5,0.8514375000000001,0.50688,0.9966222961234753,A:1:;A:2:;A:3:;A:4:,A:1:;A:3:
bsa_silica,metal_coord,6,1,primary plausible interface,A:248:,ASP,248,A,4,4,10.45523129590602,1.0,0.2337475,0.31818,0.9814539193469435,A:243:;A:246:;A:248:;A:251:,A:243:;A:246:;A:248:;A:251:
bsa_silica,metal_coord,7,1,primary plausible interface,A:61:,GLY,61,A,5,2,10.943002683893203,0.4,0.545184,0.27597,0.9967429769962908,A:59:;A:60:;A:61:;A:63:;A:64:,A:59:;A:63:
bsa_silica,metal_coord,8,1,primary plausible interface,A:299:,GLU,299,A,5,1,8.83299058656093,0.2,0.520548,0.22571000000000002,0.9970998051724376,A:297:;A:298:;A:299:;A:300:;A:301:,A:299:
bsa_silica,metal_coord,9,2,alternative interface,A:379:,LEU,379,A,7,3,11.489006574533194,0.42857142857142855,0.5616657142857143,0.7970999999999999,0.9904407053669584,A:375:;A:377:;A:378:;A:379:;A:380:;A:381:;A:382:,A:378:;A:381:;A:382:
bsa_silica,metal_coord,10,2,alternative interface,A:544:,LYS,544,A,9,4,12.359701377014032,0.4444444444444444,0.52296,0.78034,0.9922429278273192,A:540:;A:541:;A:542:;A:543:;A:544:;A:545:;A:546:;A:547:;A:548:,A:540:;A:541:;A:547:;A:548:
bsa_silica,metal_coord,11,2,alternative interface,A:170:,ALA,170,A,8,5,11.901593159328774,0.625,0.5501225,0.71589,0.9919990776061827,A:166:;A:168:;A:169:;A:170:;A:171:;A:172:;A:173:;A:176:,A:166:;A:168:;A:171:;A:172:;A:176:
bsa_silica,metal_coord,12,2,alternative interface,A:89:,ASP,89,A,6,4,12.453911596441197,0.6666666666666666,0.5286716666666667,0.6733199999999999,0.988576361756093,A:86:;A:88:;A:89:;A:91:;A:92:;A:93:,A:86:;A:89:;A:91:;A:92:
bsa_silica,metal_coord,13,2,alternative interface,A:510:,ALA,510,A,8,4,12.701720588881662,0.5,0.4682299999999999,0.60811,0.9926573601725727,A:508:;A:509:;A:510:;A:511:;A:514:;A:558:;A:563:;A:564:,A:509:;A:511:;A:558:;A:564:
bsa_silica,metal_coord,14,2,alternative interface,A:57:,GLU,57,A,9,4,14.163874855791686,0.4444444444444444,0.5884377777777777,0.59811,0.9904790220096217,A:4:;A:52:;A:54:;A:55:;A:56:;A:57:;A:58:;A:59:;A:63:,A:56:;A:57:;A:59:;A:63:
bsa_silica,metal_coord,15,2,alternative interface,A:85:,GLY,85,A,7,2,9.724519074366848,0.2857142857142857,0.5584171428571428,0.59284,0.990733980558529,A:81:;A:82:;A:83:;A:84:;A:85:;A:86:;A:88:,A:82:;A:86:
bsa_silica,metal_coord,16,2,alternative interface,A:279:,ASP,279,A,6,2,13.35871569886009,0.3333333333333333,0.60071,0.5757800000000001,0.985818489447251,A:275:;A:276:;A:279:;A:280:;A:281:;A:285:,A:276:;A:279:
bsa_silica,metal_coord,17,2,alternative interface,A:539:,THR,539,A,6,2,11.621716291025189,0.3333333333333333,0.5785916666666667,0.47224,0.9922132171244696,A:537:;A:539:;A:540:;A:541:;A:542:;A:543:,A:540:;A:541:
bsa_silica,metal_coord,18,2,alternative interface,A:370:,SER,370,A,7,3,12.960314956055845,0.42857142857142855,0.4439685714285714,0.4543,0.9933121234020905,A:310:;A:366:;A:367:;A:368:;A:370:;A:371:;A:373:,A:310:;A:366:;A:368:
bsa_silica,metal_coord,19,2,alternative interface,A:132:,LYS,132,A,8,2,10.806001537910698,0.25,0.41174125,0.43432000000000004,0.9940758019108901,A:129:;A:130:;A:131:;A:132:;A:133:;A:134:;A:135:;A:136:,A:129:;A:130:
bsa_silica,metal_coord,20,2,alternative interface,A:175:,ALA,175,A,7,2,12.377787146550084,0.2857142857142857,0.4687314285714286,0.4211,0.9957009637737245,A:172:;A:173:;A:174:;A:175:;A:176:;A:178:;A:179:,A:172:;A:176:
bsa_silica,metal_coord,21,2,alternative interface,A:516:,PRO,516,A,7,2,11.221240828600932,0.2857142857142857,0.5876871428571429,0.40713,0.9945436112523437,A:514:;A:515:;A:516:;A:517:;A:518:;A:519:;A:520:,A:517:;A:519:
bsa_silica,metal_coord,22,2,alternative interface,A:317:,ASN,317,A,9,3,13.275620878810027,0.3333333333333333,0.49467777777777777,0.40392000000000006,0.9941997231195248,A:313:;A:315:;A:316:;A:317:;A:319:;A:320:;A:321:;A:322:;A:325:,A:313:;A:315:;A:320:
bsa_silica,metal_coord,23,2,alternative interface,A:556:,LYS,556,A,7,2,12.70198457249763,0.2857142857142857,0.49857428571428575,0.30416,0.9951196589609491,A:552:;A:554:;A:555:;A:556:;A:558:;A:559:;A:560:,A:555:;A:558:
bsa_silica,metal_coord,24,2,alternative interface,A:374:,ASP,374,A,6,2,11.966389008051493,0.3333333333333333,0.5989066666666666,0.3006,0.994024271368917,A:371:;A:373:;A:374:;A:375:;A:377:;A:378:,A:374:;A:378:
bsa_silica,metal_coord,25,2,alternative interface,A:568:,ALA,568,A,9,4,13.08796086373706,0.4444444444444444,0.49519666666666673,0.18684,0.9939398497747317,A:509:;A:564:;A:565:;A:566:;A:568:;A:569:;A:570:;A:571:;A:572:,A:509:;A:564:;A:566:;A:570:
bsa_silica,metal_coord,26,3,alternative interface,A:126:,PHE,126,A,10,4,12.750677798825885,0.4,0.46038199999999996,0.6986,0.9888275462741706,A:122:;A:124:;A:125:;A:126:;A:127:;A:128:;A:129:;A:130:;A:133:;A:161:,A:124:;A:125:;A:129:;A:130:
bsa_silica,metal_coord,27,3,alternative interface,A:98:,ARG,98,A,12,6,12.579715399658157,0.5,0.41609749999999995,0.66927,0.9882677992978165,A:100:;A:101:;A:71:;A:91:;A:92:;A:93:;A:94:;A:95:;A:96:;A:97:;A:98:;A:99:,A:100:;A:101:;A:91:;A:92:;A:95:;A:97:
bsa_silica,metal_coord,28,3,alternative interface,A:443:,GLU,443,A,10,5,13.38603986859604,0.5,0.4633920000000001,0.57679,0.9812882912757178,A:339:;A:439:;A:440:;A:441:;A:442:;A:443:;A:444:;A:445:;A:446:;A:447:,A:339:;A:441:;A:443:;A:445:;A:447:
bsa_silica,metal_coord,29,3,alternative interface,A:120:,ASN,120,A,8,2,12.636222832734326,0.25,0.50403,0.52278,0.9877729247220985,A:118:;A:119:;A:120:;A:121:;A:122:;A:124:;A:173:;A:174:,A:118:;A:124:
bsa_silica,metal_coord,30,3,alternative interface,A:550:,PHE,550,A,9,2,12.336565926226651,0.2222222222222222,0.4197177777777778,0.46086,0.9917909738359292,A:546:;A:547:;A:548:;A:549:;A:550:;A:551:;A:552:;A:554:;A:574:,A:547:;A:548:
bsa_silica,metal_coord,31,3,alternative interface,A:266:,ASN,266,A,8,3,11.900680513104046,0.375,0.42756125,0.44545,0.9904955174292712,A:262:;A:263:;A:264:;A:265:;A:266:;A:267:;A:268:;A:269:,A:264:;A:265:;A:268:
bsa_silica,metal_coord,32,3,alternative interface,A:255:,ASP,255,A,9,5,12.238712836587016,0.5555555555555556,0.27455999999999997,0.41857999999999995,0.975002532737788,A:236:;A:251:;A:253:;A:254:;A:255:;A:256:;A:257:;A:258:;A:259:,A:236:;A:251:;A:254:;A:255:;A:258:
bsa_silica,metal_coord,33,3,alternative interface,A:502:,ASP,502,A,7,2,12.862409885828006,0.2857142857142857,0.5435885714285714,0.41436999999999996,0.990707179143052,A:500:;A:501:;A:502:;A:503:;A:504:;A:505:;A:506:,A:502:;A:503:
bsa_silica,metal_coord,34,3,alternative interface,A:35:,PRO,35,A,6,3,11.942927366367982,0.5,0.4858983333333333,0.41235999999999995,0.9881842977077803,A:33:;A:34:;A:35:;A:36:;A:37:;A:38:,A:34:;A:37:;A:38:
bsa_silica,metal_coord,35,3,alternative interface,A:46:,LEU,46,A,7,2,10.957105513213213,0.2857142857142857,0.36520571428571424,0.40013,0.9939540527863697,A:42:;A:43:;A:44:;A:45:;A:46:;A:48:;A:49:,A:45:;A:48:
bsa_silica,metal_coord,36,3,alternative interface,A:183:,THR,183,A,9,3,12.768147816072482,0.3333333333333333,0.4855855555555555,0.3371,0.988491457959099,A:179:;A:180:;A:181:;A:182:;A:183:;A:184:;A:185:;A:186:;A:187:,A:182:;A:184:;A:186:
bsa_silica,metal_coord,37,3,alternative interface,A:227:,PHE,227,A,6,2,11.932865143392982,0.3333333333333333,0.5155116666666667,0.33332,0.9876590364967436,A:226:;A:227:;A:228:;A:229:;A:231:;A:328:,A:226:;A:229:
bsa_silica,metal_coord,38,3,alternative interface,A:305:,THR,305,A,7,2,12.149285929393574,0.2857142857142857,0.5010957142857143,0.32069000000000003,0.9913697030929345,A:303:;A:304:;A:305:;A:306:;A:307:;A:310:;A:373:,A:307:;A:310:
bsa_silica,metal_coord,39,3,alternative interface,A:51:,LYS,51,A,7,1,11.322034332297504,0.14285714285714285,0.49019571428571423,0.2965,0.9935273806785633,A:11:;A:48:;A:49:;A:51:;A:52:;A:54:;A:55:,A:48:
bsa_silica,metal_coord,40,3,alternative interface,A:573:,LYS,573,A,9,1,13.455112098912593,0.1111111111111111,0.48879666666666666,0.10023,0.994412426298051,A:569:;A:570:;A:571:;A:572:;A:573:;A:574:;A:575:;A:576:;A:577:,A:570:
bsa_silica,metal_coord,41,3,alternative interface,A:232:,LYS,232,A,6,2,12.593064505628291,0.3333333333333333,0.552145,0.08678000000000001,0.9876081384971178,A:228:;A:229:;A:231:;A:232:;A:235:;A:236:,A:229:;A:236:
bsa_silica,metal_coord,42,4,alternative interface,A:288:,CYS,288,A,9,4,11.76596507549958,0.4444444444444444,0.28127222222222215,0.56777,0.9778464736842635,A:284:;A:285:;A:286:;A:287:;A:288:;A:289:;A:290:;A:291:;A:292:,A:284:;A:287:;A:288:;A:291:
bsa_silica,metal_coord,43,4,alternative interface,A:40:,VAL,40,A,9,2,12.567114782423133,0.2222222222222222,0.4016544444444445,0.51258,0.987050592637539,A:24:;A:36:;A:37:;A:38:;A:40:;A:41:;A:42:;A:43:;A:44:,A:37:;A:38:
bsa_silica,metal_coord,44,4,alternative interface,A:110:,PRO,110,A,8,3,10.949278106194097,0.375,0.32935375,0.48225,0.9569902345311496,A:107:;A:108:;A:109:;A:110:;A:111:;A:112:;A:144:;A:32:,A:107:;A:108:;A:111:
bsa_silica,metal_coord,45,4,alternative interface,A:394:,PHE,394,A,13,5,14.992492946107319,0.38461538461538464,0.4053869230769231,0.47508,0.977772222916218,A:390:;A:391:;A:392:;A:393:;A:394:;A:395:;A:396:;A:397:;A:398:;A:399:;A:401:;A:402:;A:437:,A:391:;A:392:;A:395:;A:399:;A:437:
bsa_silica,metal_coord,46,4,alternative interface,A:15:,GLY,15,A,9,4,11.963561750291086,0.4444444444444444,0.37276666666666675,0.44415999999999994,0.988031486341598,A:10:;A:11:;A:12:;A:13:;A:14:;A:15:;A:16:;A:17:;A:18:,A:13:;A:16:;A:17:;A:18:
bsa_silica,metal_coord,47,4,alternative interface,A:383:,PRO,383,A,9,3,12.46995473292228,0.3333333333333333,0.40179,0.42009,0.9804308619904863,A:380:;A:381:;A:382:;A:383:;A:384:;A:385:;A:386:;A:387:;A:445:,A:381:;A:382:;A:445:
bsa_silica,metal_coord,48,4,alternative interface,A:473:,THR,473,A,10,5,11.990735393162211,0.5,0.39685800000000004,0.3711,0.9645981484895796,A:460:;A:463:;A:464:;A:467:;A:470:;A:471:;A:473:;A:474:;A:476:;A:477:,A:460:;A:463:;A:464:;A:470:;A:476:
bsa_silica,metal_coord,49,4,alternative interface,A:6:,GLU,6,A,8,3,13.286397205246395,0.375,0.46913874999999994,0.36719,0.9869155574464239,A:10:;A:4:;A:63:;A:64:;A:65:;A:66:;A:6:;A:9:,A:63:;A:6:;A:9:
bsa_silica,metal_coord,50,4,alternative interface,A:103:,LEU,103,A,8,4,12.76003108520618,0.5,0.29863874999999995,0.36711,0.9646165180818584,A:100:;A:101:;A:103:;A:104:;A:105:;A:246:;A:30:;A:99:,A:100:;A:101:;A:105:;A:246:
bsa_silica,metal_coord,51,4,alternative interface,A:493:,ASP,493,A,8,2,11.769925718673374,0.25,0.48714124999999997,0.33832999999999996,0.9898885394217873,A:412:;A:413:;A:491:;A:492:;A:493:;A:494:;A:495:;A:496:,A:493:;A:494:
bsa_silica,metal_coord,52,4,alternative interface,A:293:,GLU,293,A,7,3,12.693980746062591,0.42857142857142855,0.38038,0.33771,0.9850027651472829,A:221:;A:273:;A:291:;A:292:;A:293:;A:294:;A:295:,A:291:;A:293:;A:295:
bsa_silica,metal_coord,53,4,alternative interface,A:72:,ASP,72,A,8,3,12.446617411209605,0.375,0.26842625,0.32615,0.989331700057302,A:68:;A:69:;A:70:;A:71:;A:72:;A:73:;A:75:;A:76:,A:72:;A:73:;A:75:
bsa_silica,metal_coord,54,4,alternative interface,A:261:,LYS,261,A,8,3,12.234963504950256,0.375,0.38348625000000003,0.29721,0.9878793355432401,A:257:;A:258:;A:259:;A:261:;A:262:;A:263:;A:264:;A:265:,A:258:;A:264:;A:265:
bsa_silica,metal_coord,55,4,alternative interface,A:324:,ALA,324,A,8,1,10.336685093268436,0.125,0.39975875000000005,0.25566,0.9924109088743215,A:321:;A:322:;A:323:;A:324:;A:325:;A:326:;A:327:;A:328:,A:323:
bsa_silica,metal_coord,56,4,alternative interface,A:79:,SER,79,A,7,1,11.039044364462049,0.14285714285714285,0.5220142857142858,0.19713999999999998,0.9899471067468435,A:77:;A:78:;A:79:;A:81:;A:82:;A:83:;A:84:,A:82:
bsa_silica,metal_coord,57,4,alternative interface,A:350:,LYS,350,A,7,2,12.371913180080083,0.2857142857142857,0.3117742857142857,0.15788,0.9916924760712721,A:346:;A:347:;A:349:;A:350:;A:351:;A:353:;A:354:,A:351:;A:353:
bsa_silica,metal_coord,58,4,alternative interface,A:499:,LYS,499,A,8,1,12.02594268753364,0.125,0.44255875,0.08574,0.9916158744237473,A:497:;A:498:;A:499:;A:500:;A:501:;A:533:;A:534:;A:535:,A:534:
bsa_silica,metal_coord,59,5,alternative interface,A:340:,TYR,340,A,7,2,11.447036120019884,0.2857142857142857,0.24670714285714282,0.34058999999999995,0.9754061971912857,A:337:;A:338:;A:339:;A:340:;A:342:;A:344:;A:446:,A:337:;A:339:
bsa_silica,metal_coord,60,5,alternative interface,A:20:,LYS,20,A,8,3,12.760705116085605,0.375,0.3020325,0.33305,0.9842978139545075,A:16:;A:17:;A:18:;A:20:;A:21:;A:24:;A:43:;A:44:,A:16:;A:17:;A:18:
bsa_silica,metal_coord,61,5,alternative interface,A:479:,SER,479,A,8,2,10.296472660951652,0.25,0.32703249999999995,0.29211,0.9654470315726664,A:476:;A:477:;A:478:;A:479:;A:480:;A:481:;A:482:;A:483:,A:476:;A:478:
bsa_silica,metal_coord,62,5,alternative interface,A:522:,ILE,522,A,9,1,12.63904362250771,0.1111111111111111,0.41152333333333335,0.26603,0.9796631341924676,A:423:;A:518:;A:519:;A:520:;A:521:;A:522:;A:523:;A:524:;A:526:,A:519:
bsa_silica,metal_coord,63,5,alternative interface,A:224:,LYS,224,A,8,2,14.716077974226609,0.25,0.44314625,0.24041,0.9800876196272053,A:224:;A:226:;A:269:;A:295:;A:296:;A:297:;A:298:;A:335:,A:226:;A:295:
bsa_silica,metal_coord,64,5,alternative interface,A:163:,VAL,163,A,9,1,12.844751114064417,0.1111111111111111,0.39579666666666663,0.22568000000000002,0.9831317867856382,A:159:;A:160:;A:161:;A:162:;A:163:;A:165:;A:166:;A:180:;A:181:,A:166:
bsa_silica,metal_coord,65,5,alternative interface,A:239:,LYS,239,A,6,2,12.428797136673962,0.3333333333333333,0.41779833333333327,0.21895,0.9703883510173854,A:235:;A:236:;A:237:;A:239:;A:242:;A:243:,A:236:;A:243:
bsa_silica,metal_coord,66,5,alternative interface,A:389:,GLN,389,A,9,2,12.83700186444285,0.2222222222222222,0.48188555555555557,0.21775,0.9844826064173017,A:385:;A:386:;A:387:;A:388:;A:389:;A:390:;A:391:;A:392:;A:393:,A:391:;A:392:
bsa_silica,metal_coord,67,5,alternative interface,A:282:,LEU,282,A,8,1,12.302541416018222,0.125,0.3253975,0.18128,0.98512730178614,A:257:;A:280:;A:281:;A:282:;A:283:;A:284:;A:285:;A:286:,A:284:
bsa_silica,metal_coord,68,5,alternative interface,A:462:,LEU,462,A,10,4,13.166343418398597,0.4,0.274035,0.16881000000000002,0.9212511686508851,A:108:;A:109:;A:421:;A:458:;A:460:;A:462:;A:463:;A:464:;A:465:;A:466:,A:108:;A:460:;A:463:;A:464:
bsa_silica,metal_coord,69,5,alternative interface,A:117:,PRO,117,A,6,1,11.904456241874833,0.16666666666666666,0.4823366666666667,0.14461000000000002,0.9883159549616615,A:115:;A:116:;A:117:;A:118:;A:119:;A:122:,A:118:
bsa_silica,metal_coord,70,5,alternative interface,A:336:,ARG,336,A,6,2,11.258703507987494,0.3333333333333333,0.21588833333333335,0.08952,0.9877997637749073,A:297:;A:332:;A:335:;A:336:;A:337:;A:338:,A:332:;A:337:
bsa_silica,metal_coord,71,6,alternative interface,A:448:,THR,448,A,10,3,13.21253835779515,0.3,0.178368,0.2336,0.9680836588180334,A:387:;A:432:;A:444:;A:445:;A:446:;A:447:;A:448:;A:450:;A:451:;A:452:,A:445:;A:447:;A:450:
bsa_silica,metal_coord,72,6,alternative interface,A:208:,ARG,208,A,8,1,11.055780642023876,0.125,0.4306,0.22697,0.9666587836276979,A:202:;A:205:;A:206:;A:207:;A:208:;A:209:;A:211:;A:212:,A:207:
bsa_silica,metal_coord,73,6,alternative interface,A:143:,ARG,143,A,8,2,12.686487171016157,0.25,0.215335,0.17538,0.972746283446867,A:139:;A:140:;A:141:;A:143:;A:144:;A:145:;A:32:;A:33:,A:140:;A:145:
bsa_silica,metal_coord,74,6,alternative interface,A:67:,HIS,67,A,10,2,11.911832772926235,0.2,0.28532900000000005,0.12148999999999999,0.983568635810632,A:65:;A:66:;A:67:;A:68:;A:69:;A:70:;A:71:;A:95:;A:96:;A:99:,A:67:;A:95:
bsa_silica,metal_coord,75,6,alternative interface,A:486:,CYS,486,A,8,1,12.731227616581423,0.125,0.29879374999999997,0.10007999999999999,0.9808056907794509,A:482:;A:483:;A:484:;A:485:;A:486:;A:488:;A:489:;A:490:,A:486:
bsa_silica,metal_coord,76,6,alternative interface,A:400:,TYR,400,A,7,1,10.309828354229087,0.14285714285714285,0.3923371428571429,0.09853999999999999,0.9881706972998271,A:397:;A:398:;A:399:;A:400:;A:401:;A:402:;A:404:,A:399:
bsa_silica,metal_coord,77,6,alternative interface,A:531:,LEU,531,A,8,2,13.262753130321789,0.25,0.1649,0.08796,0.987587889954819,A:527:;A:528:;A:530:;A:531:;A:533:;A:534:;A:535:;A:536:,A:530:;A:534:
bsa_silica,metal_coord,78,6,alternative interface,A:137:,TYR,137,A,8,1,12.729019921473697,0.125,0.19009375,0.05158,0.9883132152508656,A:133:;A:134:;A:135:;A:136:;A:137:;A:139:;A:140:;A:141:,A:140:
bsa_silica,metal_coord,79,6,alternative interface,A:155:,TYR,155,A,9,3,12.718611565925569,0.3333333333333333,0.23807,0.03415,0.9643172744771457,A:151:;A:152:;A:155:;A:156:;A:158:;A:159:;A:283:;A:284:;A:287:,A:152:;A:284:;A:287:
bsa_silica,metal_coord,80,6,alternative interface,A:438:,THR,438,A,7,1,12.780307897522196,0.14285714285714285,0.4247671428571428,0.022709999999999998,0.9799675199873692,A:434:;A:435:;A:437:;A:438:;A:439:;A:440:;A:444:,A:437:
bsa_silica,metal_coord,81,7,alternative interface,A:189:,LEU,189,A,9,1,12.421201310554936,0.1111111111111111,0.3685,0.22552,0.9332968810702392,A:185:;A:186:;A:187:;A:188:;A:189:;A:190:;A:191:;A:192:;A:193:,A:186:
bsa_silica,metal_coord,82,7,alternative interface,A:427:,ARG,427,A,8,1,12.677196927964037,0.125,0.21910125,0.19057,0.9546811800262365,A:406:;A:423:;A:424:;A:425:;A:427:;A:428:;A:429:;A:431:,A:424:
bsa_silica,metal_coord,83,7,alternative interface,A:147:,TYR,147,A,5,1,9.296463828125114,0.2,0.17053,0.09821999999999999,0.8159220453028048,A:145:;A:147:;A:149:;A:192:;A:196:,A:145:
bsa_silica,metal_coord,84,7,alternative interface,A:330:,LEU,330,A,9,1,12.839409809625504,0.1111111111111111,0.2129166666666667,0.061669999999999996,0.9812061527704283,A:212:;A:215:;A:326:;A:327:;A:328:;A:330:;A:332:;A:346:;A:349:,A:332:
bsa_silica,metal_coord,85,8,alternative interface,A:453:,SER,453,A,9,1,12.825859489489844,0.1111111111111111,0.20497333333333334,0.11180999999999999,0.9220030225325144,A:343:;A:450:;A:451:;A:452:;A:453:;A:454:;A:455:;A:483:;A:484:,A:450:
bsa_silica,soft_metal_sulfur,1,1,primary plausible interface,A:544:,LYS,544,A,9,1,12.359701377014032,0.1111111111111111,0.52296,0.91905,0.9922429278273192,A:540:;A:541:;A:542:;A:543:;A:544:;A:545:;A:546:;A:547:;A:548:,A:547:
bsa_silica,soft_metal_sulfur,2,1,primary plausible interface,A:549:,ASN,549,A,9,1,11.485818814313594,0.1111111111111111,0.4632677777777778,0.91905,0.992601734192338,A:545:;A:546:;A:547:;A:548:;A:549:;A:550:;A:551:;A:552:;A:574:,A:547:
bsa_silica,soft_metal_sulfur,3,1,primary plausible interface,A:173:,LYS,173,A,11,2,12.192695282993661,0.18181818181818182,0.5159163636363636,0.90711,0.9879218123003699,A:119:;A:120:;A:168:;A:169:;A:170:;A:171:;A:172:;A:173:;A:174:;A:175:;A:176:,A:168:;A:176:
bsa_silica,soft_metal_sulfur,4,1,primary plausible interface,A:483:,ARG,483,A,10,2,11.760598309242667,0.2,0.217246,0.65523,0.9551555156354273,A:453:;A:476:;A:479:;A:480:;A:481:;A:482:;A:483:;A:484:;A:485:;A:486:,A:476:;A:486:
bsa_silica,soft_metal_sulfur,5,1,primary plausible interface,A:75:,CYS,75,A,8,2,12.186774403807162,0.25,0.24766624999999998,0.64632,0.9849077849656683,A:71:;A:72:;A:73:;A:75:;A:76:;A:77:;A:88:;A:91:,A:75:;A:91:
bsa_silica,soft_metal_sulfur,6,1,primary plausible interface,A:360:,CYS,360,A,8,2,12.656886969186372,0.25,0.47404625,0.61312,0.9954435950513139,A:315:;A:357:;A:358:;A:360:;A:361:;A:362:;A:363:;A:365:,A:315:;A:360:
bsa_silica,soft_metal_sulfur,7,1,primary plausible interface,A:556:,LYS,556,A,7,1,12.70198457249763,0.14285714285714285,0.49857428571428575,0.57633,0.9951196589609491,A:552:;A:554:;A:555:;A:556:;A:558:;A:559:;A:560:,A:558:
bsa_silica,soft_metal_sulfur,8,1,primary plausible interface,A:313:,ASP,313,A,6,1,9.865155207705905,0.16666666666666666,0.5202883333333334,0.42692,0.9948895257425804,A:311:;A:312:;A:313:;A:315:;A:316:;A:317:,A:315:
bsa_silica,soft_metal_sulfur,9,1,primary plausible interface,A:460:,CYS,460,A,7,2,12.768946536512324,0.2857142857142857,0.22131857142857142,0.39781,0.9562817114114947,A:458:;A:460:;A:462:;A:463:;A:464:;A:473:;A:476:,A:460:;A:476:
bsa_silica,soft_metal_sulfur,10,1,primary plausible interface,A:89:,ASP,89,A,6,1,12.453911596441197,0.16666666666666666,0.5286716666666667,0.30011,0.988576361756093,A:86:;A:88:;A:89:;A:91:;A:92:;A:93:,A:91:
bsa_silica,soft_metal_sulfur,11,1,primary plausible interface,A:563:,LYS,563,A,10,2,11.769438913490816,0.2,0.497257,0.23166,0.9950731992805218,A:510:;A:558:;A:559:;A:560:;A:561:;A:562:;A:563:;A:564:;A:565:;A:566:,A:558:;A:566:
bsa_silica,soft_metal_sulfur,12,2,alternative interface,A:488:,SER,488,A,6,1,10.253207233440879,0.16666666666666666,0.29872499999999996,0.60219,0.9889077013858633,A:484:;A:485:;A:486:;A:488:;A:489:;A:490:,A:486:
bsa_silica,soft_metal_sulfur,13,2,alternative interface,A:444:,ARG,444,A,13,3,12.921666351908133,0.23076923076923078,0.39782923076923077,0.51369,0.9763766284017096,A:387:;A:437:;A:438:;A:439:;A:440:;A:441:;A:442:;A:443:;A:444:;A:445:;A:446:;A:447:;A:448:,A:437:;A:445:;A:447:
bsa_silica,soft_metal_sulfur,14,2,alternative interface,A:366:,HIS,366,A,8,1,12.813526571396823,0.125,0.51621875,0.41165,0.9927677712188651,A:310:;A:312:;A:364:;A:365:;A:366:;A:367:;A:368:;A:370:,A:368:
bsa_silica,soft_metal_sulfur,15,2,alternative interface,A:98:,ARG,98,A,12,2,12.579715399658157,0.16666666666666666,0.41609749999999995,0.37511000000000005,0.9882677992978165,A:100:;A:101:;A:71:;A:91:;A:92:;A:93:;A:94:;A:95:;A:96:;A:97:;A:98:;A:99:,A:101:;A:91:
bsa_silica,soft_metal_sulfur,16,2,alternative interface,A:35:,PRO,35,A,6,1,11.942927366367982,0.16666666666666666,0.4858983333333333,0.36289,0.9881842977077803,A:33:;A:34:;A:35:;A:36:;A:37:;A:38:,A:34:
bsa_silica,soft_metal_sulfur,17,2,alternative interface,A:391:,CYS,391,A,10,2,12.201990862136428,0.2,0.40946899999999997,0.28565,0.9828332041311563,A:387:;A:388:;A:389:;A:390:;A:391:;A:392:;A:393:;A:394:;A:395:;A:437:,A:391:;A:437:
bsa_silica,soft_metal_sulfur,18,2,alternative interface,A:474:,LYS,474,A,7,1,11.642030338527746,0.14285714285714285,0.5222628571428571,0.28425999999999996,0.9791687316440539,A:470:;A:471:;A:473:;A:474:;A:476:;A:477:;A:478:,A:476:
bsa_silica,soft_metal_sulfur,19,2,alternative interface,A:180:,LYS,180,A,9,2,13.076524676794604,0.2222222222222222,0.3799822222222222,0.23312999999999998,0.9879901089369132,A:163:;A:176:;A:178:;A:179:;A:180:;A:181:;A:182:;A:183:;A:184:,A:176:;A:184:
bsa_silica,soft_metal_sulfur,20,2,alternative interface,A:568:,ALA,568,A,9,1,13.08796086373706,0.1111111111111111,0.49519666666666673,0.21289999999999998,0.9939398497747317,A:509:;A:564:;A:565:;A:566:;A:568:;A:569:;A:570:;A:571:;A:572:,A:566:
bsa_silica,soft_metal_sulfur,21,3,alternative interface,A:289:,ILE,289,A,8,1,10.104747696277702,0.125,0.25665375,0.4097,0.9811405950986015,A:285:;A:286:;A:287:;A:288:;A:289:;A:290:;A:291:;A:292:,A:288:
bsa_silica,soft_metal_sulfur,22,3,alternative interface,A:284:,GLU,284,A,10,1,12.003839455772232,0.1,0.28652099999999997,0.37654000000000004,0.9841958530673969,A:155:;A:280:;A:281:;A:282:;A:283:;A:284:;A:285:;A:286:;A:287:;A:288:,A:288:
bsa_silica,soft_metal_sulfur,23,3,alternative interface,A:103:,LEU,103,A,8,1,12.76003108520618,0.125,0.29863874999999995,0.34474,0.9646165180818584,A:100:;A:101:;A:103:;A:104:;A:105:;A:246:;A:30:;A:99:,A:101:
bsa_silica,soft_metal_sulfur,24,3,alternative interface,A:185:,ARG,185,A,9,1,12.096470912088678,0.1111111111111111,0.43177,0.21425999999999998,0.982512540521225,A:181:;A:182:;A:183:;A:184:;A:185:;A:186:;A:187:;A:188:;A:189:,A:184:
bsa_silica,soft_metal_sulfur,25,3,alternative interface,A:266:,ASN,266,A,8,1,11.900680513104046,0.125,0.42756125,0.16387000000000002,0.9904955174292712,A:262:;A:263:;A:264:;A:265:;A:266:;A:267:;A:268:;A:269:,A:264:
bsa_silica,soft_metal_sulfur,26,4,alternative interface,A:32:,GLN,32,A,8,1,12.949715236126346,0.125,0.23949499999999999,0.36289,0.9636918390849708,A:107:;A:110:;A:143:;A:144:;A:30:;A:32:;A:33:;A:34:,A:34:
bsa_silica,soft_metal_sulfur,27,4,alternative interface,A:261:,LYS,261,A,8,1,12.234963504950256,0.125,0.38348625000000003,0.16387000000000002,0.9878793355432401,A:257:;A:258:;A:259:;A:261:;A:262:;A:263:;A:264:;A:265:,A:264:
bsa_silica,soft_metal_sulfur,28,5,alternative interface,A:450:,ASP,450,A,10,1,13.22087048095032,0.1,0.20717800000000003,0.18511,0.9363767898040328,A:342:;A:343:;A:446:;A:447:;A:448:;A:450:;A:451:;A:452:;A:453:;A:454:,A:447:
bsa_silica,phosphate,1,1,primary plausible interface,A:133:,PHE,133,A,12,3,12.60704389568947,0.25,0.358845,0.85063,0.9880137639241521,A:125:;A:126:;A:129:;A:130:;A:131:;A:132:;A:133:;A:134:;A:135:;A:136:;A:137:;A:161:,A:131:;A:132:;A:136:
bsa_silica,phosphate,2,1,primary plausible interface,A:184:,MET,184,A,9,3,12.408461371586284,0.3333333333333333,0.4370733333333334,0.83575,0.9848922941743692,A:180:;A:181:;A:182:;A:183:;A:184:;A:185:;A:186:;A:187:;A:188:,A:180:;A:185:;A:187:
bsa_silica,phosphate,3,1,primary plausible interface,A:273:,LYS,273,A,8,4,13.855445151354068,0.5,0.5031675,0.80354,0.9827104757193906,A:272:;A:273:;A:275:;A:276:;A:292:;A:293:;A:294:;A:295:,A:272:;A:273:;A:275:;A:294:
bsa_silica,phosphate,4,1,primary plausible interface,A:79:,SER,79,A,7,2,11.039044364462049,0.2857142857142857,0.5220142857142858,0.70137,0.9899471067468435,A:77:;A:78:;A:79:;A:81:;A:82:;A:83:;A:84:,A:79:;A:81:
bsa_silica,phosphate,5,1,primary plausible interface,A:115:,LEU,115,A,5,2,11.738607165413928,0.4,0.667016,0.6437900000000001,0.982148724545176,A:113:;A:114:;A:115:;A:116:;A:117:,A:114:;A:116:
bsa_silica,phosphate,6,1,primary plausible interface,A:313:,ASP,313,A,6,2,9.865155207705905,0.3333333333333333,0.5202883333333334,0.56786,0.9948895257425804,A:311:;A:312:;A:313:;A:315:;A:316:;A:317:,A:312:;A:316:
bsa_silica,phosphate,7,1,primary plausible interface,A:536:,PRO,536,A,8,5,10.89553232071641,0.625,0.30421499999999996,0.54462,0.98996771971026,A:412:;A:498:;A:531:;A:533:;A:534:;A:535:;A:536:;A:537:,A:412:;A:533:;A:534:;A:535:;A:537:
bsa_silica,phosphate,8,1,primary plausible interface,A:373:,PHE,373,A,7,3,13.43031296599384,0.42857142857142855,0.5317842857142857,0.5357500000000001,0.9904488791671899,A:305:;A:370:;A:371:;A:373:;A:374:;A:375:;A:377:,A:370:;A:375:;A:377:
bsa_silica,phosphate,9,1,primary plausible interface,A:65:,SER,65,A,8,3,11.47041872240042,0.375,0.41448624999999995,0.49357999999999996,0.9919644284118027,A:63:;A:64:;A:65:;A:66:;A:67:;A:68:;A:69:;A:6:,A:64:;A:65:;A:67:
bsa_silica,phosphate,10,1,primary plausible interface,A:310:,GLU,310,A,8,3,13.030935444303548,0.375,0.57548,0.45616,0.9918203299909837,A:305:;A:306:;A:307:;A:310:;A:311:;A:312:;A:366:;A:370:,A:312:;A:366:;A:370:
bsa_silica,phosphate,11,1,primary plausible interface,A:319:,GLN,319,A,7,2,10.275909788666203,0.2857142857142857,0.5310728571428572,0.44043,0.9955841534327438,A:315:;A:316:;A:317:;A:319:;A:320:;A:321:;A:322:,A:316:;A:322:
bsa_silica,phosphate,12,1,primary plausible interface,A:378:,HIS,378,A,8,3,13.156880277554489,0.375,0.5905787499999999,0.43241999999999997,0.9900633014014357,A:374:;A:375:;A:377:;A:378:;A:379:;A:380:;A:381:;A:382:,A:375:;A:377:;A:378:
bsa_silica,phosphate,13,1,primary plausible interface,A:128:,ALA,128,A,7,1,10.306848698395596,0.14285714285714285,0.5924857142857143,0.41281,0.9936811650441233,A:124:;A:125:;A:126:;A:127:;A:128:;A:129:;A:130:,A:127:
bsa_silica,phosphate,14,1,primary plausible interface,A:56:,ASP,56,A,7,2,9.995426167620092,0.2857142857142857,0.5760928571428571,0.3882,0.9948257399644633,A:52:;A:54:;A:55:;A:56:;A:57:;A:58:;A:59:,A:58:;A:59:
bsa_silica,phosphate,15,1,primary plausible interface,A:4:,LYS,4,A,6,2,12.083129545427704,0.3333333333333333,0.6744749999999998,0.27252,0.9922391905780263,A:2:;A:3:;A:4:;A:57:;A:63:;A:6:,A:3:;A:4:
bsa_silica,phosphate,16,1,primary plausible interface,A:61:,GLY,61,A,5,2,10.943002683893203,0.4,0.545184,0.25842,0.9967429769962908,A:59:;A:60:;A:61:;A:63:;A:64:,A:59:;A:64:
bsa_silica,phosphate,17,1,primary plausible interface,A:499:,LYS,499,A,8,4,12.02594268753364,0.5,0.44255875,0.24509,0.9916158744237473,A:497:;A:498:;A:499:;A:500:;A:501:;A:533:;A:534:;A:535:,A:499:;A:533:;A:534:;A:535:
bsa_silica,phosphate,18,1,primary plausible interface,A:540:,GLU,540,A,6,1,8.451708911824662,0.16666666666666666,0.5611700000000001,0.23864000000000002,0.9958672360336561,A:539:;A:540:;A:541:;A:542:;A:543:;A:544:,A:544:
bsa_silica,phosphate,19,1,primary plausible interface,A:279:,ASP,279,A,6,3,13.35871569886009,0.5,0.60071,0.13677,0.985818489447251,A:275:;A:276:;A:279:;A:280:;A:281:;A:285:,A:275:;A:280:;A:285:
bsa_silica,phosphate,20,1,primary plausible interface,A:515:,LEU,515,A,8,1,13.678887675484436,0.125,0.5936025,0.12627,0.99327789688052,A:511:;A:514:;A:515:;A:516:;A:517:;A:518:;A:519:;A:520:,A:520:
bsa_silica,phosphate,21,2,alternative interface,A:444:,ARG,444,A,13,3,12.921666351908133,0.23076923076923078,0.39782923076923077,0.77753,0.9763766284017096,A:387:;A:437:;A:438:;A:439:;A:440:;A:441:;A:442:;A:443:;A:444:;A:445:;A:446:;A:447:;A:448:,A:439:;A:442:;A:444:
bsa_silica,phosphate,22,2,alternative interface,A:189:,LEU,189,A,9,4,12.421201310554936,0.4444444444444444,0.3685,0.51062,0.9332968810702392,A:185:;A:186:;A:187:;A:188:;A:189:;A:190:;A:191:;A:192:;A:193:,A:185:;A:187:;A:191:;A:192:
bsa_silica,phosphate,23,2,alternative interface,A:206:,GLY,206,A,9,3,10.758177125850091,0.3333333333333333,0.3788622222222222,0.50041,0.9715728831856466,A:201:;A:202:;A:203:;A:204:;A:205:;A:206:;A:207:;A:208:;A:209:,A:201:;A:204:;A:208:
bsa_silica,phosphate,24,2,alternative interface,A:574:,LEU,574,A,11,2,12.65181285784457,0.18181818181818182,0.43205727272727273,0.48934,0.9921435211192482,A:549:;A:550:;A:570:;A:571:;A:572:;A:573:;A:574:;A:575:;A:576:;A:577:;A:578:,A:573:;A:577:
bsa_silica,phosphate,25,2,alternative interface,A:502:,ASP,502,A,7,1,12.862409885828006,0.14285714285714285,0.5435885714285714,0.43744999999999995,0.990707179143052,A:500:;A:501:;A:502:;A:503:;A:504:;A:505:;A:506:,A:504:
bsa_silica,phosphate,26,2,alternative interface,A:431:,LYS,431,A,8,4,12.590441260173863,0.5,0.29256875,0.43606,0.9581896218306818,A:399:;A:427:;A:428:;A:429:;A:431:;A:432:;A:434:;A:435:,A:427:;A:428:;A:431:;A:435:
bsa_silica,phosphate,27,2,alternative interface,A:522:,ILE,522,A,9,3,12.63904362250771,0.3333333333333333,0.41152333333333335,0.43197,0.9796631341924676,A:423:;A:518:;A:519:;A:520:;A:521:;A:522:;A:523:;A:524:;A:526:,A:520:;A:523:;A:524:
bsa_silica,phosphate,28,2,alternative interface,A:239:,LYS,239,A,6,2,12.428797136673962,0.3333333333333333,0.41779833333333327,0.41375999999999996,0.9703883510173854,A:235:;A:236:;A:237:;A:239:;A:242:;A:243:,A:239:;A:242:
bsa_silica,phosphate,29,2,alternative interface,A:194:,ARG,194,A,7,4,12.73375205352179,0.5714285714285714,0.20473285714285713,0.41375,0.43073269590741925,A:190:;A:191:;A:192:;A:194:;A:197:;A:198:;A:454:,A:191:;A:192:;A:194:;A:198:
bsa_silica,phosphate,30,2,alternative interface,A:264:,CYS,264,A,8,2,13.184511625374038,0.25,0.4135175,0.37585,0.9871041633513785,A:261:;A:262:;A:263:;A:264:;A:265:;A:266:;A:267:;A:275:,A:261:;A:275:
bsa_silica,phosphate,31,2,alternative interface,A:507:,THR,507,A,8,2,13.251531938993494,0.25,0.45596375,0.35323,0.9906482475064512,A:503:;A:504:;A:505:;A:506:;A:507:;A:508:;A:509:;A:571:,A:504:;A:509:
bsa_silica,phosphate,32,2,alternative interface,A:101:,CYS,101,A,8,3,13.028769761367085,0.375,0.34474,0.34049,0.9865451277136883,A:100:;A:101:;A:103:;A:104:;A:105:;A:97:;A:98:;A:99:,A:104:;A:105:;A:98:
bsa_silica,phosphate,33,2,alternative interface,A:85:,GLY,85,A,7,1,9.724519074366848,0.14285714285714285,0.5584171428571428,0.33519,0.990733980558529,A:81:;A:82:;A:83:;A:84:;A:85:;A:86:;A:88:,A:81:
bsa_silica,phosphate,34,2,alternative interface,A:11:,PHE,11,A,10,4,12.811921992960734,0.4,0.38250100000000004,0.32323999999999997,0.9891609219189839,A:10:;A:11:;A:12:;A:13:;A:14:;A:15:;A:16:;A:51:;A:54:;A:9:,A:10:;A:12:;A:51:;A:9:
bsa_silica,phosphate,35,2,alternative interface,A:324:,ALA,324,A,8,2,10.336685093268436,0.25,0.39975875000000005,0.31649,0.9924109088743215,A:321:;A:322:;A:323:;A:324:;A:325:;A:326:;A:327:;A:328:,A:322:;A:328:
bsa_silica,phosphate,36,2,alternative interface,A:474:,LYS,474,A,7,2,11.642030338527746,0.2857142857142857,0.5222628571428571,0.29993,0.9791687316440539,A:470:;A:471:;A:473:;A:474:;A:476:;A:477:;A:478:,A:471:;A:474:
bsa_silica,phosphate,37,2,alternative interface,A:396:,LYS,396,A,7,1,9.784798183825249,0.14285714285714285,0.56052,0.29508,0.9913519648104197,A:392:;A:393:;A:394:;A:395:;A:396:;A:397:;A:398:,A:396:
bsa_silica,phosphate,38,2,alternative interface,A:558:,CYS,558,A,8,2,11.50570758926902,0.25,0.43860375,0.28785,0.9937418036064504,A:510:;A:554:;A:555:;A:556:;A:558:;A:559:;A:560:;A:563:,A:556:;A:563:
bsa_silica,phosphate,39,2,alternative interface,A:410:,TYR,410,A,7,3,12.863552378819353,0.42857142857142855,0.17108714285714283,0.27317,0.9811413425468504,A:406:;A:408:;A:409:;A:410:;A:412:;A:413:;A:415:,A:409:;A:412:;A:413:
bsa_silica,phosphate,40,2,alternative interface,A:365:,PRO,365,A,10,2,12.273633151942063,0.2,0.4518,0.23575,0.9931781418947878,A:315:;A:360:;A:361:;A:362:;A:363:;A:364:;A:365:;A:366:;A:367:;A:368:,A:362:;A:366:
bsa_silica,phosphate,41,2,alternative interface,A:221:,LYS,221,A,9,4,15.046972935310912,0.4444444444444444,0.2681511111111111,0.23436,0.9673356151534759,A:217:;A:218:;A:221:;A:292:;A:293:;A:294:;A:295:;A:335:;A:338:,A:217:;A:221:;A:294:;A:335:
bsa_silica,phosphate,42,2,alternative interface,A:93:,LYS,93,A,8,2,13.132676620356541,0.25,0.52547375,0.22768999999999998,0.9885467855708789,A:89:;A:91:;A:92:;A:93:;A:94:;A:95:;A:97:;A:98:,A:93:;A:98:
bsa_silica,phosphate,43,2,alternative interface,A:552:,ALA,552,A,8,1,11.981652247493965,0.125,0.5615375,0.22735,0.9932283261147933,A:548:;A:549:;A:550:;A:551:;A:552:;A:554:;A:555:;A:556:,A:556:
bsa_silica,phosphate,44,2,alternative interface,A:579:,GLN,579,A,8,1,11.375520326899984,0.125,0.46924875,0.21962,0.9950159070440249,A:575:;A:576:;A:577:;A:578:;A:579:;A:580:;A:581:;A:583:,A:577:
bsa_silica,phosphate,45,2,alternative interface,A:48:,GLU,48,A,7,1,12.49759309079615,0.14285714285714285,0.48028714285714286,0.21620999999999999,0.9926683875297342,A:44:;A:45:;A:46:;A:48:;A:49:;A:51:;A:52:,A:51:
bsa_silica,phosphate,46,2,alternative interface,A:492:,PRO,492,A,7,2,12.379107228235418,0.2857142857142857,0.43198428571428577,0.18416,0.9909725217558344,A:412:;A:413:;A:490:;A:491:;A:492:;A:493:;A:494:,A:412:;A:413:
bsa_silica,phosphate,47,2,alternative interface,A:168:,CYS,168,A,6,1,11.060365208844704,0.16666666666666666,0.500015,0.17501,0.9917105352506502,A:165:;A:166:;A:168:;A:169:;A:170:;A:173:,A:173:
bsa_silica,phosphate,48,2,alternative interface,A:145:,HIS,145,A,7,4,12.419917362861291,0.5714285714285714,0.1791157142857143,0.1573,0.8868811072000683,A:108:;A:141:;A:143:;A:144:;A:145:;A:147:;A:192:,A:143:;A:144:;A:145:;A:192:
bsa_silica,phosphate,49,2,alternative interface,A:172:,ASP,172,A,7,1,9.19434618268519,0.14285714285714285,0.5110371428571429,0.13823,0.9956976925912332,A:170:;A:171:;A:172:;A:173:;A:174:;A:175:;A:176:,A:173:
bsa_silica,phosphate,50,2,alternative interface,A:336:,ARG,336,A,6,3,11.258703507987494,0.5,0.21588833333333335,0.09566000000000001,0.9877997637749073,A:297:;A:332:;A:335:;A:336:;A:337:;A:338:,A:335:;A:336:;A:337:
bsa_silica,phosphate,51,2,alternative interface,A:96:,PRO,96,A,8,2,10.718538703621924,0.25,0.46568125000000005,0.05251,0.9910892585049967,A:100:;A:67:;A:94:;A:95:;A:96:;A:97:;A:98:;A:99:,A:67:;A:98:
bsa_silica,phosphate,52,3,alternative interface,A:212:,ALA,212,A,9,2,12.841626107384089,0.2222222222222222,0.30023111111111106,0.56514,0.9690347139301865,A:208:;A:209:;A:211:;A:212:;A:213:;A:215:;A:327:;A:330:;A:346:,A:208:;A:211:
bsa_silica,phosphate,53,3,alternative interface,A:386:,LEU,386,A,8,1,11.458439866228606,0.125,0.45580875,0.39553,0.9848356437998159,A:383:;A:384:;A:385:;A:386:;A:387:;A:388:;A:389:;A:390:,A:388:
bsa_silica,phosphate,54,3,alternative interface,A:257:,ALA,257,A,10,3,12.319420636211449,0.3,0.308559,0.37523,0.9757377719215583,A:253:;A:254:;A:255:;A:256:;A:257:;A:258:;A:259:;A:261:;A:282:;A:286:,A:256:;A:261:;A:286:
bsa_silica,phosphate,55,3,alternative interface,A:462:,LEU,462,A,10,4,13.166343418398597,0.4,0.274035,0.35256,0.9212511686508851,A:108:;A:109:;A:421:;A:458:;A:460:;A:462:;A:463:;A:464:;A:465:;A:466:,A:109:;A:458:;A:463:;A:465:
bsa_silica,phosphate,56,3,alternative interface,A:200:,ALA,200,A,9,4,13.40778410597776,0.4444444444444444,0.2188066666666667,0.33853,0.9551940698237321,A:196:;A:197:;A:198:;A:200:;A:201:;A:202:;A:203:;A:204:;A:205:,A:196:;A:198:;A:201:;A:204:
bsa_silica,phosphate,57,3,alternative interface,A:139:,TYR,139,A,9,2,12.050643514273531,0.2222222222222222,0.19000222222222224,0.31499,0.9764530959129065,A:135:;A:136:;A:137:;A:139:;A:140:;A:141:;A:143:;A:24:;A:36:,A:136:;A:143:
bsa_silica,phosphate,58,3,alternative interface,A:546:,VAL,546,A,10,1,12.220165896626199,0.1,0.38631800000000005,0.30213,0.9916321414887954,A:542:;A:543:;A:544:;A:545:;A:546:;A:547:;A:548:;A:549:;A:550:;A:578:,A:544:
bsa_silica,phosphate,59,3,alternative interface,A:486:,CYS,486,A,8,3,12.731227616581423,0.375,0.29879374999999997,0.30041,0.9808056907794509,A:482:;A:483:;A:484:;A:485:;A:486:;A:488:;A:489:;A:490:,A:483:;A:484:;A:488:
bsa_silica,phosphate,60,3,alternative interface,A:43:,VAL,43,A,9,2,11.463055160050786,0.2222222222222222,0.3318644444444445,0.29941,0.990882752217324,A:20:;A:24:;A:40:;A:41:;A:42:;A:43:;A:44:;A:45:;A:46:,A:20:;A:41:
bsa_silica,phosphate,61,3,alternative interface,A:76:,LYS,76,A,6,1,12.658487308418323,0.16666666666666666,0.40887,0.28482,0.9898699764171321,A:72:;A:73:;A:75:;A:76:;A:77:;A:78:,A:76:
bsa_silica,phosphate,62,3,alternative interface,A:284:,GLU,284,A,10,4,12.003839455772232,0.4,0.28652099999999997,0.24248,0.9841958530673969,A:155:;A:280:;A:281:;A:282:;A:283:;A:284:;A:285:;A:286:;A:287:;A:288:,A:280:;A:285:;A:286:;A:287:
bsa_silica,phosphate,63,3,alternative interface,A:178:,LEU,178,A,9,1,12.693354146473453,0.1111111111111111,0.3990099999999999,0.24191,0.9908613156526506,A:119:;A:174:;A:175:;A:176:;A:178:;A:179:;A:180:;A:181:;A:182:,A:180:
bsa_silica,phosphate,64,3,alternative interface,A:38:,GLU,38,A,8,1,11.805122775620807,0.125,0.45287374999999996,0.23648,0.9855621498972467,A:34:;A:35:;A:36:;A:37:;A:38:;A:40:;A:41:;A:42:,A:41:
bsa_silica,phosphate,65,3,alternative interface,A:418:,SER,418,A,5,1,11.633696317530097,0.2,0.356532,0.21373999999999999,0.9845925644224163,A:416:;A:418:;A:419:;A:420:;A:421:,A:418:
bsa_silica,phosphate,66,3,alternative interface,A:224:,LYS,224,A,8,2,14.716077974226609,0.25,0.44314625,0.19260000000000002,0.9800876196272053,A:224:;A:226:;A:269:;A:295:;A:296:;A:297:;A:298:;A:335:,A:224:;A:335:
bsa_silica,phosphate,67,3,alternative interface,A:566:,CYS,566,A,10,1,14.180666359676572,0.1,0.466056,0.18963000000000002,0.9923588673423372,A:560:;A:562:;A:563:;A:564:;A:565:;A:566:;A:568:;A:569:;A:570:;A:571:,A:563:
bsa_silica,phosphate,68,3,alternative interface,A:231:,THR,231,A,7,1,12.205804434509842,0.14285714285714285,0.4512928571428571,0.18707000000000001,0.9868007534870282,A:215:;A:227:;A:228:;A:229:;A:231:;A:232:;A:235:,A:232:
bsa_silica,phosphate,69,3,alternative interface,A:17:,GLU,17,A,7,2,10.287712252220832,0.2857142857142857,0.3545628571428571,0.13271,0.9904279038117202,A:14:;A:15:;A:16:;A:17:;A:18:;A:20:;A:21:,A:18:;A:20:
bsa_silica,phosphate,70,3,alternative interface,A:467:,PRO,467,A,8,2,13.354453517718468,0.25,0.494185,0.0008699999999999999,0.973924498011817,A:463:;A:464:;A:465:;A:466:;A:467:;A:468:;A:470:;A:473:,A:463:;A:465:
bsa_silica,phosphate,71,4,alternative interface,A:391:,CYS,391,A,10,1,12.201990862136428,0.1,0.40946899999999997,0.39553,0.9828332041311563,A:387:;A:388:;A:389:;A:390:;A:391:;A:392:;A:393:;A:394:;A:395:;A:437:,A:388:
bsa_silica,phosphate,72,4,alternative interface,A:455:,ILE,455,A,9,3,11.830409303122511,0.3333333333333333,0.20961666666666667,0.31491,0.8683264024462393,A:425:;A:428:;A:429:;A:451:;A:452:;A:453:;A:454:;A:455:;A:458:,A:428:;A:453:;A:458:
bsa_silica,phosphate,73,4,alternative interface,A:347:,ARG,347,A,9,3,12.38512211938532,0.3333333333333333,0.24595333333333336,0.28237,0.9774894546635793,A:343:;A:344:;A:346:;A:347:;A:349:;A:350:;A:351:;A:481:;A:482:,A:343:;A:347:;A:350:
bsa_silica,phosphate,74,4,alternative interface,A:160:,TYR,160,A,8,1,12.376112958893163,0.125,0.29202374999999997,0.23668,0.9817751679053986,A:156:;A:158:;A:159:;A:160:;A:161:;A:162:;A:163:;A:181:,A:159:
bsa_silica,phosphate,75,4,alternative interface,A:353:,GLU,353,A,8,1,12.396623003822876,0.125,0.32669125,0.23085,0.9886748467097459,A:326:;A:349:;A:350:;A:351:;A:353:;A:354:;A:355:;A:357:,A:350:
bsa_silica,phosphate,76,4,alternative interface,A:107:,ASP,107,A,6,2,11.27713680239768,0.3333333333333333,0.26194,0.22654,0.9598175927337883,A:105:;A:107:;A:108:;A:109:;A:110:;A:32:,A:105:;A:109:
bsa_silica,phosphate,77,4,alternative interface,A:289:,ILE,289,A,8,3,10.104747696277702,0.375,0.25665375,0.13445000000000001,0.9811405950986015,A:285:;A:286:;A:287:;A:288:;A:289:;A:290:;A:291:;A:292:,A:285:;A:286:;A:287:
bsa_silica,phosphate,78,4,alternative interface,A:527:,ALA,527,A,9,2,12.51836148094644,0.2222222222222222,0.23840222222222224,0.12539,0.9872671527420545,A:505:;A:506:;A:523:;A:524:;A:526:;A:527:;A:528:;A:530:;A:531:,A:523:;A:524:
bsa_silica,phosphate,79,4,alternative interface,A:424:,GLU,424,A,7,2,12.567901877226639,0.2857142857142857,0.2901985714285714,0.05382,0.9584889040033601,A:420:;A:421:;A:423:;A:424:;A:425:;A:427:;A:428:,A:427:;A:428:
bsa_silica,phosphate,80,4,alternative interface,A:480:,LEU,480,A,10,3,13.058601243264857,0.3,0.287903,0.051399999999999994,0.9403663933561486,A:201:;A:205:;A:476:;A:477:;A:478:;A:479:;A:480:;A:481:;A:482:;A:483:,A:201:;A:479:;A:483:
bsa_silica,phosphate,81,4,alternative interface,A:248:,ASP,248,A,4,1,10.45523129590602,0.25,0.2337475,0.00557,0.9814539193469435,A:243:;A:246:;A:248:;A:251:,A:246:
bsa_silica,phosphate,82,4,alternative interface,A:70:,PHE,70,A,8,1,11.024705084755453,0.125,0.22676375,0.004739999999999999,0.9908490827876285,A:66:;A:67:;A:68:;A:69:;A:70:;A:71:;A:72:;A:73:,A:67:
bsa_silica,phosphate,83,4,alternative interface,A:339:,GLU,339,A,6,1,12.615405546561593,0.16666666666666666,0.331655,0.0034999999999999996,0.9767711070562014,A:337:;A:338:;A:339:;A:340:;A:443:;A:446:,A:337:
bsa_silica,phosphate,84,5,alternative interface,A:450:,ASP,450,A,10,2,13.22087048095032,0.2,0.20717800000000003,0.1699,0.9363767898040328,A:342:;A:343:;A:446:;A:447:;A:448:;A:450:;A:451:;A:452:;A:453:;A:454:,A:343:;A:453:
