case_id,map_key,display_rank,pareto_front,classification,center_key,center_res_name,center_res_seq,center_chain,n_members,n_chemistry_seeds,diameter_A,chemistry_support,mean_accessibility,patch_coherence,orientation_coherence,members,seed_members
catalase_ps,anionic,1,1,primary plausible interface,B:478:,VAL,478,B,9,5,12.751348909582966,0.5555555555555556,0.41230555555555554,1.0,0.9951578613825018,B:474:;B:475:;B:476:;B:478:;B:479:;B:480:;B:482:;B:490:;B:493:,B:475:;B:476:;B:479:;B:482:;B:490:
catalase_ps,anionic,2,1,primary plausible interface,C:445:,PHE,445,C,8,3,12.116525414605446,0.375,0.42446125,0.84979,0.996518278814099,C:441:;C:443:;C:444:;C:445:;C:447:;C:448:;C:449:;C:450:,C:443:;C:444:;C:448:
catalase_ps,anionic,3,1,primary plausible interface,A:478:,VAL,478,A,8,5,12.694177645849777,0.625,0.45835625,0.8188500000000001,0.9955513857709295,A:475:;A:476:;A:478:;A:479:;A:480:;A:482:;A:490:;A:493:,A:475:;A:476:;A:479:;A:482:;A:490:
catalase_ps,anionic,4,1,primary plausible interface,A:445:,PHE,445,A,9,4,13.472016201689263,0.4444444444444444,0.37583222222222223,0.8116,0.9962628645957272,A:193:;A:441:;A:443:;A:444:;A:445:;A:447:;A:448:;A:449:;A:450:,A:193:;A:443:;A:444:;A:448:
catalase_ps,anionic,5,1,primary plausible interface,B:486:,PRO,486,B,6,3,10.53013172439261,0.5,0.5748,0.5192,0.9973955751457128,B:482:;B:483:;B:485:;B:486:;B:487:;B:490:,B:482:;B:485:;B:490:
catalase_ps,anionic,6,1,primary plausible interface,A:455:,ARG,455,A,9,4,11.961385595193923,0.4444444444444444,0.4168722222222222,0.50524,0.9975987765216324,A:200:;A:450:;A:451:;A:452:;A:453:;A:454:;A:455:;A:456:;A:457:,A:200:;A:455:;A:456:;A:457:
catalase_ps,anionic,7,1,primary plausible interface,C:486:,PRO,486,C,6,3,10.363877078549669,0.5,0.5132966666666667,0.48906999999999995,0.9974197943067821,C:482:;C:483:;C:485:;C:486:;C:487:;C:490:,C:482:;C:485:;C:490:
catalase_ps,anionic,8,1,primary plausible interface,A:487:,GLU,487,A,6,4,10.056145346904797,0.6666666666666666,0.47221,0.44048000000000004,0.9969896379558689,A:482:;A:485:;A:486:;A:487:;A:490:;A:491:,A:482:;A:485:;A:490:;A:491:
catalase_ps,anionic,9,1,primary plausible interface,D:487:,GLU,487,D,6,4,10.048775963212258,0.6666666666666666,0.4456616666666667,0.41168999999999994,0.9970260440235481,D:482:;D:485:;D:486:;D:487:;D:490:;D:491:,D:482:;D:485:;D:490:;D:491:
catalase_ps,anionic,10,1,primary plausible interface,A:289:,GLU,289,A,6,1,9.431506691567698,0.16666666666666666,0.56288,0.406,0.9978019390304306,A:285:;A:286:;A:287:;A:288:;A:289:;A:290:,A:286:
catalase_ps,anionic,11,1,primary plausible interface,C:289:,GLU,289,C,6,1,8.82544151789209,0.16666666666666666,0.5862633333333332,0.39107,0.998114446882981,C:285:;C:286:;C:287:;C:288:;C:289:;C:290:,C:286:
catalase_ps,anionic,12,1,primary plausible interface,C:497:,ASP,497,C,8,1,13.290864809925093,0.125,0.5998275,0.38116,0.9956783969866284,C:493:;C:494:;C:495:;C:497:;C:498:;C:499:;C:500:;C:501:,C:498:
catalase_ps,anionic,13,1,primary plausible interface,D:499:,TYR,499,D,8,2,12.28340210662497,0.25,0.5174325,0.38086,0.9974684244071074,D:464:;D:467:;D:495:;D:497:;D:498:;D:499:;D:500:;D:501:,D:467:;D:498:
catalase_ps,anionic,14,1,primary plausible interface,D:247:,GLU,247,D,6,2,9.35456324932353,0.3333333333333333,0.5755416666666666,0.34409,0.9967247393685659,D:245:;D:246:;D:247:;D:248:;D:250:;D:251:,D:245:;D:251:
catalase_ps,anionic,15,1,primary plausible interface,A:499:,TYR,499,A,7,2,10.638966727877838,0.2857142857142857,0.5345385714285714,0.32587000000000005,0.9977316834768589,A:467:;A:495:;A:497:;A:498:;A:499:;A:500:;A:501:,A:467:;A:498:
catalase_ps,anionic,16,1,primary plausible interface,B:500:,ASN,500,B,6,2,10.600699905169463,0.3333333333333333,0.548545,0.27998,0.9987327880610121,B:467:;B:497:;B:498:;B:499:;B:500:;B:501:,B:467:;B:498:
catalase_ps,anionic,17,1,primary plausible interface,C:169:,ARG,169,C,7,5,11.784264230935019,0.7142857142857143,0.19427714285714284,0.25342,0.987479416953518,C:165:;C:167:;C:168:;C:169:;C:174:;C:176:;C:177:,C:165:;C:168:;C:169:;C:174:;C:176:
catalase_ps,anionic,18,1,primary plausible interface,C:349:,MET,349,C,4,3,11.529345524577607,0.75,0.1130325,0.08639,0.9949331758291217,C:155:;C:348:;C:349:;C:353:,C:155:;C:348:;C:353:
catalase_ps,anionic,19,1,primary plausible interface,D:3:,ASN,3,D,3,1,6.970400766207986,0.3333333333333333,0.49158999999999997,0.08231999999999999,0.99886679601652,D:3:;D:4:;D:5:,D:4:
catalase_ps,anionic,20,2,alternative interface,D:445:,PHE,445,D,8,3,12.557598416288485,0.375,0.4054025,0.78473,0.9963357120733214,D:441:;D:443:;D:444:;D:445:;D:447:;D:448:;D:449:;D:450:,D:443:;D:444:;D:448:
catalase_ps,anionic,21,2,alternative interface,D:478:,VAL,478,D,9,5,12.968759885370824,0.5555555555555556,0.39999333333333337,0.7823300000000001,0.9950893158736794,D:474:;D:475:;D:476:;D:478:;D:479:;D:480:;D:482:;D:490:;D:493:,D:475:;D:476:;D:479:;D:482:;D:490:
catalase_ps,anionic,22,2,alternative interface,C:478:,VAL,478,C,9,5,12.542558401532517,0.5555555555555556,0.4114488888888889,0.77035,0.99521794474529,C:474:;C:475:;C:476:;C:478:;C:479:;C:480:;C:482:;C:490:;C:493:,C:475:;C:476:;C:479:;C:482:;C:490:
catalase_ps,anionic,23,2,alternative interface,B:15:,LYS,15,B,9,5,11.875167014449506,0.5555555555555556,0.42763333333333337,0.55986,0.9931522499138569,B:12:;B:13:;B:14:;B:15:;B:16:;B:17:;B:18:;B:19:;D:409:,B:12:;B:13:;B:15:;B:18:;D:409:
catalase_ps,anionic,24,2,alternative interface,D:91:,THR,91,D,7,3,11.867129891647616,0.42857142857142855,0.4159371428571429,0.5186999999999999,0.9944604151525461,D:100:;D:223:;D:89:;D:91:;D:92:;D:93:;D:95:,D:91:;D:92:;D:95:
catalase_ps,anionic,25,2,alternative interface,B:23:,PRO,23,B,8,2,12.237954495321407,0.25,0.445955,0.51638,0.9934201307796012,B:21:;B:22:;B:23:;B:24:;B:25:;D:409:;D:411:;D:412:,B:22:;D:409:
catalase_ps,anionic,26,2,alternative interface,C:15:,LYS,15,C,9,5,10.908988464248813,0.5555555555555556,0.41801,0.49366,0.993513475295156,A:409:;C:12:;C:13:;C:14:;C:15:;C:16:;C:17:;C:18:;C:19:,A:409:;C:12:;C:13:;C:15:;C:18:
catalase_ps,anionic,27,2,alternative interface,D:456:,LYS,456,D,7,3,12.462382720999065,0.42857142857142855,0.48848571428571436,0.48639000000000004,0.997370590134324,D:452:;D:453:;D:454:;D:455:;D:456:;D:457:;D:460:,D:455:;D:456:;D:457:
catalase_ps,anionic,28,2,alternative interface,B:277:,THR,277,B,8,5,13.80186037406329,0.625,0.29465375,0.47600000000000003,0.9900219695491693,B:234:;B:236:;B:238:;B:275:;B:277:;B:279:;B:311:;B:314:,B:234:;B:236:;B:275:;B:277:;B:314:
catalase_ps,anionic,29,2,alternative interface,A:15:,LYS,15,A,9,5,10.93539153772906,0.5555555555555556,0.42064222222222225,0.46209000000000006,0.9935067575168399,A:12:;A:13:;A:14:;A:15:;A:16:;A:17:;A:18:;A:19:;C:409:,A:12:;A:13:;A:15:;A:18:;C:409:
catalase_ps,anionic,30,2,alternative interface,C:277:,THR,277,C,8,5,14.212537977076257,0.625,0.31893625000000003,0.46067,0.9901189721074987,C:234:;C:236:;C:238:;C:275:;C:277:;C:279:;C:311:;C:314:,C:234:;C:236:;C:275:;C:277:;C:314:
catalase_ps,anionic,31,2,alternative interface,A:277:,THR,277,A,8,5,13.89863361226135,0.625,0.30478,0.45822,0.990446057094016,A:234:;A:236:;A:238:;A:275:;A:277:;A:279:;A:311:;A:314:,A:234:;A:236:;A:275:;A:277:;A:314:
catalase_ps,anionic,32,2,alternative interface,B:456:,LYS,456,B,8,4,12.978298707512987,0.5,0.45367250000000003,0.44921999999999995,0.9956763853417973,B:452:;B:453:;B:454:;B:455:;B:456:;B:457:;B:460:;B:491:,B:455:;B:456:;B:457:;B:491:
catalase_ps,anionic,33,2,alternative interface,A:494:,ALA,494,A,7,3,11.917842688693613,0.42857142857142855,0.5190042857142857,0.42428,0.9963737446836155,A:490:;A:491:;A:493:;A:494:;A:495:;A:497:;A:498:,A:490:;A:491:;A:498:
catalase_ps,anionic,34,2,alternative interface,D:15:,LYS,15,D,9,5,11.1186640658019,0.5555555555555556,0.4246344444444444,0.40268,0.9932906983595742,B:409:;D:12:;D:13:;D:14:;D:15:;D:16:;D:17:;D:18:;D:19:,B:409:;D:12:;D:13:;D:15:;D:18:
catalase_ps,anionic,35,2,alternative interface,D:494:,ALA,494,D,7,3,12.347700812650986,0.42857142857142855,0.5475428571428572,0.39654000000000006,0.9961270551317138,D:490:;D:491:;D:493:;D:494:;D:495:;D:497:;D:498:,D:490:;D:491:;D:498:
catalase_ps,anionic,36,2,alternative interface,B:289:,GLU,289,B,6,1,8.758958988770333,0.16666666666666666,0.585345,0.37408,0.9980083980945332,B:285:;B:286:;B:287:;B:288:;B:289:;B:290:,B:286:
catalase_ps,anionic,37,2,alternative interface,B:176:,LYS,176,B,6,4,12.500925646435899,0.6666666666666666,0.22973000000000002,0.31676,0.9901263247022712,B:167:;B:168:;B:169:;B:174:;B:176:;B:178:,B:168:;B:169:;B:174:;B:176:
catalase_ps,anionic,38,2,alternative interface,B:9:,ASP,9,B,7,4,11.610638957134656,0.5714285714285714,0.2817657142857143,0.28675999999999996,0.9930128057599485,B:12:;B:13:;B:4:;B:5:;B:6:;B:8:;B:9:,B:12:;B:13:;B:4:;B:8:
catalase_ps,anionic,39,2,alternative interface,C:407:,SER,407,C,3,2,9.712596767776539,0.6666666666666666,0.22453333333333333,0.21349,0.9929190021282698,C:405:;C:407:;C:409:,C:407:;C:409:
catalase_ps,anionic,40,2,alternative interface,D:9:,ASP,9,D,7,4,11.768243027353385,0.5714285714285714,0.28189000000000003,0.20244,0.9928867447731383,D:12:;D:13:;D:4:;D:5:;D:6:;D:8:;D:9:,D:12:;D:13:;D:4:;D:8:
catalase_ps,anionic,41,2,alternative interface,D:363:,HIS,363,D,7,5,9.6800420018885,0.7142857142857143,0.1433642857142857,0.17725000000000002,0.9354357368768621,D:360:;D:361:;D:362:;D:363:;D:364:;D:366:;D:367:,D:360:;D:361:;D:362:;D:363:;D:364:
catalase_ps,anionic,42,2,alternative interface,C:88:,HIS,88,C,6,3,13.81031201119233,0.5,0.5195533333333334,0.16332000000000002,0.9940098897787741,C:101:;C:102:;C:311:;C:87:;C:88:;C:89:,C:101:;C:87:;C:88:
catalase_ps,anionic,43,2,alternative interface,B:407:,SER,407,B,3,2,9.380712874076016,0.6666666666666666,0.17828,0.15486,0.9931319450825623,B:405:;B:407:;B:409:,B:407:;B:409:
catalase_ps,anionic,44,2,alternative interface,A:407:,SER,407,A,3,2,9.6010651161793,0.6666666666666666,0.23257000000000003,0.09824,0.9930399291147212,A:405:;A:407:;A:409:,A:407:;A:409:
catalase_ps,anionic,45,2,alternative interface,D:407:,SER,407,D,3,2,9.342723709342616,0.6666666666666666,0.2641366666666667,0.0812,0.9933506487483954,D:405:;D:407:;D:409:,D:407:;D:409:
catalase_ps,anionic,46,2,alternative interface,A:349:,MET,349,A,5,3,11.982521636558998,0.6,0.10473999999999999,0.07296,0.9937017486910545,A:155:;A:157:;A:348:;A:349:;A:353:,A:155:;A:348:;A:353:
catalase_ps,anionic,47,2,alternative interface,B:3:,ASN,3,B,3,1,7.131082719353356,0.3333333333333333,0.4208100000000001,0.05842,0.9986936315111514,B:3:;B:4:;B:5:,B:4:
catalase_ps,anionic,48,3,alternative interface,B:445:,PHE,445,B,8,3,12.595519502219014,0.375,0.37225625,0.7347499999999999,0.996273167607758,B:441:;B:443:;B:444:;B:445:;B:447:;B:448:;B:449:;B:450:,B:443:;B:444:;B:448:
catalase_ps,anionic,49,3,alternative interface,C:91:,THR,91,C,7,3,12.01335547840512,0.42857142857142855,0.4147057142857143,0.51239,0.9942610680603663,C:100:;C:223:;C:89:;C:91:;C:92:;C:93:;C:95:,C:91:;C:92:;C:95:
catalase_ps,anionic,50,3,alternative interface,B:85:,GLU,85,B,8,4,13.879773818182391,0.5,0.386805,0.49912999999999996,0.9948868013676497,B:102:;B:103:;B:104:;B:105:;B:314:;B:83:;B:85:;B:87:,B:104:;B:105:;B:314:;B:87:
catalase_ps,anionic,51,3,alternative interface,A:85:,GLU,85,A,8,4,14.146896944624833,0.5,0.37639500000000004,0.45943,0.994914029839652,A:102:;A:103:;A:104:;A:105:;A:314:;A:83:;A:85:;A:87:,A:104:;A:105:;A:314:;A:87:
catalase_ps,anionic,52,3,alternative interface,D:85:,GLU,85,D,8,4,13.801354819253866,0.5,0.38411375000000003,0.45241,0.9948920293707438,D:102:;D:103:;D:104:;D:105:;D:314:;D:83:;D:85:;D:87:,D:104:;D:105:;D:314:;D:87:
catalase_ps,anionic,53,3,alternative interface,B:91:,THR,91,B,8,4,13.279301443482623,0.5,0.42660375,0.4483,0.9931294627343168,B:100:;B:101:;B:223:;B:89:;B:91:;B:92:;B:93:;B:95:,B:101:;B:91:;B:92:;B:95:
catalase_ps,anionic,54,3,alternative interface,C:491:,ARG,491,C,6,2,11.833805811023435,0.3333333333333333,0.46927333333333343,0.44612999999999997,0.9968131921703596,C:487:;C:490:;C:491:;C:493:;C:494:;C:495:,C:490:;C:491:
catalase_ps,anionic,55,3,alternative interface,C:456:,LYS,456,C,7,3,12.563447589710838,0.42857142857142855,0.4666842857142858,0.43935,0.997171420841665,C:452:;C:453:;C:454:;C:455:;C:456:;C:457:;C:460:,C:455:;C:456:;C:457:
catalase_ps,anionic,56,3,alternative interface,D:277:,THR,277,D,8,5,13.897018963156542,0.625,0.28664999999999996,0.40442,0.9901223621251037,D:234:;D:236:;D:238:;D:275:;D:277:;D:279:;D:311:;D:314:,D:234:;D:236:;D:275:;D:277:;D:314:
catalase_ps,anionic,57,3,alternative interface,D:289:,GLU,289,D,7,1,9.606833757498341,0.14285714285714285,0.49575142857142857,0.36812,0.9974982011790201,D:285:;D:286:;D:287:;D:288:;D:289:;D:290:;D:291:,D:286:
catalase_ps,anionic,58,3,alternative interface,A:472:,PHE,472,A,5,2,10.276386786268088,0.4,0.512984,0.33586,0.9960163698903471,A:470:;A:471:;A:472:;A:475:;A:476:,A:475:;A:476:
catalase_ps,anionic,59,3,alternative interface,D:176:,LYS,176,D,7,4,12.61990431618854,0.5714285714285714,0.21369,0.27421,0.9912439106379197,D:167:;D:168:;D:169:;D:174:;D:176:;D:177:;D:178:,D:168:;D:169:;D:174:;D:176:
catalase_ps,anionic,60,3,alternative interface,A:176:,LYS,176,A,7,4,12.365957200821228,0.5714285714285714,0.19252142857142857,0.27396,0.9912985312562917,A:167:;A:168:;A:169:;A:174:;A:176:;A:177:;A:178:,A:168:;A:169:;A:174:;A:176:
catalase_ps,anionic,61,3,alternative interface,B:255:,GLU,255,B,7,2,9.105635942990366,0.2857142857142857,0.3433342857142857,0.17169,0.9973363969680094,B:251:;B:252:;B:253:;B:254:;B:255:;B:256:;B:257:,B:251:;B:254:
catalase_ps,anionic,62,3,alternative interface,D:88:,HIS,88,D,7,3,13.79540456626509,0.42857142857142855,0.4793242857142857,0.17007000000000003,0.9935847384896979,D:101:;D:102:;D:103:;D:311:;D:87:;D:88:;D:89:,D:101:;D:87:;D:88:
catalase_ps,anionic,63,3,alternative interface,B:272:,ASN,272,B,5,1,8.130075084946899,0.2,0.482602,0.1663,0.9965485326115423,B:269:;B:270:;B:271:;B:272:;B:273:,B:270:
catalase_ps,anionic,64,3,alternative interface,D:224:,ALA,224,D,7,1,9.809636264704116,0.14285714285714285,0.5651357142857143,0.15014,0.9967303262843105,D:222:;D:223:;D:224:;D:225:;D:226:;D:227:;D:95:,D:95:
catalase_ps,anionic,65,3,alternative interface,C:363:,HIS,363,C,7,5,13.326209569171168,0.7142857142857143,0.12967571428571428,0.13683,0.9049353468211272,B:65:;C:360:;C:361:;C:362:;C:363:;C:366:;C:367:,B:65:;C:360:;C:361:;C:362:;C:363:
catalase_ps,anionic,66,3,alternative interface,B:363:,HIS,363,B,6,4,9.675300027852934,0.6666666666666666,0.14717500000000003,0.13513999999999998,0.9449358869090101,B:360:;B:361:;B:362:;B:363:;B:366:;B:367:,B:360:;B:361:;B:362:;B:363:
catalase_ps,anionic,67,3,alternative interface,A:224:,ALA,224,A,8,2,10.456487682209815,0.25,0.49335874999999996,0.11153,0.9960866448399918,A:222:;A:223:;A:224:;A:225:;A:226:;A:227:;A:92:;A:95:,A:92:;A:95:
catalase_ps,anionic,68,3,alternative interface,B:209:,ARG,209,B,7,4,14.995678775329466,0.5714285714285714,0.1461657142857143,0.07992,0.9924392784135705,B:206:;B:207:;B:208:;B:209:;B:210:;B:239:;B:275:,B:208:;B:209:;B:210:;B:275:
catalase_ps,anionic,69,3,alternative interface,C:451:,ASN,451,C,9,2,12.556484465778663,0.2222222222222222,0.5145155555555556,0.07551999999999999,0.9957728168065884,C:447:;C:448:;C:449:;C:450:;C:451:;C:452:;C:453:;C:454:;C:455:,C:448:;C:455:
catalase_ps,anionic,70,3,alternative interface,C:303:,PRO,303,C,7,1,11.767389394094007,0.14285714285714285,0.5678485714285715,0.025699999999999997,0.9973486953843131,C:301:;C:303:;C:304:;C:305:;C:306:;C:307:;C:308:,C:304:
catalase_ps,anionic,71,4,alternative interface,C:439:,VAL,439,C,9,3,12.31241356373603,0.3333333333333333,0.2933433333333333,0.47589,0.9953304827285668,C:192:;C:193:;C:437:;C:438:;C:439:;C:440:;C:441:;C:443:;C:483:,C:193:;C:440:;C:443:
catalase_ps,anionic,72,4,alternative interface,C:284:,THR,284,C,8,2,11.641009095961865,0.25,0.32189875,0.47468000000000005,0.9961222477212669,C:229:;C:230:;C:282:;C:284:;C:285:;C:286:;C:287:;C:288:,C:284:;C:286:
catalase_ps,anionic,73,4,alternative interface,B:284:,THR,284,B,8,2,11.56104745597246,0.25,0.32294125,0.46338,0.9959848681415086,B:229:;B:230:;B:282:;B:284:;B:285:;B:286:;B:287:;B:288:,B:284:;B:286:
catalase_ps,anionic,74,4,alternative interface,C:85:,GLU,85,C,9,4,15.509350007975225,0.4444444444444444,0.3587888888888889,0.45563000000000003,0.9930294201239889,C:102:;C:103:;C:104:;C:105:;C:314:;C:316:;C:83:;C:85:;C:87:,C:104:;C:105:;C:314:;C:87:
catalase_ps,anionic,75,4,alternative interface,A:91:,THR,91,A,8,4,13.81460284678486,0.5,0.4161475,0.43597,0.9927604046109397,A:100:;A:101:;A:223:;A:89:;A:91:;A:92:;A:93:;A:95:,A:101:;A:91:;A:92:;A:95:
catalase_ps,anionic,76,4,alternative interface,D:23:,PRO,23,D,8,2,11.992707247895893,0.25,0.4187075,0.42177,0.9934009402823132,B:409:;B:411:;B:412:;D:21:;D:22:;D:23:;D:24:;D:25:,B:409:;D:22:
catalase_ps,anionic,77,4,alternative interface,C:428:,VAL,428,C,8,3,10.822478501735242,0.375,0.3574875,0.40927,0.9948595327347558,C:426:;C:427:;C:428:;C:429:;D:421:;D:422:;D:423:;D:424:,D:421:;D:422:;D:423:
catalase_ps,anionic,78,4,alternative interface,D:439:,VAL,439,D,9,3,12.058952746783163,0.3333333333333333,0.2717333333333333,0.40414,0.9954051128579975,D:192:;D:193:;D:437:;D:438:;D:439:;D:440:;D:441:;D:443:;D:483:,D:193:;D:440:;D:443:
catalase_ps,anionic,79,4,alternative interface,B:439:,VAL,439,B,10,3,12.668243002931222,0.3,0.250525,0.40277,0.9954286881010787,B:190:;B:192:;B:193:;B:437:;B:438:;B:439:;B:440:;B:441:;B:443:;B:483:,B:193:;B:440:;B:443:
catalase_ps,anionic,80,4,alternative interface,A:23:,PRO,23,A,8,2,12.595805371119141,0.25,0.44809750000000004,0.40155,0.9930063372100472,A:21:;A:22:;A:23:;A:24:;A:25:;C:409:;C:411:;C:412:,A:22:;C:409:
catalase_ps,anionic,81,4,alternative interface,C:425:,SER,425,C,8,3,13.210854810771192,0.375,0.40242374999999997,0.39138,0.9930089175539529,C:423:;C:424:;C:425:;C:426:;C:427:;D:424:;D:425:;D:426:,C:423:;C:425:;D:425:
catalase_ps,anionic,82,4,alternative interface,D:472:,PHE,472,D,6,2,10.13565269312594,0.3333333333333333,0.4408000000000001,0.3774,0.9963898125507881,D:470:;D:471:;D:472:;D:474:;D:475:;D:476:,D:475:;D:476:
catalase_ps,anionic,83,4,alternative interface,A:248:,ASP,248,A,8,2,10.417042117492134,0.25,0.47581875,0.32387,0.9946897243524544,A:244:;A:245:;A:246:;A:247:;A:248:;A:250:;A:251:;A:252:,A:245:;A:251:
catalase_ps,anionic,84,4,alternative interface,B:422:,THR,422,B,8,4,12.849596105080604,0.5,0.30898749999999997,0.29518,0.9939213596838322,A:427:;A:428:;A:429:;B:420:;B:421:;B:422:;B:423:;B:424:,B:420:;B:421:;B:422:;B:423:
catalase_ps,anionic,85,4,alternative interface,D:420:,HIS,420,D,8,3,12.553248928867802,0.375,0.43993125,0.29105000000000003,0.992817609746852,D:222:;D:226:;D:227:;D:418:;D:419:;D:420:;D:421:;D:422:,D:420:;D:421:;D:422:
catalase_ps,anionic,86,4,alternative interface,B:495:,LEU,495,B,8,2,12.447068258702267,0.25,0.46961624999999996,0.27998,0.9952528685865463,B:460:;B:491:;B:493:;B:494:;B:495:;B:497:;B:498:;B:499:,B:491:;B:498:
catalase_ps,anionic,87,4,alternative interface,C:200:,SER,200,C,10,4,13.260577896245152,0.4,0.26044100000000003,0.25782,0.9955415913790937,C:197:;C:198:;C:200:;C:201:;C:202:;C:203:;C:454:;C:455:;C:457:;C:461:,C:200:;C:202:;C:455:;C:457:
catalase_ps,anionic,88,4,alternative interface,B:200:,SER,200,B,11,4,13.212347421938977,0.36363636363636365,0.21577545454545455,0.25522,0.9961498220546527,B:197:;B:198:;B:199:;B:200:;B:201:;B:202:;B:203:;B:454:;B:455:;B:457:;B:461:,B:200:;B:202:;B:455:;B:457:
catalase_ps,anionic,89,4,alternative interface,A:9:,ASP,9,A,8,4,11.865988739445761,0.5,0.36060875000000003,0.21731,0.9931890269389383,A:12:;A:13:;A:3:;A:4:;A:5:;A:6:;A:8:;A:9:,A:12:;A:13:;A:4:;A:8:
catalase_ps,anionic,90,4,alternative interface,D:97:,LYS,97,D,5,2,12.860796827483599,0.4,0.3395,0.18608,0.9945207331575479,D:100:;D:138:;D:139:;D:95:;D:97:,D:95:;D:97:
catalase_ps,anionic,91,4,alternative interface,A:88:,HIS,88,A,5,2,11.442489015727537,0.4,0.456212,0.17056000000000002,0.9954762011787164,A:102:;A:311:;A:87:;A:88:;A:89:,A:87:;A:88:
catalase_ps,anionic,92,4,alternative interface,C:224:,ALA,224,C,8,2,10.348547942256902,0.25,0.50090625,0.11875,0.9959274918100506,C:222:;C:223:;C:224:;C:225:;C:226:;C:227:;C:92:;C:95:,C:92:;C:95:
catalase_ps,anionic,93,4,alternative interface,B:224:,ALA,224,B,7,1,9.92691144655841,0.14285714285714285,0.4806671428571429,0.09820000000000001,0.9966544798729762,B:222:;B:223:;B:224:;B:225:;B:226:;B:227:;B:95:,B:95:
catalase_ps,anionic,94,4,alternative interface,B:451:,ASN,451,B,9,2,12.04482807635195,0.2222222222222222,0.4845088888888889,0.07986,0.9959318505302783,B:447:;B:448:;B:449:;B:450:;B:451:;B:452:;B:453:;B:454:;B:455:,B:448:;B:455:
catalase_ps,anionic,95,4,alternative interface,B:165:,HIS,165,B,5,3,10.749623297092775,0.6,0.11939200000000001,0.06265,0.98440168640501,A:402:;B:165:;B:167:;B:168:;B:169:,B:165:;B:168:;B:169:
catalase_ps,anionic,96,4,alternative interface,D:304:,HIS,304,D,7,1,9.9079872059603,0.14285714285714285,0.5193800000000001,0.023700000000000002,0.9971807847876124,D:303:;D:304:;D:305:;D:306:;D:307:;D:308:;D:309:,D:304:
catalase_ps,anionic,97,4,alternative interface,A:303:,PRO,303,A,7,1,11.799993774357048,0.14285714285714285,0.5454714285714285,0.02144,0.9972438032974714,A:301:;A:303:;A:304:;A:305:;A:306:;A:307:;A:308:,A:304:
catalase_ps,anionic,98,4,alternative interface,B:303:,PRO,303,B,7,1,11.851800092239223,0.14285714285714285,0.5577571428571428,0.02097,0.9972274580442265,B:301:;B:303:;B:304:;B:305:;B:306:;B:307:;B:308:,B:304:
catalase_ps,anionic,99,5,alternative interface,A:284:,THR,284,A,8,2,11.442789093927953,0.25,0.30314874999999997,0.43607999999999997,0.9960227135890192,A:229:;A:230:;A:282:;A:284:;A:285:;A:286:;A:287:;A:288:,A:284:;A:286:
catalase_ps,anionic,100,5,alternative interface,D:284:,THR,284,D,8,2,11.831378475147874,0.25,0.31127249999999995,0.43348,0.9958396484860118,D:229:;D:230:;D:282:;D:284:;D:285:;D:286:;D:287:;D:288:,D:284:;D:286:
catalase_ps,anionic,101,5,alternative interface,B:243:,ASN,243,B,10,4,14.252737696975222,0.4,0.29577400000000004,0.42719,0.9911954859648507,B:201:;B:202:;B:203:;B:206:;B:210:;B:241:;B:242:;B:243:;B:244:;B:245:,B:202:;B:210:;B:242:;B:245:
catalase_ps,anionic,102,5,alternative interface,A:439:,VAL,439,A,9,3,12.029506956069072,0.3333333333333333,0.27925333333333335,0.41584000000000004,0.9951283832587193,A:192:;A:193:;A:437:;A:438:;A:439:;A:440:;A:441:;A:443:;A:483:,A:193:;A:440:;A:443:
catalase_ps,anionic,103,5,alternative interface,C:23:,PRO,23,C,8,2,12.39518099308207,0.25,0.39817375,0.40828000000000003,0.9933937722678914,A:409:;A:411:;A:412:;C:21:;C:22:;C:23:;C:24:;C:25:,A:409:;C:22:
catalase_ps,anionic,104,5,alternative interface,B:472:,PHE,472,B,6,2,10.500349827052686,0.3333333333333333,0.42391500000000004,0.35195,0.996084746760865,B:470:;B:471:;B:472:;B:474:;B:475:;B:476:,B:475:;B:476:
catalase_ps,anionic,105,5,alternative interface,A:210:,HIS,210,A,11,4,12.02239682676117,0.36363636363636365,0.26654363636363637,0.34889000000000003,0.9937246340454273,A:206:;A:207:;A:208:;A:209:;A:210:;A:212:;A:239:;A:240:;A:241:;A:242:;A:243:,A:208:;A:209:;A:210:;A:242:
catalase_ps,anionic,106,5,alternative interface,A:381:,ARG,381,A,8,3,14.95173590946465,0.375,0.34575,0.34372,0.9810092000325042,A:378:;A:379:;A:381:;A:382:;A:383:;C:24:;C:25:;C:27:,A:379:;A:381:;C:27:
catalase_ps,anionic,107,5,alternative interface,B:118:,GLU,118,B,12,6,15.818871629883631,0.5,0.1821975,0.33468000000000003,0.9698901307233072,B:116:;B:117:;B:118:;B:119:;B:121:;B:70:;B:73:;B:74:;B:76:;C:118:;C:119:;C:121:,B:119:;B:121:;B:74:;B:76:;C:119:;C:121:
catalase_ps,anionic,108,5,alternative interface,C:472:,PHE,472,C,6,2,10.168194307877995,0.3333333333333333,0.43642833333333336,0.32763,0.9963384684943136,C:470:;C:471:;C:472:;C:474:;C:475:;C:476:,C:475:;C:476:
catalase_ps,anionic,109,5,alternative interface,A:425:,SER,425,A,10,4,13.683028579208486,0.4,0.326884,0.31986000000000003,0.9925299009310115,A:423:;A:424:;A:425:;A:426:;A:427:;B:423:;B:424:;B:425:;B:426:;D:44:,A:423:;A:425:;B:423:;B:425:
catalase_ps,anionic,110,5,alternative interface,D:118:,GLU,118,D,9,4,14.553634913536941,0.4444444444444444,0.1901111111111111,0.31474,0.9746890225523096,A:118:;A:119:;D:116:;D:117:;D:118:;D:119:;D:121:;D:70:;D:74:,A:119:;D:119:;D:121:;D:74:
catalase_ps,anionic,111,5,alternative interface,C:248:,ASP,248,C,8,2,10.861735698634796,0.25,0.46430125000000005,0.30508,0.9945531984421057,C:244:;C:245:;C:246:;C:247:;C:248:;C:250:;C:251:;C:252:,C:245:;C:251:
catalase_ps,anionic,112,5,alternative interface,B:381:,ARG,381,B,8,3,14.932431075919945,0.375,0.33095125,0.30061,0.9813348416236527,B:378:;B:379:;B:381:;B:382:;B:383:;D:24:;D:25:;D:27:,B:379:;B:381:;D:27:
catalase_ps,anionic,113,5,alternative interface,D:206:,ASP,206,D,10,4,12.713608971752071,0.4,0.176077,0.26889,0.9927378824730597,D:204:;D:206:;D:207:;D:208:;D:209:;D:210:;D:242:;D:243:;D:244:;D:260:,D:208:;D:209:;D:210:;D:242:
catalase_ps,anionic,114,5,alternative interface,B:212:,ASP,212,B,7,3,14.373407189807997,0.42857142857142855,0.20671285714285714,0.21142,0.9902070925670727,B:148:;B:210:;B:212:;B:214:;B:234:;B:236:;B:241:,B:210:;B:234:;B:236:
catalase_ps,anionic,115,5,alternative interface,A:422:,THR,422,A,8,4,13.032384100012873,0.5,0.2750725,0.18087,0.9935668755759204,A:420:;A:421:;A:422:;A:423:;A:424:;B:427:;B:428:;B:429:,A:420:;A:421:;A:422:;A:423:
catalase_ps,anionic,116,5,alternative interface,B:88:,HIS,88,B,5,2,11.845513131958981,0.4,0.427306,0.14666,0.9952095846320544,B:102:;B:311:;B:87:;B:88:;B:89:,B:87:;B:88:
catalase_ps,anionic,117,5,alternative interface,C:468:,ASP,468,C,5,2,11.639459956087325,0.4,0.362412,0.13457,0.9953917646838106,C:178:;C:465:;C:467:;C:468:;C:470:,C:465:;C:467:
catalase_ps,anionic,118,5,alternative interface,A:165:,HIS,165,A,5,3,10.64489100696966,0.6,0.093574,0.038650000000000004,0.9840496364705055,A:165:;A:167:;A:168:;A:169:;B:402:,A:165:;A:168:;A:169:
catalase_ps,anionic,119,6,alternative interface,D:428:,VAL,428,D,9,3,12.779283558708878,0.3333333333333333,0.30208999999999997,0.32993,0.9949000139986864,A:41:;C:421:;C:422:;C:423:;C:424:;D:426:;D:427:;D:428:;D:429:,C:421:;C:422:;C:423:
catalase_ps,anionic,120,6,alternative interface,D:381:,ARG,381,D,8,2,14.692466650626823,0.25,0.3975925,0.32754,0.9811513350011855,B:24:;B:25:;D:138:;D:378:;D:379:;D:381:;D:382:;D:383:,D:379:;D:381:
catalase_ps,anionic,121,6,alternative interface,A:418:,LEU,418,A,8,2,13.939980178416219,0.25,0.35093125000000003,0.32384999999999997,0.9885163117734513,A:340:;A:414:;A:415:;A:416:;A:418:;A:419:;A:420:;C:36:,A:416:;A:420:
catalase_ps,anionic,122,6,alternative interface,B:248:,ASP,248,B,9,2,11.57014386706715,0.2222222222222222,0.43579,0.29905000000000004,0.9948699882096775,B:244:;B:245:;B:246:;B:247:;B:248:;B:250:;B:251:;B:252:;B:253:,B:245:;B:251:
catalase_ps,anionic,123,6,alternative interface,C:241:,ILE,241,C,7,2,11.955096008466983,0.2857142857142857,0.32184999999999997,0.29102,0.9942644483972684,C:210:;C:212:;C:239:;C:240:;C:241:;C:242:;C:243:,C:210:;C:242:
catalase_ps,anionic,124,6,alternative interface,C:381:,ARG,381,C,7,2,14.27161207701185,0.2857142857142857,0.3720228571428571,0.28492999999999996,0.9822822540470063,A:25:;C:138:;C:378:;C:379:;C:381:;C:382:;C:383:,C:379:;C:381:
catalase_ps,anionic,125,6,alternative interface,D:241:,ILE,241,D,7,2,11.868787492255304,0.2857142857142857,0.3240557142857143,0.27726,0.9941823297070804,D:210:;D:212:;D:239:;D:240:;D:241:;D:242:;D:243:,D:210:;D:242:
catalase_ps,anionic,126,6,alternative interface,C:418:,LEU,418,C,8,2,13.616777453493093,0.25,0.35543125,0.2667,0.9886994376021788,A:36:;C:340:;C:414:;C:415:;C:416:;C:418:;C:419:;C:420:,C:416:;C:420:
catalase_ps,anionic,127,6,alternative interface,A:121:,SER,121,A,10,4,14.244575884364867,0.4,0.208846,0.2626,0.9862347775844321,A:117:;A:118:;A:119:;A:121:;A:122:;A:123:;A:257:;D:119:;D:121:;D:122:,A:119:;A:121:;D:119:;D:121:
catalase_ps,anionic,128,6,alternative interface,C:254:,HIS,254,C,13,4,14.034252603332908,0.3076923076923077,0.3250015384615385,0.25524,0.9912424891608318,B:250:;B:251:;B:253:;B:254:;C:122:;C:250:;C:251:;C:252:;C:253:;C:254:;C:255:;C:256:;C:257:,B:251:;B:254:;C:251:;C:254:
catalase_ps,anionic,129,6,alternative interface,A:45:,PRO,45,A,4,1,10.283002228899218,0.25,0.40170249999999996,0.21112999999999998,0.993459297819074,A:45:;A:46:;D:426:;D:431:,A:46:
catalase_ps,anionic,130,6,alternative interface,A:97:,LYS,97,A,6,2,12.472881812846648,0.3333333333333333,0.31819,0.20656,0.9930336508544542,A:100:;A:138:;A:139:;A:340:;A:95:;A:97:,A:95:;A:97:
catalase_ps,anionic,131,6,alternative interface,B:45:,PRO,45,B,4,1,10.367773356421893,0.25,0.4577825,0.18752,0.9936068503183205,B:45:;B:46:;C:426:;C:431:,B:46:
catalase_ps,anionic,132,6,alternative interface,A:468:,ASP,468,A,6,2,13.405154060548208,0.3333333333333333,0.3723633333333334,0.18636,0.9943582560458123,A:178:;A:464:;A:465:;A:467:;A:468:;A:470:,A:465:;A:467:
catalase_ps,anionic,133,6,alternative interface,C:357:,TYR,357,C,9,4,12.689205144453345,0.4444444444444444,0.14325333333333334,0.17637,0.978675851512451,C:333:;C:336:;C:353:;C:355:;C:356:;C:357:;C:358:;C:360:;C:361:,C:336:;C:353:;C:360:;C:361:
catalase_ps,anionic,134,6,alternative interface,B:468:,ASP,468,B,6,2,13.334949146502757,0.3333333333333333,0.30970333333333333,0.1635,0.9944898584559786,B:178:;B:464:;B:465:;B:467:;B:468:;B:470:,B:465:;B:467:
catalase_ps,anionic,135,6,alternative interface,C:5:,ASP,5,C,6,2,13.738353663740991,0.3333333333333333,0.35849,0.15645,0.995498993264507,C:266:;C:3:;C:4:;C:5:;C:6:;C:8:,C:4:;C:8:
catalase_ps,anionic,136,6,alternative interface,A:460:,GLU,460,A,6,2,11.969002220524642,0.3333333333333333,0.4080483333333333,0.15207,0.9961469136510479,A:456:;A:457:;A:460:;A:461:;A:464:;A:495:,A:456:;A:457:
catalase_ps,anionic,137,6,alternative interface,A:361:,HIS,361,A,8,4,12.676767919614196,0.5,0.1516575,0.13162000000000001,0.9544909624335057,A:357:;A:358:;A:360:;A:361:;A:362:;A:363:;A:366:;A:367:,A:360:;A:361:;A:362:;A:363:
catalase_ps,anionic,138,6,alternative interface,A:434:,ALA,434,A,6,2,12.629277481961111,0.3333333333333333,0.41377166666666665,0.09218,0.9933564024105713,A:188:;A:432:;A:433:;A:434:;A:435:;A:436:,A:188:;A:433:
catalase_ps,anionic,139,6,alternative interface,C:209:,ARG,209,C,8,4,15.325839591459017,0.5,0.21944625,0.08898,0.9927065649826025,C:206:;C:207:;C:208:;C:209:;C:210:;C:239:;C:240:;C:275:,C:208:;C:209:;C:210:;C:275:
catalase_ps,anionic,140,6,alternative interface,A:187:,LEU,187,A,5,2,13.972090336670048,0.4,0.24797599999999997,0.056740000000000006,0.9937213227723183,A:187:;A:188:;A:189:;A:476:;B:405:,A:188:;A:476:
catalase_ps,anionic,141,6,alternative interface,C:187:,LEU,187,C,5,2,13.915048543891478,0.4,0.241694,0.05448,0.9938224434001944,C:187:;C:188:;C:189:;C:476:;D:405:,C:188:;C:476:
catalase_ps,anionic,142,6,alternative interface,B:187:,LEU,187,B,5,2,13.876475308602057,0.4,0.24413200000000002,0.05315,0.9940474806894488,A:405:;B:187:;B:188:;B:189:;B:476:,B:188:;B:476:
catalase_ps,anionic,143,6,alternative interface,A:199:,PHE,199,A,8,3,11.640887996069772,0.375,0.19344625,0.0282,0.9943162009862896,A:126:;A:197:;A:198:;A:199:;A:200:;A:201:;A:202:;A:461:,A:126:;A:200:;A:202:
catalase_ps,anionic,144,7,alternative interface,C:204:,ILE,204,C,13,3,15.272981580369853,0.23076923076923078,0.26416153846153845,0.30942000000000003,0.9926602504867125,C:125:;C:126:;C:127:;C:128:;C:201:;C:202:;C:203:;C:204:;C:206:;C:243:;C:244:;C:245:;C:246:,C:126:;C:202:;C:245:
catalase_ps,anionic,145,7,alternative interface,B:418:,LEU,418,B,8,2,14.066613357070668,0.25,0.32168874999999997,0.28315,0.9882000889647482,B:340:;B:414:;B:415:;B:416:;B:418:;B:419:;B:420:;D:36:,B:416:;B:420:
catalase_ps,anionic,146,7,alternative interface,B:266:,ASN,266,B,8,2,11.48614786363074,0.25,0.26553375,0.26995,0.9930617033246849,B:262:;B:263:;B:265:;B:266:;B:269:;B:270:;B:5:;B:6:,B:262:;B:270:
catalase_ps,anionic,147,7,alternative interface,C:318:,ASN,318,C,7,1,13.494203790519673,0.14285714285714285,0.3430028571428571,0.26481,0.994345568666915,C:271:;C:273:;C:316:;C:318:;C:319:;C:320:;C:81:,C:319:
catalase_ps,anionic,148,7,alternative interface,A:204:,ILE,204,A,11,3,13.324232392507117,0.2727272727272727,0.2851600000000001,0.24184999999999998,0.9931886971676078,A:125:;A:126:;A:127:;A:201:;A:202:;A:204:;A:206:;A:243:;A:244:;A:245:;A:246:,A:126:;A:202:;A:245:
catalase_ps,anionic,149,7,alternative interface,D:269:,ALA,269,D,9,2,13.38622385948693,0.2222222222222222,0.3248522222222222,0.23775,0.9933909502372272,D:265:;D:266:;D:269:;D:270:;D:271:;D:272:;D:319:;D:320:;D:6:,D:270:;D:319:
catalase_ps,anionic,150,7,alternative interface,D:253:,ALA,253,D,12,3,12.721440933165495,0.25,0.2949791666666667,0.22757000000000002,0.9923819225773906,A:254:;D:122:;D:123:;D:125:;D:250:;D:251:;D:252:;D:253:;D:254:;D:255:;D:256:;D:257:,A:254:;D:251:;D:254:
catalase_ps,anionic,151,7,alternative interface,C:269:,ALA,269,C,10,2,13.797728358209055,0.2,0.378917,0.22644999999999998,0.9925736558820772,C:265:;C:266:;C:269:;C:270:;C:271:;C:272:;C:273:;C:319:;C:320:;C:6:,C:270:;C:319:
catalase_ps,anionic,152,7,alternative interface,D:414:,GLN,414,D,10,2,13.314066111640257,0.2,0.396003,0.22109,0.9894912081079786,B:25:;B:33:;B:36:;D:412:;D:413:;D:414:;D:415:;D:416:;D:417:;D:418:,D:413:;D:416:
catalase_ps,anionic,153,7,alternative interface,A:269:,ALA,269,A,9,2,13.250373254624758,0.2222222222222222,0.3408977777777778,0.21864,0.9934094875379312,A:265:;A:266:;A:269:;A:270:;A:271:;A:272:;A:319:;A:320:;A:6:,A:270:;A:319:
catalase_ps,anionic,154,7,alternative interface,D:201:,ASP,201,D,12,4,15.052035415161013,0.3333333333333333,0.23584666666666665,0.20403,0.991688513221054,D:197:;D:198:;D:199:;D:200:;D:201:;D:202:;D:204:;D:243:;D:244:;D:245:;D:454:;D:457:,D:200:;D:202:;D:245:;D:457:
catalase_ps,anionic,155,7,alternative interface,B:97:,LYS,97,B,6,2,12.362792721715572,0.3333333333333333,0.26725166666666667,0.20312999999999998,0.9930476385802988,B:100:;B:138:;B:139:;B:340:;B:95:;B:97:,B:95:;B:97:
catalase_ps,anionic,156,7,alternative interface,B:357:,TYR,357,B,8,3,12.18982078599175,0.375,0.15786250000000002,0.18193,0.9786796426717067,B:333:;B:353:;B:355:;B:356:;B:357:;B:358:;B:360:;B:361:,B:353:;B:360:;B:361:
catalase_ps,anionic,157,7,alternative interface,D:468:,ASP,468,D,6,2,13.185756171181517,0.3333333333333333,0.31684833333333334,0.14938,0.9945000651175939,D:178:;D:464:;D:465:;D:467:;D:468:;D:470:,D:465:;D:467:
catalase_ps,anionic,158,7,alternative interface,C:464:,GLY,464,C,6,2,12.256175157802813,0.3333333333333333,0.344215,0.11757999999999999,0.9954379751856124,C:460:;C:461:;C:464:;C:465:;C:467:;C:499:,C:465:;C:467:
catalase_ps,anionic,159,7,alternative interface,D:69:,PRO,69,D,9,4,14.066641980383393,0.4444444444444444,0.12699555555555556,0.11741,0.9210776954196866,A:67:;A:69:;A:70:;D:364:;D:67:;D:69:;D:70:;D:71:;D:72:,A:67:;D:364:;D:67:;D:71:
catalase_ps,anionic,160,7,alternative interface,C:117:,GLY,117,C,10,4,14.398614697785083,0.4,0.17296799999999998,0.08769,0.976677987780101,C:115:;C:116:;C:117:;C:118:;C:119:;C:121:;C:122:;C:168:;C:73:;C:74:,C:119:;C:121:;C:168:;C:74:
catalase_ps,anionic,161,7,alternative interface,C:434:,ALA,434,C,6,2,13.02262234188796,0.3333333333333333,0.39537,0.07562,0.9927018537515733,C:188:;C:432:;C:433:;C:434:;C:435:;C:436:,C:188:;C:433:
catalase_ps,anionic,162,7,alternative interface,B:113:,SER,113,B,8,4,12.474348622903634,0.5,0.10666125000000001,0.06722,0.9838610716820667,B:113:;B:115:;B:123:;B:129:;B:130:;B:74:;B:76:;B:78:,B:113:;B:129:;B:74:;B:76:
catalase_ps,anionic,163,7,alternative interface,A:214:,TYR,214,A,8,3,13.454674959421304,0.375,0.13233875,0.06523,0.9907981649965021,A:147:;A:148:;A:150:;A:212:;A:214:;A:216:;A:232:;A:234:,A:216:;A:232:;A:234:
catalase_ps,anionic,164,7,alternative interface,D:434:,ALA,434,D,6,2,12.597286462818522,0.3333333333333333,0.3980250000000001,0.06284,0.993242977156119,D:188:;D:432:;D:433:;D:434:;D:435:;D:436:,D:188:;D:433:
catalase_ps,anionic,165,7,alternative interface,C:346:,PRO,346,C,5,2,12.8166286410839,0.4,0.17456,0.06141,0.9910992985708115,B:46:;C:296:;C:344:;C:346:;C:348:,B:46:;C:348:
catalase_ps,anionic,166,7,alternative interface,D:187:,LEU,187,D,5,2,13.751789608936377,0.4,0.223828,0.05328,0.9937823771423117,C:405:;D:187:;D:188:;D:189:;D:476:,D:188:;D:476:
catalase_ps,anionic,167,7,alternative interface,A:71:,ARG,71,A,7,3,12.472374827164668,0.42857142857142855,0.14087857142857144,0.04835,0.9769929131855137,A:69:;A:70:;A:71:;A:72:;A:73:;A:74:;D:67:,A:71:;A:74:;D:67:
catalase_ps,anionic,168,7,alternative interface,D:348:,LYS,348,D,5,2,13.912025307932856,0.4,0.16690799999999997,0.040549999999999996,0.9939258532877329,A:46:;D:157:;D:296:;D:348:;D:349:,A:46:;D:348:
catalase_ps,anionic,169,7,alternative interface,B:232:,LYS,232,B,6,3,13.648861816085073,0.5,0.08749166666666668,0.02691,0.9908871910973812,B:216:;B:219:;B:230:;B:232:;B:234:;B:282:,B:216:;B:232:;B:234:
catalase_ps,anionic,170,7,alternative interface,D:301:,VAL,301,D,5,1,12.50164563151078,0.2,0.244734,0.02528,0.9959401121197956,D:150:;D:300:;D:301:;D:303:;D:441:,D:300:
catalase_ps,anionic,171,7,alternative interface,B:240:,GLY,240,B,6,2,11.233455157214928,0.3333333333333333,0.37395,0.0069,0.9958221167512717,B:210:;B:238:;B:239:;B:240:;B:241:;B:242:,B:210:;B:242:
catalase_ps,anionic,172,8,alternative interface,A:318:,ASN,318,A,7,1,13.27242000220863,0.14285714285714285,0.31170285714285717,0.21443,0.9941750172141666,A:271:;A:273:;A:316:;A:318:;A:319:;A:320:;A:81:,A:319:
catalase_ps,anionic,173,8,alternative interface,A:253:,ALA,253,A,13,3,13.994781368536502,0.23076923076923078,0.29018615384615387,0.20645,0.9913479026065574,A:122:;A:123:;A:125:;A:250:;A:251:;A:252:;A:253:;A:254:;A:255:;A:256:;A:257:;A:259:;D:254:,A:251:;A:254:;D:254:
catalase_ps,anionic,174,8,alternative interface,C:44:,GLY,44,C,10,2,14.445149378528427,0.2,0.325709,0.20489999999999997,0.9909235213908715,B:424:;B:425:;B:426:;B:427:;B:428:;B:429:;B:431:;C:44:;C:45:;C:46:,B:425:;C:46:
catalase_ps,anionic,175,8,alternative interface,D:45:,PRO,45,D,6,1,13.744858759674374,0.16666666666666666,0.3559016666666667,0.17951,0.9917578135305863,A:426:;A:431:;A:432:;D:44:;D:45:;D:46:,D:46:
catalase_ps,anionic,176,8,alternative interface,D:356:,ALA,356,D,7,2,11.894714166241787,0.2857142857142857,0.15336714285714284,0.17858000000000002,0.9780059770752736,A:60:;D:353:;D:355:;D:356:;D:357:;D:358:;D:360:,D:353:;D:360:
catalase_ps,anionic,177,8,alternative interface,C:97:,LYS,97,C,6,2,12.54573908200384,0.3333333333333333,0.2736533333333333,0.13116,0.9930046362429696,C:100:;C:138:;C:139:;C:340:;C:95:;C:97:,C:95:;C:97:
catalase_ps,anionic,178,8,alternative interface,B:126:,ARG,126,B,7,1,10.763481630069565,0.14285714285714285,0.19043428571428572,0.07719000000000001,0.9946923975678705,B:125:;B:126:;B:127:;B:128:;B:198:;B:199:;B:203:,B:126:
catalase_ps,anionic,179,8,alternative interface,B:434:,ALA,434,B,7,2,12.687525278764248,0.2857142857142857,0.35585999999999995,0.06431,0.9920934643513314,B:188:;B:190:;B:432:;B:433:;B:434:;B:435:;B:436:,B:188:;B:433:
catalase_ps,anionic,180,8,alternative interface,D:165:,HIS,165,D,6,3,11.68629932485655,0.5,0.10273833333333333,0.05464,0.9822181712403246,C:402:;D:163:;D:165:;D:167:;D:168:;D:169:,D:165:;D:168:;D:169:
catalase_ps,anionic,181,8,alternative interface,C:214:,TYR,214,C,8,3,13.462753484680016,0.375,0.12882375000000001,0.05372,0.9907747151959629,C:147:;C:148:;C:150:;C:212:;C:214:;C:216:;C:232:;C:234:,C:216:;C:232:;C:234:
catalase_ps,anionic,182,8,alternative interface,D:214:,TYR,214,D,8,3,13.383377636997167,0.375,0.1328925,0.04807,0.9908205124446279,D:147:;D:148:;D:150:;D:212:;D:214:;D:216:;D:232:;D:234:,D:216:;D:232:;D:234:
catalase_ps,anionic,183,8,alternative interface,B:348:,LYS,348,B,5,1,12.98532701025642,0.2,0.07854200000000001,0.04288,0.9930401454905569,B:157:;B:296:;B:346:;B:348:;B:349:,B:348:
catalase_ps,anionic,184,8,alternative interface,C:113:,SER,113,C,5,2,11.656965990126531,0.4,0.12515199999999999,0.03386,0.9875013271157145,C:113:;C:115:;C:123:;C:130:;C:74:,C:113:;C:74:
catalase_ps,anionic,185,8,alternative interface,D:113:,SER,113,D,5,2,11.472913992303136,0.4,0.147118,0.03018,0.9876534564833253,D:113:;D:115:;D:123:;D:130:;D:74:,D:113:;D:74:
catalase_ps,anionic,186,8,alternative interface,D:219:,PHE,219,D,6,2,11.851675281556055,0.3333333333333333,0.10039166666666666,0.02543,0.9947984219624267,D:219:;D:220:;D:230:;D:232:;D:343:;D:344:,D:220:;D:232:
catalase_ps,anionic,187,8,alternative interface,B:39:,ASN,39,B,7,2,12.102055883291424,0.2857142857142857,0.24392428571428573,0.02442,0.9934345171187514,B:36:;B:37:;B:38:;B:39:;C:431:;C:432:;C:433:,B:37:;C:433:
catalase_ps,anionic,188,9,alternative interface,A:356:,ALA,356,A,7,2,12.01710132772345,0.2857142857142857,0.14998,0.17351,0.9777074133968963,A:353:;A:355:;A:356:;A:357:;A:358:;A:360:;D:60:,A:353:;A:360:
catalase_ps,anionic,189,9,alternative interface,D:318:,ASN,318,D,9,1,14.585442215089637,0.1111111111111111,0.2689977777777778,0.17176,0.9918149405957921,D:271:;D:273:;D:316:;D:318:;D:319:;D:320:;D:81:;D:82:;D:83:,D:319:
catalase_ps,anionic,190,9,alternative interface,B:318:,ASN,318,B,8,1,13.333489810883373,0.125,0.30582125,0.17084,0.9934471530070141,B:271:;B:273:;B:316:;B:318:;B:319:;B:320:;B:81:;B:82:,B:319:
catalase_ps,anionic,191,9,alternative interface,A:260:,GLY,260,A,10,2,12.111296281017953,0.2,0.147032,0.15117,0.990701006769599,A:123:;A:206:;A:207:;A:208:;A:258:;A:259:;A:260:;A:261:;A:262:;A:263:,A:208:;A:262:
catalase_ps,anionic,192,9,alternative interface,C:260:,GLY,260,C,10,2,12.092410709353022,0.2,0.13208,0.14386,0.9910459477327074,C:123:;C:206:;C:207:;C:208:;C:258:;C:259:;C:260:;C:261:;C:262:;C:263:,C:208:;C:262:
catalase_ps,anionic,193,9,alternative interface,B:260:,GLY,260,B,10,2,13.897956705839514,0.2,0.155802,0.13701,0.9900379071203773,B:123:;B:206:;B:207:;B:208:;B:258:;B:259:;B:260:;B:262:;B:263:;B:78:,B:208:;B:262:
catalase_ps,anionic,194,9,alternative interface,D:59:,GLU,59,D,9,3,11.716330196657319,0.3333333333333333,0.1479688888888889,0.12641,0.9747973089039329,B:386:;D:28:;D:29:;D:55:;D:57:;D:58:;D:59:;D:60:;D:62:,D:28:;D:57:;D:62:
catalase_ps,anionic,195,9,alternative interface,C:59:,GLU,59,C,9,3,11.913870085055231,0.3333333333333333,0.15319222222222223,0.12179999999999999,0.9742824357731429,A:386:;C:28:;C:29:;C:55:;C:57:;C:58:;C:59:;C:60:;C:62:,C:28:;C:57:;C:62:
catalase_ps,anionic,196,9,alternative interface,D:54:,VAL,54,D,8,2,11.082268709646511,0.25,0.18162,0.11968,0.9800897515915495,B:336:;B:355:;D:51:;D:52:;D:54:;D:55:;D:57:;D:58:,B:336:;D:57:
catalase_ps,anionic,197,9,alternative interface,C:54:,VAL,54,C,8,2,11.295373737573613,0.25,0.16946375,0.11333,0.9806314557464172,A:336:;A:355:;C:51:;C:52:;C:54:;C:55:;C:57:;C:58:,A:336:;C:57:
catalase_ps,anionic,198,9,alternative interface,D:136:,TYR,136,D,5,1,10.528800607088108,0.2,0.30060200000000004,0.11314,0.9901954429608475,D:107:;D:136:;D:138:;D:378:;D:379:,D:379:
catalase_ps,anionic,199,9,alternative interface,B:59:,GLU,59,B,9,3,12.106887087189515,0.3333333333333333,0.15341888888888888,0.11223000000000001,0.9738000670837877,B:28:;B:29:;B:55:;B:57:;B:58:;B:59:;B:60:;B:62:;D:386:,B:28:;B:57:;B:62:
catalase_ps,anionic,200,9,alternative interface,B:54:,VAL,54,B,8,2,10.976035262409564,0.25,0.18063875000000001,0.10611000000000001,0.9809200450796677,B:51:;B:52:;B:54:;B:55:;B:57:;B:58:;D:336:;D:355:,B:57:;D:336:
catalase_ps,anionic,201,9,alternative interface,A:59:,GLU,59,A,9,3,12.044053444158877,0.3333333333333333,0.14797111111111108,0.1038,0.9746944804687089,A:28:;A:29:;A:55:;A:57:;A:58:;A:59:;A:60:;A:62:;C:386:,A:28:;A:57:;A:62:
catalase_ps,anionic,202,9,alternative interface,A:54:,VAL,54,A,7,2,10.960472447676159,0.2857142857142857,0.18132285714285715,0.09712,0.9823985938868254,A:51:;A:52:;A:54:;A:55:;A:57:;A:58:;C:336:,A:57:;C:336:
catalase_ps,anionic,203,9,alternative interface,D:126:,ARG,126,D,7,1,11.17495621971619,0.14285714285714285,0.14579142857142857,0.08253,0.9934527600279586,D:125:;D:126:;D:127:;D:128:;D:198:;D:199:;D:204:,D:126:
catalase_ps,anionic,204,9,alternative interface,B:122:,ALA,122,B,13,4,15.247729226946085,0.3076923076923077,0.24743615384615386,0.06961,0.9872993094583069,B:117:;B:121:;B:122:;B:123:;B:125:;B:253:;B:254:;B:256:;B:257:;B:258:;B:259:;B:76:;C:121:,B:121:;B:254:;B:76:;C:121:
catalase_ps,anionic,205,9,alternative interface,A:66:,GLU,66,A,6,2,12.818141892353657,0.3333333333333333,0.1542066666666667,0.0693,0.9356499210725778,A:62:;A:66:;A:67:;C:388:;C:390:;D:72:,A:62:;A:67:
catalase_ps,anionic,206,9,alternative interface,D:32:,ASN,32,D,9,2,14.709165889777141,0.2222222222222222,0.10074666666666666,0.05866,0.9877056556421334,B:139:;B:337:;B:338:;B:340:;D:27:;D:28:;D:29:;D:30:;D:32:,D:27:;D:28:
catalase_ps,anionic,207,9,alternative interface,B:150:,PRO,150,B,8,2,14.813530345938947,0.25,0.178145,0.05229,0.9900201804463648,B:147:;B:148:;B:150:;B:152:;B:214:;B:216:;B:234:;B:301:,B:216:;B:234:
catalase_ps,anionic,208,9,alternative interface,D:73:,VAL,73,D,7,2,10.266649662703715,0.2857142857142857,0.1469342857142857,0.04412,0.9914198756516559,D:115:;D:116:;D:117:;D:71:;D:72:;D:73:;D:74:,D:71:;D:74:
catalase_ps,anionic,209,9,alternative interface,A:113:,SER,113,A,6,2,11.622580699638739,0.3333333333333333,0.12178166666666666,0.029580000000000002,0.9864930850560644,A:113:;A:115:;A:123:;A:130:;A:74:;A:77:,A:113:;A:74:
catalase_ps,anionic,210,9,alternative interface,C:413:,HIS,413,C,8,1,13.020714546549286,0.125,0.35230625000000004,0.01836,0.9891820891174002,A:25:;A:33:;A:36:;C:411:;C:412:;C:413:;C:414:;C:415:,C:413:
catalase_ps,anionic,211,9,alternative interface,A:413:,HIS,413,A,8,2,12.871017706753511,0.25,0.34659375,0.01524,0.9905298784525807,A:411:;A:412:;A:413:;A:414:;A:415:;C:25:;C:27:;C:36:,A:413:;C:27:
catalase_ps,anionic,212,9,alternative interface,B:413:,HIS,413,B,8,2,12.731611044530686,0.25,0.33209,0.01385,0.9906380510955269,B:411:;B:412:;B:413:;B:414:;B:415:;D:25:;D:27:;D:36:,B:413:;D:27:
catalase_ps,anionic,213,10,alternative interface,D:263:,ASP,263,D,8,1,11.533832765841336,0.125,0.18240625,0.15394,0.992278753164356,D:207:;D:259:;D:260:;D:261:;D:262:;D:263:;D:265:;D:266:,D:262:
catalase_ps,anionic,214,10,alternative interface,B:67:,ARG,67,B,10,3,14.146542674537015,0.3,0.143712,0.11023,0.9052152887454509,B:65:;B:66:;B:67:;B:69:;C:69:;C:70:;C:71:;C:72:;D:388:;D:390:,B:65:;B:67:;C:71:
catalase_ps,anionic,215,10,alternative interface,C:32:,ASN,32,C,8,2,14.579853525004589,0.25,0.13129875000000002,0.06283,0.9865676559077382,A:139:;A:337:;A:338:;A:340:;C:27:;C:28:;C:29:;C:32:,C:27:;C:28:
catalase_ps,anionic,216,10,alternative interface,A:335:,PRO,335,A,8,2,13.150747917434515,0.25,0.13389374999999998,0.040650000000000006,0.9799758365658394,A:145:;A:333:;A:335:;A:336:;A:337:;A:338:;A:353:;A:357:,A:336:;A:353:
catalase_ps,anionic,217,10,alternative interface,A:116:,ALA,116,A,9,2,12.625721419061538,0.2222222222222222,0.1601211111111111,0.03567,0.9829609967236823,A:115:;A:116:;A:117:;A:118:;A:127:;A:167:;A:168:;A:73:;A:74:,A:168:;A:74:
catalase_ps,anionic,218,10,alternative interface,A:384:,ASN,384,A,8,2,13.338864610407933,0.25,0.12524125,0.03125,0.9868645290323391,A:382:;A:383:;A:384:;A:386:;A:411:;C:27:;C:28:;C:29:,C:27:;C:28:
catalase_ps,anionic,219,10,alternative interface,B:343:,GLU,343,B,9,2,13.067782323836143,0.2222222222222222,0.1207811111111111,0.026690000000000002,0.9890800008085985,B:219:;B:220:;B:222:;B:338:;B:340:;B:343:;B:344:;B:419:;B:420:,B:220:;B:420:
catalase_ps,anionic,220,10,alternative interface,D:387:,ARG,387,D,7,2,14.327701011820988,0.2857142857142857,0.14674857142857142,0.02234,0.9751471565821627,B:62:;B:66:;D:386:;D:387:;D:388:;D:397:;D:402:,B:62:;D:387:
catalase_ps,anionic,221,10,alternative interface,C:172:,GLN,172,C,6,1,11.949344991877908,0.16666666666666666,0.22351333333333331,0.01379,0.9868561735821917,B:322:;B:324:;B:325:;C:172:;C:174:;D:398:,C:174:
catalase_ps,anionic,222,10,alternative interface,A:172:,GLN,172,A,6,1,12.184492458406558,0.16666666666666666,0.25419166666666665,0.013309999999999999,0.9865143532933855,A:172:;A:174:;B:398:;D:322:;D:324:;D:325:,A:174:
catalase_ps,anionic,223,10,alternative interface,B:172:,GLN,172,B,4,1,12.326607893700588,0.25,0.3288575,0.01256,0.9813407909755298,A:398:;B:172:;B:174:;C:322:,B:174:
catalase_ps,anionic,224,11,alternative interface,C:67:,ARG,67,C,9,2,14.433812585851681,0.2222222222222222,0.14019777777777775,0.08529999999999999,0.9047958755879745,A:388:;A:390:;B:69:;B:70:;B:71:;B:72:;C:66:;C:67:;C:69:,B:71:;C:67:
catalase_ps,anionic,225,11,alternative interface,A:32:,ASN,32,A,9,1,14.774371508618401,0.1111111111111111,0.1200211111111111,0.06855,0.9912794261068959,A:28:;A:29:;A:30:;A:32:;A:33:;C:139:;C:337:;C:339:;C:340:,A:28:
catalase_ps,anionic,226,11,alternative interface,B:32:,ASN,32,B,8,1,14.354857629807372,0.125,0.133345,0.048150000000000005,0.9881784753906862,B:28:;B:29:;B:32:;B:33:;D:139:;D:337:;D:338:;D:340:,B:28:
catalase_ps,anionic,227,11,alternative interface,A:343:,GLU,343,A,8,1,12.907612405835968,0.125,0.1172375,0.02801,0.9895468893515591,A:219:;A:220:;A:222:;A:338:;A:340:;A:343:;A:344:;A:419:,A:220:
catalase_ps,anionic,228,11,alternative interface,B:384:,ASN,384,B,9,2,14.420706573650184,0.2222222222222222,0.12099222222222222,0.02344,0.9789931203341006,B:382:;B:383:;B:384:;B:386:;B:402:;B:411:;D:27:;D:28:;D:29:,D:27:;D:28:
catalase_ps,anionic,229,11,alternative interface,D:172:,GLN,172,D,6,1,12.177914737542887,0.16666666666666666,0.2315783333333333,0.013309999999999999,0.9864600214967658,A:322:;A:324:;A:325:;C:398:;D:172:;D:174:,D:174:
catalase_ps,anionic,230,12,alternative interface,C:343:,GLU,343,C,8,1,13.143779883627891,0.125,0.13251625,0.02878,0.9880087321669309,C:219:;C:220:;C:222:;C:339:;C:340:;C:343:;C:344:;C:419:,C:220:
catalase_ps,cationic,1,1,primary plausible interface,C:285:,PHE,285,C,8,5,11.659153400565994,0.625,0.4343325,0.90691,0.9967214390530904,C:229:;C:230:;C:284:;C:285:;C:286:;C:287:;C:288:;C:289:,C:230:;C:284:;C:286:;C:287:;C:289:
catalase_ps,cationic,2,1,primary plausible interface,C:499:,TYR,499,C,8,4,12.963939757710182,0.5,0.5281875,0.89236,0.9971041863029463,C:464:;C:467:;C:495:;C:497:;C:498:;C:499:;C:500:;C:501:,C:497:;C:499:;C:500:;C:501:
catalase_ps,cationic,3,1,primary plausible interface,B:286:,SER,286,B,7,4,10.138668813441722,0.5714285714285714,0.5793971428571428,0.86485,0.9972966117864319,B:284:;B:285:;B:286:;B:287:;B:288:;B:289:;B:290:,B:284:;B:286:;B:287:;B:289:
catalase_ps,cationic,4,1,primary plausible interface,D:499:,TYR,499,D,8,4,12.28340210662497,0.5,0.5174325,0.8596699999999999,0.9974684244071074,D:464:;D:467:;D:495:;D:497:;D:498:;D:499:;D:500:;D:501:,D:497:;D:499:;D:500:;D:501:
catalase_ps,cationic,5,1,primary plausible interface,C:454:,GLN,454,C,10,6,12.46806095755155,0.6,0.410769,0.84502,0.9973588527149571,C:200:;C:201:;C:450:;C:451:;C:452:;C:453:;C:454:;C:455:;C:456:;C:457:,C:200:;C:201:;C:451:;C:452:;C:453:;C:454:
catalase_ps,cationic,6,1,primary plausible interface,A:500:,ASN,500,A,6,4,10.638966727877838,0.6666666666666666,0.591455,0.83544,0.9984817555329901,A:467:;A:497:;A:498:;A:499:;A:500:;A:501:,A:497:;A:499:;A:500:;A:501:
catalase_ps,cationic,7,1,primary plausible interface,B:434:,ALA,434,B,7,5,12.687525278764248,0.7142857142857143,0.35585999999999995,0.73018,0.9920934643513314,B:188:;B:190:;B:432:;B:433:;B:434:;B:435:;B:436:,B:190:;B:432:;B:433:;B:435:;B:436:
catalase_ps,cationic,8,1,primary plausible interface,B:245:,SER,245,B,7,5,12.504660520083688,0.7142857142857143,0.47673571428571426,0.6816200000000001,0.9932494754058921,B:201:;B:243:;B:244:;B:245:;B:246:;B:247:;B:248:,B:201:;B:243:;B:245:;B:247:;B:248:
catalase_ps,cationic,9,1,primary plausible interface,D:433:,SER,433,D,7,5,12.797113692576223,0.7142857142857143,0.36301428571428573,0.6492100000000001,0.9947035089941628,A:39:;D:431:;D:432:;D:433:;D:434:;D:435:;D:436:,A:39:;D:432:;D:433:;D:435:;D:436:
catalase_ps,cationic,10,1,primary plausible interface,B:437:,ASP,437,B,7,6,12.018164235314552,0.8571428571428571,0.3842957142857143,0.64015,0.9959217112561182,B:190:;B:435:;B:436:;B:437:;B:438:;B:439:;B:440:,B:190:;B:435:;B:436:;B:437:;B:438:;B:440:
catalase_ps,cationic,11,1,primary plausible interface,A:437:,ASP,437,A,7,5,11.811129685008014,0.7142857142857143,0.40106,0.62518,0.9939575197540609,A:293:;A:435:;A:436:;A:437:;A:438:;A:439:;A:440:,A:435:;A:436:;A:437:;A:438:;A:440:
catalase_ps,cationic,12,1,primary plausible interface,D:437:,ASP,437,D,6,5,11.729151139538569,0.8333333333333334,0.40181333333333336,0.58899,0.9958751333011302,D:435:;D:436:;D:437:;D:438:;D:439:;D:440:,D:435:;D:436:;D:437:;D:438:;D:440:
catalase_ps,cationic,13,1,primary plausible interface,C:290:,ILE,290,C,6,3,11.971378953385656,0.5,0.6043366666666666,0.50649,0.9965525673990774,C:286:;C:287:;C:288:;C:289:;C:290:;C:292:,C:286:;C:287:;C:289:
catalase_ps,cationic,14,1,primary plausible interface,C:119:,SER,119,C,8,7,13.689718802327977,0.875,0.203745,0.37805999999999995,0.9843136079744753,B:118:;B:119:;B:121:;C:117:;C:118:;C:119:;C:121:;C:70:,B:118:;B:119:;B:121:;C:118:;C:119:;C:121:;C:70:
catalase_ps,cationic,15,1,primary plausible interface,D:119:,SER,119,D,8,7,13.652503449714363,0.875,0.18704874999999999,0.35792,0.9848183581631857,A:118:;A:119:;A:121:;D:117:;D:118:;D:119:;D:121:;D:70:,A:118:;A:119:;A:121:;D:118:;D:119:;D:121:;D:70:
catalase_ps,cationic,16,2,alternative interface,D:285:,PHE,285,D,8,5,12.248573805106465,0.625,0.41253874999999995,0.8502200000000001,0.9964275956554735,D:229:;D:230:;D:284:;D:285:;D:286:;D:287:;D:288:;D:289:,D:230:;D:284:;D:286:;D:287:;D:289:
catalase_ps,cationic,17,2,alternative interface,B:455:,ARG,455,B,10,5,13.511157439871727,0.5,0.40895099999999995,0.8452200000000001,0.9966132285047665,B:200:;B:447:;B:450:;B:451:;B:452:;B:453:;B:454:;B:455:;B:456:;B:457:,B:200:;B:451:;B:452:;B:453:;B:454:
catalase_ps,cationic,18,2,alternative interface,A:454:,GLN,454,A,10,6,12.812001419374658,0.6,0.41753799999999996,0.81395,0.9973799603333893,A:200:;A:201:;A:450:;A:451:;A:452:;A:453:;A:454:;A:455:;A:456:;A:457:,A:200:;A:201:;A:451:;A:452:;A:453:;A:454:
catalase_ps,cationic,19,2,alternative interface,D:454:,GLN,454,D,10,6,12.75845078321796,0.6,0.41592400000000007,0.8112999999999999,0.9974707308144936,D:200:;D:201:;D:450:;D:451:;D:452:;D:453:;D:454:;D:455:;D:456:;D:457:,D:200:;D:201:;D:451:;D:452:;D:453:;D:454:
catalase_ps,cationic,20,2,alternative interface,A:286:,SER,286,A,7,4,10.534357659363057,0.5714285714285714,0.5379857142857143,0.8043899999999999,0.9971128092104389,A:284:;A:285:;A:286:;A:287:;A:288:;A:289:;A:290:,A:284:;A:286:;A:287:;A:289:
catalase_ps,cationic,21,2,alternative interface,B:498:,LYS,498,B,7,4,11.30163004472049,0.5714285714285714,0.54821,0.8022499999999999,0.9969600620123559,B:494:;B:495:;B:497:;B:498:;B:499:;B:500:;B:501:,B:497:;B:499:;B:500:;B:501:
catalase_ps,cationic,22,2,alternative interface,A:434:,ALA,434,A,6,4,12.629277481961111,0.6666666666666666,0.41377166666666665,0.7393899999999999,0.9933564024105713,A:188:;A:432:;A:433:;A:434:;A:435:;A:436:,A:432:;A:433:;A:435:;A:436:
catalase_ps,cationic,23,2,alternative interface,A:245:,SER,245,A,8,5,12.829791873089588,0.625,0.43559875,0.73784,0.9935457031042441,A:201:;A:204:;A:243:;A:244:;A:245:;A:246:;A:247:;A:248:,A:201:;A:243:;A:245:;A:247:;A:248:
catalase_ps,cationic,24,2,alternative interface,B:486:,PRO,486,B,6,4,10.53013172439261,0.6666666666666666,0.5748,0.70758,0.9973955751457128,B:482:;B:483:;B:485:;B:486:;B:487:;B:490:,B:482:;B:483:;B:487:;B:490:
catalase_ps,cationic,25,2,alternative interface,A:18:,ARG,18,A,9,3,12.892963266118864,0.3333333333333333,0.57711,0.6771299999999999,0.9931256398220945,A:14:;A:15:;A:16:;A:17:;A:18:;A:19:;A:20:;A:21:;A:22:,A:16:;A:17:;A:21:
catalase_ps,cationic,26,2,alternative interface,C:486:,PRO,486,C,6,4,10.363877078549669,0.6666666666666666,0.5132966666666667,0.53326,0.9974197943067821,C:482:;C:483:;C:485:;C:486:;C:487:;C:490:,C:482:;C:483:;C:487:;C:490:
catalase_ps,cationic,27,2,alternative interface,C:437:,ASP,437,C,7,5,11.83362078028975,0.7142857142857143,0.37403428571428565,0.51142,0.9941322258682506,C:293:;C:435:;C:436:;C:437:;C:438:;C:439:;C:440:,C:435:;C:436:;C:437:;C:438:;C:440:
catalase_ps,cationic,28,2,alternative interface,A:4:,ARG,4,A,6,4,8.63573879915969,0.6666666666666666,0.35608833333333334,0.44549,0.9975613665693593,A:3:;A:4:;A:5:;A:6:;A:8:;A:9:,A:3:;A:5:;A:8:;A:9:
catalase_ps,cationic,29,2,alternative interface,D:4:,ARG,4,D,6,4,9.44646027448987,0.6666666666666666,0.3357016666666666,0.42302,0.9978602135984586,D:3:;D:4:;D:5:;D:6:;D:8:;D:9:,D:3:;D:5:;D:8:;D:9:
catalase_ps,cationic,30,2,alternative interface,C:4:,ARG,4,C,5,3,9.688218538464096,0.6,0.38314000000000004,0.40926,0.9982299352571892,C:3:;C:4:;C:5:;C:6:;C:8:,C:3:;C:5:;C:8:
catalase_ps,cationic,31,2,alternative interface,B:20:,ALA,20,B,5,1,8.692194543898005,0.2,0.597884,0.17902,0.9962702272844389,B:18:;B:19:;B:20:;B:21:;B:22:,B:21:
catalase_ps,cationic,32,2,alternative interface,C:38:,LEU,38,C,4,3,9.727084114794263,0.75,0.27476999999999996,0.10109,0.9950639347644378,B:432:;C:36:;C:38:;C:39:,B:432:;C:36:;C:39:
catalase_ps,cationic,33,2,alternative interface,A:38:,LEU,38,A,4,3,9.362276817964895,0.75,0.27937500000000004,0.09384,0.9954365881313595,A:36:;A:38:;A:39:;D:432:,A:36:;A:39:;D:432:
catalase_ps,cationic,34,3,alternative interface,D:223:,ASN,223,D,10,5,11.937163560808564,0.5,0.5303479999999999,0.78494,0.9947757325710721,D:222:;D:223:;D:224:;D:225:;D:226:;D:227:;D:91:;D:92:;D:93:;D:95:,D:223:;D:225:;D:227:;D:91:;D:93:
catalase_ps,cationic,35,3,alternative interface,D:245:,SER,245,D,8,5,12.40630649575949,0.625,0.42420874999999997,0.71447,0.9933753744819168,D:201:;D:204:;D:243:;D:244:;D:245:;D:246:;D:247:;D:248:,D:201:;D:243:;D:245:;D:247:;D:248:
catalase_ps,cationic,36,3,alternative interface,B:491:,ARG,491,B,7,3,12.407461217709677,0.42857142857142855,0.5365185714285714,0.708,0.9948709194536738,B:456:;B:487:;B:490:;B:491:;B:493:;B:494:;B:495:,B:487:;B:490:;B:493:
catalase_ps,cationic,37,3,alternative interface,B:223:,ASN,223,B,10,5,11.721136077537428,0.5,0.470583,0.68146,0.9948162103441368,B:222:;B:223:;B:224:;B:225:;B:226:;B:227:;B:91:;B:92:;B:93:;B:95:,B:223:;B:225:;B:227:;B:91:;B:93:
catalase_ps,cationic,38,3,alternative interface,A:494:,ALA,494,A,7,3,11.917842688693613,0.42857142857142855,0.5190042857142857,0.6501,0.9963737446836155,A:490:;A:491:;A:493:;A:494:;A:495:;A:497:;A:498:,A:490:;A:493:;A:497:
catalase_ps,cationic,39,3,alternative interface,C:271:,GLY,271,C,6,4,9.724865225208436,0.6666666666666666,0.480635,0.64408,0.9956217534041621,C:269:;C:270:;C:271:;C:272:;C:273:;C:318:,C:270:;C:272:;C:273:;C:318:
catalase_ps,cationic,40,3,alternative interface,D:494:,ALA,494,D,7,3,12.347700812650986,0.42857142857142855,0.5475428571428572,0.61722,0.9961270551317138,D:490:;D:491:;D:493:;D:494:;D:495:;D:497:;D:498:,D:490:;D:493:;D:497:
catalase_ps,cationic,41,3,alternative interface,C:491:,ARG,491,C,6,3,11.833805811023435,0.5,0.46927333333333343,0.58522,0.9968131921703596,C:487:;C:490:;C:491:;C:493:;C:494:;C:495:,C:487:;C:490:;C:493:
catalase_ps,cationic,42,3,alternative interface,A:485:,HIS,485,A,6,3,10.63110087760816,0.5,0.47509333333333337,0.46701,0.9967285322525302,A:443:;A:482:;A:483:;A:485:;A:486:;A:487:,A:482:;A:483:;A:487:
catalase_ps,cationic,43,3,alternative interface,C:89:,ASP,89,C,8,4,14.569103847954496,0.5,0.54067625,0.41348,0.9926585773019265,C:100:;C:101:;C:102:;C:87:;C:88:;C:89:;C:91:;C:92:,C:100:;C:87:;C:89:;C:91:
catalase_ps,cationic,44,3,alternative interface,A:416:,SER,416,A,4,2,7.638519434564662,0.5,0.50049,0.39119,0.9964333133032773,A:414:;A:415:;A:416:;A:418:,A:414:;A:416:
catalase_ps,cationic,45,3,alternative interface,B:4:,ARG,4,B,6,4,9.326528122677576,0.6666666666666666,0.318015,0.37464,0.9976847342954468,B:3:;B:4:;B:5:;B:6:;B:8:;B:9:,B:3:;B:5:;B:8:;B:9:
catalase_ps,cationic,46,3,alternative interface,C:416:,SER,416,C,4,2,7.263022869630734,0.5,0.5072875,0.33598999999999996,0.9967005691110307,C:414:;C:415:;C:416:;C:418:,C:414:;C:416:
catalase_ps,cationic,47,3,alternative interface,C:303:,PRO,303,C,7,2,11.767389394094007,0.2857142857142857,0.5678485714285715,0.29812,0.9973486953843131,C:301:;C:303:;C:304:;C:305:;C:306:;C:307:;C:308:,C:306:;C:307:
catalase_ps,cationic,48,3,alternative interface,D:387:,ARG,387,D,7,5,14.327701011820988,0.7142857142857143,0.14674857142857142,0.15766,0.9751471565821627,B:62:;B:66:;D:386:;D:387:;D:388:;D:397:;D:402:,B:66:;D:386:;D:388:;D:397:;D:402:
catalase_ps,cationic,49,3,alternative interface,C:471:,LEU,471,C,5,2,8.85771367864232,0.4,0.44595,0.10438,0.997413367838159,C:470:;C:471:;C:472:;C:474:;C:475:,C:470:;C:474:
catalase_ps,cationic,50,3,alternative interface,D:471:,LEU,471,D,5,2,8.825080867235215,0.4,0.47396600000000005,0.08994999999999999,0.9974148950615728,D:470:;D:471:;D:472:;D:474:;D:475:,D:470:;D:474:
catalase_ps,cationic,51,4,alternative interface,D:18:,ARG,18,D,9,4,11.7486608574036,0.4444444444444444,0.50098,0.71762,0.9940102610174535,B:409:;D:14:;D:15:;D:16:;D:17:;D:18:;D:19:;D:20:;D:21:,B:409:;D:16:;D:17:;D:21:
catalase_ps,cationic,52,4,alternative interface,C:223:,ASN,223,C,10,5,12.087333585017836,0.5,0.48595,0.6855,0.9946880256793286,C:222:;C:223:;C:224:;C:225:;C:226:;C:227:;C:91:;C:92:;C:93:;C:95:,C:223:;C:225:;C:227:;C:91:;C:93:
catalase_ps,cationic,53,4,alternative interface,A:223:,ASN,223,A,10,5,12.056788093506272,0.5,0.46340899999999996,0.67289,0.9947806927848596,A:222:;A:223:;A:224:;A:225:;A:226:;A:227:;A:91:;A:92:;A:93:;A:95:,A:223:;A:225:;A:227:;A:91:;A:93:
catalase_ps,cationic,54,4,alternative interface,C:19:,ALA,19,C,8,4,10.36377251901137,0.5,0.5134112500000001,0.6522199999999999,0.9942394759803924,A:409:;C:15:;C:16:;C:17:;C:18:;C:19:;C:20:;C:21:,A:409:;C:16:;C:17:;C:21:
catalase_ps,cationic,55,4,alternative interface,C:245:,SER,245,C,9,5,13.761162064417308,0.5555555555555556,0.41698111111111114,0.6490300000000001,0.9925679937770849,C:201:;C:204:;C:243:;C:244:;C:245:;C:246:;C:247:;C:248:;C:250:,C:201:;C:243:;C:245:;C:247:;C:248:
catalase_ps,cationic,56,4,alternative interface,B:271:,GLY,271,B,6,4,10.012210488028346,0.6666666666666666,0.47014,0.62885,0.9955575383660945,B:269:;B:270:;B:271:;B:272:;B:273:;B:318:,B:270:;B:272:;B:273:;B:318:
catalase_ps,cationic,57,4,alternative interface,A:271:,GLY,271,A,6,4,9.558490862978209,0.6666666666666666,0.45076333333333324,0.61113,0.995585831507225,A:269:;A:270:;A:271:;A:272:;A:273:;A:318:,A:270:;A:272:;A:273:;A:318:
catalase_ps,cationic,58,4,alternative interface,D:291:,PHE,291,D,8,3,11.275092238824193,0.375,0.4266275,0.48009999999999997,0.9963953559637937,D:287:;D:288:;D:289:;D:290:;D:291:;D:292:;D:293:;D:294:,D:287:;D:289:;D:294:
catalase_ps,cationic,59,4,alternative interface,D:485:,HIS,485,D,6,3,10.647511242155375,0.5,0.46660166666666664,0.47118000000000004,0.996666750313327,D:443:;D:482:;D:483:;D:485:;D:486:;D:487:,D:482:;D:483:;D:487:
catalase_ps,cationic,60,4,alternative interface,B:304:,HIS,304,B,7,2,10.113838946406311,0.2857142857142857,0.5303271428571429,0.2945,0.9970993641322046,B:303:;B:304:;B:305:;B:306:;B:307:;B:308:;B:309:,B:306:;B:307:
catalase_ps,cationic,61,4,alternative interface,A:303:,PRO,303,A,7,2,11.799993774357048,0.2857142857142857,0.5454714285714285,0.26911999999999997,0.9972438032974714,A:301:;A:303:;A:304:;A:305:;A:306:;A:307:;A:308:,A:306:;A:307:
catalase_ps,cationic,62,4,alternative interface,D:303:,PRO,303,D,7,2,12.087863411272448,0.2857142857142857,0.5661728571428571,0.26808,0.9972599809582735,D:301:;D:303:;D:304:;D:305:;D:306:;D:307:;D:308:,D:306:;D:307:
catalase_ps,cationic,63,4,alternative interface,B:471:,LEU,471,B,5,2,9.144733813844159,0.4,0.42804400000000004,0.07934999999999999,0.9972369245142471,B:470:;B:471:;B:472:;B:474:;B:475:,B:470:;B:474:
catalase_ps,cationic,64,4,alternative interface,A:470:,GLN,470,A,4,2,11.18807687839869,0.5,0.47129000000000004,0.07099,0.995770460354402,A:468:;A:470:;A:471:;A:472:,A:468:;A:470:
catalase_ps,cationic,65,5,alternative interface,D:271:,GLY,271,D,6,4,9.99195215161298,0.6666666666666666,0.416735,0.60423,0.9954826574205331,D:269:;D:270:;D:271:;D:272:;D:273:;D:318:,D:270:;D:272:;D:273:;D:318:
catalase_ps,cationic,66,5,alternative interface,B:15:,LYS,15,B,9,3,11.875167014449506,0.3333333333333333,0.42763333333333337,0.56606,0.9931522499138569,B:12:;B:13:;B:14:;B:15:;B:16:;B:17:;B:18:;B:19:;D:409:,B:16:;B:17:;D:409:
catalase_ps,cationic,67,5,alternative interface,A:250:,ALA,250,A,10,2,12.983895288777653,0.2,0.425589,0.55494,0.9935307874967363,A:125:;A:246:;A:247:;A:248:;A:250:;A:251:;A:252:;A:253:;A:254:;D:254:,A:247:;A:248:
catalase_ps,cationic,68,5,alternative interface,B:250:,ALA,250,B,10,2,12.880504912838616,0.2,0.44526000000000004,0.53095,0.9936627436174449,B:125:;B:246:;B:247:;B:248:;B:250:;B:251:;B:252:;B:253:;B:254:;C:254:,B:247:;B:248:
catalase_ps,cationic,69,5,alternative interface,C:14:,TRP,14,C,8,2,11.836838738891302,0.25,0.38923375000000004,0.45524000000000003,0.9959896453539985,A:400:;C:12:;C:13:;C:14:;C:15:;C:16:;C:17:;C:18:,C:16:;C:17:
catalase_ps,cationic,70,5,alternative interface,D:23:,PRO,23,D,8,4,11.992707247895893,0.5,0.4187075,0.44689999999999996,0.9934009402823132,B:409:;B:411:;B:412:;D:21:;D:22:;D:23:;D:24:;D:25:,B:409:;B:412:;D:21:;D:24:
catalase_ps,cationic,71,5,alternative interface,A:23:,PRO,23,A,8,4,12.595805371119141,0.5,0.44809750000000004,0.44092,0.9930063372100472,A:21:;A:22:;A:23:;A:24:;A:25:;C:409:;C:411:;C:412:,A:21:;A:24:;C:409:;C:412:
catalase_ps,cationic,72,5,alternative interface,C:251:,ARG,251,C,9,3,12.218572231055099,0.3333333333333333,0.4261477777777778,0.39846,0.994616353378456,B:254:;C:247:;C:248:;C:250:;C:251:;C:252:;C:253:;C:254:;C:255:,C:247:;C:248:;C:255:
catalase_ps,cationic,73,5,alternative interface,B:480:,ASN,480,B,8,3,12.36810014307442,0.375,0.3183925,0.36591999999999997,0.9958146113606486,B:189:;B:192:;B:476:;B:478:;B:479:;B:480:;B:482:;B:483:,B:480:;B:482:;B:483:
catalase_ps,cationic,74,5,alternative interface,A:89:,ASP,89,A,7,3,14.138777129827563,0.42857142857142855,0.496897142857143,0.35129,0.9929562970201457,A:101:;A:102:;A:87:;A:88:;A:89:;A:91:;A:92:,A:87:;A:89:;A:91:
catalase_ps,cationic,75,5,alternative interface,D:89:,ASP,89,D,8,4,14.440479938735063,0.5,0.51153125,0.35014,0.9928643961058394,D:100:;D:101:;D:102:;D:87:;D:88:;D:89:;D:91:;D:92:,D:100:;D:87:;D:89:;D:91:
catalase_ps,cationic,76,5,alternative interface,C:480:,ASN,480,C,8,3,12.321455361696783,0.375,0.32338249999999996,0.3378,0.9956500793021298,C:189:;C:192:;C:476:;C:478:;C:479:;C:480:;C:482:;C:483:,C:480:;C:482:;C:483:
catalase_ps,cationic,77,5,alternative interface,A:480:,ASN,480,A,8,3,12.428790070403917,0.375,0.3253225,0.32431,0.995543826290394,A:189:;A:192:;A:476:;A:478:;A:479:;A:480:;A:482:;A:483:,A:480:;A:482:;A:483:
catalase_ps,cationic,78,5,alternative interface,C:379:,ARG,379,C,4,2,8.402603461993648,0.5,0.45069250000000005,0.29053,0.9929228398324895,C:138:;C:378:;C:379:;C:381:,C:138:;C:378:
catalase_ps,cationic,79,5,alternative interface,C:103:,GLY,103,C,7,2,9.918248764303327,0.2857142857142857,0.44534857142857137,0.26208,0.9966088937531177,C:101:;C:102:;C:103:;C:104:;C:105:;C:85:;C:87:,C:85:;C:87:
catalase_ps,cationic,80,5,alternative interface,A:103:,GLY,103,A,7,2,9.833836974891819,0.2857142857142857,0.4095571428571429,0.21489,0.9966188280808539,A:101:;A:102:;A:103:;A:104:;A:105:;A:85:;A:87:,A:85:;A:87:
catalase_ps,cationic,81,5,alternative interface,A:447:,LEU,447,A,8,2,12.705083643737197,0.25,0.47234000000000004,0.21288,0.9964466861113698,A:443:;A:444:;A:445:;A:447:;A:448:;A:449:;A:450:;A:451:,A:444:;A:451:
catalase_ps,cationic,82,5,alternative interface,C:447:,LEU,447,C,8,2,12.388622981068659,0.25,0.48654125000000004,0.20629999999999998,0.9966161977826857,C:443:;C:444:;C:445:;C:447:;C:448:;C:449:;C:450:;C:451:,C:444:;C:451:
catalase_ps,cationic,83,5,alternative interface,D:13:,HIS,13,D,7,3,12.202149744711695,0.42857142857142855,0.4307771428571429,0.20370999999999997,0.993868547044844,D:12:;D:13:;D:14:;D:15:;D:16:;D:17:;D:9:,D:16:;D:17:;D:9:
catalase_ps,cationic,84,5,alternative interface,C:181:,VAL,181,C,4,2,8.227225312629535,0.5,0.1493475,0.06443,0.9955343218617189,C:167:;C:177:;C:178:;C:181:,C:167:;C:177:
catalase_ps,cationic,85,5,alternative interface,D:296:,PHE,296,D,4,1,10.581094685303231,0.25,0.21869499999999997,0.0605,0.9966201149738136,A:46:;D:294:;D:296:;D:348:,D:294:
catalase_ps,cationic,86,6,alternative interface,C:434:,ALA,434,C,6,4,13.02262234188796,0.6666666666666666,0.39537,0.5986899999999999,0.9927018537515733,C:188:;C:432:;C:433:;C:434:;C:435:;C:436:,C:432:;C:433:;C:435:;C:436:
catalase_ps,cationic,87,6,alternative interface,D:250:,ALA,250,D,10,2,13.047474210707248,0.2,0.40746399999999994,0.51707,0.9936434342121101,A:254:;D:125:;D:246:;D:247:;D:248:;D:250:;D:251:;D:252:;D:253:;D:254:,D:247:;D:248:
catalase_ps,cationic,88,6,alternative interface,C:441:,GLN,441,C,9,4,12.994829238007416,0.4444444444444444,0.31929777777777774,0.47068,0.9944578530335492,C:193:;C:301:;C:438:;C:439:;C:440:;C:441:;C:443:;C:444:;C:445:,C:438:;C:440:;C:441:;C:444:
catalase_ps,cationic,89,6,alternative interface,B:256:,ASP,256,B,9,4,9.964593334163457,0.4444444444444444,0.28643555555555555,0.44667999999999997,0.9952647200669813,B:122:;B:252:;B:253:;B:254:;B:255:;B:256:;B:257:;B:258:;B:259:,B:255:;B:256:;B:258:;B:259:
catalase_ps,cationic,90,6,alternative interface,B:441:,GLN,441,B,9,4,12.925910013091277,0.4444444444444444,0.28651000000000004,0.41292,0.9945642080184487,B:193:;B:301:;B:438:;B:439:;B:440:;B:441:;B:443:;B:444:;B:445:,B:438:;B:440:;B:441:;B:444:
catalase_ps,cationic,91,6,alternative interface,A:13:,HIS,13,A,7,3,11.90399542274311,0.42857142857142855,0.3943585714285715,0.40011,0.9941550728618292,A:12:;A:13:;A:14:;A:15:;A:16:;A:17:;A:9:,A:16:;A:17:;A:9:
catalase_ps,cationic,92,6,alternative interface,C:425:,SER,425,C,8,3,13.210854810771192,0.375,0.40242374999999997,0.36915,0.9930089175539529,C:423:;C:424:;C:425:;C:426:;C:427:;D:424:;D:425:;D:426:,C:425:;C:427:;D:425:
catalase_ps,cationic,93,6,alternative interface,D:414:,GLN,414,D,10,4,13.314066111640257,0.4,0.396003,0.34808,0.9894912081079786,B:25:;B:33:;B:36:;D:412:;D:413:;D:414:;D:415:;D:416:;D:417:;D:418:,B:36:;D:412:;D:414:;D:416:
catalase_ps,cationic,94,6,alternative interface,D:427:,ASP,427,D,9,4,12.876383458484835,0.4444444444444444,0.34364000000000006,0.34403,0.9943364820464833,C:421:;C:422:;C:423:;C:424:;D:425:;D:426:;D:427:;D:428:;D:429:,C:422:;D:425:;D:427:;D:429:
catalase_ps,cationic,95,6,alternative interface,B:89:,ASP,89,B,7,3,14.384784246210154,0.42857142857142855,0.5066385714285715,0.33838999999999997,0.9926292862783697,B:101:;B:102:;B:87:;B:88:;B:89:;B:91:;B:92:,B:87:;B:89:;B:91:
catalase_ps,cationic,96,6,alternative interface,D:421:,ARG,421,D,8,4,12.392629818092425,0.5,0.33963,0.33204999999999996,0.9935922724434726,C:427:;C:428:;C:429:;D:419:;D:420:;D:421:;D:422:;D:423:,C:427:;C:429:;D:419:;D:422:
catalase_ps,cationic,97,6,alternative interface,D:480:,ASN,480,D,8,3,12.665537682393675,0.375,0.31272375,0.32898000000000005,0.9954532923769713,D:189:;D:192:;D:476:;D:478:;D:479:;D:480:;D:482:;D:483:,D:480:;D:482:;D:483:
catalase_ps,cationic,98,6,alternative interface,A:379:,ARG,379,A,4,2,8.882704178896606,0.5,0.487815,0.31440999999999997,0.9922631514783391,A:138:;A:378:;A:379:;A:381:,A:138:;A:378:
catalase_ps,cationic,99,6,alternative interface,C:238:,ASP,238,C,6,4,11.048674242854652,0.6666666666666666,0.3648116666666667,0.27868,0.9939211720151381,C:236:;C:238:;C:239:;C:240:;C:275:;C:277:,C:238:;C:239:;C:275:;C:277:
catalase_ps,cationic,100,6,alternative interface,D:178:,PRO,178,D,6,2,11.247055014719221,0.3333333333333333,0.3315633333333333,0.24169000000000002,0.9952473342139682,D:176:;D:177:;D:178:;D:181:;D:465:;D:468:,D:177:;D:468:
catalase_ps,cationic,101,6,alternative interface,A:464:,GLY,464,A,6,3,13.06982304852377,0.5,0.415345,0.23818,0.9943313175490358,A:460:;A:461:;A:464:;A:465:;A:467:;A:468:,A:460:;A:461:;A:468:
catalase_ps,cationic,102,6,alternative interface,A:238:,ASP,238,A,6,4,11.085510011508596,0.6666666666666666,0.3652233333333334,0.22699999999999998,0.9941094670389036,A:236:;A:238:;A:239:;A:240:;A:275:;A:277:,A:238:;A:239:;A:275:;A:277:
catalase_ps,cationic,103,6,alternative interface,C:468:,ASP,468,C,5,2,11.639459956087325,0.4,0.362412,0.22402999999999998,0.9953917646838106,C:178:;C:465:;C:467:;C:468:;C:470:,C:468:;C:470:
catalase_ps,cationic,104,6,alternative interface,B:448:,LYS,448,B,8,2,12.745146558422135,0.25,0.43716374999999996,0.20451,0.9963966074435493,B:443:;B:444:;B:445:;B:447:;B:448:;B:449:;B:450:;B:451:,B:444:;B:451:
catalase_ps,cationic,105,6,alternative interface,D:447:,LEU,447,D,8,2,12.621274823474613,0.25,0.46790625,0.19444,0.9965021283767208,D:443:;D:444:;D:445:;D:447:;D:448:;D:449:;D:450:;D:451:,D:444:;D:451:
catalase_ps,cationic,106,6,alternative interface,D:97:,LYS,97,D,5,3,12.860796827483599,0.6,0.3395,0.16157,0.9945207331575479,D:100:;D:138:;D:139:;D:95:;D:97:,D:100:;D:138:;D:139:
catalase_ps,cationic,107,6,alternative interface,B:103:,GLY,103,B,7,2,10.227894469808943,0.2857142857142857,0.43486142857142857,0.11544,0.9964386078050714,B:101:;B:102:;B:103:;B:104:;B:105:;B:85:;B:87:,B:85:;B:87:
catalase_ps,cationic,108,6,alternative interface,D:38:,LEU,38,D,3,2,6.604259029413601,0.6666666666666666,0.15917666666666666,0.09958,0.995432278137934,D:36:;D:38:;D:39:,D:36:;D:39:
catalase_ps,cationic,109,6,alternative interface,D:220:,LYS,220,D,7,2,10.874461836156707,0.2857142857142857,0.10497000000000001,0.06965,0.9965226671373828,D:219:;D:220:;D:222:;D:229:;D:230:;D:343:;D:344:,D:230:;D:343:
catalase_ps,cationic,110,7,alternative interface,B:413:,HIS,413,B,8,4,12.731611044530686,0.5,0.33209,0.46446,0.9906380510955269,B:411:;B:412:;B:413:;B:414:;B:415:;D:25:;D:27:;D:36:,B:412:;B:414:;D:27:;D:36:
catalase_ps,cationic,111,7,alternative interface,D:256:,ASP,256,D,9,4,9.901041468220775,0.4444444444444444,0.2575055555555556,0.42306,0.9947850649326011,D:122:;D:252:;D:253:;D:254:;D:255:;D:256:;D:257:;D:258:;D:259:,D:255:;D:256:;D:258:;D:259:
catalase_ps,cationic,112,7,alternative interface,A:441:,GLN,441,A,9,4,12.914888722939281,0.4444444444444444,0.31250555555555554,0.41445,0.9943446660614116,A:193:;A:301:;A:438:;A:439:;A:440:;A:441:;A:443:;A:444:;A:445:,A:438:;A:440:;A:441:;A:444:
catalase_ps,cationic,113,7,alternative interface,A:413:,HIS,413,A,8,4,12.871017706753511,0.5,0.34659375,0.40793999999999997,0.9905298784525807,A:411:;A:412:;A:413:;A:414:;A:415:;C:25:;C:27:;C:36:,A:412:;A:414:;C:27:;C:36:
catalase_ps,cationic,114,7,alternative interface,C:256:,ASP,256,C,9,4,9.863269587432443,0.4444444444444444,0.25802888888888886,0.4023,0.9950673936644605,C:122:;C:252:;C:253:;C:254:;C:255:;C:256:;C:257:;C:258:;C:259:,C:255:;C:256:;C:258:;C:259:
catalase_ps,cationic,115,7,alternative interface,B:398:,GLY,398,B,6,3,10.995982442612945,0.5,0.37876,0.37765,0.9845884461265793,A:172:;B:395:;B:397:;B:398:;B:400:;D:322:,A:172:;B:395:;B:397:
catalase_ps,cationic,116,7,alternative interface,A:431:,PHE,431,A,8,4,12.268553668777322,0.5,0.2851275,0.35240000000000005,0.9914431221592797,A:429:;A:431:;A:432:;A:433:;D:39:;D:41:;D:44:;D:45:,A:429:;A:432:;A:433:;D:39:
catalase_ps,cationic,117,7,alternative interface,C:413:,HIS,413,C,8,3,13.020714546549286,0.375,0.35230625000000004,0.34395000000000003,0.9891820891174002,A:25:;A:33:;A:36:;C:411:;C:412:;C:413:;C:414:;C:415:,A:36:;C:412:;C:414:
catalase_ps,cationic,118,7,alternative interface,D:266:,ASN,266,D,8,4,12.105772586819894,0.5,0.2804,0.33396000000000003,0.9925068001962466,D:262:;D:263:;D:265:;D:266:;D:269:;D:270:;D:5:;D:6:,D:263:;D:266:;D:270:;D:5:
catalase_ps,cationic,119,7,alternative interface,D:379:,ARG,379,D,6,4,11.114853014251747,0.6666666666666666,0.3704483333333333,0.33109,0.9883893765728414,D:136:;D:138:;D:139:;D:378:;D:379:;D:381:,D:136:;D:138:;D:139:;D:378:
catalase_ps,cationic,120,7,alternative interface,B:266:,ASN,266,B,8,4,11.48614786363074,0.5,0.26553375,0.32713000000000003,0.9930617033246849,B:262:;B:263:;B:265:;B:266:;B:269:;B:270:;B:5:;B:6:,B:263:;B:266:;B:270:;B:5:
catalase_ps,cationic,121,7,alternative interface,C:266:,ASN,266,C,8,4,12.212259129144082,0.5,0.26564125,0.32691000000000003,0.992567539405926,C:262:;C:263:;C:265:;C:266:;C:269:;C:270:;C:5:;C:6:,C:263:;C:266:;C:270:;C:5:
catalase_ps,cationic,122,7,alternative interface,B:426:,GLY,426,B,10,3,13.127548974155413,0.3,0.334456,0.32087000000000004,0.9928519317577529,A:423:;A:424:;A:425:;B:424:;B:425:;B:426:;B:427:;B:428:;C:44:;C:45:,A:425:;B:425:;B:427:
catalase_ps,cationic,123,7,alternative interface,B:394:,MET,394,B,6,3,13.164888945355536,0.5,0.38067333333333325,0.29642,0.9684286655732572,B:371:;B:393:;B:394:;B:395:;B:397:;D:373:,B:371:;B:395:;B:397:
catalase_ps,cationic,124,7,alternative interface,B:379:,ARG,379,B,4,2,8.75350376107337,0.5,0.44837,0.28661000000000003,0.9919544507077456,B:138:;B:378:;B:379:;B:381:,B:138:;B:378:
catalase_ps,cationic,125,7,alternative interface,B:39:,ASN,39,B,7,4,12.102055883291424,0.5714285714285714,0.24392428571428573,0.2495,0.9934345171187514,B:36:;B:37:;B:38:;B:39:;C:431:;C:432:;C:433:,B:36:;B:39:;C:432:;C:433:
catalase_ps,cationic,126,7,alternative interface,D:238:,ASP,238,D,7,4,12.803173367446782,0.5714285714285714,0.3261342857142857,0.24518,0.9927416187605635,D:210:;D:236:;D:238:;D:239:;D:240:;D:275:;D:277:,D:238:;D:239:;D:275:;D:277:
catalase_ps,cationic,127,7,alternative interface,B:214:,TYR,214,B,8,5,11.119064224340551,0.625,0.13587625000000003,0.23210999999999998,0.9937042263026219,B:146:;B:147:;B:148:;B:150:;B:212:;B:214:;B:216:;B:234:,B:147:;B:148:;B:212:;B:214:;B:216:
catalase_ps,cationic,128,7,alternative interface,C:314:,LYS,314,C,6,4,13.373334396726158,0.6666666666666666,0.313755,0.22452000000000003,0.9926068747509466,C:275:;C:277:;C:314:;C:316:;C:85:;C:87:,C:275:;C:277:;C:85:;C:87:
catalase_ps,cationic,129,7,alternative interface,C:461:,ASN,461,C,6,3,13.16236491078873,0.5,0.3018633333333333,0.22071000000000002,0.9937405395262241,C:200:;C:457:;C:460:;C:461:;C:464:;C:465:,C:200:;C:460:;C:461:
catalase_ps,cationic,130,7,alternative interface,A:178:,PRO,178,A,6,2,11.094809051532229,0.3333333333333333,0.30117666666666665,0.21748,0.995265000335274,A:176:;A:177:;A:178:;A:181:;A:465:;A:468:,A:177:;A:468:
catalase_ps,cationic,131,7,alternative interface,A:139:,ASP,139,A,5,3,11.189574352257715,0.6,0.24009999999999998,0.21407,0.9932013331330517,A:138:;A:139:;A:340:;A:97:;C:32:,A:138:;A:139:;C:32:
catalase_ps,cationic,132,7,alternative interface,C:23:,PRO,23,C,8,4,12.39518099308207,0.5,0.39817375,0.20651,0.9933937722678914,A:409:;A:411:;A:412:;C:21:;C:22:;C:23:;C:24:;C:25:,A:409:;A:412:;C:21:;C:24:
catalase_ps,cationic,133,7,alternative interface,B:238:,ASP,238,B,7,4,12.47239664746359,0.5714285714285714,0.32744285714285715,0.20536000000000001,0.9930024721213663,B:210:;B:236:;B:238:;B:239:;B:240:;B:275:;B:277:,B:238:;B:239:;B:275:;B:277:
catalase_ps,cationic,134,7,alternative interface,C:319:,ARG,319,C,5,2,12.061752645937082,0.4,0.270332,0.20065999999999998,0.994403443880112,C:269:;C:318:;C:319:;C:320:;C:81:,C:318:;C:320:
catalase_ps,cationic,135,7,alternative interface,A:100:,GLU,100,A,7,2,13.862300999428653,0.2857142857142857,0.40981000000000006,0.18807,0.9929349440366481,A:100:;A:101:;A:102:;A:104:;A:91:;A:95:;A:97:,A:100:;A:91:
catalase_ps,cationic,136,7,alternative interface,B:467:,LYS,467,B,8,5,13.334949146502757,0.625,0.3044075,0.18489999999999998,0.9938280237919175,B:464:;B:465:;B:467:;B:468:;B:470:;B:474:;B:499:;B:500:,B:468:;B:470:;B:474:;B:499:;B:500:
catalase_ps,cationic,137,7,alternative interface,B:178:,PRO,178,B,5,1,11.363808255420766,0.2,0.35270799999999997,0.18489999999999998,0.9951364443342413,B:176:;B:178:;B:181:;B:465:;B:468:,B:468:
catalase_ps,cationic,138,7,alternative interface,C:407:,SER,407,C,3,2,9.712596767776539,0.6666666666666666,0.22453333333333333,0.16793,0.9929190021282698,C:405:;C:407:;C:409:,C:407:;C:409:
catalase_ps,cationic,139,7,alternative interface,D:103:,GLY,103,D,8,2,12.069674550336417,0.25,0.43437125,0.13088,0.9957837696891422,D:101:;D:102:;D:103:;D:104:;D:105:;D:85:;D:87:;D:88:,D:85:;D:87:
catalase_ps,cationic,140,7,alternative interface,B:407:,SER,407,B,3,2,9.380712874076016,0.6666666666666666,0.17828,0.12180999999999999,0.9931319450825623,B:405:;B:407:;B:409:,B:407:;B:409:
catalase_ps,cationic,141,7,alternative interface,C:242:,LYS,242,C,7,2,13.202068921894838,0.2857142857142857,0.3157757142857142,0.09430999999999999,0.9944412368711588,C:206:;C:210:;C:240:;C:241:;C:242:;C:243:;C:244:,C:206:;C:243:
catalase_ps,cationic,142,7,alternative interface,A:407:,SER,407,A,3,2,9.6010651161793,0.6666666666666666,0.23257000000000003,0.07727,0.9930399291147212,A:405:;A:407:;A:409:,A:407:;A:409:
catalase_ps,cationic,143,7,alternative interface,A:294:,ASN,294,A,6,2,13.943768692216537,0.3333333333333333,0.31326666666666664,0.06586,0.9938371254802517,A:292:;A:293:;A:294:;A:296:;A:436:;D:46:,A:294:;A:436:
catalase_ps,cationic,144,7,alternative interface,C:220:,LYS,220,C,7,2,11.028200504084394,0.2857142857142857,0.10474714285714284,0.06564,0.9965105565993556,C:219:;C:220:;C:222:;C:229:;C:230:;C:343:;C:344:,C:230:;C:343:
catalase_ps,cationic,145,7,alternative interface,D:407:,SER,407,D,3,2,9.342723709342616,0.6666666666666666,0.2641366666666667,0.06387,0.9933506487483954,D:405:;D:407:;D:409:,D:407:;D:409:
catalase_ps,cationic,146,7,alternative interface,D:404:,TYR,404,D,3,2,9.18106943775849,0.6666666666666666,0.14298999999999998,0.04253,0.9953991536536939,D:402:;D:404:;D:405:,D:402:;D:404:
catalase_ps,cationic,147,8,alternative interface,A:256:,ASP,256,A,9,4,9.85368082503443,0.4444444444444444,0.23901111111111106,0.38927999999999996,0.9948251952809367,A:122:;A:252:;A:253:;A:254:;A:255:;A:256:;A:257:;A:258:;A:259:,A:255:;A:256:;A:258:;A:259:
catalase_ps,cationic,148,8,alternative interface,D:441:,GLN,441,D,10,4,12.86137407347696,0.4,0.27533899999999994,0.38750999999999997,0.9942644938001365,D:193:;D:300:;D:301:;D:438:;D:439:;D:440:;D:441:;D:443:;D:444:;D:445:,D:438:;D:440:;D:441:;D:444:
catalase_ps,cationic,149,8,alternative interface,D:411:,PRO,411,D,9,4,12.114648857728952,0.4444444444444444,0.30772333333333335,0.37828,0.9928635097245939,B:23:;B:24:;B:25:;D:383:;D:384:;D:409:;D:411:;D:412:;D:413:,B:24:;D:384:;D:409:;D:412:
catalase_ps,cationic,150,8,alternative interface,D:398:,GLY,398,D,6,3,10.796868553038728,0.5,0.33433666666666667,0.33557000000000003,0.9849143609169265,B:322:;C:172:;D:395:;D:397:;D:398:;D:400:,C:172:;D:395:;D:397:
catalase_ps,cationic,151,8,alternative interface,B:418:,LEU,418,B,8,4,14.066613357070668,0.5,0.32168874999999997,0.32403,0.9882000889647482,B:340:;B:414:;B:415:;B:416:;B:418:;B:419:;B:420:;D:36:,B:414:;B:416:;B:419:;D:36:
catalase_ps,cationic,152,8,alternative interface,A:427:,ASP,427,A,10,4,13.433055397401889,0.4,0.30664100000000005,0.32222,0.9934861345332692,A:425:;A:426:;A:427:;A:428:;A:429:;B:421:;B:422:;B:423:;B:424:;D:44:,A:425:;A:427:;A:429:;B:422:
catalase_ps,cationic,153,8,alternative interface,B:431:,PHE,431,B,8,4,12.122132248772182,0.5,0.26184375,0.32034,0.9916866923635582,B:429:;B:431:;B:432:;B:433:;C:39:;C:41:;C:44:;C:45:,B:429:;B:432:;B:433:;C:39:
catalase_ps,cationic,154,8,alternative interface,D:376:,CYS,376,D,5,2,10.263352616882745,0.4,0.35418400000000005,0.28513,0.9902066370319017,D:370:;D:371:;D:373:;D:376:;D:378:,D:371:;D:378:
catalase_ps,cationic,155,8,alternative interface,D:394:,MET,394,D,5,2,13.516182802940488,0.4,0.384258,0.25353000000000003,0.9788602188796438,B:373:;D:393:;D:394:;D:395:;D:397:,D:395:;D:397:
catalase_ps,cationic,156,8,alternative interface,A:54:,VAL,54,A,7,4,10.960472447676159,0.5714285714285714,0.18132285714285715,0.22864,0.9823985938868254,A:51:;A:52:;A:54:;A:55:;A:57:;A:58:;C:336:,A:52:;A:57:;A:58:;C:336:
catalase_ps,cationic,157,8,alternative interface,B:229:,VAL,229,B,9,4,13.07876835782224,0.4444444444444444,0.2594677777777778,0.21657,0.9933071132431518,B:220:;B:222:;B:227:;B:229:;B:230:;B:282:;B:284:;B:285:;B:93:,B:227:;B:230:;B:284:;B:93:
catalase_ps,cationic,158,8,alternative interface,D:461:,ASN,461,D,7,3,12.886252586966782,0.42857142857142855,0.24613000000000002,0.21574000000000002,0.9937785627932126,D:199:;D:200:;D:457:;D:460:;D:461:;D:464:;D:465:,D:200:;D:460:;D:461:
catalase_ps,cationic,159,8,alternative interface,B:461:,ASN,461,B,7,3,13.136506456005078,0.42857142857142855,0.2533228571428571,0.20781,0.9936800101575375,B:199:;B:200:;B:457:;B:460:;B:461:;B:464:;B:465:,B:200:;B:460:;B:461:
catalase_ps,cationic,160,8,alternative interface,A:314:,LYS,314,A,6,4,13.50423648455532,0.6666666666666666,0.2934583333333333,0.20017,0.9925535381680152,A:275:;A:277:;A:314:;A:316:;A:85:;A:87:,A:275:;A:277:;A:85:;A:87:
catalase_ps,cationic,161,8,alternative interface,B:314:,LYS,314,B,6,4,13.39951365355583,0.6666666666666666,0.2971283333333333,0.18889,0.9924096040481287,B:275:;B:277:;B:314:;B:316:;B:85:;B:87:,B:275:;B:277:;B:85:;B:87:
catalase_ps,cationic,162,8,alternative interface,A:319:,ARG,319,A,5,2,12.07819110559337,0.4,0.24720000000000003,0.18884,0.9945388884118581,A:269:;A:318:;A:319:;A:320:;A:81:,A:318:;A:320:
catalase_ps,cationic,163,8,alternative interface,D:314:,LYS,314,D,6,4,13.23942265649969,0.6666666666666666,0.2745633333333333,0.1816,0.9926010549158071,D:275:;D:277:;D:314:;D:316:;D:85:;D:87:,D:275:;D:277:;D:85:;D:87:
catalase_ps,cationic,164,8,alternative interface,B:139:,ASP,139,B,5,3,10.587046775776663,0.6,0.20350799999999997,0.16582999999999998,0.9932744418798976,B:138:;B:139:;B:340:;B:97:;D:32:,B:138:;B:139:;D:32:
catalase_ps,cationic,165,8,alternative interface,B:100:,GLU,100,B,7,2,13.211610484849837,0.2857142857142857,0.39528428571428575,0.15236,0.9931242887019222,B:100:;B:101:;B:102:;B:104:;B:91:;B:95:;B:97:,B:100:;B:91:
catalase_ps,cationic,166,8,alternative interface,A:311:,PRO,311,A,7,3,13.886066586743492,0.42857142857142855,0.3156957142857143,0.12994999999999998,0.9930251817523947,A:277:;A:279:;A:309:;A:310:;A:311:;A:87:;A:88:,A:277:;A:279:;A:87:
catalase_ps,cationic,167,8,alternative interface,D:242:,LYS,242,D,8,2,13.098120187906824,0.25,0.29899624999999996,0.12461,0.9945699413413334,D:206:;D:207:;D:210:;D:240:;D:241:;D:242:;D:243:;D:244:,D:206:;D:243:
catalase_ps,cationic,168,8,alternative interface,B:311:,PRO,311,B,7,3,13.60835111861037,0.42857142857142855,0.3065257142857143,0.09709,0.9933572518508457,B:277:;B:279:;B:309:;B:310:;B:311:;B:87:;B:88:,B:277:;B:279:;B:87:
catalase_ps,cationic,169,8,alternative interface,A:219:,PHE,219,A,6,2,11.704274525158734,0.3333333333333333,0.09759666666666666,0.07323,0.994876929970593,A:219:;A:220:;A:230:;A:232:;A:343:;A:344:,A:230:;A:343:
catalase_ps,cationic,170,8,alternative interface,A:404:,TYR,404,A,3,2,9.219237493446661,0.6666666666666666,0.13703666666666667,0.03732,0.9950649649408881,A:402:;A:404:;A:405:,A:402:;A:404:
catalase_ps,cationic,171,8,alternative interface,B:404:,TYR,404,B,3,2,9.068793791264609,0.6666666666666666,0.11392666666666666,0.02566,0.9952273708113656,B:402:;B:404:;B:405:,B:402:;B:404:
catalase_ps,cationic,172,9,alternative interface,C:396:,ASN,396,C,8,4,11.262270885148444,0.5,0.272095,0.26785,0.9761352396959979,A:325:;C:388:;C:393:;C:394:;C:395:;C:396:;C:397:;C:398:,C:388:;C:395:;C:396:;C:397:
catalase_ps,cationic,173,9,alternative interface,C:376:,CYS,376,C,7,2,12.389736030572312,0.2857142857142857,0.2872942857142858,0.25978,0.9793997457225715,A:30:;C:370:;C:371:;C:373:;C:374:;C:376:;C:378:,C:371:;C:378:
catalase_ps,cationic,174,9,alternative interface,B:202:,ARG,202,B,9,3,14.900391738436443,0.3333333333333333,0.24471666666666664,0.25814,0.9922194125202346,B:197:;B:198:;B:199:;B:200:;B:201:;B:202:;B:203:;B:242:;B:243:,B:200:;B:201:;B:243:
catalase_ps,cationic,175,9,alternative interface,B:260:,GLY,260,B,10,5,13.897956705839514,0.5,0.155802,0.25609000000000004,0.9900379071203773,B:123:;B:206:;B:207:;B:208:;B:258:;B:259:;B:260:;B:262:;B:263:;B:78:,B:123:;B:206:;B:258:;B:259:;B:263:
catalase_ps,cationic,176,9,alternative interface,D:260:,GLY,260,D,10,5,12.07660432375188,0.5,0.157693,0.25325,0.9908653068794779,D:123:;D:206:;D:207:;D:208:;D:258:;D:259:;D:260:;D:261:;D:262:;D:263:,D:123:;D:206:;D:258:;D:259:;D:263:
catalase_ps,cationic,177,9,alternative interface,B:376:,CYS,376,B,6,2,12.316075187274189,0.3333333333333333,0.27792999999999995,0.25168,0.9825712156904253,B:370:;B:371:;B:373:;B:376:;B:378:;D:30:,B:371:;B:378:
catalase_ps,cationic,178,9,alternative interface,D:54:,VAL,54,D,8,4,11.082268709646511,0.5,0.18162,0.24431,0.9800897515915495,B:336:;B:355:;D:51:;D:52:;D:54:;D:55:;D:57:;D:58:,B:336:;D:52:;D:57:;D:58:
catalase_ps,cationic,179,9,alternative interface,A:263:,ASP,263,A,8,3,11.642041449979795,0.375,0.17556,0.23951,0.9921873997195977,A:207:;A:259:;A:260:;A:261:;A:262:;A:263:;A:265:;A:266:,A:259:;A:263:;A:266:
catalase_ps,cationic,180,9,alternative interface,A:376:,CYS,376,A,6,2,10.166508792147852,0.3333333333333333,0.28189666666666663,0.23612,0.9863983204170653,A:370:;A:371:;A:373:;A:374:;A:376:;A:378:,A:371:;A:378:
catalase_ps,cationic,181,9,alternative interface,B:82:,GLY,82,B,7,2,11.139808348291643,0.2857142857142857,0.27083714285714283,0.23399999999999999,0.992207668091196,B:107:;B:316:;B:318:;B:319:;B:81:;B:82:;B:83:,B:318:;B:83:
catalase_ps,cationic,182,9,alternative interface,B:54:,VAL,54,B,8,4,10.976035262409564,0.5,0.18063875000000001,0.2305,0.9809200450796677,B:51:;B:52:;B:54:;B:55:;B:57:;B:58:;D:336:;D:355:,B:52:;B:57:;B:58:;D:336:
catalase_ps,cationic,183,9,alternative interface,D:82:,GLY,82,D,7,2,10.949335772412947,0.2857142857142857,0.24392857142857144,0.22685,0.9924825182869705,D:107:;D:316:;D:318:;D:319:;D:81:;D:82:;D:83:,D:318:;D:83:
catalase_ps,cationic,184,9,alternative interface,C:260:,GLY,260,C,10,5,12.092410709353022,0.5,0.13208,0.21214,0.9910459477327074,C:123:;C:206:;C:207:;C:208:;C:258:;C:259:;C:260:;C:261:;C:262:;C:263:,C:123:;C:206:;C:258:;C:259:;C:263:
catalase_ps,cationic,185,9,alternative interface,A:422:,THR,422,A,8,3,13.032384100012873,0.375,0.2750725,0.20123999999999997,0.9935668755759204,A:420:;A:421:;A:422:;A:423:;A:424:;B:427:;B:428:;B:429:,A:422:;B:427:;B:429:
catalase_ps,cationic,186,9,alternative interface,C:214:,TYR,214,C,8,5,13.462753484680016,0.625,0.12882375000000001,0.19992000000000001,0.9907747151959629,C:147:;C:148:;C:150:;C:212:;C:214:;C:216:;C:232:;C:234:,C:147:;C:148:;C:212:;C:214:;C:216:
catalase_ps,cationic,187,9,alternative interface,D:214:,TYR,214,D,8,5,13.383377636997167,0.625,0.1328925,0.19881000000000001,0.9908205124446279,D:147:;D:148:;D:150:;D:212:;D:214:;D:216:;D:232:;D:234:,D:147:;D:148:;D:212:;D:214:;D:216:
catalase_ps,cationic,188,9,alternative interface,B:324:,TYR,324,B,7,4,12.192526691972581,0.5714285714285714,0.23831285714285716,0.19527,0.9853700066034925,B:322:;B:324:;B:325:;B:327:;B:329:;C:172:;C:174:,B:324:;B:327:;B:329:;C:172:
catalase_ps,cationic,189,9,alternative interface,C:139:,ASP,139,C,7,3,11.863359988193723,0.42857142857142855,0.15695571428571428,0.17670000000000002,0.9916618748023914,A:32:;A:33:;C:138:;C:139:;C:339:;C:340:;C:97:,A:32:;C:138:;C:139:
catalase_ps,cationic,190,9,alternative interface,A:229:,VAL,229,A,9,4,12.950011917958706,0.4444444444444444,0.2318411111111111,0.16126000000000001,0.9934813150925372,A:220:;A:222:;A:227:;A:229:;A:230:;A:282:;A:284:;A:285:;A:93:,A:227:;A:230:;A:284:;A:93:
catalase_ps,cationic,191,9,alternative interface,A:324:,TYR,324,A,7,4,12.017544800511105,0.5714285714285714,0.21549142857142853,0.15113,0.9855786755585272,A:322:;A:324:;A:325:;A:327:;A:329:;D:172:;D:174:,A:324:;A:327:;A:329:;D:172:
catalase_ps,cationic,192,9,alternative interface,C:420:,HIS,420,C,7,2,12.441478882661457,0.2857142857142857,0.33189857142857143,0.12054000000000001,0.992346758158687,C:222:;C:226:;C:418:;C:419:;C:420:;C:421:;C:422:,C:419:;C:422:
catalase_ps,cationic,193,9,alternative interface,D:311:,PRO,311,D,7,3,14.039064796826496,0.42857142857142855,0.29842571428571435,0.11346,0.9928882278840039,D:277:;D:279:;D:309:;D:310:;D:311:;D:87:;D:88:,D:277:;D:279:;D:87:
catalase_ps,cationic,194,9,alternative interface,C:311:,PRO,311,C,7,3,14.439278478502919,0.42857142857142855,0.30407285714285714,0.10977,0.9927011225532382,C:277:;C:279:;C:309:;C:310:;C:311:;C:87:;C:88:,C:277:;C:279:;C:87:
catalase_ps,cationic,195,9,alternative interface,B:338:,MET,338,B,6,4,11.868041580963233,0.6666666666666666,0.10430333333333332,0.08971,0.9910699840772549,B:336:;B:337:;B:338:;B:340:;B:343:;D:32:,B:336:;B:337:;B:343:;D:32:
catalase_ps,cationic,196,9,alternative interface,C:322:,VAL,322,C,6,4,13.470231332109229,0.6666666666666666,0.267905,0.07713,0.9822228835788762,A:395:;A:398:;B:172:;C:320:;C:322:;C:327:,A:395:;B:172:;C:320:;C:327:
catalase_ps,cationic,197,9,alternative interface,B:126:,ARG,126,B,7,1,10.763481630069565,0.14285714285714285,0.19043428571428572,0.07128,0.9946923975678705,B:125:;B:126:;B:127:;B:128:;B:198:;B:199:;B:203:,B:127:
catalase_ps,cationic,198,9,alternative interface,A:123:,ASP,123,A,10,5,14.510797317422268,0.5,0.18337799999999999,0.0695,0.9868549727538022,A:113:;A:121:;A:122:;A:123:;A:125:;A:253:;A:257:;A:258:;A:259:;A:260:,A:113:;A:121:;A:123:;A:258:;A:259:
catalase_ps,cationic,199,9,alternative interface,C:329:,GLU,329,C,3,2,6.263929249536015,0.6666666666666666,0.14452666666666666,0.06642,0.9882562718175987,C:325:;C:327:;C:329:,C:327:;C:329:
catalase_ps,cationic,200,9,alternative interface,C:294:,ASN,294,C,6,2,13.342351588491159,0.3333333333333333,0.27075999999999995,0.058570000000000004,0.9940475692753357,B:46:;C:292:;C:293:;C:294:;C:296:;C:436:,C:294:;C:436:
catalase_ps,cationic,201,9,alternative interface,A:126:,ARG,126,A,6,1,10.950389804329374,0.16666666666666666,0.15317666666666666,0.0387,0.9940570770895694,A:125:;A:126:;A:127:;A:198:;A:199:;A:204:,A:127:
catalase_ps,cationic,202,9,alternative interface,C:282:,VAL,282,C,7,3,14.495368576397707,0.42857142857142855,0.22168857142857143,0.021589999999999998,0.9936457467747969,C:229:;C:230:;C:232:;C:282:;C:284:;C:307:;C:308:,C:230:;C:284:;C:307:
catalase_ps,cationic,203,10,alternative interface,C:54:,VAL,54,C,8,4,11.295373737573613,0.5,0.16946375,0.22114,0.9806314557464172,A:336:;A:355:;C:51:;C:52:;C:54:;C:55:;C:57:;C:58:,A:336:;C:52:;C:57:;C:58:
catalase_ps,cationic,204,10,alternative interface,A:396:,ASN,396,A,8,4,11.45145628787449,0.5,0.24242499999999997,0.21755,0.9759042713125483,A:388:;A:393:;A:394:;A:395:;A:396:;A:397:;A:398:;C:325:,A:388:;A:395:;A:396:;A:397:
catalase_ps,cationic,205,10,alternative interface,A:214:,TYR,214,A,8,5,13.454674959421304,0.625,0.13233875,0.19783,0.9907981649965021,A:147:;A:148:;A:150:;A:212:;A:214:;A:216:;A:232:;A:234:,A:147:;A:148:;A:212:;A:214:;A:216:
catalase_ps,cationic,206,10,alternative interface,C:203:,GLY,203,C,12,4,14.133399132719394,0.3333333333333333,0.21176000000000003,0.19524,0.993453765236912,C:125:;C:126:;C:127:;C:128:;C:197:;C:198:;C:200:;C:201:;C:202:;C:203:;C:204:;C:243:,C:127:;C:200:;C:201:;C:243:
catalase_ps,cationic,207,10,alternative interface,D:59:,GLU,59,D,9,5,11.716330196657319,0.5555555555555556,0.1479688888888889,0.19283,0.9747973089039329,B:386:;D:28:;D:29:;D:55:;D:57:;D:58:;D:59:;D:60:;D:62:,B:386:;D:28:;D:57:;D:58:;D:59:
catalase_ps,cationic,208,10,alternative interface,C:59:,GLU,59,C,9,5,11.913870085055231,0.5555555555555556,0.15319222222222223,0.19039,0.9742824357731429,A:386:;C:28:;C:29:;C:55:;C:57:;C:58:;C:59:;C:60:;C:62:,A:386:;C:28:;C:57:;C:58:;C:59:
catalase_ps,cationic,209,10,alternative interface,B:59:,GLU,59,B,9,5,12.106887087189515,0.5555555555555556,0.15341888888888888,0.18722000000000003,0.9738000670837877,B:28:;B:29:;B:55:;B:57:;B:58:;B:59:;B:60:;B:62:;D:386:,B:28:;B:57:;B:58:;B:59:;D:386:
catalase_ps,cationic,210,10,alternative interface,A:59:,GLU,59,A,9,5,12.044053444158877,0.5555555555555556,0.14797111111111108,0.18503,0.9746944804687089,A:28:;A:29:;A:55:;A:57:;A:58:;A:59:;A:60:;A:62:;C:386:,A:28:;A:57:;A:58:;A:59:;C:386:
catalase_ps,cationic,211,10,alternative interface,D:324:,TYR,324,D,7,4,12.119630345733544,0.5714285714285714,0.2375957142857143,0.17917000000000002,0.9853534457369603,A:172:;A:174:;D:322:;D:324:;D:325:;D:327:;D:329:,A:172:;D:324:;D:327:;D:329:
catalase_ps,cationic,212,10,alternative interface,D:202:,ARG,202,D,8,3,12.725688169437962,0.375,0.18414375,0.17393,0.9933434291738861,D:197:;D:198:;D:199:;D:200:;D:201:;D:202:;D:204:;D:243:,D:200:;D:201:;D:243:
catalase_ps,cationic,213,10,alternative interface,B:129:,ARG,129,B,8,4,11.433364310730875,0.5,0.13881875,0.15534,0.9906682095826137,B:113:;B:115:;B:127:;B:128:;B:129:;B:130:;B:147:;B:148:,B:113:;B:127:;B:147:;B:148:
catalase_ps,cationic,214,10,alternative interface,A:41:,LEU,41,A,6,3,14.797058086612802,0.5,0.15242,0.10407,0.9899641530150387,A:39:;A:41:;A:52:;D:428:;D:429:;D:431:,A:39:;A:52:;D:429:
catalase_ps,cationic,215,10,alternative interface,C:83:,TYR,83,C,6,2,13.401615835871624,0.3333333333333333,0.2920933333333333,0.10066000000000001,0.9928002293190649,C:105:;C:107:;C:316:;C:81:;C:83:;C:85:,C:83:;C:85:
catalase_ps,cationic,216,10,alternative interface,A:419:,GLU,419,A,7,3,15.362957465904351,0.42857142857142855,0.22608571428571428,0.09960000000000001,0.9880761880790787,A:340:;A:343:;A:418:;A:419:;A:420:;A:421:;B:429:,A:343:;A:419:;B:429:
catalase_ps,cationic,217,10,alternative interface,A:83:,TYR,83,A,6,2,13.447641841361564,0.3333333333333333,0.27595333333333333,0.09661,0.9928112976898547,A:105:;A:107:;A:316:;A:81:;A:83:;A:85:,A:83:;A:85:
catalase_ps,cationic,218,10,alternative interface,D:282:,VAL,282,D,7,3,14.338042412801732,0.42857142857142855,0.15990285714285712,0.026949999999999998,0.9927025454851418,D:229:;D:230:;D:232:;D:282:;D:284:;D:307:;D:309:,D:230:;D:284:;D:307:
catalase_ps,cationic,219,11,alternative interface,B:358:,PRO,358,B,9,3,13.991958528061549,0.3333333333333333,0.13853444444444443,0.19221,0.9775797476565088,B:333:;B:336:;B:355:;B:356:;B:357:;B:358:;B:360:;B:361:;B:362:,B:336:;B:357:;B:360:
catalase_ps,cationic,220,11,alternative interface,B:76:,LYS,76,B,11,5,13.366687071407283,0.45454545454545453,0.16568272727272726,0.18258,0.9791019849300323,B:113:;B:115:;B:117:;B:118:;B:119:;B:121:;B:122:;B:123:;B:74:;B:76:;B:78:,B:113:;B:118:;B:119:;B:121:;B:123:
catalase_ps,cationic,221,11,alternative interface,A:202:,ARG,202,A,8,3,13.110529459429202,0.375,0.178135,0.16821000000000003,0.9931584013717745,A:197:;A:198:;A:199:;A:200:;A:201:;A:202:;A:204:;A:243:,A:200:;A:201:;A:243:
catalase_ps,cationic,222,11,alternative interface,B:32:,ASN,32,B,8,4,14.354857629807372,0.5,0.133345,0.15248,0.9881784753906862,B:28:;B:29:;B:32:;B:33:;D:139:;D:337:;D:338:;D:340:,B:28:;B:32:;D:139:;D:337:
catalase_ps,cationic,223,11,alternative interface,B:388:,ASP,388,B,5,2,12.738293938459242,0.4,0.19014,0.09411,0.9554855159236247,B:386:;B:388:;B:390:;D:325:;D:67:,B:386:;B:388:
catalase_ps,cationic,224,11,alternative interface,A:338:,MET,338,A,7,4,13.640649050093451,0.5714285714285714,0.10485714285714287,0.09381,0.9883907888763152,A:335:;A:336:;A:337:;A:338:;A:340:;A:343:;C:32:,A:336:;A:337:;A:343:;C:32:
catalase_ps,cationic,225,11,alternative interface,B:384:,ASN,384,B,9,5,14.420706573650184,0.5555555555555556,0.12099222222222222,0.09033,0.9789931203341006,B:382:;B:383:;B:384:;B:386:;B:402:;B:411:;D:27:;D:28:;D:29:,B:384:;B:386:;B:402:;D:27:;D:28:
catalase_ps,cationic,226,11,alternative interface,B:174:,HIS,174,B,5,1,11.469933535910794,0.2,0.22454000000000005,0.07713,0.9834529262132962,B:169:;B:172:;B:174:;B:176:;C:261:,B:172:
catalase_ps,cationic,227,11,alternative interface,B:294:,ASN,294,B,7,2,15.541783227184887,0.2857142857142857,0.2907085714285714,0.06875,0.9926813028173052,B:288:;B:292:;B:293:;B:294:;B:296:;B:436:;C:46:,B:294:;B:436:
catalase_ps,cationic,228,11,alternative interface,C:384:,ASN,384,C,9,4,14.496423359096745,0.4444444444444444,0.16607666666666668,0.061020000000000005,0.9801911764404134,A:25:;A:28:;A:29:;C:382:;C:383:;C:384:;C:386:;C:402:;C:411:,A:28:;C:384:;C:386:;C:402:
catalase_ps,cationic,229,11,alternative interface,B:344:,PRO,344,B,5,1,10.052342096408795,0.2,0.093092,0.05665,0.993296576570695,B:219:;B:220:;B:343:;B:344:;B:346:,B:343:
catalase_ps,cationic,230,11,alternative interface,C:404:,TYR,404,C,4,2,9.34866308842658,0.5,0.1136725,0.04333,0.9892572475558303,C:402:;C:404:;C:405:;D:163:,C:402:;C:404:
catalase_ps,cationic,231,11,alternative interface,D:126:,ARG,126,D,7,1,11.17495621971619,0.14285714285714285,0.14579142857142857,0.0387,0.9934527600279586,D:125:;D:126:;D:127:;D:128:;D:198:;D:199:;D:204:,D:127:
catalase_ps,cationic,232,12,alternative interface,A:358:,PRO,358,A,9,3,14.00752903397656,0.3333333333333333,0.12391111111111111,0.17151,0.9780635546591755,A:333:;A:336:;A:355:;A:356:;A:357:;A:358:;A:360:;A:361:;A:362:,A:336:;A:357:;A:360:
catalase_ps,cationic,233,12,alternative interface,C:358:,PRO,358,C,9,3,13.832265389374104,0.3333333333333333,0.13092666666666666,0.17099,0.9778499568616769,C:333:;C:336:;C:355:;C:356:;C:357:;C:358:;C:360:;C:361:;C:362:,C:336:;C:357:;C:360:
catalase_ps,cationic,234,12,alternative interface,D:358:,PRO,358,D,9,3,14.091133333560462,0.3333333333333333,0.1260088888888889,0.17052,0.9787846372562249,D:333:;D:336:;D:355:;D:356:;D:357:;D:358:;D:360:;D:361:;D:362:,D:336:;D:357:;D:360:
catalase_ps,cationic,235,12,alternative interface,A:206:,ASP,206,A,10,2,12.902874838930499,0.2,0.17368499999999998,0.12698,0.9928012649234716,A:204:;A:206:;A:207:;A:208:;A:209:;A:210:;A:242:;A:243:;A:244:;A:260:,A:206:;A:243:
catalase_ps,cationic,236,12,alternative interface,C:130:,GLY,130,C,9,3,13.41349215821702,0.3333333333333333,0.14161999999999997,0.11964999999999999,0.98288360926806,C:113:;C:115:;C:128:;C:130:;C:132:;C:145:;C:147:;C:148:;C:74:,C:113:;C:147:;C:148:
catalase_ps,cationic,237,12,alternative interface,B:353:,ARG,353,B,7,2,14.909839820365889,0.2857142857142857,0.14606142857142856,0.11943,0.9824189228080206,B:157:;B:336:;B:349:;B:353:;B:355:;B:356:;B:357:,B:336:;B:357:
catalase_ps,cationic,238,12,alternative interface,D:130:,GLY,130,D,9,3,13.315391102284869,0.3333333333333333,0.14462444444444442,0.11148,0.9828368352485812,D:113:;D:115:;D:128:;D:130:;D:132:;D:145:;D:147:;D:148:;D:74:,D:113:;D:147:;D:148:
catalase_ps,cationic,239,12,alternative interface,A:117:,GLY,117,A,10,3,14.294819071434388,0.3,0.174342,0.10643000000000001,0.9767761303789625,A:115:;A:116:;A:117:;A:118:;A:119:;A:121:;A:122:;A:168:;A:73:;A:74:,A:118:;A:119:;A:121:
catalase_ps,cationic,240,12,alternative interface,A:66:,GLU,66,A,6,2,12.818141892353657,0.3333333333333333,0.1542066666666667,0.10608000000000001,0.9356499210725778,A:62:;A:66:;A:67:;C:388:;C:390:;D:72:,A:66:;C:388:
catalase_ps,cationic,241,12,alternative interface,C:66:,GLU,66,C,6,2,13.04386886638167,0.3333333333333333,0.156755,0.10608000000000001,0.9341445295031529,A:388:;A:390:;B:72:;C:62:;C:66:;C:67:,A:388:;C:66:
catalase_ps,cationic,242,12,alternative interface,A:130:,GLY,130,A,8,3,13.251244307548808,0.375,0.13548125,0.10096999999999999,0.9830584612603132,A:113:;A:115:;A:130:;A:132:;A:145:;A:147:;A:148:;A:74:,A:113:;A:147:;A:148:
catalase_ps,cationic,243,12,alternative interface,C:353:,ARG,353,C,6,2,12.773422783922191,0.3333333333333333,0.149805,0.09887,0.9866122608547817,C:336:;C:349:;C:353:;C:355:;C:356:;C:357:,C:336:;C:357:
catalase_ps,cationic,244,12,alternative interface,A:384:,ASN,384,A,8,4,13.338864610407933,0.5,0.12524125,0.0785,0.9868645290323391,A:382:;A:383:;A:384:;A:386:;A:411:;C:27:;C:28:;C:29:,A:384:;A:386:;C:27:;C:28:
catalase_ps,cationic,245,12,alternative interface,C:168:,LYS,168,C,8,2,12.83782577103454,0.25,0.17053625,0.06443,0.9843768312941242,C:116:;C:117:;C:165:;C:167:;C:168:;C:169:;C:176:;C:177:,C:167:;C:177:
catalase_ps,cationic,246,12,alternative interface,D:320:,ASN,320,D,7,2,12.542393303326648,0.2857142857142857,0.26312142857142856,0.04138,0.9894069270026398,D:265:;D:269:;D:318:;D:319:;D:320:;D:322:;D:81:,D:318:;D:320:
catalase_ps,cationic,247,12,alternative interface,B:320:,ASN,320,B,7,2,12.38069617417971,0.2857142857142857,0.2832342857142857,0.03329,0.9895406529261924,B:265:;B:269:;B:318:;B:319:;B:320:;B:322:;B:81:,B:318:;B:320:
catalase_ps,cationic,248,12,alternative interface,A:77:,GLY,77,A,5,2,13.953321558042719,0.4,0.13528199999999999,0.01891,0.9801145107360201,A:113:;A:119:;A:261:;A:74:;A:77:,A:113:;A:119:
catalase_ps,cationic,249,13,alternative interface,B:369:,TYR,369,B,8,2,11.526253284831725,0.25,0.12862125000000002,0.07879,0.9346303578700546,B:361:;B:362:;B:366:;B:367:;B:369:;B:370:;B:371:;D:391:,B:369:;B:371:
catalase_ps,cationic,250,13,alternative interface,C:337:,ASN,337,C,6,3,13.92587389297236,0.5,0.09144833333333331,0.07787,0.9806394691063388,A:30:;A:32:;C:333:;C:336:;C:337:;C:339:,A:32:;C:336:;C:337:
catalase_ps,cationic,251,13,alternative interface,B:165:,HIS,165,B,5,2,10.749623297092775,0.4,0.11939200000000001,0.07334,0.98440168640501,A:402:;B:165:;B:167:;B:168:;B:169:,A:402:;B:167:
catalase_ps,cationic,252,13,alternative interface,D:363:,HIS,363,D,7,1,9.6800420018885,0.14285714285714285,0.1433642857142857,0.06825,0.9354357368768621,D:360:;D:361:;D:362:;D:363:;D:364:;D:366:;D:367:,D:360:
catalase_ps,cationic,253,13,alternative interface,B:363:,HIS,363,B,6,1,9.675300027852934,0.16666666666666666,0.14717500000000003,0.06462,0.9449358869090101,B:360:;B:361:;B:362:;B:363:;B:366:;B:367:,B:360:
catalase_ps,cationic,254,13,alternative interface,C:71:,ARG,71,C,7,1,12.192799344425966,0.14285714285714285,0.14941714285714286,0.05184999999999999,0.9775613574868225,B:67:;C:69:;C:70:;C:71:;C:72:;C:73:;C:74:,C:70:
catalase_ps,cationic,255,14,alternative interface,D:165:,HIS,165,D,6,2,11.68629932485655,0.3333333333333333,0.10273833333333333,0.06976,0.9822181712403246,C:402:;D:163:;D:165:;D:167:;D:168:;D:169:,C:402:;D:167:
catalase_ps,cationic,256,14,alternative interface,C:363:,HIS,363,C,7,1,13.326209569171168,0.14285714285714285,0.12967571428571428,0.06402999999999999,0.9049353468211272,B:65:;C:360:;C:361:;C:362:;C:363:;C:366:;C:367:,C:360:
catalase_ps,cationic,257,14,alternative interface,A:363:,HIS,363,A,6,1,9.845634684942569,0.16666666666666666,0.13779333333333332,0.06019,0.9448811712601022,A:360:;A:361:;A:362:;A:363:;A:366:;A:367:,A:360:
catalase_ps,cationic,258,14,alternative interface,A:165:,HIS,165,A,5,2,10.64489100696966,0.4,0.093574,0.05437,0.9840496364705055,A:165:;A:167:;A:168:;A:169:;B:402:,A:167:;B:402:
catalase_ps,cationic,259,14,alternative interface,B:71:,ARG,71,B,7,1,12.364378068655977,0.14285714285714285,0.14189142857142859,0.046369999999999995,0.9772044542214013,B:69:;B:70:;B:71:;B:72:;B:73:;B:74:;C:67:,B:70:
catalase_ps,cationic,260,15,alternative interface,A:71:,ARG,71,A,7,1,12.472374827164668,0.14285714285714285,0.14087857142857144,0.04327,0.9769929131855137,A:69:;A:70:;A:71:;A:72:;A:73:;A:74:;D:67:,A:70:
catalase_ps,cationic,261,16,alternative interface,D:71:,ARG,71,D,8,1,13.168165495621809,0.125,0.1322,0.04327,0.972088263186787,A:67:;D:364:;D:69:;D:70:;D:71:;D:72:;D:73:;D:74:,D:70:
catalase_ps,hydrophobic,1,1,primary plausible interface,D:291:,PHE,291,D,8,5,11.275092238824193,0.625,0.4266275,0.79256,0.9963953559637937,D:287:;D:288:;D:289:;D:290:;D:291:;D:292:;D:293:;D:294:,D:288:;D:290:;D:291:;D:292:;D:293:
catalase_ps,hydrophobic,2,1,primary plausible interface,A:21:,GLN,21,A,6,3,10.112824714821913,0.5,0.5769000000000001,0.7775799999999999,0.9958996780225625,A:18:;A:19:;A:20:;A:21:;A:22:;A:23:,A:19:;A:20:;A:23:
catalase_ps,hydrophobic,3,1,primary plausible interface,D:19:,ALA,19,D,7,2,9.204135890257826,0.2857142857142857,0.5812757142857142,0.6769499999999999,0.9958208613652002,D:15:;D:16:;D:17:;D:18:;D:19:;D:20:;D:21:,D:19:;D:20:
catalase_ps,hydrophobic,4,1,primary plausible interface,C:445:,PHE,445,C,8,4,12.116525414605446,0.5,0.42446125,0.65846,0.996518278814099,C:441:;C:443:;C:444:;C:445:;C:447:;C:448:;C:449:;C:450:,C:445:;C:447:;C:449:;C:450:
catalase_ps,hydrophobic,5,1,primary plausible interface,C:288:,ALA,288,C,8,3,13.398122341404362,0.375,0.5148999999999999,0.63448,0.9969777290318357,C:230:;C:284:;C:285:;C:286:;C:287:;C:288:;C:289:;C:290:,C:285:;C:288:;C:290:
catalase_ps,hydrophobic,6,1,primary plausible interface,B:20:,ALA,20,B,5,2,8.692194543898005,0.4,0.597884,0.62372,0.9962702272844389,B:18:;B:19:;B:20:;B:21:;B:22:,B:19:;B:20:
catalase_ps,hydrophobic,7,1,primary plausible interface,C:416:,SER,416,C,4,2,7.263022869630734,0.5,0.5072875,0.57879,0.9967005691110307,C:414:;C:415:;C:416:;C:418:,C:415:;C:418:
catalase_ps,hydrophobic,8,1,primary plausible interface,B:305:,GLY,305,B,6,2,7.814401357740174,0.3333333333333333,0.5986966666666667,0.46299999999999997,0.9981002473659392,B:303:;B:304:;B:305:;B:306:;B:307:;B:308:,B:303:;B:308:
catalase_ps,hydrophobic,9,1,primary plausible interface,D:305:,GLY,305,D,6,2,7.927052054506111,0.3333333333333333,0.587355,0.43886000000000003,0.99811814170348,D:303:;D:304:;D:305:;D:306:;D:307:;D:308:,D:303:;D:308:
catalase_ps,hydrophobic,10,1,primary plausible interface,C:305:,GLY,305,C,6,2,7.109929084440638,0.3333333333333333,0.6034166666666666,0.41472000000000003,0.9982531872377739,C:303:;C:304:;C:305:;C:306:;C:307:;C:308:,C:303:;C:308:
catalase_ps,hydrophobic,11,1,primary plausible interface,B:293:,PHE,293,B,4,2,10.766511900576702,0.5,0.3453425,0.40037999999999996,0.9967132383809548,B:292:;B:293:;B:294:;B:436:,B:292:;B:293:
catalase_ps,hydrophobic,12,1,primary plausible interface,C:292:,PRO,292,C,4,3,9.76979560998682,0.75,0.4001925,0.36469,0.9981035333542552,C:290:;C:292:;C:293:;C:294:,C:290:;C:292:;C:293:
catalase_ps,hydrophobic,13,1,primary plausible interface,C:52:,GLN,52,C,5,4,13.461509193728416,0.8,0.162398,0.24379,0.9867598007674653,A:344:;C:41:;C:51:;C:52:;C:54:,A:344:;C:41:;C:51:;C:54:
catalase_ps,hydrophobic,14,1,primary plausible interface,D:52:,GLN,52,D,5,4,14.59029682991733,0.8,0.151112,0.22057,0.9889527984017357,B:355:;D:41:;D:51:;D:52:;D:54:,B:355:;D:41:;D:51:;D:54:
catalase_ps,hydrophobic,15,1,primary plausible interface,D:498:,LYS,498,D,7,2,11.377035146375226,0.2857142857142857,0.6128385714285715,0.19297999999999998,0.9969080921759802,D:494:;D:495:;D:497:;D:498:;D:499:;D:500:;D:501:,D:494:;D:495:
catalase_ps,hydrophobic,16,1,primary plausible interface,C:8:,SER,8,C,4,1,6.648828567300131,0.25,0.2730475,0.1412,0.9982665076451074,C:4:;C:5:;C:6:;C:8:,C:6:
catalase_ps,hydrophobic,17,1,primary plausible interface,C:160:,PHE,160,C,1,1,0.0,1.0,0.24683,0.13541999999999998,1.0,C:160:,C:160:
catalase_ps,hydrophobic,18,2,alternative interface,C:250:,ALA,250,C,11,5,15.140795243423257,0.45454545454545453,0.42713636363636365,0.75399,0.9928160307274442,B:254:;C:125:;C:245:;C:246:;C:247:;C:248:;C:250:;C:251:;C:252:;C:253:;C:254:,C:125:;C:246:;C:250:;C:252:;C:253:
catalase_ps,hydrophobic,19,2,alternative interface,C:19:,ALA,19,C,8,2,10.36377251901137,0.25,0.5134112500000001,0.6883199999999999,0.9942394759803924,A:409:;C:15:;C:16:;C:17:;C:18:;C:19:;C:20:;C:21:,C:19:;C:20:
catalase_ps,hydrophobic,20,2,alternative interface,B:288:,ALA,288,B,8,3,13.739771741672067,0.375,0.5318875,0.6750700000000001,0.9954491173574718,B:284:;B:285:;B:286:;B:287:;B:288:;B:289:;B:290:;B:294:,B:285:;B:288:;B:290:
catalase_ps,hydrophobic,21,2,alternative interface,A:253:,ALA,253,A,13,6,13.994781368536502,0.46153846153846156,0.29018615384615387,0.6670999999999999,0.9913479026065574,A:122:;A:123:;A:125:;A:250:;A:251:;A:252:;A:253:;A:254:;A:255:;A:256:;A:257:;A:259:;D:254:,A:122:;A:125:;A:250:;A:252:;A:253:;A:257:
catalase_ps,hydrophobic,22,2,alternative interface,D:250:,ALA,250,D,10,5,13.047474210707248,0.5,0.40746399999999994,0.65711,0.9936434342121101,A:254:;D:125:;D:246:;D:247:;D:248:;D:250:;D:251:;D:252:;D:253:;D:254:,D:125:;D:246:;D:250:;D:252:;D:253:
catalase_ps,hydrophobic,23,2,alternative interface,A:288:,ALA,288,A,8,3,13.666489139175972,0.375,0.48060250000000004,0.62439,0.9965547885305401,A:230:;A:284:;A:285:;A:286:;A:287:;A:288:;A:289:;A:290:,A:285:;A:288:;A:290:
catalase_ps,hydrophobic,24,2,alternative interface,C:470:,GLN,470,C,5,2,11.620860049227417,0.4,0.426346,0.60936,0.995419079396779,C:468:;C:470:;C:471:;C:472:;C:474:,C:471:;C:472:
catalase_ps,hydrophobic,25,2,alternative interface,D:309:,LEU,309,D,8,5,13.31322819738263,0.625,0.32819375,0.60314,0.9939332118381559,D:279:;D:282:;D:304:;D:307:;D:308:;D:309:;D:310:;D:311:,D:282:;D:308:;D:309:;D:310:;D:311:
catalase_ps,hydrophobic,26,2,alternative interface,A:445:,PHE,445,A,9,4,13.472016201689263,0.4444444444444444,0.37583222222222223,0.60139,0.9962628645957272,A:193:;A:441:;A:443:;A:444:;A:445:;A:447:;A:448:;A:449:;A:450:,A:445:;A:447:;A:449:;A:450:
catalase_ps,hydrophobic,27,2,alternative interface,D:445:,PHE,445,D,8,4,12.557598416288485,0.5,0.4054025,0.6009,0.9963357120733214,D:441:;D:443:;D:444:;D:445:;D:447:;D:448:;D:449:;D:450:,D:445:;D:447:;D:449:;D:450:
catalase_ps,hydrophobic,28,2,alternative interface,A:470:,GLN,470,A,4,2,11.18807687839869,0.5,0.47129000000000004,0.5835199999999999,0.995770460354402,A:468:;A:470:;A:471:;A:472:,A:471:;A:472:
catalase_ps,hydrophobic,29,2,alternative interface,A:309:,LEU,309,A,9,5,13.338919595318389,0.5555555555555556,0.2891722222222222,0.56628,0.9939423523731524,A:234:;A:279:;A:282:;A:304:;A:307:;A:308:;A:309:;A:310:;A:311:,A:282:;A:308:;A:309:;A:310:;A:311:
catalase_ps,hydrophobic,30,2,alternative interface,B:247:,GLU,247,B,7,3,10.316428318510432,0.42857142857142855,0.5113800000000001,0.54896,0.9954071827402198,B:244:;B:245:;B:246:;B:247:;B:248:;B:250:;B:251:,B:244:;B:246:;B:250:
catalase_ps,hydrophobic,31,2,alternative interface,A:247:,GLU,247,A,7,3,10.333624258684724,0.42857142857142855,0.5254085714285714,0.53074,0.9952172277266378,A:244:;A:245:;A:246:;A:247:;A:248:;A:250:;A:251:,A:244:;A:246:;A:250:
catalase_ps,hydrophobic,32,2,alternative interface,B:448:,LYS,448,B,8,4,12.745146558422135,0.5,0.43716374999999996,0.49113,0.9963966074435493,B:443:;B:444:;B:445:;B:447:;B:448:;B:449:;B:450:;B:451:,B:445:;B:447:;B:449:;B:450:
catalase_ps,hydrophobic,33,2,alternative interface,B:416:,SER,416,B,4,2,7.804339507343133,0.5,0.4638375,0.46417,0.996294101303968,B:414:;B:415:;B:416:;B:418:,B:415:;B:418:
catalase_ps,hydrophobic,34,2,alternative interface,A:416:,SER,416,A,4,2,7.638519434564662,0.5,0.50049,0.42119999999999996,0.9964333133032773,A:414:;A:415:;A:416:;A:418:,A:415:;A:418:
catalase_ps,hydrophobic,35,2,alternative interface,A:24:,ASP,24,A,7,4,12.663599672610827,0.5714285714285714,0.38782285714285714,0.41505000000000003,0.9960720537791886,A:22:;A:23:;A:24:;A:25:;C:383:;C:411:;C:412:,A:23:;A:25:;C:383:;C:411:
catalase_ps,hydrophobic,36,2,alternative interface,A:485:,HIS,485,A,6,1,10.63110087760816,0.16666666666666666,0.47509333333333337,0.38484,0.9967285322525302,A:443:;A:482:;A:483:;A:485:;A:486:;A:487:,A:486:
catalase_ps,hydrophobic,37,2,alternative interface,B:485:,HIS,485,B,6,1,10.842963943048735,0.16666666666666666,0.5252233333333333,0.37377000000000005,0.9966183418397352,B:443:;B:482:;B:483:;B:485:;B:486:;B:487:,B:486:
catalase_ps,hydrophobic,38,2,alternative interface,B:393:,MET,393,B,6,4,12.70552009440128,0.6666666666666666,0.35044666666666663,0.34439,0.9746137818816156,B:371:;B:391:;B:393:;B:394:;B:395:;D:373:,B:391:;B:393:;B:394:;D:373:
catalase_ps,hydrophobic,39,2,alternative interface,A:475:,LYS,475,A,6,3,12.285318167379975,0.5,0.5184633333333334,0.30006,0.9946992719547619,A:471:;A:472:;A:475:;A:476:;A:478:;A:479:,A:471:;A:472:;A:478:
catalase_ps,hydrophobic,40,2,alternative interface,D:188:,ARG,188,D,4,3,10.02644186805552,0.75,0.21887500000000001,0.29403,0.994019452999488,D:187:;D:188:;D:189:;D:434:,D:187:;D:189:;D:434:
catalase_ps,hydrophobic,41,2,alternative interface,C:188:,ARG,188,C,4,3,10.051308793359347,0.75,0.21515749999999997,0.26524000000000003,0.9940391611299937,C:187:;C:188:;C:189:;C:434:,C:187:;C:189:;C:434:
catalase_ps,hydrophobic,42,2,alternative interface,A:301:,VAL,301,A,4,3,12.486950105195277,0.75,0.27582749999999995,0.22347999999999998,0.9957115540989554,A:150:;A:301:;A:303:;A:441:,A:150:;A:301:;A:303:
catalase_ps,hydrophobic,43,2,alternative interface,A:52:,GLN,52,A,5,4,13.505299202014397,0.8,0.161474,0.20897,0.9862215206874189,A:41:;A:51:;A:52:;A:54:;C:344:,A:41:;A:51:;A:54:;C:344:
catalase_ps,hydrophobic,44,2,alternative interface,A:305:,GLY,305,A,6,2,7.6368197177850625,0.3333333333333333,0.5684933333333333,0.20765,0.9981230731518241,A:303:;A:304:;A:305:;A:306:;A:307:;A:308:,A:303:;A:308:
catalase_ps,hydrophobic,45,2,alternative interface,D:220:,LYS,220,D,7,4,10.874461836156707,0.5714285714285714,0.10497000000000001,0.2,0.9965226671373828,D:219:;D:220:;D:222:;D:229:;D:230:;D:343:;D:344:,D:219:;D:222:;D:229:;D:344:
catalase_ps,hydrophobic,46,2,alternative interface,C:255:,GLU,255,C,7,3,9.217451874265162,0.42857142857142855,0.3322928571428571,0.18749,0.9973503737163708,C:251:;C:252:;C:253:;C:254:;C:255:;C:256:;C:257:,C:252:;C:253:;C:257:
catalase_ps,hydrophobic,47,2,alternative interface,B:301:,VAL,301,B,4,3,12.641618089810398,0.75,0.2637425,0.17123999999999998,0.9960437532792998,B:150:;B:301:;B:303:;B:441:,B:150:;B:301:;B:303:
catalase_ps,hydrophobic,48,2,alternative interface,B:220:,LYS,220,B,7,4,10.933061707615726,0.5714285714285714,0.09852000000000001,0.15924,0.9965825728678763,B:219:;B:220:;B:222:;B:229:;B:230:;B:343:;B:344:,B:219:;B:222:;B:229:;B:344:
catalase_ps,hydrophobic,49,2,alternative interface,B:153:,PHE,153,B,5,3,9.337128901130965,0.6,0.083436,0.13138,0.9966021663161377,B:152:;B:153:;B:190:;B:192:;B:193:,B:152:;B:153:;B:192:
catalase_ps,hydrophobic,50,2,alternative interface,C:498:,LYS,498,C,7,2,11.977822413658803,0.2857142857142857,0.61118,0.12944,0.9965598851111659,C:494:;C:495:;C:497:;C:498:;C:499:;C:500:;C:501:,C:494:;C:495:
catalase_ps,hydrophobic,51,3,alternative interface,B:253:,ALA,253,B,15,6,13.728905254509328,0.4,0.32685333333333333,0.7531399999999999,0.9915933707567067,B:122:;B:123:;B:125:;B:248:;B:250:;B:251:;B:252:;B:253:;B:254:;B:255:;B:256:;B:257:;B:258:;B:259:;C:254:,B:122:;B:125:;B:250:;B:252:;B:253:;B:257:
catalase_ps,hydrophobic,52,3,alternative interface,D:470:,GLN,470,D,6,2,11.265605595638005,0.3333333333333333,0.4075066666666667,0.6381,0.9947046832211927,D:467:;D:468:;D:470:;D:471:;D:472:;D:474:,D:471:;D:472:
catalase_ps,hydrophobic,53,3,alternative interface,B:309:,LEU,309,B,8,4,13.199390979624743,0.5,0.30904875000000004,0.59343,0.9949900490625294,B:234:;B:279:;B:304:;B:307:;B:308:;B:309:;B:310:;B:311:,B:308:;B:309:;B:310:;B:311:
catalase_ps,hydrophobic,54,3,alternative interface,C:309:,LEU,309,C,8,4,12.916896941798477,0.5,0.32617875,0.52469,0.995012882643433,C:234:;C:279:;C:304:;C:307:;C:308:;C:309:;C:310:;C:311:,C:308:;C:309:;C:310:;C:311:
catalase_ps,hydrophobic,55,3,alternative interface,D:417:,ALA,417,D,8,5,10.97060168674558,0.625,0.32258374999999995,0.51505,0.9923584973993733,B:33:;D:340:;D:414:;D:415:;D:416:;D:417:;D:418:;D:419:,B:33:;D:340:;D:415:;D:417:;D:418:
catalase_ps,hydrophobic,56,3,alternative interface,A:16:,GLU,16,A,8,2,10.777117567143403,0.25,0.44227000000000005,0.48746,0.9952251980463461,A:12:;A:13:;A:14:;A:15:;A:16:;A:17:;A:18:;A:19:,A:14:;A:19:
catalase_ps,hydrophobic,57,3,alternative interface,D:493:,GLN,493,D,7,3,11.80165652916562,0.42857142857142855,0.44225714285714285,0.46075000000000005,0.9961038040364467,D:478:;D:490:;D:491:;D:493:;D:494:;D:495:;D:497:,D:478:;D:494:;D:495:
catalase_ps,hydrophobic,58,3,alternative interface,D:223:,ASN,223,D,10,2,11.937163560808564,0.2,0.5303479999999999,0.4493,0.9947757325710721,D:222:;D:223:;D:224:;D:225:;D:226:;D:227:;D:91:;D:92:;D:93:;D:95:,D:222:;D:224:
catalase_ps,hydrophobic,59,3,alternative interface,B:223:,ASN,223,B,10,2,11.721136077537428,0.2,0.470583,0.42989,0.9948162103441368,B:222:;B:223:;B:224:;B:225:;B:226:;B:227:;B:91:;B:92:;B:93:;B:95:,B:222:;B:224:
catalase_ps,hydrophobic,60,3,alternative interface,C:493:,GLN,493,C,7,3,11.894673471846394,0.42857142857142855,0.45958428571428567,0.41188,0.9959812586498653,C:478:;C:490:;C:491:;C:493:;C:494:;C:495:;C:497:,C:478:;C:494:;C:495:
catalase_ps,hydrophobic,61,3,alternative interface,B:45:,PRO,45,B,4,2,10.367773356421893,0.5,0.4577825,0.39846,0.9936068503183205,B:45:;B:46:;C:426:;C:431:,B:45:;C:431:
catalase_ps,hydrophobic,62,3,alternative interface,A:493:,GLN,493,A,7,3,11.385754320038709,0.42857142857142855,0.43088999999999994,0.39323,0.9963652346031787,A:478:;A:490:;A:491:;A:493:;A:494:;A:495:;A:497:,A:478:;A:494:;A:495:
catalase_ps,hydrophobic,63,3,alternative interface,C:485:,HIS,485,C,6,1,10.851048848032555,0.16666666666666666,0.472025,0.371,0.9965460753638916,C:443:;C:482:;C:483:;C:485:;C:486:;C:487:,C:486:
catalase_ps,hydrophobic,64,3,alternative interface,D:485:,HIS,485,D,6,1,10.647511242155375,0.16666666666666666,0.46660166666666664,0.35162,0.996666750313327,D:443:;D:482:;D:483:;D:485:;D:486:;D:487:,D:486:
catalase_ps,hydrophobic,65,3,alternative interface,B:126:,ARG,126,B,7,4,10.763481630069565,0.5714285714285714,0.19043428571428572,0.32505,0.9946923975678705,B:125:;B:126:;B:127:;B:128:;B:198:;B:199:;B:203:,B:125:;B:128:;B:198:;B:199:
catalase_ps,hydrophobic,66,3,alternative interface,D:393:,MET,393,D,6,4,12.684319762250183,0.6666666666666666,0.33264333333333335,0.31805,0.9743488396662425,B:373:;D:371:;D:391:;D:393:;D:394:;D:395:,B:373:;D:391:;D:393:;D:394:
catalase_ps,hydrophobic,67,3,alternative interface,D:475:,LYS,475,D,7,3,12.309786804027276,0.42857142857142855,0.4616700000000001,0.31105,0.9952982330999651,D:471:;D:472:;D:474:;D:475:;D:476:;D:478:;D:479:,D:471:;D:472:;D:478:
catalase_ps,hydrophobic,68,3,alternative interface,D:126:,ARG,126,D,7,5,11.17495621971619,0.7142857142857143,0.14579142857142857,0.28313,0.9934527600279586,D:125:;D:126:;D:127:;D:128:;D:198:;D:199:;D:204:,D:125:;D:128:;D:198:;D:199:;D:204:
catalase_ps,hydrophobic,69,3,alternative interface,B:188:,ARG,188,B,5,3,10.162856195052829,0.6,0.17564200000000002,0.27673,0.9937128255097676,B:187:;B:188:;B:189:;B:190:;B:434:,B:187:;B:189:;B:434:
catalase_ps,hydrophobic,70,3,alternative interface,C:88:,HIS,88,C,6,2,13.81031201119233,0.3333333333333333,0.5195533333333334,0.26663,0.9940098897787741,C:101:;C:102:;C:311:;C:87:;C:88:;C:89:,C:102:;C:311:
catalase_ps,hydrophobic,71,3,alternative interface,D:284:,THR,284,D,8,4,11.831378475147874,0.5,0.31127249999999995,0.25332,0.9958396484860118,D:229:;D:230:;D:282:;D:284:;D:285:;D:286:;D:287:;D:288:,D:229:;D:282:;D:285:;D:288:
catalase_ps,hydrophobic,72,3,alternative interface,A:188:,ARG,188,A,4,3,10.138057631728953,0.75,0.197475,0.24752,0.9940360909771566,A:187:;A:188:;A:189:;A:434:,A:187:;A:189:;A:434:
catalase_ps,hydrophobic,73,3,alternative interface,B:52:,GLN,52,B,3,2,6.84330991848886,0.6666666666666666,0.20724,0.22638000000000003,0.9936250802651067,B:51:;B:52:;B:54:,B:51:;B:54:
catalase_ps,hydrophobic,74,3,alternative interface,C:220:,LYS,220,C,7,4,11.028200504084394,0.5714285714285714,0.10474714285714284,0.19699999999999998,0.9965105565993556,C:219:;C:220:;C:222:;C:229:;C:230:;C:343:;C:344:,C:219:;C:222:;C:229:;C:344:
catalase_ps,hydrophobic,75,3,alternative interface,C:301:,VAL,301,C,4,3,12.46173838142604,0.75,0.2743875,0.19445,0.9956757914504547,C:150:;C:301:;C:303:;C:441:,C:150:;C:301:;C:303:
catalase_ps,hydrophobic,76,3,alternative interface,B:498:,LYS,498,B,7,2,11.30163004472049,0.2857142857142857,0.54821,0.15768000000000001,0.9969600620123559,B:494:;B:495:;B:497:;B:498:;B:499:;B:500:;B:501:,B:494:;B:495:
catalase_ps,hydrophobic,77,3,alternative interface,A:498:,LYS,498,A,7,2,11.831284588762458,0.2857142857142857,0.5634457142857142,0.10590999999999999,0.9967120089796835,A:494:;A:495:;A:497:;A:498:;A:499:;A:500:;A:501:,A:494:;A:495:
catalase_ps,hydrophobic,78,3,alternative interface,A:451:,ASN,451,A,9,3,12.50092342481978,0.3333333333333333,0.49274555555555555,0.05177,0.9957222326612526,A:447:;A:448:;A:449:;A:450:;A:451:;A:452:;A:453:;A:454:;A:455:,A:447:;A:449:;A:450:
catalase_ps,hydrophobic,79,3,alternative interface,D:451:,ASN,451,D,9,3,12.706219204438984,0.3333333333333333,0.49382,0.04471,0.9958007209816108,D:447:;D:448:;D:449:;D:450:;D:451:;D:452:;D:453:;D:454:;D:455:,D:447:;D:449:;D:450:
catalase_ps,hydrophobic,80,3,alternative interface,C:451:,ASN,451,C,9,3,12.556484465778663,0.3333333333333333,0.5145155555555556,0.0353,0.9957728168065884,C:447:;C:448:;C:449:;C:450:;C:451:;C:452:;C:453:;C:454:;C:455:,C:447:;C:449:;C:450:
catalase_ps,hydrophobic,81,4,alternative interface,B:470:,GLN,470,B,6,2,11.414888936023601,0.3333333333333333,0.36646333333333336,0.56248,0.9946074274153957,B:467:;B:468:;B:470:;B:471:;B:472:;B:474:,B:471:;B:472:
catalase_ps,hydrophobic,82,4,alternative interface,D:123:,ASP,123,D,11,5,14.819952985687504,0.45454545454545453,0.18575545454545453,0.5177900000000001,0.9854179286749727,D:113:;D:121:;D:122:;D:123:;D:125:;D:253:;D:257:;D:258:;D:259:;D:260:;D:261:,D:122:;D:125:;D:253:;D:257:;D:261:
catalase_ps,hydrophobic,83,4,alternative interface,C:393:,MET,393,C,7,4,12.874216269076355,0.5714285714285714,0.2980642857142857,0.44823999999999997,0.9717008002417511,A:373:;C:371:;C:391:;C:393:;C:394:;C:395:;C:396:,A:373:;C:391:;C:393:;C:394:
catalase_ps,hydrophobic,84,4,alternative interface,C:223:,ASN,223,C,10,2,12.087333585017836,0.2,0.48595,0.44634,0.9946880256793286,C:222:;C:223:;C:224:;C:225:;C:226:;C:227:;C:91:;C:92:;C:93:;C:95:,C:222:;C:224:
catalase_ps,hydrophobic,85,4,alternative interface,B:431:,PHE,431,B,8,3,12.122132248772182,0.375,0.26184375,0.41723999999999994,0.9916866923635582,B:429:;B:431:;B:432:;B:433:;C:39:;C:41:;C:44:;C:45:,B:431:;C:41:;C:45:
catalase_ps,hydrophobic,86,4,alternative interface,B:493:,GLN,493,B,7,3,11.859742259763863,0.42857142857142855,0.44092000000000003,0.41125999999999996,0.9960596246243806,B:478:;B:490:;B:491:;B:493:;B:494:;B:495:;B:497:,B:478:;B:494:;B:495:
catalase_ps,hydrophobic,87,4,alternative interface,A:223:,ASN,223,A,10,2,12.056788093506272,0.2,0.46340899999999996,0.40814,0.9947806927848596,A:222:;A:223:;A:224:;A:225:;A:226:;A:227:;A:91:;A:92:;A:93:;A:95:,A:222:;A:224:
catalase_ps,hydrophobic,88,4,alternative interface,C:24:,ASP,24,C,8,4,13.417920319649687,0.5,0.39825375,0.37182000000000004,0.9927346836454348,A:381:;A:383:;A:411:;A:412:;C:22:;C:23:;C:24:;C:25:,A:383:;A:411:;C:23:;C:25:
catalase_ps,hydrophobic,89,4,alternative interface,B:24:,ASP,24,B,8,4,13.898071664911706,0.5,0.43266625,0.3569,0.9926365598320721,B:22:;B:23:;B:24:;B:25:;D:381:;D:383:;D:411:;D:412:,B:23:;B:25:;D:383:;D:411:
catalase_ps,hydrophobic,90,4,alternative interface,D:256:,ASP,256,D,9,4,9.901041468220775,0.4444444444444444,0.2575055555555556,0.34647,0.9947850649326011,D:122:;D:252:;D:253:;D:254:;D:255:;D:256:;D:257:;D:258:;D:259:,D:122:;D:252:;D:253:;D:257:
catalase_ps,hydrophobic,91,4,alternative interface,C:475:,LYS,475,C,7,3,12.158008564682618,0.42857142857142855,0.4513114285714286,0.32836,0.9953030691852988,C:471:;C:472:;C:474:;C:475:;C:476:;C:478:;C:479:,C:471:;C:472:;C:478:
catalase_ps,hydrophobic,92,4,alternative interface,B:411:,PRO,411,B,9,4,12.054832818232196,0.4444444444444444,0.25934,0.32104999999999995,0.9931429369530117,B:383:;B:384:;B:409:;B:411:;B:412:;B:413:;D:23:;D:24:;D:25:,B:383:;B:411:;D:23:;D:25:
catalase_ps,hydrophobic,93,4,alternative interface,B:57:,THR,57,B,8,5,12.938333308120736,0.625,0.15950124999999998,0.28263,0.975408784612987,B:51:;B:54:;B:55:;B:57:;B:58:;B:59:;B:60:;D:355:,B:51:;B:54:;B:55:;B:60:;D:355:
catalase_ps,hydrophobic,94,4,alternative interface,A:88:,HIS,88,A,5,2,11.442489015727537,0.4,0.456212,0.27864,0.9954762011787164,A:102:;A:311:;A:87:;A:88:;A:89:,A:102:;A:311:
catalase_ps,hydrophobic,95,4,alternative interface,A:57:,THR,57,A,7,4,13.013873416346597,0.5714285714285714,0.1611785714285714,0.27817000000000003,0.9825602143853834,A:51:;A:54:;A:55:;A:57:;A:58:;A:59:;A:60:,A:51:;A:54:;A:55:;A:60:
catalase_ps,hydrophobic,96,4,alternative interface,D:88:,HIS,88,D,7,2,13.79540456626509,0.2857142857142857,0.4793242857142857,0.25942,0.9935847384896979,D:101:;D:102:;D:103:;D:311:;D:87:;D:88:;D:89:,D:102:;D:311:
catalase_ps,hydrophobic,97,4,alternative interface,C:83:,TYR,83,C,6,3,13.401615835871624,0.5,0.2920933333333333,0.23204999999999998,0.9928002293190649,C:105:;C:107:;C:316:;C:81:;C:83:;C:85:,C:107:;C:316:;C:81:
catalase_ps,hydrophobic,98,4,alternative interface,A:83:,TYR,83,A,6,3,13.447641841361564,0.5,0.27595333333333333,0.21475999999999998,0.9928112976898547,A:105:;A:107:;A:316:;A:81:;A:83:;A:85:,A:107:;A:316:;A:81:
catalase_ps,hydrophobic,99,4,alternative interface,C:103:,GLY,103,C,7,1,9.918248764303327,0.14285714285714285,0.44534857142857137,0.21132,0.9966088937531177,C:101:;C:102:;C:103:;C:104:;C:105:;C:85:;C:87:,C:102:
catalase_ps,hydrophobic,100,4,alternative interface,D:73:,VAL,73,D,7,4,10.266649662703715,0.5714285714285714,0.1469342857142857,0.20606000000000002,0.9914198756516559,D:115:;D:116:;D:117:;D:71:;D:72:;D:73:;D:74:,D:115:;D:116:;D:72:;D:73:
catalase_ps,hydrophobic,101,4,alternative interface,D:104:,LYS,104,D,7,1,10.682787098343725,0.14285714285714285,0.4481942857142857,0.20561,0.995710458224389,D:100:;D:101:;D:102:;D:103:;D:104:;D:105:;D:85:,D:102:
catalase_ps,hydrophobic,102,4,alternative interface,C:73:,VAL,73,C,7,4,10.393360510189476,0.5714285714285714,0.14774285714285715,0.20135999999999998,0.9913296492331509,C:115:;C:116:;C:117:;C:71:;C:72:;C:73:;C:74:,C:115:;C:116:;C:72:;C:73:
catalase_ps,hydrophobic,103,4,alternative interface,D:157:,ALA,157,D,5,3,11.333474747192977,0.6,0.12737199999999999,0.19749,0.9879136378497552,D:157:;D:160:;D:348:;D:349:;D:353:,D:157:;D:160:;D:349:
catalase_ps,hydrophobic,104,4,alternative interface,C:192:,LEU,192,C,6,3,11.053741084815776,0.5,0.16293833333333332,0.18993,0.9952374463951111,C:189:;C:192:;C:193:;C:438:;C:439:;C:480:,C:189:;C:192:;C:439:
catalase_ps,hydrophobic,105,4,alternative interface,B:157:,ALA,157,B,5,3,11.273370584264091,0.6,0.1269,0.18257,0.9880828478188798,B:157:;B:160:;B:348:;B:349:;B:353:,B:157:;B:160:;B:349:
catalase_ps,hydrophobic,106,4,alternative interface,D:181:,VAL,181,D,4,2,8.541630766824868,0.5,0.1492975,0.16957999999999998,0.9956978800099483,D:167:;D:177:;D:178:;D:181:,D:178:;D:181:
catalase_ps,hydrophobic,107,4,alternative interface,A:145:,VAL,145,A,6,4,13.196718284569934,0.6666666666666666,0.11858833333333334,0.16527,0.9825219786299724,A:130:;A:132:;A:145:;A:147:;A:333:;A:335:,A:132:;A:145:;A:333:;A:335:
catalase_ps,hydrophobic,108,4,alternative interface,C:132:,ALA,132,C,5,3,12.842854475357536,0.6,0.14564000000000002,0.15304,0.9879344669111603,C:130:;C:132:;C:145:;C:147:;C:333:,C:132:;C:145:;C:333:
catalase_ps,hydrophobic,109,4,alternative interface,D:132:,ALA,132,D,5,3,12.687690381939763,0.6,0.14854399999999998,0.14932,0.9880612981690652,D:130:;D:132:;D:145:;D:147:;D:333:,D:132:;D:145:;D:333:
catalase_ps,hydrophobic,110,4,alternative interface,D:405:,PRO,405,D,4,2,9.49888155460439,0.5,0.181585,0.11628,0.9956399648870492,C:187:;D:404:;D:405:;D:407:,C:187:;D:405:
catalase_ps,hydrophobic,111,4,alternative interface,A:405:,PRO,405,A,4,2,9.351313219501192,0.5,0.18140499999999998,0.10521000000000001,0.9956974368565072,A:404:;A:405:;A:407:;B:187:,A:405:;B:187:
catalase_ps,hydrophobic,112,4,alternative interface,C:405:,PRO,405,C,4,2,9.383036251364208,0.5,0.19366750000000002,0.10244,0.9954721756094987,C:404:;C:405:;C:407:;D:187:,C:405:;D:187:
catalase_ps,hydrophobic,113,4,alternative interface,C:348:,LYS,348,C,5,3,11.134999613908409,0.6,0.083538,0.06441,0.9931394186726747,C:155:;C:296:;C:346:;C:348:;C:349:,C:296:;C:346:;C:349:
catalase_ps,hydrophobic,114,4,alternative interface,A:336:,SER,336,A,8,5,13.029173167484315,0.625,0.1318975,0.05994,0.9806244007892475,A:335:;A:336:;A:337:;A:338:;A:353:;A:355:;A:358:;C:54:,A:335:;A:338:;A:355:;A:358:;C:54:
catalase_ps,hydrophobic,115,4,alternative interface,A:271:,GLY,271,A,6,1,9.558490862978209,0.16666666666666666,0.45076333333333324,0.053099999999999994,0.995585831507225,A:269:;A:270:;A:271:;A:272:;A:273:;A:318:,A:269:
catalase_ps,hydrophobic,116,4,alternative interface,B:271:,GLY,271,B,6,1,10.012210488028346,0.16666666666666666,0.47014,0.053099999999999994,0.9955575383660945,B:269:;B:270:;B:271:;B:272:;B:273:;B:318:,B:269:
catalase_ps,hydrophobic,117,4,alternative interface,B:455:,ARG,455,B,10,2,13.511157439871727,0.2,0.40895099999999995,0.04707,0.9966132285047665,B:200:;B:447:;B:450:;B:451:;B:452:;B:453:;B:454:;B:455:;B:456:;B:457:,B:447:;B:450:
catalase_ps,hydrophobic,118,4,alternative interface,C:271:,GLY,271,C,6,1,9.724865225208436,0.16666666666666666,0.480635,0.04172,0.9956217534041621,C:269:;C:270:;C:271:;C:272:;C:273:;C:318:,C:269:
catalase_ps,hydrophobic,119,4,alternative interface,D:22:,LYS,22,D,6,2,12.083545171749487,0.3333333333333333,0.4823950000000001,0.04153,0.9954915609050027,B:409:;D:20:;D:21:;D:22:;D:23:;D:24:,D:20:;D:23:
catalase_ps,hydrophobic,120,4,alternative interface,D:336:,SER,336,D,8,5,15.244491749790713,0.625,0.13958375,0.03267,0.9821245388719403,B:54:;D:336:;D:337:;D:338:;D:344:;D:353:;D:355:;D:358:,B:54:;D:338:;D:344:;D:355:;D:358:
catalase_ps,hydrophobic,121,5,alternative interface,A:293:,PHE,293,A,5,2,10.587009807836612,0.4,0.331332,0.4104,0.9954489384594684,A:292:;A:293:;A:294:;A:436:;A:437:,A:292:;A:293:
catalase_ps,hydrophobic,122,5,alternative interface,D:398:,GLY,398,D,6,2,10.796868553038728,0.3333333333333333,0.33433666666666667,0.39275,0.9849143609169265,B:322:;C:172:;D:395:;D:397:;D:398:;D:400:,B:322:;D:400:
catalase_ps,hydrophobic,123,5,alternative interface,D:431:,PHE,431,D,7,3,11.919560072013294,0.42857142857142855,0.28025,0.37924,0.9927653198155795,A:39:;A:41:;A:45:;D:429:;D:431:;D:432:;D:433:,A:41:;A:45:;D:431:
catalase_ps,hydrophobic,124,5,alternative interface,B:398:,GLY,398,B,6,2,10.995982442612945,0.3333333333333333,0.37876,0.37071,0.9845884461265793,A:172:;B:395:;B:397:;B:398:;B:400:;D:322:,B:400:;D:322:
catalase_ps,hydrophobic,125,5,alternative interface,C:376:,CYS,376,C,7,3,12.389736030572312,0.42857142857142855,0.2872942857142858,0.36496,0.9793997457225715,A:30:;C:370:;C:371:;C:373:;C:374:;C:376:;C:378:,C:370:;C:373:;C:374:
catalase_ps,hydrophobic,126,5,alternative interface,A:393:,MET,393,A,6,3,12.709445660257238,0.5,0.27465333333333336,0.36137,0.968940823908715,A:371:;A:393:;A:394:;A:395:;A:396:;C:373:,A:393:;A:394:;C:373:
catalase_ps,hydrophobic,127,5,alternative interface,B:16:,GLU,16,B,8,2,11.875167014449506,0.25,0.43167750000000005,0.36082000000000003,0.9949012797612963,B:12:;B:13:;B:14:;B:15:;B:16:;B:17:;B:18:;B:19:,B:14:;B:19:
catalase_ps,hydrophobic,128,5,alternative interface,D:376:,CYS,376,D,5,2,10.263352616882745,0.4,0.35418400000000005,0.34428,0.9902066370319017,D:370:;D:371:;D:373:;D:376:;D:378:,D:370:;D:373:
catalase_ps,hydrophobic,129,5,alternative interface,D:245:,SER,245,D,8,3,12.40630649575949,0.375,0.42420874999999997,0.33675,0.9933753744819168,D:201:;D:204:;D:243:;D:244:;D:245:;D:246:;D:247:;D:248:,D:204:;D:244:;D:246:
catalase_ps,hydrophobic,130,5,alternative interface,C:46:,ARG,46,C,6,3,13.184353452370516,0.5,0.25354166666666667,0.32116,0.9909334941534834,B:294:;B:296:;B:346:;C:44:;C:45:;C:46:,B:296:;B:346:;C:45:
catalase_ps,hydrophobic,131,5,alternative interface,C:432:,ASN,432,C,7,3,12.19106880487358,0.42857142857142855,0.36556,0.27418,0.995220585843429,B:38:;B:39:;C:431:;C:432:;C:433:;C:434:;C:435:,B:38:;C:431:;C:434:
catalase_ps,hydrophobic,132,5,alternative interface,A:376:,CYS,376,A,6,3,10.166508792147852,0.5,0.28189666666666663,0.2737,0.9863983204170653,A:370:;A:371:;A:373:;A:374:;A:376:;A:378:,A:370:;A:373:;A:374:
catalase_ps,hydrophobic,133,5,alternative interface,C:57:,THR,57,C,8,5,13.20457708918575,0.625,0.154085,0.27024000000000004,0.9746559584186983,A:355:;C:51:;C:54:;C:55:;C:57:;C:58:;C:59:;C:60:,A:355:;C:51:;C:54:;C:55:;C:60:
catalase_ps,hydrophobic,134,5,alternative interface,B:475:,LYS,475,B,7,3,12.409513110022681,0.42857142857142855,0.4413128571428571,0.25487,0.994957554746847,B:471:;B:472:;B:474:;B:475:;B:476:;B:478:;B:479:,B:471:;B:472:;B:478:
catalase_ps,hydrophobic,135,5,alternative interface,C:413:,HIS,413,C,8,4,13.020714546549286,0.5,0.35230625000000004,0.23509,0.9891820891174002,A:25:;A:33:;A:36:;C:411:;C:412:;C:413:;C:414:;C:415:,A:25:;A:33:;C:411:;C:415:
catalase_ps,hydrophobic,136,5,alternative interface,A:229:,VAL,229,A,9,4,12.950011917958706,0.4444444444444444,0.2318411111111111,0.23248999999999997,0.9934813150925372,A:220:;A:222:;A:227:;A:229:;A:230:;A:282:;A:284:;A:285:;A:93:,A:222:;A:229:;A:282:;A:285:
catalase_ps,hydrophobic,137,5,alternative interface,A:101:,HIS,101,A,7,1,13.034338374275324,0.14285714285714285,0.4596642857142857,0.22084,0.9941082081821624,A:100:;A:101:;A:102:;A:103:;A:104:;A:89:;A:91:,A:102:
catalase_ps,hydrophobic,138,5,alternative interface,B:87:,THR,87,B,8,2,13.7589833629182,0.25,0.44641375,0.21138,0.9932511244313181,B:102:;B:103:;B:311:;B:314:;B:85:;B:87:;B:88:;B:89:,B:102:;B:311:
catalase_ps,hydrophobic,139,5,alternative interface,D:356:,ALA,356,D,7,4,11.894714166241787,0.5714285714285714,0.15336714285714284,0.17168,0.9780059770752736,A:60:;D:353:;D:355:;D:356:;D:357:;D:358:;D:360:,A:60:;D:355:;D:356:;D:358:
catalase_ps,hydrophobic,140,5,alternative interface,B:101:,HIS,101,B,7,1,13.340395435993925,0.14285714285714285,0.46340571428571437,0.16753,0.9940827821901588,B:100:;B:101:;B:102:;B:103:;B:104:;B:89:;B:91:,B:102:
catalase_ps,hydrophobic,141,5,alternative interface,A:357:,TYR,357,A,9,5,12.458662986554582,0.5555555555555556,0.13248666666666667,0.16479,0.9804796936021017,A:333:;A:335:;A:353:;A:355:;A:356:;A:357:;A:358:;A:360:;A:361:,A:333:;A:335:;A:355:;A:356:;A:358:
catalase_ps,hydrophobic,142,5,alternative interface,C:327:,GLU,327,C,7,4,12.802567875084934,0.5714285714285714,0.26037714285714286,0.13713,0.9645771449770808,A:395:;C:322:;C:325:;C:327:;C:329:;C:373:;C:374:,C:322:;C:325:;C:373:;C:374:
catalase_ps,hydrophobic,143,5,alternative interface,D:14:,TRP,14,D,8,2,11.862461970006608,0.25,0.40365,0.11724,0.9959010883416383,B:400:;D:12:;D:13:;D:14:;D:15:;D:16:;D:17:;D:18:,B:400:;D:14:
catalase_ps,hydrophobic,144,5,alternative interface,C:14:,TRP,14,C,8,2,11.836838738891302,0.25,0.38923375000000004,0.10468,0.9959896453539985,A:400:;C:12:;C:13:;C:14:;C:15:;C:16:;C:17:;C:18:,A:400:;C:14:
catalase_ps,hydrophobic,145,5,alternative interface,B:405:,PRO,405,B,4,2,9.407173004300414,0.5,0.1429475,0.09967000000000001,0.9954865009343565,A:187:;B:404:;B:405:;B:407:,A:187:;B:405:
catalase_ps,hydrophobic,146,5,alternative interface,D:480:,ASN,480,D,8,3,12.665537682393675,0.375,0.31272375,0.07256,0.9954532923769713,D:189:;D:192:;D:476:;D:478:;D:479:;D:480:;D:482:;D:483:,D:189:;D:192:;D:478:
catalase_ps,hydrophobic,147,5,alternative interface,A:480:,ASN,480,A,8,3,12.428790070403917,0.375,0.3253225,0.06965,0.995543826290394,A:189:;A:192:;A:476:;A:478:;A:479:;A:480:;A:482:;A:483:,A:189:;A:192:;A:478:
catalase_ps,hydrophobic,148,5,alternative interface,D:271:,GLY,271,D,6,1,9.99195215161298,0.16666666666666666,0.416735,0.06068,0.9954826574205331,D:269:;D:270:;D:271:;D:272:;D:273:;D:318:,D:269:
catalase_ps,hydrophobic,149,5,alternative interface,B:480:,ASN,480,B,8,3,12.36810014307442,0.375,0.3183925,0.04063,0.9958146113606486,B:189:;B:192:;B:476:;B:478:;B:479:;B:480:;B:482:;B:483:,B:189:;B:192:;B:478:
catalase_ps,hydrophobic,150,5,alternative interface,B:336:,SER,336,B,7,4,13.185333546223266,0.5714285714285714,0.14370857142857144,0.03055,0.9794412958500361,B:336:;B:337:;B:338:;B:353:;B:355:;B:358:;D:54:,B:338:;B:355:;B:358:;D:54:
catalase_ps,hydrophobic,151,6,alternative interface,A:398:,GLY,398,A,7,2,11.02415772780486,0.2857142857142857,0.26263285714285717,0.4064,0.9856837096637662,A:395:;A:396:;A:397:;A:398:;A:400:;B:172:;C:322:,A:400:;C:322:
catalase_ps,hydrophobic,152,6,alternative interface,A:431:,PHE,431,A,8,3,12.268553668777322,0.375,0.2851275,0.38921999999999995,0.9914431221592797,A:429:;A:431:;A:432:;A:433:;D:39:;D:41:;D:44:;D:45:,A:431:;D:41:;D:45:
catalase_ps,hydrophobic,153,6,alternative interface,C:204:,ILE,204,C,13,5,15.272981580369853,0.38461538461538464,0.26416153846153845,0.34301000000000004,0.9926602504867125,C:125:;C:126:;C:127:;C:128:;C:201:;C:202:;C:203:;C:204:;C:206:;C:243:;C:244:;C:245:;C:246:,C:125:;C:128:;C:204:;C:244:;C:246:
catalase_ps,hydrophobic,154,6,alternative interface,B:438:,ASN,438,B,11,3,13.697043832585685,0.2727272727272727,0.29381727272727276,0.32575000000000004,0.992947549972519,B:189:;B:190:;B:192:;B:193:;B:435:;B:436:;B:437:;B:438:;B:439:;B:440:;B:441:,B:189:;B:192:;B:439:
catalase_ps,hydrophobic,155,6,alternative interface,D:438:,ASN,438,D,10,3,13.447969183088283,0.3,0.30029399999999995,0.31677,0.9926607685343767,D:189:;D:192:;D:193:;D:435:;D:436:;D:437:;D:438:;D:439:;D:440:;D:441:,D:189:;D:192:;D:439:
catalase_ps,hydrophobic,156,6,alternative interface,A:204:,ILE,204,A,11,4,13.324232392507117,0.36363636363636365,0.2851600000000001,0.30927,0.9931886971676078,A:125:;A:126:;A:127:;A:201:;A:202:;A:204:;A:206:;A:243:;A:244:;A:245:;A:246:,A:125:;A:204:;A:244:;A:246:
catalase_ps,hydrophobic,157,6,alternative interface,A:46:,ARG,46,A,5,2,10.65467950951593,0.4,0.280932,0.29071,0.994676035325282,A:45:;A:46:;D:294:;D:296:;D:348:,A:45:;D:296:
catalase_ps,hydrophobic,158,6,alternative interface,D:57:,THR,57,D,6,3,9.29532184009919,0.5,0.17698666666666665,0.27582,0.98897951497881,D:54:;D:55:;D:57:;D:58:;D:59:;D:60:,D:54:;D:55:;D:60:
catalase_ps,hydrophobic,159,6,alternative interface,B:82:,GLY,82,B,7,3,11.139808348291643,0.42857142857142855,0.27083714285714283,0.25663,0.992207668091196,B:107:;B:316:;B:318:;B:319:;B:81:;B:82:;B:83:,B:107:;B:316:;B:81:
catalase_ps,hydrophobic,160,6,alternative interface,A:157:,ALA,157,A,6,3,11.982521636558998,0.5,0.125965,0.21406,0.989481946169874,A:155:;A:157:;A:160:;A:348:;A:349:;A:353:,A:157:;A:160:;A:349:
catalase_ps,hydrophobic,161,6,alternative interface,B:419:,GLU,419,B,7,2,14.964813487363134,0.2857142857142857,0.3033571428571428,0.20945,0.9885870375417221,A:429:;B:340:;B:343:;B:418:;B:419:;B:420:;B:421:,B:340:;B:418:
catalase_ps,hydrophobic,162,6,alternative interface,B:242:,LYS,242,B,8,2,13.599938688874158,0.25,0.36268500000000004,0.20177,0.9927685255757348,B:202:;B:206:;B:210:;B:240:;B:241:;B:242:;B:243:;B:244:,B:241:;B:244:
catalase_ps,hydrophobic,163,6,alternative interface,A:438:,ASN,438,A,10,3,13.666685957853675,0.3,0.315232,0.17704,0.992308128154456,A:189:;A:192:;A:193:;A:435:;A:436:;A:437:;A:438:;A:439:;A:440:;A:441:,A:189:;A:192:;A:439:
catalase_ps,hydrophobic,164,6,alternative interface,C:242:,LYS,242,C,7,2,13.202068921894838,0.2857142857142857,0.3157757142857142,0.17535,0.9944412368711588,C:206:;C:210:;C:240:;C:241:;C:242:;C:243:;C:244:,C:241:;C:244:
catalase_ps,hydrophobic,165,6,alternative interface,A:197:,PHE,197,A,7,3,14.126804158314611,0.42857142857142855,0.18257714285714285,0.16499,0.9931159620577317,A:193:;A:197:;A:198:;A:199:;A:200:;A:201:;A:202:,A:197:;A:198:;A:199:
catalase_ps,hydrophobic,166,6,alternative interface,D:197:,PHE,197,D,7,3,14.284729880637833,0.42857142857142855,0.18288428571428575,0.16465,0.9929640601297463,D:193:;D:197:;D:198:;D:199:;D:200:;D:201:;D:202:,D:197:;D:198:;D:199:
catalase_ps,hydrophobic,167,6,alternative interface,C:437:,ASP,437,C,7,2,11.83362078028975,0.2857142857142857,0.37403428571428565,0.15673,0.9941322258682506,C:293:;C:435:;C:436:;C:437:;C:438:;C:439:;C:440:,C:293:;C:439:
catalase_ps,hydrophobic,168,6,alternative interface,A:242:,LYS,242,A,7,2,13.351624189740528,0.2857142857142857,0.34020142857142854,0.15549,0.9943454303982515,A:206:;A:210:;A:240:;A:241:;A:242:;A:243:;A:244:,A:241:;A:244:
catalase_ps,hydrophobic,169,6,alternative interface,B:36:,ASP,36,B,8,3,13.511405617974534,0.375,0.317285,0.14356,0.9880585110157346,B:36:;B:37:;B:38:;B:39:;D:413:;D:414:;D:415:;D:418:,B:38:;D:415:;D:418:
catalase_ps,hydrophobic,170,6,alternative interface,C:178:,PRO,178,C,6,2,11.340121472505107,0.3333333333333333,0.33237666666666665,0.14255,0.9950101499647803,C:176:;C:177:;C:178:;C:181:;C:465:;C:468:,C:178:;C:181:
catalase_ps,hydrophobic,171,6,alternative interface,A:178:,PRO,178,A,6,2,11.094809051532229,0.3333333333333333,0.30117666666666665,0.14245,0.995265000335274,A:176:;A:177:;A:178:;A:181:;A:465:;A:468:,A:178:;A:181:
catalase_ps,hydrophobic,172,6,alternative interface,B:178:,PRO,178,B,5,2,11.363808255420766,0.4,0.35270799999999997,0.12489,0.9951364443342413,B:176:;B:178:;B:181:;B:465:;B:468:,B:178:;B:181:
catalase_ps,hydrophobic,173,6,alternative interface,C:409:,SER,409,C,7,2,13.37737767324515,0.2857142857142857,0.40134,0.12458999999999999,0.9889827203798115,A:15:;A:22:;A:23:;C:407:;C:409:;C:411:;C:412:,A:23:;C:411:
catalase_ps,hydrophobic,174,6,alternative interface,A:38:,LEU,38,A,4,1,9.362276817964895,0.25,0.27937500000000004,0.11767,0.9954365881313595,A:36:;A:38:;A:39:;D:432:,A:38:
catalase_ps,hydrophobic,175,6,alternative interface,C:423:,HIS,423,C,9,2,13.15807269731385,0.2222222222222222,0.3784288888888889,0.11019999999999999,0.9939010085055743,C:421:;C:422:;C:423:;C:424:;C:425:;D:425:;D:426:;D:427:;D:428:,C:424:;D:428:
catalase_ps,hydrophobic,176,6,alternative interface,C:36:,ASP,36,C,7,3,13.56661285755433,0.42857142857142855,0.2937242857142857,0.10355,0.987239984223456,A:413:;A:414:;A:415:;A:418:;C:36:;C:38:;C:39:,A:415:;A:418:;C:38:
catalase_ps,hydrophobic,177,6,alternative interface,A:327:,GLU,327,A,8,4,12.841505728651907,0.5,0.23981124999999998,0.09774,0.966905015329023,A:322:;A:324:;A:325:;A:327:;A:329:;A:373:;A:374:;C:395:,A:322:;A:325:;A:373:;A:374:
catalase_ps,hydrophobic,178,6,alternative interface,C:152:,PHE,152,C,4,2,12.735522995267658,0.5,0.1332575,0.09499,0.9890720629475652,C:150:;C:152:;C:155:;C:193:,C:150:;C:152:
catalase_ps,hydrophobic,179,6,alternative interface,D:327:,GLU,327,D,7,3,12.89691032045802,0.42857142857142855,0.3457842857142857,0.08287000000000001,0.9678390125847033,B:395:;D:322:;D:324:;D:325:;D:327:;D:329:;D:373:,D:322:;D:325:;D:373:
catalase_ps,hydrophobic,180,6,alternative interface,B:282:,VAL,282,B,7,3,14.48700394788771,0.42857142857142855,0.23090999999999998,0.05804,0.9934912198532758,B:229:;B:230:;B:232:;B:282:;B:284:;B:307:;B:308:,B:229:;B:282:;B:308:
catalase_ps,hydrophobic,181,6,alternative interface,C:282:,VAL,282,C,7,3,14.495368576397707,0.42857142857142855,0.22168857142857143,0.05514,0.9936457467747969,C:229:;C:230:;C:232:;C:282:;C:284:;C:307:;C:308:,C:229:;C:282:;C:308:
catalase_ps,hydrophobic,182,7,alternative interface,C:122:,ALA,122,C,12,4,15.037021694095914,0.3333333333333333,0.2184425,0.3701,0.9871948611629509,B:121:;C:117:;C:121:;C:122:;C:123:;C:125:;C:253:;C:254:;C:256:;C:257:;C:258:;C:259:,C:122:;C:125:;C:253:;C:257:
catalase_ps,hydrophobic,183,7,alternative interface,C:398:,GLY,398,C,7,2,10.65662119328507,0.2857142857142857,0.2621014285714286,0.34459,0.9861281508324824,A:322:;C:395:;C:396:;C:397:;C:398:;C:400:;D:172:,A:322:;C:400:
catalase_ps,hydrophobic,184,7,alternative interface,B:376:,CYS,376,B,6,2,12.316075187274189,0.3333333333333333,0.27792999999999995,0.31978,0.9825712156904253,B:370:;B:371:;B:373:;B:376:;B:378:;D:30:,B:370:;B:373:
catalase_ps,hydrophobic,185,7,alternative interface,D:46:,ARG,46,D,6,2,12.734314000798259,0.3333333333333333,0.24814,0.29625,0.9923010645781711,A:294:;A:296:;A:348:;D:44:;D:45:;D:46:,A:296:;D:45:
catalase_ps,hydrophobic,186,7,alternative interface,A:266:,ASN,266,A,8,3,12.08327498202243,0.375,0.27097875,0.25982,0.9928381337972538,A:262:;A:263:;A:265:;A:266:;A:269:;A:270:;A:5:;A:6:,A:265:;A:269:;A:6:
catalase_ps,hydrophobic,187,7,alternative interface,D:300:,LYS,300,D,5,2,12.50164563151078,0.4,0.18557,0.24089,0.9940911053055582,D:150:;D:193:;D:300:;D:301:;D:441:,D:150:;D:301:
catalase_ps,hydrophobic,188,7,alternative interface,B:266:,ASN,266,B,8,3,11.48614786363074,0.375,0.26553375,0.22765000000000002,0.9930617033246849,B:262:;B:263:;B:265:;B:266:;B:269:;B:270:;B:5:;B:6:,B:265:;B:269:;B:6:
catalase_ps,hydrophobic,189,7,alternative interface,C:419:,GLU,419,C,6,2,12.933753038487655,0.3333333333333333,0.278835,0.21887,0.990914088506656,C:340:;C:343:;C:418:;C:419:;C:420:;C:421:,C:340:;C:418:
catalase_ps,hydrophobic,190,7,alternative interface,A:73:,VAL,73,A,8,4,10.472609419322538,0.5,0.162575,0.21475999999999998,0.9876910783565916,A:115:;A:116:;A:117:;A:118:;A:71:;A:72:;A:73:;A:74:,A:115:;A:116:;A:72:;A:73:
catalase_ps,hydrophobic,191,7,alternative interface,B:197:,PHE,197,B,8,3,14.198560708082464,0.375,0.18627,0.20137,0.9933306982320742,B:193:;B:197:;B:198:;B:199:;B:200:;B:201:;B:202:;B:203:,B:197:;B:198:;B:199:
catalase_ps,hydrophobic,192,7,alternative interface,A:8:,SER,8,A,6,1,12.224102170698263,0.16666666666666666,0.21107666666666666,0.15781,0.99452744317751,A:4:;A:5:;A:6:;A:8:;A:9:;D:177:,A:6:
catalase_ps,hydrophobic,193,7,alternative interface,A:427:,ASP,427,A,10,2,13.433055397401889,0.2,0.30664100000000005,0.15381999999999998,0.9934861345332692,A:425:;A:426:;A:427:;A:428:;A:429:;B:421:;B:422:;B:423:;B:424:;D:44:,A:428:;B:424:
catalase_ps,hydrophobic,194,7,alternative interface,B:8:,SER,8,B,6,1,12.47044948366611,0.16666666666666666,0.20737166666666665,0.14951,0.9946332218318639,B:4:;B:5:;B:6:;B:8:;B:9:;C:177:,B:6:
catalase_ps,hydrophobic,195,7,alternative interface,B:390:,PRO,390,B,7,3,13.808175088684857,0.42857142857142855,0.18568571428571426,0.14599,0.8306532441070184,B:366:;B:367:;B:388:;B:390:;B:391:;D:366:;D:67:,B:367:;B:390:;B:391:
catalase_ps,hydrophobic,196,7,alternative interface,D:242:,LYS,242,D,8,2,13.098120187906824,0.25,0.29899624999999996,0.14172,0.9945699413413334,D:206:;D:207:;D:210:;D:240:;D:241:;D:242:;D:243:;D:244:,D:241:;D:244:
catalase_ps,hydrophobic,197,7,alternative interface,D:265:,PHE,265,D,7,3,12.221181824841862,0.42857142857142855,0.17124857142857142,0.13719,0.9912995823238787,D:261:;D:262:;D:263:;D:265:;D:266:;D:269:;D:320:,D:261:;D:265:;D:269:
catalase_ps,hydrophobic,198,7,alternative interface,A:219:,PHE,219,A,6,2,11.704274525158734,0.3333333333333333,0.09759666666666666,0.11346,0.994876929970593,A:219:;A:220:;A:230:;A:232:;A:343:;A:344:,A:219:;A:344:
catalase_ps,hydrophobic,199,7,alternative interface,D:423:,HIS,423,D,8,2,13.556733100517347,0.25,0.3721775,0.1107,0.9939190328799009,C:426:;C:427:;C:428:;D:421:;D:422:;D:423:;D:424:;D:425:,C:428:;D:424:
catalase_ps,hydrophobic,200,7,alternative interface,D:36:,ASP,36,D,7,3,13.626334156261201,0.42857142857142855,0.28136285714285714,0.10355,0.9871557359577845,B:413:;B:414:;B:415:;B:418:;D:36:;D:38:;D:39:,B:415:;B:418:;D:38:
catalase_ps,hydrophobic,201,7,alternative interface,D:409:,SER,409,D,8,2,13.743575278718797,0.25,0.38867874999999996,0.06921000000000001,0.9874639448878466,B:15:;B:18:;B:22:;B:23:;D:407:;D:409:;D:411:;D:412:,B:23:;D:411:
catalase_ps,hydrophobic,202,7,alternative interface,B:327:,GLU,327,B,7,3,13.03788402721378,0.42857142857142855,0.3212285714285715,0.06266,0.9671659309598981,B:322:;B:324:;B:325:;B:327:;B:329:;B:373:;D:395:,B:322:;B:325:;B:373:
catalase_ps,hydrophobic,203,7,alternative interface,A:319:,ARG,319,A,5,2,12.07819110559337,0.4,0.24720000000000003,0.04244,0.9945388884118581,A:269:;A:318:;A:319:;A:320:;A:81:,A:269:;A:81:
catalase_ps,hydrophobic,204,7,alternative interface,C:429:,GLN,429,C,7,2,12.990420246332212,0.2857142857142857,0.32257285714285716,0.04063,0.9916907089835575,C:427:;C:428:;C:429:;C:431:;D:419:;D:421:;D:422:,C:428:;C:431:
catalase_ps,hydrophobic,205,7,alternative interface,C:319:,ARG,319,C,5,2,12.061752645937082,0.4,0.270332,0.0384,0.994403443880112,C:269:;C:318:;C:319:;C:320:;C:81:,C:269:;C:81:
catalase_ps,hydrophobic,206,8,alternative interface,B:115:,VAL,115,B,11,4,12.198246412070025,0.36363636363636365,0.13805818181818183,0.25564,0.9862315226611933,B:113:;B:115:;B:116:;B:117:;B:127:;B:128:;B:129:;B:130:;B:73:;B:74:;B:76:,B:115:;B:116:;B:128:;B:73:
catalase_ps,hydrophobic,207,8,alternative interface,C:266:,ASN,266,C,8,3,12.212259129144082,0.375,0.26564125,0.23553999999999997,0.992567539405926,C:262:;C:263:;C:265:;C:266:;C:269:;C:270:;C:5:;C:6:,C:265:;C:269:;C:6:
catalase_ps,hydrophobic,208,8,alternative interface,C:357:,TYR,357,C,9,4,12.689205144453345,0.4444444444444444,0.14325333333333334,0.20143999999999998,0.978675851512451,C:333:;C:336:;C:353:;C:355:;C:356:;C:357:;C:358:;C:360:;C:361:,C:333:;C:355:;C:356:;C:358:
catalase_ps,hydrophobic,209,8,alternative interface,B:357:,TYR,357,B,8,4,12.18982078599175,0.5,0.15786250000000002,0.17692,0.9786796426717067,B:333:;B:353:;B:355:;B:356:;B:357:;B:358:;B:360:;B:361:,B:333:;B:355:;B:356:;B:358:
catalase_ps,hydrophobic,210,8,alternative interface,C:197:,PHE,197,C,7,2,14.254579034677976,0.2857142857142857,0.21890285714285712,0.15051,0.9929570403368005,C:193:;C:197:;C:198:;C:200:;C:201:;C:202:;C:203:,C:197:;C:198:
catalase_ps,hydrophobic,211,8,alternative interface,B:427:,ASP,427,B,10,2,13.600850236533809,0.2,0.29618,0.14609,0.9933026864392673,A:421:;A:422:;A:423:;A:424:;B:425:;B:426:;B:427:;B:428:;B:429:;C:44:,A:424:;B:428:
catalase_ps,hydrophobic,212,8,alternative interface,D:163:,PHE,163,D,5,2,12.359698096888735,0.4,0.128666,0.13946,0.9834133488688479,C:404:;D:160:;D:163:;D:165:;D:167:,D:160:;D:163:
catalase_ps,hydrophobic,213,8,alternative interface,C:216:,SER,216,C,5,1,12.591104331688681,0.2,0.15629999999999997,0.10797000000000001,0.993633452480043,C:147:;C:150:;C:214:;C:216:;C:232:,C:150:
catalase_ps,hydrophobic,214,8,alternative interface,C:339:,PRO,339,C,7,3,13.280216299660331,0.42857142857142855,0.11626428571428571,0.0886,0.9881318671906897,A:32:;A:33:;C:139:;C:337:;C:339:;C:340:;C:343:,A:33:;C:339:;C:340:
catalase_ps,hydrophobic,215,8,alternative interface,D:136:,TYR,136,D,5,1,10.528800607088108,0.2,0.30060200000000004,0.08776999999999999,0.9901954429608475,D:107:;D:136:;D:138:;D:378:;D:379:,D:107:
catalase_ps,hydrophobic,216,8,alternative interface,D:319:,ARG,319,D,6,2,12.737663759218119,0.3333333333333333,0.207095,0.05457,0.9927587139102656,D:269:;D:318:;D:319:;D:320:;D:81:;D:82:,D:269:;D:81:
catalase_ps,hydrophobic,217,8,alternative interface,B:461:,ASN,461,B,7,1,13.136506456005078,0.14285714285714285,0.2533228571428571,0.04447,0.9936800101575375,B:199:;B:200:;B:457:;B:460:;B:461:;B:464:;B:465:,B:199:
catalase_ps,hydrophobic,218,8,alternative interface,A:461:,ASN,461,A,7,1,13.141442552954157,0.14285714285714285,0.28848285714285715,0.03436,0.9937632774509992,A:199:;A:200:;A:457:;A:460:;A:461:;A:464:;A:465:,A:199:
catalase_ps,hydrophobic,219,8,alternative interface,D:461:,ASN,461,D,7,1,12.886252586966782,0.14285714285714285,0.24613000000000002,0.03234,0.9937785627932126,D:199:;D:200:;D:457:;D:460:;D:461:;D:464:;D:465:,D:199:
catalase_ps,hydrophobic,220,9,alternative interface,A:258:,ASP,258,A,9,3,12.198974130822918,0.3333333333333333,0.1898844444444444,0.22759000000000001,0.9903242814565902,A:122:;A:123:;A:256:;A:257:;A:258:;A:259:;A:260:;A:261:;A:262:,A:122:;A:257:;A:261:
catalase_ps,hydrophobic,221,9,alternative interface,D:83:,TYR,83,D,8,3,13.486811827901914,0.375,0.26398750000000004,0.20652,0.9914124595704307,D:105:;D:107:;D:316:;D:318:;D:81:;D:82:;D:83:;D:85:,D:107:;D:316:;D:81:
catalase_ps,hydrophobic,222,9,alternative interface,C:275:,SER,275,C,8,1,14.227662317831216,0.125,0.2849475,0.08971,0.9894632640696606,C:209:;C:238:;C:239:;C:273:;C:275:;C:277:;C:314:;C:316:,C:316:
catalase_ps,hydrophobic,223,9,alternative interface,B:275:,SER,275,B,8,1,14.043972660465695,0.125,0.26923874999999997,0.08741,0.9897330435475536,B:209:;B:238:;B:239:;B:273:;B:275:;B:277:;B:314:;B:316:,B:316:
catalase_ps,hydrophobic,224,9,alternative interface,A:275:,SER,275,A,8,1,14.011835609975675,0.125,0.27076625,0.07361,0.9899164779209139,A:209:;A:238:;A:239:;A:273:;A:275:;A:277:;A:314:;A:316:,A:316:
catalase_ps,hydrophobic,225,9,alternative interface,B:78:,ALA,78,B,4,1,10.396118115692078,0.25,0.07049749999999999,0.02871,0.9920323240865133,B:113:;B:260:;B:76:;B:78:,B:78:
catalase_ps,hydrophobic,226,10,alternative interface,C:382:,VAL,382,C,7,2,10.760105684701962,0.2857142857142857,0.21347142857142862,0.20457999999999998,0.9846585962238033,A:28:;A:29:;A:30:;C:381:;C:382:;C:383:;C:384:,C:382:;C:383:
catalase_ps,hydrophobic,227,10,alternative interface,D:382:,VAL,382,D,6,2,9.737383659693412,0.3333333333333333,0.2563516666666667,0.19602,0.9873243665627621,B:28:;B:29:;D:381:;D:382:;D:383:;D:384:,D:382:;D:383:
catalase_ps,hydrophobic,228,10,alternative interface,B:369:,TYR,369,B,8,3,11.526253284831725,0.375,0.12862125000000002,0.18964999999999999,0.9346303578700546,B:361:;B:362:;B:366:;B:367:;B:369:;B:370:;B:371:;D:391:,B:367:;B:370:;D:391:
catalase_ps,hydrophobic,229,10,alternative interface,C:27:,THR,27,C,10,3,14.04034933671693,0.3,0.248423,0.17759,0.9874109720650993,A:381:;A:382:;A:383:;A:384:;A:413:;C:25:;C:27:;C:28:;C:29:;C:32:,A:382:;A:383:;C:25:
catalase_ps,hydrophobic,230,10,alternative interface,B:146:,GLY,146,B,9,3,12.457810858995241,0.3333333333333333,0.12479666666666667,0.16489,0.990092946182328,B:130:;B:132:;B:144:;B:145:;B:146:;B:147:;B:148:;B:214:;B:216:,B:132:;B:144:;B:145:
catalase_ps,hydrophobic,231,10,alternative interface,D:6:,PRO,6,D,8,2,12.845459860919878,0.25,0.26363000000000003,0.1412,0.9911753590233007,D:266:;D:269:;D:270:;D:4:;D:5:;D:6:;D:8:;D:9:,D:269:;D:6:
catalase_ps,hydrophobic,232,10,alternative interface,C:390:,PRO,390,C,8,3,14.329784539348651,0.375,0.16466625000000001,0.12662,0.8352160072073944,A:366:;A:66:;A:67:;C:366:;C:367:;C:388:;C:390:;C:391:,C:367:;C:390:;C:391:
catalase_ps,hydrophobic,233,10,alternative interface,A:216:,SER,216,A,6,2,14.11496484823601,0.3333333333333333,0.1594283333333333,0.11904999999999999,0.9896474404298052,A:147:;A:150:;A:152:;A:214:;A:216:;A:232:,A:150:;A:152:
catalase_ps,hydrophobic,234,10,alternative interface,D:216:,SER,216,D,6,2,13.98660559195512,0.3333333333333333,0.16108666666666668,0.11628,0.9898381203043193,D:147:;D:150:;D:152:;D:214:;D:216:;D:232:,D:150:;D:152:
catalase_ps,hydrophobic,235,10,alternative interface,A:419:,GLU,419,A,7,2,15.362957465904351,0.2857142857142857,0.22608571428571428,0.11061,0.9880761880790787,A:340:;A:343:;A:418:;A:419:;A:420:;A:421:;B:429:,A:340:;A:418:
catalase_ps,hydrophobic,236,10,alternative interface,B:72:,VAL,72,B,8,3,13.748531714378489,0.375,0.13112000000000001,0.11028,0.964189836245807,B:69:;B:70:;B:71:;B:72:;B:73:;B:74:;C:66:;C:67:,B:69:;B:72:;B:73:
catalase_ps,hydrophobic,237,10,alternative interface,B:32:,ASN,32,B,8,3,14.354857629807372,0.375,0.133345,0.0526,0.9881784753906862,B:28:;B:29:;B:32:;B:33:;D:139:;D:337:;D:338:;D:340:,B:33:;D:338:;D:340:
catalase_ps,hydrophobic,238,11,alternative interface,D:27:,THR,27,D,11,3,14.747194453936231,0.2727272727272727,0.21194090909090904,0.19485,0.9860921873815656,B:381:;B:382:;B:383:;B:384:;B:413:;D:25:;D:27:;D:28:;D:29:;D:30:;D:32:,B:382:;B:383:;D:25:
catalase_ps,hydrophobic,239,11,alternative interface,D:390:,PRO,390,D,9,3,14.143009135906553,0.3333333333333333,0.16730333333333333,0.1406,0.8331026536515148,B:366:;B:65:;B:66:;B:67:;D:366:;D:367:;D:388:;D:390:;D:391:,D:367:;D:390:;D:391:
catalase_ps,hydrophobic,240,11,alternative interface,C:69:,PRO,69,C,7,2,12.054545858912693,0.2857142857142857,0.14642857142857144,0.13013,0.9351299314590319,B:67:;B:69:;B:70:;C:67:;C:69:;C:70:;C:71:,B:69:;C:69:
catalase_ps,hydrophobic,241,11,alternative interface,D:69:,PRO,69,D,9,3,14.066641980383393,0.3333333333333333,0.12699555555555556,0.12458999999999999,0.9210776954196866,A:67:;A:69:;A:70:;D:364:;D:67:;D:69:;D:70:;D:71:;D:72:,A:69:;D:69:;D:72:
catalase_ps,hydrophobic,242,11,alternative interface,A:390:,PRO,390,A,7,2,14.292378019740797,0.2857142857142857,0.18273571428571428,0.10797000000000001,0.8226486438735464,A:366:;A:367:;A:388:;A:390:;C:366:;C:66:;C:67:,A:367:;A:390:
catalase_ps,hydrophobic,243,11,alternative interface,A:121:,SER,121,A,10,3,14.244575884364867,0.3,0.208846,0.08613,0.9862347775844321,A:117:;A:118:;A:119:;A:121:;A:122:;A:123:;A:257:;D:119:;D:121:;D:122:,A:122:;A:257:;D:122:
catalase_ps,hydrophobic,244,11,alternative interface,D:275:,SER,275,D,8,1,14.19696429973198,0.125,0.25633,0.07591,0.9896284926291191,D:209:;D:238:;D:239:;D:273:;D:275:;D:277:;D:314:;D:316:,D:316:
catalase_ps,hydrophobic,245,11,alternative interface,C:167:,GLN,167,C,8,2,11.995451917691907,0.25,0.1557025,0.05804,0.9887294840592766,C:116:;C:165:;C:167:;C:168:;C:169:;C:176:;C:177:;C:181:,C:116:;C:181:
catalase_ps,hydrophobic,246,11,alternative interface,C:260:,GLY,260,C,10,1,12.092410709353022,0.1,0.13208,0.030600000000000002,0.9910459477327074,C:123:;C:206:;C:207:;C:208:;C:258:;C:259:;C:260:;C:261:;C:262:;C:263:,C:261:
catalase_ps,hydrophobic,247,11,alternative interface,D:62:,HIS,62,D,6,2,11.598100800627765,0.3333333333333333,0.12367000000000002,0.02912,0.9781934275557748,B:367:;B:386:;D:58:;D:59:;D:60:;D:62:,B:367:;D:60:
catalase_ps,hydrophobic,248,12,alternative interface,D:362:,ARG,362,D,8,2,10.079184852566184,0.25,0.1361675,0.0886,0.9423658195269126,D:358:;D:360:;D:361:;D:362:;D:363:;D:364:;D:366:;D:367:,D:358:;D:367:
catalase_ps,hydrophobic,249,12,alternative interface,A:168:,LYS,168,A,8,1,13.34552609657254,0.125,0.16501875,0.08134000000000001,0.9833931894719584,A:116:;A:117:;A:165:;A:167:;A:168:;A:169:;A:176:;A:177:,A:116:
catalase_ps,hydrophobic,250,12,alternative interface,C:362:,ARG,362,C,7,2,10.281395642400083,0.2857142857142857,0.13751285714285716,0.07476,0.9508081041681335,C:358:;C:360:;C:361:;C:362:;C:363:;C:366:;C:367:,C:358:;C:367:
catalase_ps,hydrophobic,251,12,alternative interface,A:362:,ARG,362,A,7,2,10.132074786276624,0.2857142857142857,0.1303642857142857,0.07199,0.9519396750059165,A:358:;A:360:;A:361:;A:362:;A:363:;A:366:;A:367:,A:358:;A:367:
catalase_ps,hydrophobic,252,12,alternative interface,B:168:,LYS,168,B,7,1,11.829269832403005,0.14285714285714285,0.19778142857142858,0.06699,0.9830657187154298,B:116:;B:117:;B:165:;B:167:;B:168:;B:169:;B:176:,B:116:
catalase_ps,hydrophobic,253,12,alternative interface,D:168:,LYS,168,D,8,1,13.114300706808546,0.125,0.17050625000000003,0.0622,0.9838382448638129,D:116:;D:117:;D:165:;D:167:;D:168:;D:169:;D:176:;D:177:,D:116:
catalase_ps,hydrophobic,254,12,alternative interface,A:62:,HIS,62,A,7,2,12.824446295554798,0.2857142857142857,0.11849,0.03438,0.9659322419299723,A:58:;A:59:;A:60:;A:62:;A:66:;C:367:;C:386:,A:60:;C:367:
catalase_ps,hydrophobic,255,12,alternative interface,C:62:,HIS,62,C,7,2,12.698641859674039,0.2857142857142857,0.11658857142857142,0.03225,0.9664718500794864,A:367:;A:386:;C:58:;C:59:;C:60:;C:62:;C:66:,A:367:;C:60:
catalase_ps,hydrophobic,256,13,alternative interface,B:62:,HIS,62,B,9,2,13.195660728947633,0.2222222222222222,0.10407666666666666,0.03013,0.9602613334934058,B:58:;B:59:;B:60:;B:62:;B:65:;B:66:;D:367:;D:386:;D:387:,B:60:;D:367:
catalase_ps,pi_carbon,1,1,primary plausible interface,B:475:,LYS,475,B,7,4,12.409513110022681,0.5714285714285714,0.4413128571428571,0.87347,0.994957554746847,B:471:;B:472:;B:474:;B:475:;B:476:;B:478:;B:479:,B:472:;B:475:;B:476:;B:479:
catalase_ps,pi_carbon,2,1,primary plausible interface,C:475:,LYS,475,C,7,4,12.158008564682618,0.5714285714285714,0.4513114285714286,0.8667199999999999,0.9953030691852988,C:471:;C:472:;C:474:;C:475:;C:476:;C:478:;C:479:,C:472:;C:475:;C:476:;C:479:
catalase_ps,pi_carbon,3,1,primary plausible interface,C:445:,PHE,445,C,8,3,12.116525414605446,0.375,0.42446125,0.6704300000000001,0.996518278814099,C:441:;C:443:;C:444:;C:445:;C:447:;C:448:;C:449:;C:450:,C:443:;C:445:;C:448:
catalase_ps,pi_carbon,4,1,primary plausible interface,A:445:,PHE,445,A,9,4,13.472016201689263,0.4444444444444444,0.37583222222222223,0.65714,0.9962628645957272,A:193:;A:441:;A:443:;A:444:;A:445:;A:447:;A:448:;A:449:;A:450:,A:193:;A:443:;A:445:;A:448:
catalase_ps,pi_carbon,5,1,primary plausible interface,C:104:,LYS,104,C,7,3,10.603699519047487,0.42857142857142855,0.46899428571428564,0.64165,0.9957670591872618,C:100:;C:101:;C:102:;C:103:;C:104:;C:105:;C:85:,C:101:;C:104:;C:105:
catalase_ps,pi_carbon,6,1,primary plausible interface,C:497:,ASP,497,C,8,2,13.290864809925093,0.25,0.5998275,0.59396,0.9956783969866284,C:493:;C:494:;C:495:;C:497:;C:498:;C:499:;C:500:;C:501:,C:498:;C:499:
catalase_ps,pi_carbon,7,1,primary plausible interface,D:500:,ASN,500,D,6,3,10.451334675953026,0.5,0.6094616666666667,0.57961,0.9987116678066691,D:467:;D:497:;D:498:;D:499:;D:500:;D:501:,D:467:;D:498:;D:499:
catalase_ps,pi_carbon,8,1,primary plausible interface,D:379:,ARG,379,D,6,4,11.114853014251747,0.6666666666666666,0.3704483333333333,0.45164000000000004,0.9883893765728414,D:136:;D:138:;D:139:;D:378:;D:379:;D:381:,D:136:;D:378:;D:379:;D:381:
catalase_ps,pi_carbon,9,1,primary plausible interface,B:500:,ASN,500,B,6,3,10.600699905169463,0.5,0.548545,0.45110999999999996,0.9987327880610121,B:467:;B:497:;B:498:;B:499:;B:500:;B:501:,B:467:;B:498:;B:499:
catalase_ps,pi_carbon,10,1,primary plausible interface,C:169:,ARG,169,C,7,5,11.784264230935019,0.7142857142857143,0.19427714285714284,0.42391,0.987479416953518,C:165:;C:167:;C:168:;C:169:;C:174:;C:176:;C:177:,C:165:;C:168:;C:169:;C:174:;C:176:
catalase_ps,pi_carbon,11,1,primary plausible interface,B:169:,ARG,169,B,6,5,11.743953839844451,0.8333333333333334,0.20943500000000004,0.40585,0.9855854327622018,B:165:;B:167:;B:168:;B:169:;B:174:;B:176:,B:165:;B:168:;B:169:;B:174:;B:176:
catalase_ps,pi_carbon,12,1,primary plausible interface,C:378:,TYR,378,C,4,3,9.710612859877175,0.75,0.48019,0.38610999999999995,0.9939391477951788,C:376:;C:378:;C:379:;C:381:,C:378:;C:379:;C:381:
catalase_ps,pi_carbon,13,1,primary plausible interface,C:219:,PHE,219,C,6,4,11.879739194734102,0.6666666666666666,0.10072833333333332,0.11124,0.994680723143414,C:219:;C:220:;C:230:;C:232:;C:343:;C:344:,C:219:;C:220:;C:230:;C:232:
catalase_ps,pi_carbon,14,1,primary plausible interface,C:160:,PHE,160,C,1,1,0.0,1.0,0.24683,0.10991,1.0,C:160:,C:160:
catalase_ps,pi_carbon,15,1,primary plausible interface,D:3:,ASN,3,D,3,1,6.970400766207986,0.3333333333333333,0.49158999999999997,0.09652,0.99886679601652,D:3:;D:4:;D:5:,D:4:
catalase_ps,pi_carbon,16,1,primary plausible interface,C:3:,ASN,3,C,3,1,7.231713181613019,0.3333333333333333,0.4656666666666667,0.08179,0.9988705122338951,C:3:;C:4:;C:5:,C:4:
catalase_ps,pi_carbon,17,2,alternative interface,A:476:,LYS,476,A,7,4,12.820428473395777,0.5714285714285714,0.3920985714285714,0.83154,0.994652517341471,A:187:;A:472:;A:475:;A:476:;A:478:;A:479:;A:480:,A:472:;A:475:;A:476:;A:479:
catalase_ps,pi_carbon,18,2,alternative interface,B:15:,LYS,15,B,9,5,11.875167014449506,0.5555555555555556,0.42763333333333337,0.66294,0.9931522499138569,B:12:;B:13:;B:14:;B:15:;B:16:;B:17:;B:18:;B:19:;D:409:,B:12:;B:13:;B:14:;B:15:;B:18:
catalase_ps,pi_carbon,19,2,alternative interface,D:445:,PHE,445,D,8,3,12.557598416288485,0.375,0.4054025,0.6612300000000001,0.9963357120733214,D:441:;D:443:;D:444:;D:445:;D:447:;D:448:;D:449:;D:450:,D:443:;D:445:;D:448:
catalase_ps,pi_carbon,20,2,alternative interface,C:15:,LYS,15,C,9,5,10.908988464248813,0.5555555555555556,0.41801,0.63974,0.993513475295156,A:409:;C:12:;C:13:;C:14:;C:15:;C:16:;C:17:;C:18:;C:19:,C:12:;C:13:;C:14:;C:15:;C:18:
catalase_ps,pi_carbon,21,2,alternative interface,D:15:,LYS,15,D,9,5,11.1186640658019,0.5555555555555556,0.4246344444444444,0.6185499999999999,0.9932906983595742,B:409:;D:12:;D:13:;D:14:;D:15:;D:16:;D:17:;D:18:;D:19:,D:12:;D:13:;D:14:;D:15:;D:18:
catalase_ps,pi_carbon,22,2,alternative interface,A:15:,LYS,15,A,9,5,10.93539153772906,0.5555555555555556,0.42064222222222225,0.61319,0.9935067575168399,A:12:;A:13:;A:14:;A:15:;A:16:;A:17:;A:18:;A:19:;C:409:,A:12:;A:13:;A:14:;A:15:;A:18:
catalase_ps,pi_carbon,23,2,alternative interface,D:495:,LEU,495,D,8,3,12.25843487649221,0.375,0.50942125,0.57961,0.995307334467816,D:460:;D:491:;D:493:;D:494:;D:495:;D:497:;D:498:;D:499:,D:491:;D:498:;D:499:
catalase_ps,pi_carbon,24,2,alternative interface,D:91:,THR,91,D,7,3,11.867129891647616,0.42857142857142855,0.4159371428571429,0.56874,0.9944604151525461,D:100:;D:223:;D:89:;D:91:;D:92:;D:93:;D:95:,D:92:;D:93:;D:95:
catalase_ps,pi_carbon,25,2,alternative interface,B:104:,LYS,104,B,7,3,10.184306594786158,0.42857142857142855,0.4547414285714287,0.55323,0.9958607836891334,B:100:;B:101:;B:102:;B:103:;B:104:;B:105:;B:85:,B:101:;B:104:;B:105:
catalase_ps,pi_carbon,26,2,alternative interface,A:455:,ARG,455,A,9,3,11.961385595193923,0.3333333333333333,0.4168722222222222,0.54856,0.9975987765216324,A:200:;A:450:;A:451:;A:452:;A:453:;A:454:;A:455:;A:456:;A:457:,A:455:;A:456:;A:457:
catalase_ps,pi_carbon,27,2,alternative interface,D:456:,LYS,456,D,7,3,12.462382720999065,0.42857142857142855,0.48848571428571436,0.54316,0.997370590134324,D:452:;D:453:;D:454:;D:455:;D:456:;D:457:;D:460:,D:455:;D:456:;D:457:
catalase_ps,pi_carbon,28,2,alternative interface,A:497:,ASP,497,A,8,2,13.05985492047515,0.25,0.5419274999999999,0.5057,0.9959390472099071,A:493:;A:494:;A:495:;A:497:;A:498:;A:499:;A:500:;A:501:,A:498:;A:499:
catalase_ps,pi_carbon,29,2,alternative interface,B:456:,LYS,456,B,8,4,12.978298707512987,0.5,0.45367250000000003,0.48253,0.9956763853417973,B:452:;B:453:;B:454:;B:455:;B:456:;B:457:;B:460:;B:491:,B:455:;B:456:;B:457:;B:491:
catalase_ps,pi_carbon,30,2,alternative interface,B:21:,GLN,21,B,6,2,10.10659659633675,0.3333333333333333,0.5192633333333333,0.43149,0.9956443154166374,B:18:;B:19:;B:20:;B:21:;B:22:;B:23:,B:18:;B:22:
catalase_ps,pi_carbon,31,2,alternative interface,D:169:,ARG,169,D,7,5,11.80061537405927,0.7142857142857143,0.19071571428571427,0.41840000000000005,0.9872485376205026,D:165:;D:167:;D:168:;D:169:;D:174:;D:176:;D:177:,D:165:;D:168:;D:169:;D:174:;D:176:
catalase_ps,pi_carbon,32,2,alternative interface,B:378:,TYR,378,B,4,3,10.297026508759183,0.75,0.4461175,0.37468,0.9932316565913062,B:376:;B:378:;B:379:;B:381:,B:378:;B:379:;B:381:
catalase_ps,pi_carbon,33,2,alternative interface,A:21:,GLN,21,A,6,2,10.112824714821913,0.3333333333333333,0.5769000000000001,0.37448,0.9958996780225625,A:18:;A:19:;A:20:;A:21:;A:22:;A:23:,A:18:;A:22:
catalase_ps,pi_carbon,34,2,alternative interface,A:378:,TYR,378,A,4,3,9.970546103241617,0.75,0.4685,0.35595,0.993608454640462,A:376:;A:378:;A:379:;A:381:,A:378:;A:379:;A:381:
catalase_ps,pi_carbon,35,2,alternative interface,B:200:,SER,200,B,11,5,13.212347421938977,0.45454545454545453,0.21577545454545455,0.34017000000000003,0.9961498220546527,B:197:;B:198:;B:199:;B:200:;B:201:;B:202:;B:203:;B:454:;B:455:;B:457:;B:461:,B:197:;B:199:;B:202:;B:455:;B:457:
catalase_ps,pi_carbon,36,2,alternative interface,C:303:,PRO,303,C,7,2,11.767389394094007,0.2857142857142857,0.5678485714285715,0.31285,0.9973486953843131,C:301:;C:303:;C:304:;C:305:;C:306:;C:307:;C:308:,C:304:;C:307:
catalase_ps,pi_carbon,37,2,alternative interface,D:105:,ARG,105,D,6,3,12.78556753923559,0.5,0.35005,0.29637,0.9971250236269773,D:103:;D:104:;D:105:;D:107:;D:83:;D:85:,D:104:;D:105:;D:83:
catalase_ps,pi_carbon,38,2,alternative interface,A:105:,ARG,105,A,6,3,12.984407702475318,0.5,0.328655,0.27013000000000004,0.9972492427614844,A:103:;A:104:;A:105:;A:107:;A:83:;A:85:,A:104:;A:105:;A:83:
catalase_ps,pi_carbon,39,2,alternative interface,D:471:,LEU,471,D,5,2,8.825080867235215,0.4,0.47396600000000005,0.19358,0.9974148950615728,D:470:;D:471:;D:472:;D:474:;D:475:,D:472:;D:475:
catalase_ps,pi_carbon,40,2,alternative interface,D:247:,GLU,247,D,6,1,9.35456324932353,0.16666666666666666,0.5755416666666666,0.18082,0.9967247393685659,D:245:;D:246:;D:247:;D:248:;D:250:;D:251:,D:251:
catalase_ps,pi_carbon,41,2,alternative interface,D:163:,PHE,163,D,5,4,12.359698096888735,0.8,0.128666,0.14046,0.9834133488688479,C:404:;D:160:;D:163:;D:165:;D:167:,C:404:;D:160:;D:163:;D:165:
catalase_ps,pi_carbon,42,2,alternative interface,C:289:,GLU,289,C,6,1,8.82544151789209,0.16666666666666666,0.5862633333333332,0.12465999999999999,0.998114446882981,C:285:;C:286:;C:287:;C:288:;C:289:;C:290:,C:285:
catalase_ps,pi_carbon,43,2,alternative interface,B:153:,PHE,153,B,5,3,9.337128901130965,0.6,0.083436,0.10663,0.9966021663161377,B:152:;B:153:;B:190:;B:192:;B:193:,B:152:;B:153:;B:193:
catalase_ps,pi_carbon,44,2,alternative interface,A:219:,PHE,219,A,6,4,11.704274525158734,0.6666666666666666,0.09759666666666666,0.10624,0.994876929970593,A:219:;A:220:;A:230:;A:232:;A:343:;A:344:,A:219:;A:220:;A:230:;A:232:
catalase_ps,pi_carbon,45,2,alternative interface,D:230:,TYR,230,D,8,5,13.715208072010086,0.625,0.1682325,0.10328,0.9955893051518819,D:219:;D:220:;D:229:;D:230:;D:232:;D:282:;D:284:;D:285:,D:219:;D:220:;D:230:;D:232:;D:285:
catalase_ps,pi_carbon,46,2,alternative interface,B:230:,TYR,230,B,8,5,13.593864172684336,0.625,0.1720675,0.09741,0.9957755668631927,B:219:;B:220:;B:229:;B:230:;B:232:;B:282:;B:284:;B:285:,B:219:;B:220:;B:230:;B:232:;B:285:
catalase_ps,pi_carbon,47,2,alternative interface,C:349:,MET,349,C,4,3,11.529345524577607,0.75,0.1130325,0.08773,0.9949331758291217,C:155:;C:348:;C:349:;C:353:,C:155:;C:348:;C:353:
catalase_ps,pi_carbon,48,2,alternative interface,B:3:,ASN,3,B,3,1,7.131082719353356,0.3333333333333333,0.4208100000000001,0.06849999999999999,0.9986936315111514,B:3:;B:4:;B:5:,B:4:
catalase_ps,pi_carbon,49,2,alternative interface,D:344:,PRO,344,D,5,2,12.530412901166432,0.4,0.106606,0.06848,0.9977412210204182,D:219:;D:220:;D:336:;D:343:;D:344:,D:219:;D:220:
catalase_ps,pi_carbon,50,2,alternative interface,B:296:,PHE,296,B,5,3,10.980747338270804,0.6,0.18803999999999998,0.05578,0.9957750875238615,B:294:;B:296:;B:346:;B:348:;C:46:,B:296:;B:348:;C:46:
catalase_ps,pi_carbon,51,2,alternative interface,D:296:,PHE,296,D,4,3,10.581094685303231,0.75,0.21869499999999997,0.04593,0.9966201149738136,A:46:;D:294:;D:296:;D:348:,A:46:;D:296:;D:348:
catalase_ps,pi_carbon,52,3,alternative interface,D:476:,LYS,476,D,8,4,12.81390602604253,0.5,0.34962750000000004,0.7944599999999999,0.9945229228001401,D:187:;D:472:;D:474:;D:475:;D:476:;D:478:;D:479:;D:480:,D:472:;D:475:;D:476:;D:479:
catalase_ps,pi_carbon,53,3,alternative interface,D:102:,ILE,102,D,9,3,11.225471338553087,0.3333333333333333,0.4448688888888889,0.55199,0.9945679031558787,D:100:;D:101:;D:102:;D:103:;D:104:;D:85:;D:87:;D:88:;D:89:,D:101:;D:104:;D:88:
catalase_ps,pi_carbon,54,3,alternative interface,A:102:,ILE,102,A,9,3,11.548874214631324,0.3333333333333333,0.4465922222222222,0.52936,0.9946187386709341,A:100:;A:101:;A:102:;A:103:;A:104:;A:85:;A:87:;A:88:;A:89:,A:101:;A:104:;A:88:
catalase_ps,pi_carbon,55,3,alternative interface,B:91:,THR,91,B,8,4,13.279301443482623,0.5,0.42660375,0.512,0.9931294627343168,B:100:;B:101:;B:223:;B:89:;B:91:;B:92:;B:93:;B:95:,B:101:;B:92:;B:93:;B:95:
catalase_ps,pi_carbon,56,3,alternative interface,C:428:,VAL,428,C,8,3,10.822478501735242,0.375,0.3574875,0.50498,0.9948595327347558,C:426:;C:427:;C:428:;C:429:;D:421:;D:422:;D:423:;D:424:,D:421:;D:423:;D:424:
catalase_ps,pi_carbon,57,3,alternative interface,B:445:,PHE,445,B,8,3,12.595519502219014,0.375,0.37225625,0.50314,0.996273167607758,B:441:;B:443:;B:444:;B:445:;B:447:;B:448:;B:449:;B:450:,B:443:;B:445:;B:448:
catalase_ps,pi_carbon,58,3,alternative interface,C:91:,THR,91,C,7,3,12.01335547840512,0.42857142857142855,0.4147057142857143,0.50299,0.9942610680603663,C:100:;C:223:;C:89:;C:91:;C:92:;C:93:;C:95:,C:92:;C:93:;C:95:
catalase_ps,pi_carbon,59,3,alternative interface,C:456:,LYS,456,C,7,3,12.563447589710838,0.42857142857142855,0.4666842857142858,0.45687,0.997171420841665,C:452:;C:453:;C:454:;C:455:;C:456:;C:457:;C:460:,C:455:;C:456:;C:457:
catalase_ps,pi_carbon,60,3,alternative interface,B:495:,LEU,495,B,8,3,12.447068258702267,0.375,0.46961624999999996,0.45110999999999996,0.9952528685865463,B:460:;B:491:;B:493:;B:494:;B:495:;B:497:;B:498:;B:499:,B:491:;B:498:;B:499:
catalase_ps,pi_carbon,61,3,alternative interface,D:21:,GLN,21,D,6,2,10.129748744611941,0.3333333333333333,0.5072566666666666,0.39425,0.9954922285778672,D:18:;D:19:;D:20:;D:21:;D:22:;D:23:,D:18:;D:22:
catalase_ps,pi_carbon,62,3,alternative interface,A:169:,ARG,169,A,7,5,11.78971862674774,0.7142857142857143,0.16877142857142857,0.37223,0.9871983260281957,A:165:;A:167:;A:168:;A:169:;A:174:;A:176:;A:177:,A:165:;A:168:;A:169:;A:174:;A:176:
catalase_ps,pi_carbon,63,3,alternative interface,C:21:,GLN,21,C,6,2,9.386721637942882,0.3333333333333333,0.4854616666666667,0.34558999999999995,0.9956533707322595,C:18:;C:19:;C:20:;C:21:;C:22:;C:23:,C:18:;C:22:
catalase_ps,pi_carbon,64,3,alternative interface,B:482:,SER,482,B,9,2,12.063689904639686,0.2222222222222222,0.47953111111111113,0.33921999999999997,0.9967439240583325,B:478:;B:479:;B:480:;B:482:;B:483:;B:485:;B:486:;B:487:;B:490:,B:479:;B:485:
catalase_ps,pi_carbon,65,3,alternative interface,C:464:,GLY,464,C,6,3,12.256175157802813,0.5,0.344215,0.32597000000000004,0.9954379751856124,C:460:;C:461:;C:464:;C:465:;C:467:;C:499:,C:465:;C:467:;C:499:
catalase_ps,pi_carbon,66,3,alternative interface,B:255:,GLU,255,B,7,2,9.105635942990366,0.2857142857142857,0.3433342857142857,0.32128,0.9973363969680094,B:251:;B:252:;B:253:;B:254:;B:255:;B:256:;B:257:,B:251:;B:254:
catalase_ps,pi_carbon,67,3,alternative interface,D:303:,PRO,303,D,7,2,12.087863411272448,0.2857142857142857,0.5661728571428571,0.303,0.9972599809582735,D:301:;D:303:;D:304:;D:305:;D:306:;D:307:;D:308:,D:304:;D:307:
catalase_ps,pi_carbon,68,3,alternative interface,A:45:,PRO,45,A,4,2,10.283002228899218,0.5,0.40170249999999996,0.26608,0.993459297819074,A:45:;A:46:;D:426:;D:431:,A:46:;D:431:
catalase_ps,pi_carbon,69,3,alternative interface,B:45:,PRO,45,B,4,2,10.367773356421893,0.5,0.4577825,0.26233,0.9936068503183205,B:45:;B:46:;C:426:;C:431:,B:46:;C:431:
catalase_ps,pi_carbon,70,3,alternative interface,B:212:,ASP,212,B,7,4,14.373407189807997,0.5714285714285714,0.20671285714285714,0.2147,0.9902070925670727,B:148:;B:210:;B:212:;B:214:;B:234:;B:236:;B:241:,B:210:;B:214:;B:234:;B:236:
catalase_ps,pi_carbon,71,3,alternative interface,C:138:,GLU,138,C,5,3,14.344896558013057,0.6,0.348074,0.13824,0.989920649087362,C:138:;C:139:;C:379:;C:381:;C:97:,C:379:;C:381:;C:97:
catalase_ps,pi_carbon,72,3,alternative interface,A:157:,ALA,157,A,6,4,11.982521636558998,0.6666666666666666,0.125965,0.10335000000000001,0.989481946169874,A:155:;A:157:;A:160:;A:348:;A:349:;A:353:,A:155:;A:160:;A:348:;A:353:
catalase_ps,pi_carbon,73,3,alternative interface,C:152:,PHE,152,C,4,3,12.735522995267658,0.75,0.1332575,0.0771,0.9890720629475652,C:150:;C:152:;C:155:;C:193:,C:152:;C:155:;C:193:
catalase_ps,pi_carbon,74,3,alternative interface,C:346:,PRO,346,C,5,3,12.8166286410839,0.6,0.17456,0.06236,0.9910992985708115,B:46:;C:296:;C:344:;C:346:;C:348:,B:46:;C:296:;C:348:
catalase_ps,pi_carbon,75,4,alternative interface,B:422:,THR,422,B,8,4,12.849596105080604,0.5,0.30898749999999997,0.48549,0.9939213596838322,A:427:;A:428:;A:429:;B:420:;B:421:;B:422:;B:423:;B:424:,B:420:;B:421:;B:423:;B:424:
catalase_ps,pi_carbon,76,4,alternative interface,C:318:,ASN,318,C,7,3,13.494203790519673,0.42857142857142855,0.3430028571428571,0.4788,0.994345568666915,C:271:;C:273:;C:316:;C:318:;C:319:;C:320:;C:81:,C:273:;C:319:;C:81:
catalase_ps,pi_carbon,77,4,alternative interface,A:91:,THR,91,A,8,4,13.81460284678486,0.5,0.4161475,0.4704,0.9927604046109397,A:100:;A:101:;A:223:;A:89:;A:91:;A:92:;A:93:;A:95:,A:101:;A:92:;A:93:;A:95:
catalase_ps,pi_carbon,78,4,alternative interface,D:428:,VAL,428,D,9,3,12.779283558708878,0.3333333333333333,0.30208999999999997,0.44236,0.9949000139986864,A:41:;C:421:;C:422:;C:423:;C:424:;D:426:;D:427:;D:428:;D:429:,C:421:;C:423:;C:424:
catalase_ps,pi_carbon,79,4,alternative interface,D:482:,SER,482,D,9,2,11.56203078976738,0.2222222222222222,0.4340711111111111,0.37162999999999996,0.9965601600853007,D:478:;D:479:;D:480:;D:482:;D:483:;D:485:;D:486:;D:487:;D:490:,D:479:;D:485:
catalase_ps,pi_carbon,80,4,alternative interface,A:482:,SER,482,A,9,2,11.744502059489125,0.2222222222222222,0.4465322222222222,0.37126,0.9966189293355242,A:478:;A:479:;A:480:;A:482:;A:483:;A:485:;A:486:;A:487:;A:490:,A:479:;A:485:
catalase_ps,pi_carbon,81,4,alternative interface,A:464:,GLY,464,A,6,2,13.06982304852377,0.3333333333333333,0.415345,0.34238,0.9943313175490358,A:460:;A:461:;A:464:;A:465:;A:467:;A:468:,A:465:;A:467:
catalase_ps,pi_carbon,82,4,alternative interface,B:464:,GLY,464,B,7,3,13.475782297408207,0.42857142857142855,0.3528985714285714,0.33427999999999997,0.9943084490586928,B:460:;B:461:;B:464:;B:465:;B:467:;B:468:;B:499:,B:465:;B:467:;B:499:
catalase_ps,pi_carbon,83,4,alternative interface,C:482:,SER,482,C,9,2,11.639950698345913,0.2222222222222222,0.43805,0.33398000000000005,0.9967129453441896,C:478:;C:479:;C:480:;C:482:;C:483:;C:485:;C:486:;C:487:;C:490:,C:479:;C:485:
catalase_ps,pi_carbon,84,4,alternative interface,C:200:,SER,200,C,10,4,13.260577896245152,0.4,0.26044100000000003,0.32097000000000003,0.9955415913790937,C:197:;C:198:;C:200:;C:201:;C:202:;C:203:;C:454:;C:455:;C:457:;C:461:,C:197:;C:202:;C:455:;C:457:
catalase_ps,pi_carbon,85,4,alternative interface,D:468:,ASP,468,D,6,2,13.185756171181517,0.3333333333333333,0.31684833333333334,0.3166,0.9945000651175939,D:178:;D:464:;D:465:;D:467:;D:468:;D:470:,D:465:;D:467:
catalase_ps,pi_carbon,86,4,alternative interface,B:360:,THR,360,B,7,4,10.828279428039849,0.5714285714285714,0.16091428571428573,0.30337,0.9851635052443158,B:356:;B:357:;B:358:;B:360:;B:361:;B:362:;B:363:,B:357:;B:361:;B:362:;B:363:
catalase_ps,pi_carbon,87,4,alternative interface,B:308:,PRO,308,B,9,2,13.614367429721788,0.2222222222222222,0.4626644444444445,0.29849,0.9946351629786553,B:282:;B:303:;B:304:;B:305:;B:306:;B:307:;B:308:;B:309:;B:310:,B:304:;B:307:
catalase_ps,pi_carbon,88,4,alternative interface,A:251:,ARG,251,A,9,3,12.421068621477326,0.3333333333333333,0.4189355555555555,0.29755,0.9944919104180129,A:247:;A:248:;A:250:;A:251:;A:252:;A:253:;A:254:;A:255:;D:254:,A:251:;A:254:;D:254:
catalase_ps,pi_carbon,89,4,alternative interface,D:200:,SER,200,D,9,4,12.457220208928954,0.4444444444444444,0.22614555555555554,0.27323000000000003,0.9953899018005709,D:197:;D:198:;D:199:;D:200:;D:201:;D:202:;D:454:;D:457:;D:461:,D:197:;D:199:;D:202:;D:457:
catalase_ps,pi_carbon,90,4,alternative interface,A:360:,THR,360,A,7,4,10.832815768410468,0.5714285714285714,0.1463657142857143,0.26447,0.9854168635903496,A:356:;A:357:;A:358:;A:360:;A:361:;A:362:;A:363:,A:357:;A:361:;A:362:;A:363:
catalase_ps,pi_carbon,91,4,alternative interface,A:303:,PRO,303,A,7,2,11.799993774357048,0.2857142857142857,0.5454714285714285,0.26346,0.9972438032974714,A:301:;A:303:;A:304:;A:305:;A:306:;A:307:;A:308:,A:304:;A:307:
catalase_ps,pi_carbon,92,4,alternative interface,D:360:,THR,360,D,8,5,11.944429891361818,0.625,0.13696375,0.25531,0.9760035495707117,D:356:;D:357:;D:358:;D:360:;D:361:;D:362:;D:363:;D:364:,D:357:;D:361:;D:362:;D:363:;D:364:
catalase_ps,pi_carbon,93,4,alternative interface,D:97:,LYS,97,D,5,2,12.860796827483599,0.4,0.3395,0.18896000000000002,0.9945207331575479,D:100:;D:138:;D:139:;D:95:;D:97:,D:95:;D:97:
catalase_ps,pi_carbon,94,4,alternative interface,B:470:,GLN,470,B,6,2,11.414888936023601,0.3333333333333333,0.36646333333333336,0.17389,0.9946074274153957,B:467:;B:468:;B:470:;B:471:;B:472:;B:474:,B:467:;B:472:
catalase_ps,pi_carbon,95,4,alternative interface,A:309:,LEU,309,A,9,4,13.338919595318389,0.4444444444444444,0.2891722222222222,0.16777999999999998,0.9939423523731524,A:234:;A:279:;A:282:;A:304:;A:307:;A:308:;A:309:;A:310:;A:311:,A:234:;A:279:;A:304:;A:307:
catalase_ps,pi_carbon,96,4,alternative interface,D:224:,ALA,224,D,7,1,9.809636264704116,0.14285714285714285,0.5651357142857143,0.15247,0.9967303262843105,D:222:;D:223:;D:224:;D:225:;D:226:;D:227:;D:95:,D:95:
catalase_ps,pi_carbon,97,4,alternative interface,C:294:,ASN,294,C,6,3,13.342351588491159,0.5,0.27075999999999995,0.15092,0.9940475692753357,B:46:;C:292:;C:293:;C:294:;C:296:;C:436:,B:46:;C:293:;C:296:
catalase_ps,pi_carbon,98,4,alternative interface,C:309:,LEU,309,C,8,4,12.916896941798477,0.5,0.32617875,0.14172,0.995012882643433,C:234:;C:279:;C:304:;C:307:;C:308:;C:309:;C:310:;C:311:,C:234:;C:279:;C:304:;C:307:
catalase_ps,pi_carbon,99,4,alternative interface,D:293:,PHE,293,D,5,2,13.203217351945863,0.4,0.31273399999999996,0.1378,0.9958311234922689,D:291:;D:292:;D:293:;D:294:;D:436:,D:291:;D:293:
catalase_ps,pi_carbon,100,4,alternative interface,B:160:,PHE,160,B,2,1,5.2612910855805195,0.5,0.133,0.09513999999999999,0.9951349963759317,B:157:;B:160:,B:160:
catalase_ps,pi_carbon,101,4,alternative interface,A:9:,ASP,9,A,8,3,11.865988739445761,0.375,0.36060875000000003,0.08828,0.9931890269389383,A:12:;A:13:;A:3:;A:4:;A:5:;A:6:;A:8:;A:9:,A:12:;A:13:;A:4:
catalase_ps,pi_carbon,102,4,alternative interface,C:425:,SER,425,C,8,3,13.210854810771192,0.375,0.40242374999999997,0.08694,0.9930089175539529,C:423:;C:424:;C:425:;C:426:;C:427:;D:424:;D:425:;D:426:,C:423:;C:424:;D:424:
catalase_ps,pi_carbon,103,4,alternative interface,A:152:,PHE,152,A,5,3,13.263507494379766,0.6,0.135878,0.06562,0.9873069135250472,A:150:;A:152:;A:155:;A:193:;A:216:,A:152:;A:155:;A:193:
catalase_ps,pi_carbon,104,4,alternative interface,B:240:,GLY,240,B,6,2,11.233455157214928,0.3333333333333333,0.37395,0.06263,0.9958221167512717,B:210:;B:238:;B:239:;B:240:;B:241:;B:242:,B:210:;B:242:
catalase_ps,pi_carbon,105,5,alternative interface,A:210:,HIS,210,A,11,4,12.02239682676117,0.36363636363636365,0.26654363636363637,0.47641,0.9937246340454273,A:206:;A:207:;A:208:;A:209:;A:210:;A:212:;A:239:;A:240:;A:241:;A:242:;A:243:,A:208:;A:209:;A:210:;A:242:
catalase_ps,pi_carbon,106,5,alternative interface,D:318:,ASN,318,D,9,4,14.585442215089637,0.4444444444444444,0.2689977777777778,0.45144,0.9918149405957921,D:271:;D:273:;D:316:;D:318:;D:319:;D:320:;D:81:;D:82:;D:83:,D:273:;D:319:;D:81:;D:83:
catalase_ps,pi_carbon,107,5,alternative interface,C:254:,HIS,254,C,13,4,14.034252603332908,0.3076923076923077,0.3250015384615385,0.44647,0.9912424891608318,B:250:;B:251:;B:253:;B:254:;C:122:;C:250:;C:251:;C:252:;C:253:;C:254:;C:255:;C:256:;C:257:,B:251:;B:254:;C:251:;C:254:
catalase_ps,pi_carbon,108,5,alternative interface,B:318:,ASN,318,B,8,3,13.333489810883373,0.375,0.30582125,0.44494999999999996,0.9934471530070141,B:271:;B:273:;B:316:;B:318:;B:319:;B:320:;B:81:;B:82:,B:273:;B:319:;B:81:
catalase_ps,pi_carbon,109,5,alternative interface,A:318:,ASN,318,A,7,3,13.27242000220863,0.42857142857142855,0.31170285714285717,0.44303,0.9941750172141666,A:271:;A:273:;A:316:;A:318:;A:319:;A:320:;A:81:,A:273:;A:319:;A:81:
catalase_ps,pi_carbon,110,5,alternative interface,B:277:,THR,277,B,8,4,13.80186037406329,0.5,0.29465375,0.43775,0.9900219695491693,B:234:;B:236:;B:238:;B:275:;B:277:;B:279:;B:311:;B:314:,B:234:;B:236:;B:279:;B:314:
catalase_ps,pi_carbon,111,5,alternative interface,A:277:,THR,277,A,8,4,13.89863361226135,0.5,0.30478,0.41281,0.990446057094016,A:234:;A:236:;A:238:;A:275:;A:277:;A:279:;A:311:;A:314:,A:234:;A:236:;A:279:;A:314:
catalase_ps,pi_carbon,112,5,alternative interface,C:277:,THR,277,C,8,4,14.212537977076257,0.5,0.31893625000000003,0.38466,0.9901189721074987,C:234:;C:236:;C:238:;C:275:;C:277:;C:279:;C:311:;C:314:,C:234:;C:236:;C:279:;C:314:
catalase_ps,pi_carbon,113,5,alternative interface,A:422:,THR,422,A,8,4,13.032384100012873,0.5,0.2750725,0.37844,0.9935668755759204,A:420:;A:421:;A:422:;A:423:;A:424:;B:427:;B:428:;B:429:,A:420:;A:421:;A:423:;A:424:
catalase_ps,pi_carbon,114,5,alternative interface,D:376:,CYS,376,D,5,1,10.263352616882745,0.2,0.35418400000000005,0.2707,0.9902066370319017,D:370:;D:371:;D:373:;D:376:;D:378:,D:378:
catalase_ps,pi_carbon,115,5,alternative interface,C:357:,TYR,357,C,9,5,12.689205144453345,0.5555555555555556,0.14325333333333334,0.26448,0.978675851512451,C:333:;C:336:;C:353:;C:355:;C:356:;C:357:;C:358:;C:360:;C:361:,C:333:;C:353:;C:355:;C:357:;C:361:
catalase_ps,pi_carbon,116,5,alternative interface,C:420:,HIS,420,C,7,2,12.441478882661457,0.2857142857142857,0.33189857142857143,0.25925,0.992346758158687,C:222:;C:226:;C:418:;C:419:;C:420:;C:421:;C:422:,C:420:;C:421:
catalase_ps,pi_carbon,117,5,alternative interface,C:45:,PRO,45,C,7,2,14.457999061982429,0.2857142857142857,0.3767128571428571,0.25482,0.9909077445675394,B:426:;B:429:;B:431:;B:432:;C:44:;C:45:;C:46:,B:431:;C:46:
catalase_ps,pi_carbon,118,5,alternative interface,D:412:,GLU,412,D,8,1,14.416085222170192,0.125,0.38127625,0.25178,0.9897621329222573,B:23:;B:24:;B:25:;D:409:;D:411:;D:412:;D:413:;D:414:,D:413:
catalase_ps,pi_carbon,119,5,alternative interface,B:87:,THR,87,B,8,2,13.7589833629182,0.25,0.44641375,0.23339,0.9932511244313181,B:102:;B:103:;B:311:;B:314:;B:85:;B:87:;B:88:;B:89:,B:314:;B:88:
catalase_ps,pi_carbon,120,5,alternative interface,A:256:,ASP,256,A,9,2,9.85368082503443,0.2222222222222222,0.23901111111111106,0.22829,0.9948251952809367,A:122:;A:252:;A:253:;A:254:;A:255:;A:256:;A:257:;A:258:;A:259:,A:254:;A:259:
catalase_ps,pi_carbon,121,5,alternative interface,D:439:,VAL,439,D,9,2,12.058952746783163,0.2222222222222222,0.2717333333333333,0.21516,0.9954051128579975,D:192:;D:193:;D:437:;D:438:;D:439:;D:440:;D:441:;D:443:;D:483:,D:193:;D:443:
catalase_ps,pi_carbon,122,5,alternative interface,C:87:,THR,87,C,8,2,13.557434990557617,0.25,0.45023375,0.21178,0.993307255264794,C:102:;C:103:;C:311:;C:314:;C:85:;C:87:;C:88:;C:89:,C:314:;C:88:
catalase_ps,pi_carbon,123,5,alternative interface,C:470:,GLN,470,C,5,1,11.620860049227417,0.2,0.426346,0.20998,0.995419079396779,C:468:;C:470:;C:471:;C:472:;C:474:,C:472:
catalase_ps,pi_carbon,124,5,alternative interface,C:439:,VAL,439,C,9,2,12.31241356373603,0.2222222222222222,0.2933433333333333,0.20992,0.9953304827285668,C:192:;C:193:;C:437:;C:438:;C:439:;C:440:;C:441:;C:443:;C:483:,C:193:;C:443:
catalase_ps,pi_carbon,125,5,alternative interface,A:97:,LYS,97,A,6,2,12.472881812846648,0.3333333333333333,0.31819,0.20976,0.9930336508544542,A:100:;A:138:;A:139:;A:340:;A:95:;A:97:,A:95:;A:97:
catalase_ps,pi_carbon,126,5,alternative interface,C:248:,ASP,248,C,8,1,10.861735698634796,0.125,0.46430125000000005,0.20581,0.9945531984421057,C:244:;C:245:;C:246:;C:247:;C:248:;C:250:;C:251:;C:252:,C:251:
catalase_ps,pi_carbon,127,5,alternative interface,A:272:,ASN,272,A,5,1,8.361037605288265,0.2,0.45736399999999994,0.19678,0.9965317201763995,A:269:;A:270:;A:271:;A:272:;A:273:,A:273:
catalase_ps,pi_carbon,128,5,alternative interface,D:272:,ASN,272,D,5,1,8.161035412733447,0.2,0.438148,0.19294,0.9965510698027371,D:269:;D:270:;D:271:;D:272:;D:273:,D:273:
catalase_ps,pi_carbon,129,5,alternative interface,B:272:,ASN,272,B,5,1,8.130075084946899,0.2,0.482602,0.18835000000000002,0.9965485326115423,B:269:;B:270:;B:271:;B:272:;B:273:,B:273:
catalase_ps,pi_carbon,130,5,alternative interface,A:470:,GLN,470,A,4,1,11.18807687839869,0.25,0.47129000000000004,0.18701,0.995770460354402,A:468:;A:470:;A:471:;A:472:,A:472:
catalase_ps,pi_carbon,131,5,alternative interface,C:272:,ASN,272,C,5,1,7.929782625516591,0.2,0.486202,0.18333,0.9967278465509438,C:269:;C:270:;C:271:;C:272:;C:273:,C:273:
catalase_ps,pi_carbon,132,5,alternative interface,B:288:,ALA,288,B,8,1,13.739771741672067,0.125,0.5318875,0.1542,0.9954491173574718,B:284:;B:285:;B:286:;B:287:;B:288:;B:289:;B:290:;B:294:,B:285:
catalase_ps,pi_carbon,133,5,alternative interface,C:284:,THR,284,C,8,2,11.641009095961865,0.25,0.32189875,0.14901,0.9961222477212669,C:229:;C:230:;C:282:;C:284:;C:285:;C:286:;C:287:;C:288:,C:230:;C:285:
catalase_ps,pi_carbon,134,5,alternative interface,D:309:,LEU,309,D,8,3,13.31322819738263,0.375,0.32819375,0.14648999999999998,0.9939332118381559,D:279:;D:282:;D:304:;D:307:;D:308:;D:309:;D:310:;D:311:,D:279:;D:304:;D:307:
catalase_ps,pi_carbon,135,5,alternative interface,A:288:,ALA,288,A,8,2,13.666489139175972,0.25,0.48060250000000004,0.13452,0.9965547885305401,A:230:;A:284:;A:285:;A:286:;A:287:;A:288:;A:289:;A:290:,A:230:;A:285:
catalase_ps,pi_carbon,136,5,alternative interface,C:491:,ARG,491,C,6,1,11.833805811023435,0.16666666666666666,0.46927333333333343,0.13285,0.9968131921703596,C:487:;C:490:;C:491:;C:493:;C:494:;C:495:,C:491:
catalase_ps,pi_carbon,137,5,alternative interface,C:83:,TYR,83,C,6,3,13.401615835871624,0.5,0.2920933333333333,0.12996,0.9928002293190649,C:105:;C:107:;C:316:;C:81:;C:83:;C:85:,C:105:;C:81:;C:83:
catalase_ps,pi_carbon,138,5,alternative interface,C:224:,ALA,224,C,8,2,10.348547942256902,0.25,0.50090625,0.12058999999999999,0.9959274918100506,C:222:;C:223:;C:224:;C:225:;C:226:;C:227:;C:92:;C:95:,C:92:;C:95:
catalase_ps,pi_carbon,139,5,alternative interface,A:224:,ALA,224,A,8,2,10.456487682209815,0.25,0.49335874999999996,0.11326,0.9960866448399918,A:222:;A:223:;A:224:;A:225:;A:226:;A:227:;A:92:;A:95:,A:92:;A:95:
catalase_ps,pi_carbon,140,5,alternative interface,A:199:,PHE,199,A,8,4,11.640887996069772,0.5,0.19344625,0.10335000000000001,0.9943162009862896,A:126:;A:197:;A:198:;A:199:;A:200:;A:201:;A:202:;A:461:,A:126:;A:197:;A:199:;A:202:
catalase_ps,pi_carbon,141,5,alternative interface,B:293:,PHE,293,B,4,1,10.766511900576702,0.25,0.3453425,0.09351000000000001,0.9967132383809548,B:292:;B:293:;B:294:;B:436:,B:293:
catalase_ps,pi_carbon,142,5,alternative interface,B:126:,ARG,126,B,7,2,10.763481630069565,0.2857142857142857,0.19043428571428572,0.07839,0.9946923975678705,B:125:;B:126:;B:127:;B:128:;B:198:;B:199:;B:203:,B:126:;B:199:
catalase_ps,pi_carbon,143,5,alternative interface,C:451:,ASN,451,C,9,2,12.556484465778663,0.2222222222222222,0.5145155555555556,0.07669,0.9957728168065884,C:447:;C:448:;C:449:;C:450:;C:451:;C:452:;C:453:;C:454:;C:455:,C:448:;C:455:
catalase_ps,pi_carbon,144,5,alternative interface,D:404:,TYR,404,D,3,1,9.18106943775849,0.3333333333333333,0.14298999999999998,0.04796,0.9953991536536939,D:402:;D:404:;D:405:,D:404:
catalase_ps,pi_carbon,145,6,alternative interface,B:243:,ASN,243,B,10,3,14.252737696975222,0.3,0.29577400000000004,0.43363,0.9911954859648507,B:201:;B:202:;B:203:;B:206:;B:210:;B:241:;B:242:;B:243:;B:244:;B:245:,B:202:;B:210:;B:242:
catalase_ps,pi_carbon,146,6,alternative interface,D:253:,ALA,253,D,12,3,12.721440933165495,0.25,0.2949791666666667,0.42239,0.9923819225773906,A:254:;D:122:;D:123:;D:125:;D:250:;D:251:;D:252:;D:253:;D:254:;D:255:;D:256:;D:257:,A:254:;D:251:;D:254:
catalase_ps,pi_carbon,147,6,alternative interface,C:210:,HIS,210,C,11,4,11.955096008466983,0.36363636363636365,0.24179454545454543,0.40561,0.9938163958540277,C:206:;C:207:;C:208:;C:209:;C:210:;C:212:;C:239:;C:240:;C:241:;C:242:;C:243:,C:208:;C:209:;C:210:;C:242:
catalase_ps,pi_carbon,148,6,alternative interface,D:210:,HIS,210,D,12,4,14.468834113479785,0.3333333333333333,0.2566191666666666,0.39499,0.9928420302971195,D:206:;D:207:;D:208:;D:209:;D:210:;D:212:;D:238:;D:239:;D:240:;D:241:;D:242:;D:243:,D:208:;D:209:;D:210:;D:242:
catalase_ps,pi_carbon,149,6,alternative interface,D:277:,THR,277,D,8,4,13.897018963156542,0.5,0.28664999999999996,0.36324,0.9901223621251037,D:234:;D:236:;D:238:;D:275:;D:277:;D:279:;D:311:;D:314:,D:234:;D:236:;D:279:;D:314:
catalase_ps,pi_carbon,150,6,alternative interface,D:262:,ARG,262,D,8,3,12.315112501881536,0.375,0.182525,0.34548,0.9924932369787648,D:258:;D:259:;D:260:;D:261:;D:262:;D:263:;D:265:;D:266:,D:259:;D:262:;D:265:
catalase_ps,pi_carbon,151,6,alternative interface,A:262:,ARG,262,A,8,3,12.127297573389338,0.375,0.17137375,0.34352,0.9925747156122072,A:258:;A:259:;A:260:;A:261:;A:262:;A:263:;A:265:;A:266:,A:259:;A:262:;A:265:
catalase_ps,pi_carbon,152,6,alternative interface,B:262:,ARG,262,B,7,3,12.643567137202213,0.42857142857142855,0.20189857142857145,0.33548,0.991011157062327,B:258:;B:259:;B:260:;B:262:;B:263:;B:265:;B:266:,B:259:;B:262:;B:265:
catalase_ps,pi_carbon,153,6,alternative interface,A:426:,GLY,426,A,10,3,12.817073491382004,0.3,0.29889099999999996,0.30956,0.9931455611550487,A:424:;A:425:;A:426:;A:427:;A:428:;B:423:;B:424:;B:425:;D:44:;D:45:,A:424:;B:423:;B:424:
catalase_ps,pi_carbon,154,6,alternative interface,A:204:,ILE,204,A,11,2,13.324232392507117,0.18181818181818182,0.2851600000000001,0.23888,0.9931886971676078,A:125:;A:126:;A:127:;A:201:;A:202:;A:204:;A:206:;A:243:;A:244:;A:245:;A:246:,A:126:;A:202:
catalase_ps,pi_carbon,155,6,alternative interface,A:439:,VAL,439,A,9,2,12.029506956069072,0.2222222222222222,0.27925333333333335,0.20678000000000002,0.9951283832587193,A:192:;A:193:;A:437:;A:438:;A:439:;A:440:;A:441:;A:443:;A:483:,A:193:;A:443:
catalase_ps,pi_carbon,156,6,alternative interface,B:97:,LYS,97,B,6,2,12.362792721715572,0.3333333333333333,0.26725166666666667,0.20628,0.9930476385802988,B:100:;B:138:;B:139:;B:340:;B:95:;B:97:,B:95:;B:97:
catalase_ps,pi_carbon,157,6,alternative interface,A:229:,VAL,229,A,9,4,12.950011917958706,0.4444444444444444,0.2318411111111111,0.1981,0.9934813150925372,A:220:;A:222:;A:227:;A:229:;A:230:;A:282:;A:284:;A:285:;A:93:,A:220:;A:230:;A:285:;A:93:
catalase_ps,pi_carbon,158,6,alternative interface,B:439:,VAL,439,B,10,2,12.668243002931222,0.2,0.250525,0.19432,0.9954286881010787,B:190:;B:192:;B:193:;B:437:;B:438:;B:439:;B:440:;B:441:;B:443:;B:483:,B:193:;B:443:
catalase_ps,pi_carbon,159,6,alternative interface,D:46:,ARG,46,D,6,3,12.734314000798259,0.5,0.24814,0.18230000000000002,0.9923010645781711,A:294:;A:296:;A:348:;D:44:;D:45:;D:46:,A:296:;A:348:;D:46:
catalase_ps,pi_carbon,160,6,alternative interface,B:248:,ASP,248,B,9,1,11.57014386706715,0.1111111111111111,0.43579,0.18071,0.9948699882096775,B:244:;B:245:;B:246:;B:247:;B:248:;B:250:;B:251:;B:252:;B:253:,B:251:
catalase_ps,pi_carbon,161,6,alternative interface,D:288:,ALA,288,D,9,2,13.592190777164419,0.2222222222222222,0.45944777777777784,0.16733,0.9955122510423939,D:284:;D:285:;D:286:;D:287:;D:288:;D:289:;D:290:;D:291:;D:294:,D:285:;D:291:
catalase_ps,pi_carbon,162,6,alternative interface,B:9:,ASP,9,B,7,3,11.610638957134656,0.42857142857142855,0.2817657142857143,0.15075,0.9930128057599485,B:12:;B:13:;B:4:;B:5:;B:6:;B:8:;B:9:,B:12:;B:13:;B:4:
catalase_ps,pi_carbon,163,6,alternative interface,B:83:,TYR,83,B,7,3,13.620202685992938,0.42857142857142855,0.27052857142857145,0.12050000000000001,0.9930268725790162,B:105:;B:107:;B:316:;B:81:;B:82:;B:83:;B:85:,B:105:;B:81:;B:83:
catalase_ps,pi_carbon,164,6,alternative interface,B:172:,GLN,172,B,4,1,12.326607893700588,0.25,0.3288575,0.11405,0.9813407909755298,A:398:;B:172:;B:174:;C:322:,B:174:
catalase_ps,pi_carbon,165,6,alternative interface,D:9:,ASP,9,D,7,3,11.768243027353385,0.42857142857142855,0.28189000000000003,0.1127,0.9928867447731383,D:12:;D:13:;D:4:;D:5:;D:6:;D:8:;D:9:,D:12:;D:13:;D:4:
catalase_ps,pi_carbon,166,6,alternative interface,A:491:,ARG,491,A,6,1,12.233359302975401,0.16666666666666666,0.4285733333333333,0.10096999999999999,0.9967064689611859,A:487:;A:490:;A:491:;A:493:;A:494:;A:495:,A:491:
catalase_ps,pi_carbon,167,6,alternative interface,B:224:,ALA,224,B,7,1,9.92691144655841,0.14285714285714285,0.4806671428571429,0.09971999999999999,0.9966544798729762,B:222:;B:223:;B:224:;B:225:;B:226:;B:227:;B:95:,B:95:
catalase_ps,pi_carbon,168,6,alternative interface,B:451:,ASN,451,B,9,2,12.04482807635195,0.2222222222222222,0.4845088888888889,0.08109999999999999,0.9959318505302783,B:447:;B:448:;B:449:;B:450:;B:451:;B:452:;B:453:;B:454:;B:455:,B:448:;B:455:
catalase_ps,pi_carbon,169,6,alternative interface,D:327:,GLU,327,D,7,2,12.89691032045802,0.2857142857142857,0.3457842857142857,0.08061,0.9678390125847033,B:395:;D:322:;D:324:;D:325:;D:327:;D:329:;D:373:,D:324:;D:325:
catalase_ps,pi_carbon,170,6,alternative interface,B:419:,GLU,419,B,7,2,14.964813487363134,0.2857142857142857,0.3033571428571428,0.07433,0.9885870375417221,A:429:;B:340:;B:343:;B:418:;B:419:;B:420:;B:421:,B:420:;B:421:
catalase_ps,pi_carbon,171,6,alternative interface,C:405:,PRO,405,C,4,1,9.383036251364208,0.25,0.19366750000000002,0.055940000000000004,0.9954721756094987,C:404:;C:405:;C:407:;D:187:,C:404:
catalase_ps,pi_carbon,172,6,alternative interface,C:187:,LEU,187,C,5,2,13.915048543891478,0.4,0.241694,0.05532,0.9938224434001944,C:187:;C:188:;C:189:;C:476:;D:405:,C:188:;C:476:
catalase_ps,pi_carbon,173,6,alternative interface,B:187:,LEU,187,B,5,2,13.876475308602057,0.4,0.24413200000000002,0.05398,0.9940474806894488,A:405:;B:187:;B:188:;B:189:;B:476:,B:188:;B:476:
catalase_ps,pi_carbon,174,6,alternative interface,A:404:,TYR,404,A,3,1,9.219237493446661,0.3333333333333333,0.13703666666666667,0.04208,0.9950649649408881,A:402:;A:404:;A:405:,A:404:
catalase_ps,pi_carbon,175,6,alternative interface,B:405:,PRO,405,B,4,1,9.407173004300414,0.25,0.1429475,0.03312,0.9954865009343565,A:187:;B:404:;B:405:;B:407:,B:404:
catalase_ps,pi_carbon,176,6,alternative interface,D:300:,LYS,300,D,5,2,12.50164563151078,0.4,0.18557,0.025670000000000002,0.9940911053055582,D:150:;D:193:;D:300:;D:301:;D:441:,D:193:;D:300:
catalase_ps,pi_carbon,177,6,alternative interface,B:36:,ASP,36,B,8,2,13.511405617974534,0.25,0.317285,0.0248,0.9880585110157346,B:36:;B:37:;B:38:;B:39:;D:413:;D:414:;D:415:;D:418:,B:37:;D:413:
catalase_ps,pi_carbon,178,7,alternative interface,A:382:,VAL,382,A,7,1,9.942022471728178,0.14285714285714285,0.23016714285714285,0.34905,0.9888369006918654,A:381:;A:382:;A:383:;A:384:;C:27:;C:28:;C:29:,A:381:
catalase_ps,pi_carbon,179,7,alternative interface,C:262:,ARG,262,C,8,3,12.442502409406073,0.375,0.17623,0.33848999999999996,0.9924132236472821,C:258:;C:259:;C:260:;C:261:;C:262:;C:263:;C:265:;C:266:,C:259:;C:262:;C:265:
catalase_ps,pi_carbon,180,7,alternative interface,D:382:,VAL,382,D,6,1,9.737383659693412,0.16666666666666666,0.2563516666666667,0.33262,0.9873243665627621,B:28:;B:29:;D:381:;D:382:;D:383:;D:384:,D:381:
catalase_ps,pi_carbon,181,7,alternative interface,D:419:,GLU,419,D,8,2,15.237471852315272,0.25,0.28310124999999997,0.33136000000000004,0.987378916464929,C:429:;D:340:;D:343:;D:417:;D:418:;D:419:;D:420:;D:421:,D:420:;D:421:
catalase_ps,pi_carbon,182,7,alternative interface,B:353:,ARG,353,B,7,3,14.909839820365889,0.42857142857142855,0.14606142857142856,0.28432999999999997,0.9824189228080206,B:157:;B:336:;B:349:;B:353:;B:355:;B:356:;B:357:,B:353:;B:355:;B:357:
catalase_ps,pi_carbon,183,7,alternative interface,C:204:,ILE,204,C,13,2,15.272981580369853,0.15384615384615385,0.26416153846153845,0.27445,0.9926602504867125,C:125:;C:126:;C:127:;C:128:;C:201:;C:202:;C:203:;C:204:;C:206:;C:243:;C:244:;C:245:;C:246:,C:126:;C:202:
catalase_ps,pi_carbon,184,7,alternative interface,D:204:,ILE,204,D,11,2,15.34938653245761,0.18181818181818182,0.2468881818181818,0.25205,0.9927857922138312,D:125:;D:126:;D:127:;D:128:;D:201:;D:202:;D:204:;D:206:;D:243:;D:244:;D:245:,D:126:;D:202:
catalase_ps,pi_carbon,185,7,alternative interface,A:355:,PHE,355,A,9,3,12.864105073988554,0.3333333333333333,0.17730444444444446,0.2202,0.9734458300314931,A:336:;A:353:;A:355:;A:356:;A:357:;A:358:;C:51:;C:54:;C:57:,A:353:;A:355:;A:357:
catalase_ps,pi_carbon,186,7,alternative interface,B:65:,ARG,65,B,10,4,14.066203292328161,0.4,0.156287,0.16753,0.8933466519071015,B:62:;B:65:;B:66:;B:67:;C:360:;C:363:;C:72:;D:367:;D:388:;D:390:,B:62:;B:65:;B:67:;C:363:
catalase_ps,pi_carbon,187,7,alternative interface,A:25:,VAL,25,A,11,2,13.49664051949544,0.18181818181818182,0.3072000000000001,0.16678,0.9883823119539216,A:23:;A:24:;A:25:;A:33:;C:381:;C:383:;C:384:;C:411:;C:412:;C:413:;C:414:,C:381:;C:413:
catalase_ps,pi_carbon,188,7,alternative interface,B:209:,ARG,209,B,7,3,14.995678775329466,0.42857142857142855,0.1461657142857143,0.16394999999999998,0.9924392784135705,B:206:;B:207:;B:208:;B:209:;B:210:;B:239:;B:275:,B:208:;B:209:;B:210:
catalase_ps,pi_carbon,189,7,alternative interface,C:172:,GLN,172,C,6,3,11.949344991877908,0.5,0.22351333333333331,0.16018999999999997,0.9868561735821917,B:322:;B:324:;B:325:;C:172:;C:174:;D:398:,B:324:;B:325:;C:174:
catalase_ps,pi_carbon,190,7,alternative interface,D:172:,GLN,172,D,6,3,12.177914737542887,0.5,0.2315783333333333,0.1501,0.9864600214967658,A:322:;A:324:;A:325:;C:398:;D:172:;D:174:,A:324:;A:325:;D:174:
catalase_ps,pi_carbon,191,7,alternative interface,A:172:,GLN,172,A,6,3,12.184492458406558,0.5,0.25419166666666665,0.14587,0.9865143532933855,A:172:;A:174:;B:398:;D:322:;D:324:;D:325:,A:174:;D:324:;D:325:
catalase_ps,pi_carbon,192,7,alternative interface,A:412:,GLU,412,A,8,1,14.059352842270266,0.125,0.3179975,0.13838,0.9901820161953234,A:409:;A:411:;A:412:;A:413:;A:414:;C:23:;C:24:;C:25:,A:413:
catalase_ps,pi_carbon,193,7,alternative interface,D:25:,VAL,25,D,10,2,12.79806531248324,0.2,0.313612,0.12575,0.9897779887273578,B:381:;B:383:;B:411:;B:412:;B:413:;B:414:;D:23:;D:24:;D:25:;D:27:,B:381:;B:413:
catalase_ps,pi_carbon,194,7,alternative interface,A:431:,PHE,431,A,8,1,12.268553668777322,0.125,0.2851275,0.09843,0.9914431221592797,A:429:;A:431:;A:432:;A:433:;D:39:;D:41:;D:44:;D:45:,A:431:
catalase_ps,pi_carbon,195,7,alternative interface,C:432:,ASN,432,C,7,1,12.19106880487358,0.14285714285714285,0.36556,0.096,0.995220585843429,B:38:;B:39:;C:431:;C:432:;C:433:;C:434:;C:435:,C:431:
catalase_ps,pi_carbon,196,7,alternative interface,A:419:,GLU,419,A,7,2,15.362957465904351,0.2857142857142857,0.22608571428571428,0.08424,0.9880761880790787,A:340:;A:343:;A:418:;A:419:;A:420:;A:421:;B:429:,A:420:;A:421:
catalase_ps,pi_carbon,197,7,alternative interface,A:293:,PHE,293,A,5,1,10.587009807836612,0.2,0.331332,0.08367000000000001,0.9954489384594684,A:292:;A:293:;A:294:;A:436:;A:437:,A:293:
catalase_ps,pi_carbon,198,7,alternative interface,B:327:,GLU,327,B,7,2,13.03788402721378,0.2857142857142857,0.3212285714285715,0.07498,0.9671659309598981,B:322:;B:324:;B:325:;B:327:;B:329:;B:373:;D:395:,B:324:;B:325:
catalase_ps,pi_carbon,199,7,alternative interface,D:152:,PHE,152,D,4,2,12.9711583067541,0.5,0.1396575,0.06726,0.9916393648987584,D:150:;D:152:;D:193:;D:216:,D:152:;D:193:
catalase_ps,pi_carbon,200,7,alternative interface,B:344:,PRO,344,B,5,2,10.052342096408795,0.4,0.093092,0.05991,0.993296576570695,B:219:;B:220:;B:343:;B:344:;B:346:,B:219:;B:220:
catalase_ps,pi_carbon,201,8,alternative interface,B:382:,VAL,382,B,8,1,10.688692929437089,0.125,0.19188,0.30527,0.9864353301161136,B:381:;B:382:;B:383:;B:384:;D:27:;D:28:;D:29:;D:30:,B:381:
catalase_ps,pi_carbon,202,8,alternative interface,C:382:,VAL,382,C,7,1,10.760105684701962,0.14285714285714285,0.21347142857142862,0.28935,0.9846585962238033,A:28:;A:29:;A:30:;C:381:;C:382:;C:383:;C:384:,C:381:
catalase_ps,pi_carbon,203,8,alternative interface,B:74:,HIS,74,B,11,3,13.848846003148893,0.2727272727272727,0.14229636363636364,0.17707,0.9819532759155178,B:113:;B:115:;B:116:;B:117:;B:118:;B:130:;B:71:;B:72:;B:73:;B:74:;B:76:,B:71:;B:74:;B:76:
catalase_ps,pi_carbon,204,8,alternative interface,D:73:,VAL,73,D,7,2,10.266649662703715,0.2857142857142857,0.1469342857142857,0.13711,0.9914198756516559,D:115:;D:116:;D:117:;D:71:;D:72:;D:73:;D:74:,D:71:;D:74:
catalase_ps,pi_carbon,205,8,alternative interface,C:73:,VAL,73,C,7,2,10.393360510189476,0.2857142857142857,0.14774285714285715,0.13482,0.9913296492331509,C:115:;C:116:;C:117:;C:71:;C:72:;C:73:;C:74:,C:71:;C:74:
catalase_ps,pi_carbon,206,8,alternative interface,A:73:,VAL,73,A,8,2,10.472609419322538,0.25,0.162575,0.13078,0.9876910783565916,A:115:;A:116:;A:117:;A:118:;A:71:;A:72:;A:73:;A:74:,A:71:;A:74:
catalase_ps,pi_carbon,207,8,alternative interface,B:366:,GLY,366,B,10,4,14.047509407332095,0.4,0.124524,0.12973,0.8263438929655359,B:361:;B:362:;B:363:;B:366:;B:367:;B:369:;B:390:;B:391:;D:390:;D:391:,B:361:;B:362:;B:363:;B:369:
catalase_ps,pi_carbon,208,8,alternative interface,D:353:,ARG,353,D,7,3,15.262812580985404,0.42857142857142855,0.13687714285714286,0.12966,0.9816537916407417,D:157:;D:336:;D:349:;D:353:;D:355:;D:356:;D:357:,D:353:;D:355:;D:357:
catalase_ps,pi_carbon,209,8,alternative interface,C:36:,ASP,36,C,7,1,13.56661285755433,0.14285714285714285,0.2937242857142857,0.12086999999999999,0.987239984223456,A:413:;A:414:;A:415:;A:418:;C:36:;C:38:;C:39:,A:413:
catalase_ps,pi_carbon,210,8,alternative interface,C:362:,ARG,362,C,7,3,10.281395642400083,0.42857142857142855,0.13751285714285716,0.11936999999999999,0.9508081041681335,C:358:;C:360:;C:361:;C:362:;C:363:;C:366:;C:367:,C:361:;C:362:;C:363:
catalase_ps,pi_carbon,211,8,alternative interface,D:69:,PRO,69,D,9,4,14.066641980383393,0.4444444444444444,0.12699555555555556,0.11923,0.9210776954196866,A:67:;A:69:;A:70:;D:364:;D:67:;D:69:;D:70:;D:71:;D:72:,A:67:;D:364:;D:67:;D:71:
catalase_ps,pi_carbon,212,8,alternative interface,C:214:,TYR,214,C,8,3,13.462753484680016,0.375,0.12882375000000001,0.11703,0.9907747151959629,C:147:;C:148:;C:150:;C:212:;C:214:;C:216:;C:232:;C:234:,C:214:;C:232:;C:234:
catalase_ps,pi_carbon,213,8,alternative interface,D:214:,TYR,214,D,8,3,13.383377636997167,0.375,0.1328925,0.11275,0.9908205124446279,D:147:;D:148:;D:150:;D:212:;D:214:;D:216:;D:232:;D:234:,D:214:;D:232:;D:234:
catalase_ps,pi_carbon,214,8,alternative interface,D:366:,GLY,366,D,9,4,13.618282861718013,0.4444444444444444,0.1387344444444444,0.10776,0.8155208333887545,B:390:;B:391:;D:361:;D:362:;D:363:;D:364:;D:366:;D:367:;D:390:,D:361:;D:362:;D:363:;D:364:
catalase_ps,pi_carbon,215,8,alternative interface,C:69:,PRO,69,C,7,3,12.054545858912693,0.42857142857142855,0.14642857142857144,0.08918,0.9351299314590319,B:67:;B:69:;B:70:;C:67:;C:69:;C:70:;C:71:,B:67:;C:67:;C:71:
catalase_ps,pi_carbon,216,8,alternative interface,C:66:,GLU,66,C,6,2,13.04386886638167,0.3333333333333333,0.156755,0.08662,0.9341445295031529,A:388:;A:390:;B:72:;C:62:;C:66:;C:67:,C:62:;C:67:
catalase_ps,pi_carbon,217,8,alternative interface,A:66:,GLU,66,A,6,2,12.818141892353657,0.3333333333333333,0.1542066666666667,0.08624000000000001,0.9356499210725778,A:62:;A:66:;A:67:;C:388:;C:390:;D:72:,A:62:;A:67:
catalase_ps,pi_carbon,218,8,alternative interface,D:432:,ASN,432,D,7,1,12.046943001751874,0.14285714285714285,0.33571000000000006,0.07881,0.9950485453049226,A:38:;A:39:;D:431:;D:432:;D:433:;D:434:;D:435:,D:431:
catalase_ps,pi_carbon,219,8,alternative interface,A:327:,GLU,327,A,8,2,12.841505728651907,0.25,0.23981124999999998,0.07427,0.966905015329023,A:322:;A:324:;A:325:;A:327:;A:329:;A:373:;A:374:;C:395:,A:324:;A:325:
catalase_ps,pi_carbon,220,8,alternative interface,A:189:,PRO,189,A,6,1,12.013311518893,0.16666666666666666,0.15442333333333333,0.05762,0.9941238130818957,A:187:;A:188:;A:189:;A:192:;A:438:;A:480:,A:188:
catalase_ps,pi_carbon,221,8,alternative interface,D:189:,PRO,189,D,6,1,11.935539873369716,0.16666666666666666,0.17091,0.05411,0.9943669869430257,D:187:;D:188:;D:189:;D:192:;D:438:;D:480:,D:188:
catalase_ps,pi_carbon,222,8,alternative interface,B:333:,PHE,333,B,6,2,14.270472885642693,0.3333333333333333,0.13622166666666666,0.03773,0.9835635579230732,B:132:;B:144:;B:145:;B:333:;B:357:;B:358:,B:333:;B:357:
catalase_ps,pi_carbon,223,8,alternative interface,D:333:,PHE,333,D,6,2,14.137495159935694,0.3333333333333333,0.1415833333333333,0.029529999999999997,0.9781930694150334,D:132:;D:145:;D:333:;D:337:;D:357:;D:358:,D:333:;D:357:
catalase_ps,pi_carbon,224,9,alternative interface,C:123:,ASP,123,C,11,1,14.74983349215932,0.09090909090909091,0.1773127272727273,0.11647,0.9854823856326185,C:113:;C:121:;C:122:;C:123:;C:125:;C:253:;C:257:;C:258:;C:259:;C:260:;C:261:,C:259:
catalase_ps,pi_carbon,225,9,alternative interface,D:113:,SER,113,D,5,1,11.472913992303136,0.2,0.147118,0.11005000000000001,0.9876534564833253,D:113:;D:115:;D:123:;D:130:;D:74:,D:74:
catalase_ps,pi_carbon,226,9,alternative interface,D:36:,ASP,36,D,7,1,13.626334156261201,0.14285714285714285,0.28136285714285714,0.10984,0.9871557359577845,B:413:;B:414:;B:415:;B:418:;D:36:;D:38:;D:39:,B:413:
catalase_ps,pi_carbon,227,9,alternative interface,A:214:,TYR,214,A,8,3,13.454674959421304,0.375,0.13233875,0.10901999999999999,0.9907981649965021,A:147:;A:148:;A:150:;A:212:;A:214:;A:216:;A:232:;A:234:,A:214:;A:232:;A:234:
catalase_ps,pi_carbon,228,9,alternative interface,C:60:,MET,60,C,6,1,10.986584118201096,0.16666666666666666,0.15532166666666666,0.07692,0.9748969993523982,B:356:;C:57:;C:58:;C:59:;C:60:;C:62:,C:62:
catalase_ps,pi_carbon,229,9,alternative interface,C:325:,PHE,325,C,5,1,11.94761870662061,0.2,0.14921,0.0689,0.9663870954692081,A:388:;A:396:;C:325:;C:327:;C:329:,C:325:
catalase_ps,pi_carbon,230,9,alternative interface,B:60:,MET,60,B,6,1,10.795554629635896,0.16666666666666666,0.14806833333333333,0.05559,0.9752235207104247,B:57:;B:58:;B:59:;B:60:;B:62:;C:356:,B:62:
catalase_ps,pi_carbon,231,9,alternative interface,A:333:,PHE,333,A,7,2,14.245359044637999,0.2857142857142857,0.13512428571428572,0.03281,0.9804569359246643,A:132:;A:145:;A:333:;A:335:;A:337:;A:357:;A:358:,A:333:;A:357:
catalase_ps,pi_carbon,232,9,alternative interface,D:387:,ARG,387,D,7,2,14.327701011820988,0.2857142857142857,0.14674857142857142,0.02377,0.9751471565821627,B:62:;B:66:;D:386:;D:387:;D:388:;D:397:;D:402:,B:62:;D:387:
catalase_ps,pi_carbon,233,10,alternative interface,A:113:,SER,113,A,6,1,11.622580699638739,0.16666666666666666,0.12178166666666666,0.10063000000000001,0.9864930850560644,A:113:;A:115:;A:123:;A:130:;A:74:;A:77:,A:74:
catalase_ps,pi_carbon,234,10,alternative interface,A:366:,GLY,366,A,8,3,13.514367925660489,0.375,0.13222375,0.09875,0.8184870913811526,A:361:;A:362:;A:363:;A:366:;A:367:;A:390:;C:390:;C:391:,A:361:;A:362:;A:363:
catalase_ps,pi_carbon,235,10,alternative interface,B:147:,ASN,147,B,11,2,13.306931467071678,0.18181818181818182,0.12650636363636367,0.08457,0.9879043854188836,B:128:;B:129:;B:130:;B:132:;B:145:;B:146:;B:147:;B:148:;B:150:;B:214:;B:216:,B:129:;B:214:
catalase_ps,pi_carbon,236,10,alternative interface,D:60:,MET,60,D,6,1,11.147980734476182,0.16666666666666666,0.14964333333333335,0.06115,0.9741297044086284,A:356:;D:57:;D:58:;D:59:;D:60:;D:62:,D:62:
catalase_ps,pi_carbon,237,10,alternative interface,A:60:,MET,60,A,6,1,11.254139908146872,0.16666666666666666,0.14582666666666666,0.060629999999999996,0.9745658179458514,A:57:;A:58:;A:59:;A:60:;A:62:;D:356:,A:62:
catalase_ps,pi_carbon,238,10,alternative interface,B:119:,SER,119,B,9,1,13.790667806601917,0.1111111111111111,0.1896877777777778,0.0248,0.9822237730497583,B:117:;B:118:;B:119:;B:121:;B:70:;B:76:;C:118:;C:119:;C:121:,B:76:
catalase_ps,pi_carbon,239,10,alternative interface,B:370:,LEU,370,B,7,1,13.178474668715193,0.14285714285714285,0.19154999999999997,0.022639999999999997,0.9767228248198733,B:369:;B:370:;B:371:;B:373:;B:376:;D:29:;D:30:,B:369:
catalase_ps,hbond_donor,1,1,primary plausible interface,C:285:,PHE,285,C,8,5,11.659153400565994,0.625,0.4343325,0.90701,0.9967214390530904,C:229:;C:230:;C:284:;C:285:;C:286:;C:287:;C:288:;C:289:,C:230:;C:284:;C:286:;C:287:;C:289:
catalase_ps,hbond_donor,2,1,primary plausible interface,C:499:,TYR,499,C,8,4,12.963939757710182,0.5,0.5281875,0.89239,0.9971041863029463,C:464:;C:467:;C:495:;C:497:;C:498:;C:499:;C:500:;C:501:,C:497:;C:499:;C:500:;C:501:
catalase_ps,hbond_donor,3,1,primary plausible interface,B:286:,SER,286,B,7,4,10.138668813441722,0.5714285714285714,0.5793971428571428,0.86495,0.9972966117864319,B:284:;B:285:;B:286:;B:287:;B:288:;B:289:;B:290:,B:284:;B:286:;B:287:;B:289:
catalase_ps,hbond_donor,4,1,primary plausible interface,D:499:,TYR,499,D,8,4,12.28340210662497,0.5,0.5174325,0.8597,0.9974684244071074,D:464:;D:467:;D:495:;D:497:;D:498:;D:499:;D:500:;D:501:,D:497:;D:499:;D:500:;D:501:
catalase_ps,hbond_donor,5,1,primary plausible interface,C:454:,GLN,454,C,10,6,12.46806095755155,0.6,0.410769,0.84505,0.9973588527149571,C:200:;C:201:;C:450:;C:451:;C:452:;C:453:;C:454:;C:455:;C:456:;C:457:,C:200:;C:201:;C:451:;C:452:;C:453:;C:454:
catalase_ps,hbond_donor,6,1,primary plausible interface,A:500:,ASN,500,A,6,4,10.638966727877838,0.6666666666666666,0.591455,0.8354699999999999,0.9984817555329901,A:467:;A:497:;A:498:;A:499:;A:500:;A:501:,A:497:;A:499:;A:500:;A:501:
catalase_ps,hbond_donor,7,1,primary plausible interface,B:434:,ALA,434,B,7,5,12.687525278764248,0.7142857142857143,0.35585999999999995,0.73004,0.9920934643513314,B:188:;B:190:;B:432:;B:433:;B:434:;B:435:;B:436:,B:190:;B:432:;B:433:;B:435:;B:436:
catalase_ps,hbond_donor,8,1,primary plausible interface,B:245:,SER,245,B,7,5,12.504660520083688,0.7142857142857143,0.47673571428571426,0.6816800000000001,0.9932494754058921,B:201:;B:243:;B:244:;B:245:;B:246:;B:247:;B:248:,B:201:;B:243:;B:245:;B:247:;B:248:
catalase_ps,hbond_donor,9,1,primary plausible interface,D:433:,SER,433,D,7,5,12.797113692576223,0.7142857142857143,0.36301428571428573,0.64916,0.9947035089941628,A:39:;D:431:;D:432:;D:433:;D:434:;D:435:;D:436:,A:39:;D:432:;D:433:;D:435:;D:436:
catalase_ps,hbond_donor,10,1,primary plausible interface,B:437:,ASP,437,B,7,6,12.018164235314552,0.8571428571428571,0.3842957142857143,0.64007,0.9959217112561182,B:190:;B:435:;B:436:;B:437:;B:438:;B:439:;B:440:,B:190:;B:435:;B:436:;B:437:;B:438:;B:440:
catalase_ps,hbond_donor,11,1,primary plausible interface,A:437:,ASP,437,A,7,5,11.811129685008014,0.7142857142857143,0.40106,0.6251,0.9939575197540609,A:293:;A:435:;A:436:;A:437:;A:438:;A:439:;A:440:,A:435:;A:436:;A:437:;A:438:;A:440:
catalase_ps,hbond_donor,12,1,primary plausible interface,D:437:,ASP,437,D,6,5,11.729151139538569,0.8333333333333334,0.40181333333333336,0.5889099999999999,0.9958751333011302,D:435:;D:436:;D:437:;D:438:;D:439:;D:440:,D:435:;D:436:;D:437:;D:438:;D:440:
catalase_ps,hbond_donor,13,1,primary plausible interface,C:290:,ILE,290,C,6,3,11.971378953385656,0.5,0.6043366666666666,0.50661,0.9965525673990774,C:286:;C:287:;C:288:;C:289:;C:290:;C:292:,C:286:;C:287:;C:289:
catalase_ps,hbond_donor,14,1,primary plausible interface,C:119:,SER,119,C,8,7,13.689718802327977,0.875,0.203745,0.37803,0.9843136079744753,B:118:;B:119:;B:121:;C:117:;C:118:;C:119:;C:121:;C:70:,B:118:;B:119:;B:121:;C:118:;C:119:;C:121:;C:70:
catalase_ps,hbond_donor,15,1,primary plausible interface,D:119:,SER,119,D,8,7,13.652503449714363,0.875,0.18704874999999999,0.35788,0.9848183581631857,A:118:;A:119:;A:121:;D:117:;D:118:;D:119:;D:121:;D:70:,A:118:;A:119:;A:121:;D:118:;D:119:;D:121:;D:70:
catalase_ps,hbond_donor,16,2,alternative interface,D:285:,PHE,285,D,8,5,12.248573805106465,0.625,0.41253874999999995,0.85032,0.9964275956554735,D:229:;D:230:;D:284:;D:285:;D:286:;D:287:;D:288:;D:289:,D:230:;D:284:;D:286:;D:287:;D:289:
catalase_ps,hbond_donor,17,2,alternative interface,B:455:,ARG,455,B,10,5,13.511157439871727,0.5,0.40895099999999995,0.84527,0.9966132285047665,B:200:;B:447:;B:450:;B:451:;B:452:;B:453:;B:454:;B:455:;B:456:;B:457:,B:200:;B:451:;B:452:;B:453:;B:454:
catalase_ps,hbond_donor,18,2,alternative interface,A:454:,GLN,454,A,10,6,12.812001419374658,0.6,0.41753799999999996,0.81399,0.9973799603333893,A:200:;A:201:;A:450:;A:451:;A:452:;A:453:;A:454:;A:455:;A:456:;A:457:,A:200:;A:201:;A:451:;A:452:;A:453:;A:454:
catalase_ps,hbond_donor,19,2,alternative interface,D:454:,GLN,454,D,10,6,12.75845078321796,0.6,0.41592400000000007,0.81134,0.9974707308144936,D:200:;D:201:;D:450:;D:451:;D:452:;D:453:;D:454:;D:455:;D:456:;D:457:,D:200:;D:201:;D:451:;D:452:;D:453:;D:454:
catalase_ps,hbond_donor,20,2,alternative interface,A:286:,SER,286,A,7,4,10.534357659363057,0.5714285714285714,0.5379857142857143,0.80448,0.9971128092104389,A:284:;A:285:;A:286:;A:287:;A:288:;A:289:;A:290:,A:284:;A:286:;A:287:;A:289:
catalase_ps,hbond_donor,21,2,alternative interface,B:498:,LYS,498,B,7,4,11.30163004472049,0.5714285714285714,0.54821,0.80228,0.9969600620123559,B:494:;B:495:;B:497:;B:498:;B:499:;B:500:;B:501:,B:497:;B:499:;B:500:;B:501:
catalase_ps,hbond_donor,22,2,alternative interface,A:434:,ALA,434,A,6,4,12.629277481961111,0.6666666666666666,0.41377166666666665,0.73925,0.9933564024105713,A:188:;A:432:;A:433:;A:434:;A:435:;A:436:,A:432:;A:433:;A:435:;A:436:
catalase_ps,hbond_donor,23,2,alternative interface,A:245:,SER,245,A,8,5,12.829791873089588,0.625,0.43559875,0.7379000000000001,0.9935457031042441,A:201:;A:204:;A:243:;A:244:;A:245:;A:246:;A:247:;A:248:,A:201:;A:243:;A:245:;A:247:;A:248:
catalase_ps,hbond_donor,24,2,alternative interface,B:486:,PRO,486,B,6,4,10.53013172439261,0.6666666666666666,0.5748,0.70756,0.9973955751457128,B:482:;B:483:;B:485:;B:486:;B:487:;B:490:,B:482:;B:483:;B:487:;B:490:
catalase_ps,hbond_donor,25,2,alternative interface,A:18:,ARG,18,A,9,3,12.892963266118864,0.3333333333333333,0.57711,0.6771299999999999,0.9931256398220945,A:14:;A:15:;A:16:;A:17:;A:18:;A:19:;A:20:;A:21:;A:22:,A:16:;A:17:;A:21:
catalase_ps,hbond_donor,26,2,alternative interface,C:486:,PRO,486,C,6,4,10.363877078549669,0.6666666666666666,0.5132966666666667,0.53321,0.9974197943067821,C:482:;C:483:;C:485:;C:486:;C:487:;C:490:,C:482:;C:483:;C:487:;C:490:
catalase_ps,hbond_donor,27,2,alternative interface,C:437:,ASP,437,C,7,5,11.83362078028975,0.7142857142857143,0.37403428571428565,0.51134,0.9941322258682506,C:293:;C:435:;C:436:;C:437:;C:438:;C:439:;C:440:,C:435:;C:436:;C:437:;C:438:;C:440:
catalase_ps,hbond_donor,28,2,alternative interface,A:4:,ARG,4,A,6,4,8.63573879915969,0.6666666666666666,0.35608833333333334,0.44542000000000004,0.9975613665693593,A:3:;A:4:;A:5:;A:6:;A:8:;A:9:,A:3:;A:5:;A:8:;A:9:
catalase_ps,hbond_donor,29,2,alternative interface,D:4:,ARG,4,D,6,4,9.44646027448987,0.6666666666666666,0.3357016666666666,0.42296,0.9978602135984586,D:3:;D:4:;D:5:;D:6:;D:8:;D:9:,D:3:;D:5:;D:8:;D:9:
catalase_ps,hbond_donor,30,2,alternative interface,C:4:,ARG,4,C,5,3,9.688218538464096,0.6,0.38314000000000004,0.4092,0.9982299352571892,C:3:;C:4:;C:5:;C:6:;C:8:,C:3:;C:5:;C:8:
catalase_ps,hbond_donor,31,2,alternative interface,B:20:,ALA,20,B,5,1,8.692194543898005,0.2,0.597884,0.17898,0.9962702272844389,B:18:;B:19:;B:20:;B:21:;B:22:,B:21:
catalase_ps,hbond_donor,32,2,alternative interface,C:38:,LEU,38,C,4,3,9.727084114794263,0.75,0.27476999999999996,0.10109,0.9950639347644378,B:432:;C:36:;C:38:;C:39:,B:432:;C:36:;C:39:
catalase_ps,hbond_donor,33,2,alternative interface,A:38:,LEU,38,A,4,3,9.362276817964895,0.75,0.27937500000000004,0.09384,0.9954365881313595,A:36:;A:38:;A:39:;D:432:,A:36:;A:39:;D:432:
catalase_ps,hbond_donor,34,3,alternative interface,D:223:,ASN,223,D,10,5,11.937163560808564,0.5,0.5303479999999999,0.785,0.9947757325710721,D:222:;D:223:;D:224:;D:225:;D:226:;D:227:;D:91:;D:92:;D:93:;D:95:,D:223:;D:225:;D:227:;D:91:;D:93:
catalase_ps,hbond_donor,35,3,alternative interface,D:245:,SER,245,D,8,5,12.40630649575949,0.625,0.42420874999999997,0.71451,0.9933753744819168,D:201:;D:204:;D:243:;D:244:;D:245:;D:246:;D:247:;D:248:,D:201:;D:243:;D:245:;D:247:;D:248:
catalase_ps,hbond_donor,36,3,alternative interface,B:491:,ARG,491,B,7,3,12.407461217709677,0.42857142857142855,0.5365185714285714,0.70798,0.9948709194536738,B:456:;B:487:;B:490:;B:491:;B:493:;B:494:;B:495:,B:487:;B:490:;B:493:
catalase_ps,hbond_donor,37,3,alternative interface,B:223:,ASN,223,B,10,5,11.721136077537428,0.5,0.470583,0.6815000000000001,0.9948162103441368,B:222:;B:223:;B:224:;B:225:;B:226:;B:227:;B:91:;B:92:;B:93:;B:95:,B:223:;B:225:;B:227:;B:91:;B:93:
catalase_ps,hbond_donor,38,3,alternative interface,A:494:,ALA,494,A,7,3,11.917842688693613,0.42857142857142855,0.5190042857142857,0.6500100000000001,0.9963737446836155,A:490:;A:491:;A:493:;A:494:;A:495:;A:497:;A:498:,A:490:;A:493:;A:497:
catalase_ps,hbond_donor,39,3,alternative interface,C:271:,GLY,271,C,6,4,9.724865225208436,0.6666666666666666,0.480635,0.6439199999999999,0.9956217534041621,C:269:;C:270:;C:271:;C:272:;C:273:;C:318:,C:270:;C:272:;C:273:;C:318:
catalase_ps,hbond_donor,40,3,alternative interface,D:494:,ALA,494,D,7,3,12.347700812650986,0.42857142857142855,0.5475428571428572,0.61714,0.9961270551317138,D:490:;D:491:;D:493:;D:494:;D:495:;D:497:;D:498:,D:490:;D:493:;D:497:
catalase_ps,hbond_donor,41,3,alternative interface,C:491:,ARG,491,C,6,3,11.833805811023435,0.5,0.46927333333333343,0.5851500000000001,0.9968131921703596,C:487:;C:490:;C:491:;C:493:;C:494:;C:495:,C:487:;C:490:;C:493:
catalase_ps,hbond_donor,42,3,alternative interface,A:485:,HIS,485,A,6,3,10.63110087760816,0.5,0.47509333333333337,0.46702,0.9967285322525302,A:443:;A:482:;A:483:;A:485:;A:486:;A:487:,A:482:;A:483:;A:487:
catalase_ps,hbond_donor,43,3,alternative interface,C:89:,ASP,89,C,8,4,14.569103847954496,0.5,0.54067625,0.41344000000000003,0.9926585773019265,C:100:;C:101:;C:102:;C:87:;C:88:;C:89:;C:91:;C:92:,C:100:;C:87:;C:89:;C:91:
catalase_ps,hbond_donor,44,3,alternative interface,A:416:,SER,416,A,4,2,7.638519434564662,0.5,0.50049,0.39109,0.9964333133032773,A:414:;A:415:;A:416:;A:418:,A:414:;A:416:
catalase_ps,hbond_donor,45,3,alternative interface,B:4:,ARG,4,B,6,4,9.326528122677576,0.6666666666666666,0.318015,0.37457999999999997,0.9976847342954468,B:3:;B:4:;B:5:;B:6:;B:8:;B:9:,B:3:;B:5:;B:8:;B:9:
catalase_ps,hbond_donor,46,3,alternative interface,C:416:,SER,416,C,4,2,7.263022869630734,0.5,0.5072875,0.33590000000000003,0.9967005691110307,C:414:;C:415:;C:416:;C:418:,C:414:;C:416:
catalase_ps,hbond_donor,47,3,alternative interface,C:303:,PRO,303,C,7,2,11.767389394094007,0.2857142857142857,0.5678485714285715,0.29817,0.9973486953843131,C:301:;C:303:;C:304:;C:305:;C:306:;C:307:;C:308:,C:306:;C:307:
catalase_ps,hbond_donor,48,3,alternative interface,D:387:,ARG,387,D,7,5,14.327701011820988,0.7142857142857143,0.14674857142857142,0.15766,0.9751471565821627,B:62:;B:66:;D:386:;D:387:;D:388:;D:397:;D:402:,B:66:;D:386:;D:388:;D:397:;D:402:
catalase_ps,hbond_donor,49,3,alternative interface,C:471:,LEU,471,C,5,2,8.85771367864232,0.4,0.44595,0.10435,0.997413367838159,C:470:;C:471:;C:472:;C:474:;C:475:,C:470:;C:474:
catalase_ps,hbond_donor,50,3,alternative interface,D:471:,LEU,471,D,5,2,8.825080867235215,0.4,0.47396600000000005,0.08992000000000001,0.9974148950615728,D:470:;D:471:;D:472:;D:474:;D:475:,D:470:;D:474:
catalase_ps,hbond_donor,51,4,alternative interface,D:18:,ARG,18,D,9,4,11.7486608574036,0.4444444444444444,0.50098,0.71761,0.9940102610174535,B:409:;D:14:;D:15:;D:16:;D:17:;D:18:;D:19:;D:20:;D:21:,B:409:;D:16:;D:17:;D:21:
catalase_ps,hbond_donor,52,4,alternative interface,C:223:,ASN,223,C,10,5,12.087333585017836,0.5,0.48595,0.6855500000000001,0.9946880256793286,C:222:;C:223:;C:224:;C:225:;C:226:;C:227:;C:91:;C:92:;C:93:;C:95:,C:223:;C:225:;C:227:;C:91:;C:93:
catalase_ps,hbond_donor,53,4,alternative interface,A:223:,ASN,223,A,10,5,12.056788093506272,0.5,0.46340899999999996,0.67294,0.9947806927848596,A:222:;A:223:;A:224:;A:225:;A:226:;A:227:;A:91:;A:92:;A:93:;A:95:,A:223:;A:225:;A:227:;A:91:;A:93:
catalase_ps,hbond_donor,54,4,alternative interface,C:19:,ALA,19,C,8,4,10.36377251901137,0.5,0.5134112500000001,0.65215,0.9942394759803924,A:409:;C:15:;C:16:;C:17:;C:18:;C:19:;C:20:;C:21:,A:409:;C:16:;C:17:;C:21:
catalase_ps,hbond_donor,55,4,alternative interface,C:245:,SER,245,C,9,5,13.761162064417308,0.5555555555555556,0.41698111111111114,0.6490900000000001,0.9925679937770849,C:201:;C:204:;C:243:;C:244:;C:245:;C:246:;C:247:;C:248:;C:250:,C:201:;C:243:;C:245:;C:247:;C:248:
catalase_ps,hbond_donor,56,4,alternative interface,B:271:,GLY,271,B,6,4,10.012210488028346,0.6666666666666666,0.47014,0.62869,0.9955575383660945,B:269:;B:270:;B:271:;B:272:;B:273:;B:318:,B:270:;B:272:;B:273:;B:318:
catalase_ps,hbond_donor,57,4,alternative interface,A:271:,GLY,271,A,6,4,9.558490862978209,0.6666666666666666,0.45076333333333324,0.61097,0.995585831507225,A:269:;A:270:;A:271:;A:272:;A:273:;A:318:,A:270:;A:272:;A:273:;A:318:
catalase_ps,hbond_donor,58,4,alternative interface,D:291:,PHE,291,D,8,3,11.275092238824193,0.375,0.4266275,0.48022,0.9963953559637937,D:287:;D:288:;D:289:;D:290:;D:291:;D:292:;D:293:;D:294:,D:287:;D:289:;D:294:
catalase_ps,hbond_donor,59,4,alternative interface,D:485:,HIS,485,D,6,3,10.647511242155375,0.5,0.46660166666666664,0.47119999999999995,0.996666750313327,D:443:;D:482:;D:483:;D:485:;D:486:;D:487:,D:482:;D:483:;D:487:
catalase_ps,hbond_donor,60,4,alternative interface,B:304:,HIS,304,B,7,2,10.113838946406311,0.2857142857142857,0.5303271428571429,0.29454,0.9970993641322046,B:303:;B:304:;B:305:;B:306:;B:307:;B:308:;B:309:,B:306:;B:307:
catalase_ps,hbond_donor,61,4,alternative interface,A:303:,PRO,303,A,7,2,11.799993774357048,0.2857142857142857,0.5454714285714285,0.26916,0.9972438032974714,A:301:;A:303:;A:304:;A:305:;A:306:;A:307:;A:308:,A:306:;A:307:
catalase_ps,hbond_donor,62,4,alternative interface,D:303:,PRO,303,D,7,2,12.087863411272448,0.2857142857142857,0.5661728571428571,0.26811,0.9972599809582735,D:301:;D:303:;D:304:;D:305:;D:306:;D:307:;D:308:,D:306:;D:307:
catalase_ps,hbond_donor,63,4,alternative interface,B:471:,LEU,471,B,5,2,9.144733813844159,0.4,0.42804400000000004,0.07933,0.9972369245142471,B:470:;B:471:;B:472:;B:474:;B:475:,B:470:;B:474:
catalase_ps,hbond_donor,64,4,alternative interface,A:470:,GLN,470,A,4,2,11.18807687839869,0.5,0.47129000000000004,0.07097,0.995770460354402,A:468:;A:470:;A:471:;A:472:,A:468:;A:470:
catalase_ps,hbond_donor,65,5,alternative interface,D:271:,GLY,271,D,6,4,9.99195215161298,0.6666666666666666,0.416735,0.6040800000000001,0.9954826574205331,D:269:;D:270:;D:271:;D:272:;D:273:;D:318:,D:270:;D:272:;D:273:;D:318:
catalase_ps,hbond_donor,66,5,alternative interface,B:15:,LYS,15,B,9,3,11.875167014449506,0.3333333333333333,0.42763333333333337,0.56607,0.9931522499138569,B:12:;B:13:;B:14:;B:15:;B:16:;B:17:;B:18:;B:19:;D:409:,B:16:;B:17:;D:409:
catalase_ps,hbond_donor,67,5,alternative interface,A:250:,ALA,250,A,10,2,12.983895288777653,0.2,0.425589,0.55503,0.9935307874967363,A:125:;A:246:;A:247:;A:248:;A:250:;A:251:;A:252:;A:253:;A:254:;D:254:,A:247:;A:248:
catalase_ps,hbond_donor,68,5,alternative interface,B:250:,ALA,250,B,10,2,12.880504912838616,0.2,0.44526000000000004,0.53104,0.9936627436174449,B:125:;B:246:;B:247:;B:248:;B:250:;B:251:;B:252:;B:253:;B:254:;C:254:,B:247:;B:248:
catalase_ps,hbond_donor,69,5,alternative interface,C:14:,TRP,14,C,8,2,11.836838738891302,0.25,0.38923375000000004,0.45521999999999996,0.9959896453539985,A:400:;C:12:;C:13:;C:14:;C:15:;C:16:;C:17:;C:18:,C:16:;C:17:
catalase_ps,hbond_donor,70,5,alternative interface,D:23:,PRO,23,D,8,4,11.992707247895893,0.5,0.4187075,0.44695999999999997,0.9934009402823132,B:409:;B:411:;B:412:;D:21:;D:22:;D:23:;D:24:;D:25:,B:409:;B:412:;D:21:;D:24:
catalase_ps,hbond_donor,71,5,alternative interface,A:23:,PRO,23,A,8,4,12.595805371119141,0.5,0.44809750000000004,0.44095999999999996,0.9930063372100472,A:21:;A:22:;A:23:;A:24:;A:25:;C:409:;C:411:;C:412:,A:21:;A:24:;C:409:;C:412:
catalase_ps,hbond_donor,72,5,alternative interface,C:251:,ARG,251,C,9,3,12.218572231055099,0.3333333333333333,0.4261477777777778,0.39853,0.994616353378456,B:254:;C:247:;C:248:;C:250:;C:251:;C:252:;C:253:;C:254:;C:255:,C:247:;C:248:;C:255:
catalase_ps,hbond_donor,73,5,alternative interface,B:480:,ASN,480,B,8,3,12.36810014307442,0.375,0.3183925,0.36588,0.9958146113606486,B:189:;B:192:;B:476:;B:478:;B:479:;B:480:;B:482:;B:483:,B:480:;B:482:;B:483:
catalase_ps,hbond_donor,74,5,alternative interface,A:89:,ASP,89,A,7,3,14.138777129827563,0.42857142857142855,0.496897142857143,0.35125999999999996,0.9929562970201457,A:101:;A:102:;A:87:;A:88:;A:89:;A:91:;A:92:,A:87:;A:89:;A:91:
catalase_ps,hbond_donor,75,5,alternative interface,D:89:,ASP,89,D,8,4,14.440479938735063,0.5,0.51153125,0.35011000000000003,0.9928643961058394,D:100:;D:101:;D:102:;D:87:;D:88:;D:89:;D:91:;D:92:,D:100:;D:87:;D:89:;D:91:
catalase_ps,hbond_donor,76,5,alternative interface,C:480:,ASN,480,C,8,3,12.321455361696783,0.375,0.32338249999999996,0.33781999999999995,0.9956500793021298,C:189:;C:192:;C:476:;C:478:;C:479:;C:480:;C:482:;C:483:,C:480:;C:482:;C:483:
catalase_ps,hbond_donor,77,5,alternative interface,A:480:,ASN,480,A,8,3,12.428790070403917,0.375,0.3253225,0.32432,0.995543826290394,A:189:;A:192:;A:476:;A:478:;A:479:;A:480:;A:482:;A:483:,A:480:;A:482:;A:483:
catalase_ps,hbond_donor,78,5,alternative interface,C:379:,ARG,379,C,4,2,8.402603461993648,0.5,0.45069250000000005,0.29051,0.9929228398324895,C:138:;C:378:;C:379:;C:381:,C:138:;C:378:
catalase_ps,hbond_donor,79,5,alternative interface,C:103:,GLY,103,C,7,2,9.918248764303327,0.2857142857142857,0.44534857142857137,0.26209,0.9966088937531177,C:101:;C:102:;C:103:;C:104:;C:105:;C:85:;C:87:,C:85:;C:87:
catalase_ps,hbond_donor,80,5,alternative interface,A:103:,GLY,103,A,7,2,9.833836974891819,0.2857142857142857,0.4095571428571429,0.21492,0.9966188280808539,A:101:;A:102:;A:103:;A:104:;A:105:;A:85:;A:87:,A:85:;A:87:
catalase_ps,hbond_donor,81,5,alternative interface,A:447:,LEU,447,A,8,2,12.705083643737197,0.25,0.47234000000000004,0.21282,0.9964466861113698,A:443:;A:444:;A:445:;A:447:;A:448:;A:449:;A:450:;A:451:,A:444:;A:451:
catalase_ps,hbond_donor,82,5,alternative interface,C:447:,LEU,447,C,8,2,12.388622981068659,0.25,0.48654125000000004,0.20625,0.9966161977826857,C:443:;C:444:;C:445:;C:447:;C:448:;C:449:;C:450:;C:451:,C:444:;C:451:
catalase_ps,hbond_donor,83,5,alternative interface,D:13:,HIS,13,D,7,3,12.202149744711695,0.42857142857142855,0.4307771428571429,0.20376000000000002,0.993868547044844,D:12:;D:13:;D:14:;D:15:;D:16:;D:17:;D:9:,D:16:;D:17:;D:9:
catalase_ps,hbond_donor,84,5,alternative interface,C:181:,VAL,181,C,4,2,8.227225312629535,0.5,0.1493475,0.06441,0.9955343218617189,C:167:;C:177:;C:178:;C:181:,C:167:;C:177:
catalase_ps,hbond_donor,85,5,alternative interface,D:296:,PHE,296,D,4,1,10.581094685303231,0.25,0.21869499999999997,0.06049,0.9966201149738136,A:46:;D:294:;D:296:;D:348:,D:294:
catalase_ps,hbond_donor,86,6,alternative interface,C:434:,ALA,434,C,6,4,13.02262234188796,0.6666666666666666,0.39537,0.59854,0.9927018537515733,C:188:;C:432:;C:433:;C:434:;C:435:;C:436:,C:432:;C:433:;C:435:;C:436:
catalase_ps,hbond_donor,87,6,alternative interface,D:250:,ALA,250,D,10,2,13.047474210707248,0.2,0.40746399999999994,0.5171600000000001,0.9936434342121101,A:254:;D:125:;D:246:;D:247:;D:248:;D:250:;D:251:;D:252:;D:253:;D:254:,D:247:;D:248:
catalase_ps,hbond_donor,88,6,alternative interface,C:441:,GLN,441,C,9,4,12.994829238007416,0.4444444444444444,0.31929777777777774,0.47056,0.9944578530335492,C:193:;C:301:;C:438:;C:439:;C:440:;C:441:;C:443:;C:444:;C:445:,C:438:;C:440:;C:441:;C:444:
catalase_ps,hbond_donor,89,6,alternative interface,B:256:,ASP,256,B,9,4,9.964593334163457,0.4444444444444444,0.28643555555555555,0.44676000000000005,0.9952647200669813,B:122:;B:252:;B:253:;B:254:;B:255:;B:256:;B:257:;B:258:;B:259:,B:255:;B:256:;B:258:;B:259:
catalase_ps,hbond_donor,90,6,alternative interface,B:441:,GLN,441,B,9,4,12.925910013091277,0.4444444444444444,0.28651000000000004,0.41281999999999996,0.9945642080184487,B:193:;B:301:;B:438:;B:439:;B:440:;B:441:;B:443:;B:444:;B:445:,B:438:;B:440:;B:441:;B:444:
catalase_ps,hbond_donor,91,6,alternative interface,A:13:,HIS,13,A,7,3,11.90399542274311,0.42857142857142855,0.3943585714285715,0.40015,0.9941550728618292,A:12:;A:13:;A:14:;A:15:;A:16:;A:17:;A:9:,A:16:;A:17:;A:9:
catalase_ps,hbond_donor,92,6,alternative interface,C:425:,SER,425,C,8,3,13.210854810771192,0.375,0.40242374999999997,0.36905,0.9930089175539529,C:423:;C:424:;C:425:;C:426:;C:427:;D:424:;D:425:;D:426:,C:425:;C:427:;D:425:
catalase_ps,hbond_donor,93,6,alternative interface,D:414:,GLN,414,D,10,4,13.314066111640257,0.4,0.396003,0.34799,0.9894912081079786,B:25:;B:33:;B:36:;D:412:;D:413:;D:414:;D:415:;D:416:;D:417:;D:418:,B:36:;D:412:;D:414:;D:416:
catalase_ps,hbond_donor,94,6,alternative interface,D:427:,ASP,427,D,9,4,12.876383458484835,0.4444444444444444,0.34364000000000006,0.34399,0.9943364820464833,C:421:;C:422:;C:423:;C:424:;D:425:;D:426:;D:427:;D:428:;D:429:,C:422:;D:425:;D:427:;D:429:
catalase_ps,hbond_donor,95,6,alternative interface,B:89:,ASP,89,B,7,3,14.384784246210154,0.42857142857142855,0.5066385714285715,0.33837000000000006,0.9926292862783697,B:101:;B:102:;B:87:;B:88:;B:89:;B:91:;B:92:,B:87:;B:89:;B:91:
catalase_ps,hbond_donor,96,6,alternative interface,D:421:,ARG,421,D,8,4,12.392629818092425,0.5,0.33963,0.33203000000000005,0.9935922724434726,C:427:;C:428:;C:429:;D:419:;D:420:;D:421:;D:422:;D:423:,C:427:;C:429:;D:419:;D:422:
catalase_ps,hbond_donor,97,6,alternative interface,D:480:,ASN,480,D,8,3,12.665537682393675,0.375,0.31272375,0.32899,0.9954532923769713,D:189:;D:192:;D:476:;D:478:;D:479:;D:480:;D:482:;D:483:,D:480:;D:482:;D:483:
catalase_ps,hbond_donor,98,6,alternative interface,A:379:,ARG,379,A,4,2,8.882704178896606,0.5,0.487815,0.3144,0.9922631514783391,A:138:;A:378:;A:379:;A:381:,A:138:;A:378:
catalase_ps,hbond_donor,99,6,alternative interface,C:238:,ASP,238,C,6,4,11.048674242854652,0.6666666666666666,0.3648116666666667,0.27864,0.9939211720151381,C:236:;C:238:;C:239:;C:240:;C:275:;C:277:,C:238:;C:239:;C:275:;C:277:
catalase_ps,hbond_donor,100,6,alternative interface,D:178:,PRO,178,D,6,2,11.247055014719221,0.3333333333333333,0.3315633333333333,0.24170999999999998,0.9952473342139682,D:176:;D:177:;D:178:;D:181:;D:465:;D:468:,D:177:;D:468:
catalase_ps,hbond_donor,101,6,alternative interface,A:464:,GLY,464,A,6,3,13.06982304852377,0.5,0.415345,0.2382,0.9943313175490358,A:460:;A:461:;A:464:;A:465:;A:467:;A:468:,A:460:;A:461:;A:468:
catalase_ps,hbond_donor,102,6,alternative interface,A:238:,ASP,238,A,6,4,11.085510011508596,0.6666666666666666,0.3652233333333334,0.22697,0.9941094670389036,A:236:;A:238:;A:239:;A:240:;A:275:;A:277:,A:238:;A:239:;A:275:;A:277:
catalase_ps,hbond_donor,103,6,alternative interface,C:468:,ASP,468,C,5,2,11.639459956087325,0.4,0.362412,0.22404,0.9953917646838106,C:178:;C:465:;C:467:;C:468:;C:470:,C:468:;C:470:
catalase_ps,hbond_donor,104,6,alternative interface,B:448:,LYS,448,B,8,2,12.745146558422135,0.25,0.43716374999999996,0.20446,0.9963966074435493,B:443:;B:444:;B:445:;B:447:;B:448:;B:449:;B:450:;B:451:,B:444:;B:451:
catalase_ps,hbond_donor,105,6,alternative interface,D:447:,LEU,447,D,8,2,12.621274823474613,0.25,0.46790625,0.19439,0.9965021283767208,D:443:;D:444:;D:445:;D:447:;D:448:;D:449:;D:450:;D:451:,D:444:;D:451:
catalase_ps,hbond_donor,106,6,alternative interface,D:97:,LYS,97,D,5,3,12.860796827483599,0.6,0.3395,0.16161,0.9945207331575479,D:100:;D:138:;D:139:;D:95:;D:97:,D:100:;D:138:;D:139:
catalase_ps,hbond_donor,107,6,alternative interface,B:103:,GLY,103,B,7,2,10.227894469808943,0.2857142857142857,0.43486142857142857,0.11547,0.9964386078050714,B:101:;B:102:;B:103:;B:104:;B:105:;B:85:;B:87:,B:85:;B:87:
catalase_ps,hbond_donor,108,6,alternative interface,D:38:,LEU,38,D,3,2,6.604259029413601,0.6666666666666666,0.15917666666666666,0.09958,0.995432278137934,D:36:;D:38:;D:39:,D:36:;D:39:
catalase_ps,hbond_donor,109,6,alternative interface,D:220:,LYS,220,D,7,2,10.874461836156707,0.2857142857142857,0.10497000000000001,0.06967,0.9965226671373828,D:219:;D:220:;D:222:;D:229:;D:230:;D:343:;D:344:,D:230:;D:343:
catalase_ps,hbond_donor,110,7,alternative interface,B:413:,HIS,413,B,8,4,12.731611044530686,0.5,0.33209,0.4645,0.9906380510955269,B:411:;B:412:;B:413:;B:414:;B:415:;D:25:;D:27:;D:36:,B:412:;B:414:;D:27:;D:36:
catalase_ps,hbond_donor,111,7,alternative interface,D:256:,ASP,256,D,9,4,9.901041468220775,0.4444444444444444,0.2575055555555556,0.42313,0.9947850649326011,D:122:;D:252:;D:253:;D:254:;D:255:;D:256:;D:257:;D:258:;D:259:,D:255:;D:256:;D:258:;D:259:
catalase_ps,hbond_donor,112,7,alternative interface,A:441:,GLN,441,A,9,4,12.914888722939281,0.4444444444444444,0.31250555555555554,0.41435,0.9943446660614116,A:193:;A:301:;A:438:;A:439:;A:440:;A:441:;A:443:;A:444:;A:445:,A:438:;A:440:;A:441:;A:444:
catalase_ps,hbond_donor,113,7,alternative interface,A:413:,HIS,413,A,8,4,12.871017706753511,0.5,0.34659375,0.40795000000000003,0.9905298784525807,A:411:;A:412:;A:413:;A:414:;A:415:;C:25:;C:27:;C:36:,A:412:;A:414:;C:27:;C:36:
catalase_ps,hbond_donor,114,7,alternative interface,C:256:,ASP,256,C,9,4,9.863269587432443,0.4444444444444444,0.25802888888888886,0.40238,0.9950673936644605,C:122:;C:252:;C:253:;C:254:;C:255:;C:256:;C:257:;C:258:;C:259:,C:255:;C:256:;C:258:;C:259:
catalase_ps,hbond_donor,115,7,alternative interface,B:398:,GLY,398,B,6,3,10.995982442612945,0.5,0.37876,0.37765,0.9845884461265793,A:172:;B:395:;B:397:;B:398:;B:400:;D:322:,A:172:;B:395:;B:397:
catalase_ps,hbond_donor,116,7,alternative interface,A:431:,PHE,431,A,8,4,12.268553668777322,0.5,0.2851275,0.35231,0.9914431221592797,A:429:;A:431:;A:432:;A:433:;D:39:;D:41:;D:44:;D:45:,A:429:;A:432:;A:433:;D:39:
catalase_ps,hbond_donor,117,7,alternative interface,C:413:,HIS,413,C,8,3,13.020714546549286,0.375,0.35230625000000004,0.34397,0.9891820891174002,A:25:;A:33:;A:36:;C:411:;C:412:;C:413:;C:414:;C:415:,A:36:;C:412:;C:414:
catalase_ps,hbond_donor,118,7,alternative interface,D:266:,ASN,266,D,8,4,12.105772586819894,0.5,0.2804,0.33389,0.9925068001962466,D:262:;D:263:;D:265:;D:266:;D:269:;D:270:;D:5:;D:6:,D:263:;D:266:;D:270:;D:5:
catalase_ps,hbond_donor,119,7,alternative interface,D:379:,ARG,379,D,6,4,11.114853014251747,0.6666666666666666,0.3704483333333333,0.33106,0.9883893765728414,D:136:;D:138:;D:139:;D:378:;D:379:;D:381:,D:136:;D:138:;D:139:;D:378:
catalase_ps,hbond_donor,120,7,alternative interface,B:266:,ASN,266,B,8,4,11.48614786363074,0.5,0.26553375,0.32707,0.9930617033246849,B:262:;B:263:;B:265:;B:266:;B:269:;B:270:;B:5:;B:6:,B:263:;B:266:;B:270:;B:5:
catalase_ps,hbond_donor,121,7,alternative interface,C:266:,ASN,266,C,8,4,12.212259129144082,0.5,0.26564125,0.32685000000000003,0.992567539405926,C:262:;C:263:;C:265:;C:266:;C:269:;C:270:;C:5:;C:6:,C:263:;C:266:;C:270:;C:5:
catalase_ps,hbond_donor,122,7,alternative interface,B:426:,GLY,426,B,10,3,13.127548974155413,0.3,0.334456,0.32083,0.9928519317577529,A:423:;A:424:;A:425:;B:424:;B:425:;B:426:;B:427:;B:428:;C:44:;C:45:,A:425:;B:425:;B:427:
catalase_ps,hbond_donor,123,7,alternative interface,B:394:,MET,394,B,6,3,13.164888945355536,0.5,0.38067333333333325,0.29644,0.9684286655732572,B:371:;B:393:;B:394:;B:395:;B:397:;D:373:,B:371:;B:395:;B:397:
catalase_ps,hbond_donor,124,7,alternative interface,B:379:,ARG,379,B,4,2,8.75350376107337,0.5,0.44837,0.28658,0.9919544507077456,B:138:;B:378:;B:379:;B:381:,B:138:;B:378:
catalase_ps,hbond_donor,125,7,alternative interface,B:39:,ASN,39,B,7,4,12.102055883291424,0.5714285714285714,0.24392428571428573,0.24944,0.9934345171187514,B:36:;B:37:;B:38:;B:39:;C:431:;C:432:;C:433:,B:36:;B:39:;C:432:;C:433:
catalase_ps,hbond_donor,126,7,alternative interface,D:238:,ASP,238,D,7,4,12.803173367446782,0.5714285714285714,0.3261342857142857,0.24515,0.9927416187605635,D:210:;D:236:;D:238:;D:239:;D:240:;D:275:;D:277:,D:238:;D:239:;D:275:;D:277:
catalase_ps,hbond_donor,127,7,alternative interface,B:214:,TYR,214,B,8,5,11.119064224340551,0.625,0.13587625000000003,0.23204999999999998,0.9937042263026219,B:146:;B:147:;B:148:;B:150:;B:212:;B:214:;B:216:;B:234:,B:147:;B:148:;B:212:;B:214:;B:216:
catalase_ps,hbond_donor,128,7,alternative interface,C:314:,LYS,314,C,6,4,13.373334396726158,0.6666666666666666,0.313755,0.22454000000000002,0.9926068747509466,C:275:;C:277:;C:314:;C:316:;C:85:;C:87:,C:275:;C:277:;C:85:;C:87:
catalase_ps,hbond_donor,129,7,alternative interface,C:461:,ASN,461,C,6,3,13.16236491078873,0.5,0.3018633333333333,0.22074000000000002,0.9937405395262241,C:200:;C:457:;C:460:;C:461:;C:464:;C:465:,C:200:;C:460:;C:461:
catalase_ps,hbond_donor,130,7,alternative interface,A:178:,PRO,178,A,6,2,11.094809051532229,0.3333333333333333,0.30117666666666665,0.21749,0.995265000335274,A:176:;A:177:;A:178:;A:181:;A:465:;A:468:,A:177:;A:468:
catalase_ps,hbond_donor,131,7,alternative interface,A:139:,ASP,139,A,5,3,11.189574352257715,0.6,0.24009999999999998,0.21411000000000002,0.9932013331330517,A:138:;A:139:;A:340:;A:97:;C:32:,A:138:;A:139:;C:32:
catalase_ps,hbond_donor,132,7,alternative interface,C:23:,PRO,23,C,8,4,12.39518099308207,0.5,0.39817375,0.20649,0.9933937722678914,A:409:;A:411:;A:412:;C:21:;C:22:;C:23:;C:24:;C:25:,A:409:;A:412:;C:21:;C:24:
catalase_ps,hbond_donor,133,7,alternative interface,B:238:,ASP,238,B,7,4,12.47239664746359,0.5714285714285714,0.32744285714285715,0.20533,0.9930024721213663,B:210:;B:236:;B:238:;B:239:;B:240:;B:275:;B:277:,B:238:;B:239:;B:275:;B:277:
catalase_ps,hbond_donor,134,7,alternative interface,C:319:,ARG,319,C,5,2,12.061752645937082,0.4,0.270332,0.20061,0.994403443880112,C:269:;C:318:;C:319:;C:320:;C:81:,C:318:;C:320:
catalase_ps,hbond_donor,135,7,alternative interface,A:100:,GLU,100,A,7,2,13.862300999428653,0.2857142857142857,0.40981000000000006,0.18812,0.9929349440366481,A:100:;A:101:;A:102:;A:104:;A:91:;A:95:;A:97:,A:100:;A:91:
catalase_ps,hbond_donor,136,7,alternative interface,B:467:,LYS,467,B,8,5,13.334949146502757,0.625,0.3044075,0.18491,0.9938280237919175,B:464:;B:465:;B:467:;B:468:;B:470:;B:474:;B:499:;B:500:,B:468:;B:470:;B:474:;B:499:;B:500:
catalase_ps,hbond_donor,137,7,alternative interface,B:178:,PRO,178,B,5,1,11.363808255420766,0.2,0.35270799999999997,0.18491,0.9951364443342413,B:176:;B:178:;B:181:;B:465:;B:468:,B:468:
catalase_ps,hbond_donor,138,7,alternative interface,C:407:,SER,407,C,3,2,9.712596767776539,0.6666666666666666,0.22453333333333333,0.16788,0.9929190021282698,C:405:;C:407:;C:409:,C:407:;C:409:
catalase_ps,hbond_donor,139,7,alternative interface,D:103:,GLY,103,D,8,2,12.069674550336417,0.25,0.43437125,0.13092,0.9957837696891422,D:101:;D:102:;D:103:;D:104:;D:105:;D:85:;D:87:;D:88:,D:85:;D:87:
catalase_ps,hbond_donor,140,7,alternative interface,B:407:,SER,407,B,3,2,9.380712874076016,0.6666666666666666,0.17828,0.12178000000000001,0.9931319450825623,B:405:;B:407:;B:409:,B:407:;B:409:
catalase_ps,hbond_donor,141,7,alternative interface,C:242:,LYS,242,C,7,2,13.202068921894838,0.2857142857142857,0.3157757142857142,0.0943,0.9944412368711588,C:206:;C:210:;C:240:;C:241:;C:242:;C:243:;C:244:,C:206:;C:243:
catalase_ps,hbond_donor,142,7,alternative interface,A:407:,SER,407,A,3,2,9.6010651161793,0.6666666666666666,0.23257000000000003,0.07725,0.9930399291147212,A:405:;A:407:;A:409:,A:407:;A:409:
catalase_ps,hbond_donor,143,7,alternative interface,A:294:,ASN,294,A,6,2,13.943768692216537,0.3333333333333333,0.31326666666666664,0.06584,0.9938371254802517,A:292:;A:293:;A:294:;A:296:;A:436:;D:46:,A:294:;A:436:
catalase_ps,hbond_donor,144,7,alternative interface,C:220:,LYS,220,C,7,2,11.028200504084394,0.2857142857142857,0.10474714285714284,0.06566,0.9965105565993556,C:219:;C:220:;C:222:;C:229:;C:230:;C:343:;C:344:,C:230:;C:343:
catalase_ps,hbond_donor,145,7,alternative interface,D:407:,SER,407,D,3,2,9.342723709342616,0.6666666666666666,0.2641366666666667,0.06385,0.9933506487483954,D:405:;D:407:;D:409:,D:407:;D:409:
catalase_ps,hbond_donor,146,7,alternative interface,D:404:,TYR,404,D,3,2,9.18106943775849,0.6666666666666666,0.14298999999999998,0.042519999999999995,0.9953991536536939,D:402:;D:404:;D:405:,D:402:;D:404:
catalase_ps,hbond_donor,147,8,alternative interface,A:256:,ASP,256,A,9,4,9.85368082503443,0.4444444444444444,0.23901111111111106,0.38935000000000003,0.9948251952809367,A:122:;A:252:;A:253:;A:254:;A:255:;A:256:;A:257:;A:258:;A:259:,A:255:;A:256:;A:258:;A:259:
catalase_ps,hbond_donor,148,8,alternative interface,D:441:,GLN,441,D,10,4,12.86137407347696,0.4,0.27533899999999994,0.38741,0.9942644938001365,D:193:;D:300:;D:301:;D:438:;D:439:;D:440:;D:441:;D:443:;D:444:;D:445:,D:438:;D:440:;D:441:;D:444:
catalase_ps,hbond_donor,149,8,alternative interface,D:411:,PRO,411,D,9,4,12.114648857728952,0.4444444444444444,0.30772333333333335,0.37833,0.9928635097245939,B:23:;B:24:;B:25:;D:383:;D:384:;D:409:;D:411:;D:412:;D:413:,B:24:;D:384:;D:409:;D:412:
catalase_ps,hbond_donor,150,8,alternative interface,D:398:,GLY,398,D,6,3,10.796868553038728,0.5,0.33433666666666667,0.33557000000000003,0.9849143609169265,B:322:;C:172:;D:395:;D:397:;D:398:;D:400:,C:172:;D:395:;D:397:
catalase_ps,hbond_donor,151,8,alternative interface,B:418:,LEU,418,B,8,4,14.066613357070668,0.5,0.32168874999999997,0.324,0.9882000889647482,B:340:;B:414:;B:415:;B:416:;B:418:;B:419:;B:420:;D:36:,B:414:;B:416:;B:419:;D:36:
catalase_ps,hbond_donor,152,8,alternative interface,A:427:,ASP,427,A,10,4,13.433055397401889,0.4,0.30664100000000005,0.32217,0.9934861345332692,A:425:;A:426:;A:427:;A:428:;A:429:;B:421:;B:422:;B:423:;B:424:;D:44:,A:425:;A:427:;A:429:;B:422:
catalase_ps,hbond_donor,153,8,alternative interface,B:431:,PHE,431,B,8,4,12.122132248772182,0.5,0.26184375,0.32026000000000004,0.9916866923635582,B:429:;B:431:;B:432:;B:433:;C:39:;C:41:;C:44:;C:45:,B:429:;B:432:;B:433:;C:39:
catalase_ps,hbond_donor,154,8,alternative interface,D:376:,CYS,376,D,5,2,10.263352616882745,0.4,0.35418400000000005,0.28509,0.9902066370319017,D:370:;D:371:;D:373:;D:376:;D:378:,D:371:;D:378:
catalase_ps,hbond_donor,155,8,alternative interface,D:394:,MET,394,D,5,2,13.516182802940488,0.4,0.384258,0.25355,0.9788602188796438,B:373:;D:393:;D:394:;D:395:;D:397:,D:395:;D:397:
catalase_ps,hbond_donor,156,8,alternative interface,A:54:,VAL,54,A,7,4,10.960472447676159,0.5714285714285714,0.18132285714285715,0.22861,0.9823985938868254,A:51:;A:52:;A:54:;A:55:;A:57:;A:58:;C:336:,A:52:;A:57:;A:58:;C:336:
catalase_ps,hbond_donor,157,8,alternative interface,B:229:,VAL,229,B,9,4,13.07876835782224,0.4444444444444444,0.2594677777777778,0.21652000000000002,0.9933071132431518,B:220:;B:222:;B:227:;B:229:;B:230:;B:282:;B:284:;B:285:;B:93:,B:227:;B:230:;B:284:;B:93:
catalase_ps,hbond_donor,158,8,alternative interface,D:461:,ASN,461,D,7,3,12.886252586966782,0.42857142857142855,0.24613000000000002,0.21577000000000002,0.9937785627932126,D:199:;D:200:;D:457:;D:460:;D:461:;D:464:;D:465:,D:200:;D:460:;D:461:
catalase_ps,hbond_donor,159,8,alternative interface,B:461:,ASN,461,B,7,3,13.136506456005078,0.42857142857142855,0.2533228571428571,0.20783000000000001,0.9936800101575375,B:199:;B:200:;B:457:;B:460:;B:461:;B:464:;B:465:,B:200:;B:460:;B:461:
catalase_ps,hbond_donor,160,8,alternative interface,A:314:,LYS,314,A,6,4,13.50423648455532,0.6666666666666666,0.2934583333333333,0.20018999999999998,0.9925535381680152,A:275:;A:277:;A:314:;A:316:;A:85:;A:87:,A:275:;A:277:;A:85:;A:87:
catalase_ps,hbond_donor,161,8,alternative interface,B:314:,LYS,314,B,6,4,13.39951365355583,0.6666666666666666,0.2971283333333333,0.1889,0.9924096040481287,B:275:;B:277:;B:314:;B:316:;B:85:;B:87:,B:275:;B:277:;B:85:;B:87:
catalase_ps,hbond_donor,162,8,alternative interface,A:319:,ARG,319,A,5,2,12.07819110559337,0.4,0.24720000000000003,0.18879,0.9945388884118581,A:269:;A:318:;A:319:;A:320:;A:81:,A:318:;A:320:
catalase_ps,hbond_donor,163,8,alternative interface,D:314:,LYS,314,D,6,4,13.23942265649969,0.6666666666666666,0.2745633333333333,0.18162,0.9926010549158071,D:275:;D:277:;D:314:;D:316:;D:85:;D:87:,D:275:;D:277:;D:85:;D:87:
catalase_ps,hbond_donor,164,8,alternative interface,B:139:,ASP,139,B,5,3,10.587046775776663,0.6,0.20350799999999997,0.16585999999999998,0.9932744418798976,B:138:;B:139:;B:340:;B:97:;D:32:,B:138:;B:139:;D:32:
catalase_ps,hbond_donor,165,8,alternative interface,B:100:,GLU,100,B,7,2,13.211610484849837,0.2857142857142857,0.39528428571428575,0.15239,0.9931242887019222,B:100:;B:101:;B:102:;B:104:;B:91:;B:95:;B:97:,B:100:;B:91:
catalase_ps,hbond_donor,166,8,alternative interface,A:311:,PRO,311,A,7,3,13.886066586743492,0.42857142857142855,0.3156957142857143,0.12992,0.9930251817523947,A:277:;A:279:;A:309:;A:310:;A:311:;A:87:;A:88:,A:277:;A:279:;A:87:
catalase_ps,hbond_donor,167,8,alternative interface,D:242:,LYS,242,D,8,2,13.098120187906824,0.25,0.29899624999999996,0.1246,0.9945699413413334,D:206:;D:207:;D:210:;D:240:;D:241:;D:242:;D:243:;D:244:,D:206:;D:243:
catalase_ps,hbond_donor,168,8,alternative interface,B:311:,PRO,311,B,7,3,13.60835111861037,0.42857142857142855,0.3065257142857143,0.09706,0.9933572518508457,B:277:;B:279:;B:309:;B:310:;B:311:;B:87:;B:88:,B:277:;B:279:;B:87:
catalase_ps,hbond_donor,169,8,alternative interface,A:219:,PHE,219,A,6,2,11.704274525158734,0.3333333333333333,0.09759666666666666,0.07325,0.994876929970593,A:219:;A:220:;A:230:;A:232:;A:343:;A:344:,A:230:;A:343:
catalase_ps,hbond_donor,170,8,alternative interface,A:404:,TYR,404,A,3,2,9.219237493446661,0.6666666666666666,0.13703666666666667,0.037309999999999996,0.9950649649408881,A:402:;A:404:;A:405:,A:402:;A:404:
catalase_ps,hbond_donor,171,8,alternative interface,B:404:,TYR,404,B,3,2,9.068793791264609,0.6666666666666666,0.11392666666666666,0.02565,0.9952273708113656,B:402:;B:404:;B:405:,B:402:;B:404:
catalase_ps,hbond_donor,172,9,alternative interface,C:396:,ASN,396,C,8,4,11.262270885148444,0.5,0.272095,0.26783,0.9761352396959979,A:325:;C:388:;C:393:;C:394:;C:395:;C:396:;C:397:;C:398:,C:388:;C:395:;C:396:;C:397:
catalase_ps,hbond_donor,173,9,alternative interface,C:376:,CYS,376,C,7,2,12.389736030572312,0.2857142857142857,0.2872942857142858,0.25975000000000004,0.9793997457225715,A:30:;C:370:;C:371:;C:373:;C:374:;C:376:;C:378:,C:371:;C:378:
catalase_ps,hbond_donor,174,9,alternative interface,B:202:,ARG,202,B,9,3,14.900391738436443,0.3333333333333333,0.24471666666666664,0.25811,0.9922194125202346,B:197:;B:198:;B:199:;B:200:;B:201:;B:202:;B:203:;B:242:;B:243:,B:200:;B:201:;B:243:
catalase_ps,hbond_donor,175,9,alternative interface,B:260:,GLY,260,B,10,5,13.897956705839514,0.5,0.155802,0.25607,0.9900379071203773,B:123:;B:206:;B:207:;B:208:;B:258:;B:259:;B:260:;B:262:;B:263:;B:78:,B:123:;B:206:;B:258:;B:259:;B:263:
catalase_ps,hbond_donor,176,9,alternative interface,D:260:,GLY,260,D,10,5,12.07660432375188,0.5,0.157693,0.25323,0.9908653068794779,D:123:;D:206:;D:207:;D:208:;D:258:;D:259:;D:260:;D:261:;D:262:;D:263:,D:123:;D:206:;D:258:;D:259:;D:263:
catalase_ps,hbond_donor,177,9,alternative interface,B:376:,CYS,376,B,6,2,12.316075187274189,0.3333333333333333,0.27792999999999995,0.25164000000000003,0.9825712156904253,B:370:;B:371:;B:373:;B:376:;B:378:;D:30:,B:371:;B:378:
catalase_ps,hbond_donor,178,9,alternative interface,D:54:,VAL,54,D,8,4,11.082268709646511,0.5,0.18162,0.24428,0.9800897515915495,B:336:;B:355:;D:51:;D:52:;D:54:;D:55:;D:57:;D:58:,B:336:;D:52:;D:57:;D:58:
catalase_ps,hbond_donor,179,9,alternative interface,A:263:,ASP,263,A,8,3,11.642041449979795,0.375,0.17556,0.23951,0.9921873997195977,A:207:;A:259:;A:260:;A:261:;A:262:;A:263:;A:265:;A:266:,A:259:;A:263:;A:266:
catalase_ps,hbond_donor,180,9,alternative interface,A:376:,CYS,376,A,6,2,10.166508792147852,0.3333333333333333,0.28189666666666663,0.23609000000000002,0.9863983204170653,A:370:;A:371:;A:373:;A:374:;A:376:;A:378:,A:371:;A:378:
catalase_ps,hbond_donor,181,9,alternative interface,B:82:,GLY,82,B,7,2,11.139808348291643,0.2857142857142857,0.27083714285714283,0.23393999999999998,0.992207668091196,B:107:;B:316:;B:318:;B:319:;B:81:;B:82:;B:83:,B:318:;B:83:
catalase_ps,hbond_donor,182,9,alternative interface,B:54:,VAL,54,B,8,4,10.976035262409564,0.5,0.18063875000000001,0.23046,0.9809200450796677,B:51:;B:52:;B:54:;B:55:;B:57:;B:58:;D:336:;D:355:,B:52:;B:57:;B:58:;D:336:
catalase_ps,hbond_donor,183,9,alternative interface,D:82:,GLY,82,D,7,2,10.949335772412947,0.2857142857142857,0.24392857142857144,0.22679,0.9924825182869705,D:107:;D:316:;D:318:;D:319:;D:81:;D:82:;D:83:,D:318:;D:83:
catalase_ps,hbond_donor,184,9,alternative interface,C:260:,GLY,260,C,10,5,12.092410709353022,0.5,0.13208,0.21212,0.9910459477327074,C:123:;C:206:;C:207:;C:208:;C:258:;C:259:;C:260:;C:261:;C:262:;C:263:,C:123:;C:206:;C:258:;C:259:;C:263:
catalase_ps,hbond_donor,185,9,alternative interface,A:422:,THR,422,A,8,3,13.032384100012873,0.375,0.2750725,0.20123999999999997,0.9935668755759204,A:420:;A:421:;A:422:;A:423:;A:424:;B:427:;B:428:;B:429:,A:422:;B:427:;B:429:
catalase_ps,hbond_donor,186,9,alternative interface,C:214:,TYR,214,C,8,5,13.462753484680016,0.625,0.12882375000000001,0.19987,0.9907747151959629,C:147:;C:148:;C:150:;C:212:;C:214:;C:216:;C:232:;C:234:,C:147:;C:148:;C:212:;C:214:;C:216:
catalase_ps,hbond_donor,187,9,alternative interface,D:214:,TYR,214,D,8,5,13.383377636997167,0.625,0.1328925,0.19876000000000002,0.9908205124446279,D:147:;D:148:;D:150:;D:212:;D:214:;D:216:;D:232:;D:234:,D:147:;D:148:;D:212:;D:214:;D:216:
catalase_ps,hbond_donor,188,9,alternative interface,B:324:,TYR,324,B,7,4,12.192526691972581,0.5714285714285714,0.23831285714285716,0.19526,0.9853700066034925,B:322:;B:324:;B:325:;B:327:;B:329:;C:172:;C:174:,B:324:;B:327:;B:329:;C:172:
catalase_ps,hbond_donor,189,9,alternative interface,C:139:,ASP,139,C,7,3,11.863359988193723,0.42857142857142855,0.15695571428571428,0.17672999999999997,0.9916618748023914,A:32:;A:33:;C:138:;C:139:;C:339:;C:340:;C:97:,A:32:;C:138:;C:139:
catalase_ps,hbond_donor,190,9,alternative interface,A:229:,VAL,229,A,9,4,12.950011917958706,0.4444444444444444,0.2318411111111111,0.16121,0.9934813150925372,A:220:;A:222:;A:227:;A:229:;A:230:;A:282:;A:284:;A:285:;A:93:,A:227:;A:230:;A:284:;A:93:
catalase_ps,hbond_donor,191,9,alternative interface,A:324:,TYR,324,A,7,4,12.017544800511105,0.5714285714285714,0.21549142857142853,0.15111,0.9855786755585272,A:322:;A:324:;A:325:;A:327:;A:329:;D:172:;D:174:,A:324:;A:327:;A:329:;D:172:
catalase_ps,hbond_donor,192,9,alternative interface,C:420:,HIS,420,C,7,2,12.441478882661457,0.2857142857142857,0.33189857142857143,0.12057000000000001,0.992346758158687,C:222:;C:226:;C:418:;C:419:;C:420:;C:421:;C:422:,C:419:;C:422:
catalase_ps,hbond_donor,193,9,alternative interface,D:311:,PRO,311,D,7,3,14.039064796826496,0.42857142857142855,0.29842571428571435,0.11343,0.9928882278840039,D:277:;D:279:;D:309:;D:310:;D:311:;D:87:;D:88:,D:277:;D:279:;D:87:
catalase_ps,hbond_donor,194,9,alternative interface,C:311:,PRO,311,C,7,3,14.439278478502919,0.42857142857142855,0.30407285714285714,0.10974,0.9927011225532382,C:277:;C:279:;C:309:;C:310:;C:311:;C:87:;C:88:,C:277:;C:279:;C:87:
catalase_ps,hbond_donor,195,9,alternative interface,B:338:,MET,338,B,6,4,11.868041580963233,0.6666666666666666,0.10430333333333332,0.08968999999999999,0.9910699840772549,B:336:;B:337:;B:338:;B:340:;B:343:;D:32:,B:336:;B:337:;B:343:;D:32:
catalase_ps,hbond_donor,196,9,alternative interface,C:322:,VAL,322,C,6,4,13.470231332109229,0.6666666666666666,0.267905,0.07711,0.9822228835788762,A:395:;A:398:;B:172:;C:320:;C:322:;C:327:,A:395:;B:172:;C:320:;C:327:
catalase_ps,hbond_donor,197,9,alternative interface,B:126:,ARG,126,B,7,1,10.763481630069565,0.14285714285714285,0.19043428571428572,0.07128,0.9946923975678705,B:125:;B:126:;B:127:;B:128:;B:198:;B:199:;B:203:,B:127:
catalase_ps,hbond_donor,198,9,alternative interface,A:123:,ASP,123,A,10,5,14.510797317422268,0.5,0.18337799999999999,0.0695,0.9868549727538022,A:113:;A:121:;A:122:;A:123:;A:125:;A:253:;A:257:;A:258:;A:259:;A:260:,A:113:;A:121:;A:123:;A:258:;A:259:
catalase_ps,hbond_donor,199,9,alternative interface,C:329:,GLU,329,C,3,2,6.263929249536015,0.6666666666666666,0.14452666666666666,0.06644,0.9882562718175987,C:325:;C:327:;C:329:,C:327:;C:329:
catalase_ps,hbond_donor,200,9,alternative interface,C:294:,ASN,294,C,6,2,13.342351588491159,0.3333333333333333,0.27075999999999995,0.05856,0.9940475692753357,B:46:;C:292:;C:293:;C:294:;C:296:;C:436:,C:294:;C:436:
catalase_ps,hbond_donor,201,9,alternative interface,A:126:,ARG,126,A,6,1,10.950389804329374,0.16666666666666666,0.15317666666666666,0.0387,0.9940570770895694,A:125:;A:126:;A:127:;A:198:;A:199:;A:204:,A:127:
catalase_ps,hbond_donor,202,9,alternative interface,C:282:,VAL,282,C,7,3,14.495368576397707,0.42857142857142855,0.22168857142857143,0.021589999999999998,0.9936457467747969,C:229:;C:230:;C:232:;C:282:;C:284:;C:307:;C:308:,C:230:;C:284:;C:307:
catalase_ps,hbond_donor,203,10,alternative interface,C:54:,VAL,54,C,8,4,11.295373737573613,0.5,0.16946375,0.22111,0.9806314557464172,A:336:;A:355:;C:51:;C:52:;C:54:;C:55:;C:57:;C:58:,A:336:;C:52:;C:57:;C:58:
catalase_ps,hbond_donor,204,10,alternative interface,A:396:,ASN,396,A,8,4,11.45145628787449,0.5,0.24242499999999997,0.21753,0.9759042713125483,A:388:;A:393:;A:394:;A:395:;A:396:;A:397:;A:398:;C:325:,A:388:;A:395:;A:396:;A:397:
catalase_ps,hbond_donor,205,10,alternative interface,A:214:,TYR,214,A,8,5,13.454674959421304,0.625,0.13233875,0.19777999999999998,0.9907981649965021,A:147:;A:148:;A:150:;A:212:;A:214:;A:216:;A:232:;A:234:,A:147:;A:148:;A:212:;A:214:;A:216:
catalase_ps,hbond_donor,206,10,alternative interface,C:203:,GLY,203,C,12,4,14.133399132719394,0.3333333333333333,0.21176000000000003,0.19524999999999998,0.993453765236912,C:125:;C:126:;C:127:;C:128:;C:197:;C:198:;C:200:;C:201:;C:202:;C:203:;C:204:;C:243:,C:127:;C:200:;C:201:;C:243:
catalase_ps,hbond_donor,207,10,alternative interface,D:59:,GLU,59,D,9,5,11.716330196657319,0.5555555555555556,0.1479688888888889,0.19280999999999998,0.9747973089039329,B:386:;D:28:;D:29:;D:55:;D:57:;D:58:;D:59:;D:60:;D:62:,B:386:;D:28:;D:57:;D:58:;D:59:
catalase_ps,hbond_donor,208,10,alternative interface,C:59:,GLU,59,C,9,5,11.913870085055231,0.5555555555555556,0.15319222222222223,0.19038,0.9742824357731429,A:386:;C:28:;C:29:;C:55:;C:57:;C:58:;C:59:;C:60:;C:62:,A:386:;C:28:;C:57:;C:58:;C:59:
catalase_ps,hbond_donor,209,10,alternative interface,B:59:,GLU,59,B,9,5,12.106887087189515,0.5555555555555556,0.15341888888888888,0.18721,0.9738000670837877,B:28:;B:29:;B:55:;B:57:;B:58:;B:59:;B:60:;B:62:;D:386:,B:28:;B:57:;B:58:;B:59:;D:386:
catalase_ps,hbond_donor,210,10,alternative interface,A:59:,GLU,59,A,9,5,12.044053444158877,0.5555555555555556,0.14797111111111108,0.18502,0.9746944804687089,A:28:;A:29:;A:55:;A:57:;A:58:;A:59:;A:60:;A:62:;C:386:,A:28:;A:57:;A:58:;A:59:;C:386:
catalase_ps,hbond_donor,211,10,alternative interface,D:324:,TYR,324,D,7,4,12.119630345733544,0.5714285714285714,0.2375957142857143,0.17916,0.9853534457369603,A:172:;A:174:;D:322:;D:324:;D:325:;D:327:;D:329:,A:172:;D:324:;D:327:;D:329:
catalase_ps,hbond_donor,212,10,alternative interface,D:202:,ARG,202,D,8,3,12.725688169437962,0.375,0.18414375,0.17393,0.9933434291738861,D:197:;D:198:;D:199:;D:200:;D:201:;D:202:;D:204:;D:243:,D:200:;D:201:;D:243:
catalase_ps,hbond_donor,213,10,alternative interface,B:129:,ARG,129,B,8,4,11.433364310730875,0.5,0.13881875,0.1553,0.9906682095826137,B:113:;B:115:;B:127:;B:128:;B:129:;B:130:;B:147:;B:148:,B:113:;B:127:;B:147:;B:148:
catalase_ps,hbond_donor,214,10,alternative interface,A:41:,LEU,41,A,6,3,14.797058086612802,0.5,0.15242,0.10404,0.9899641530150387,A:39:;A:41:;A:52:;D:428:;D:429:;D:431:,A:39:;A:52:;D:429:
catalase_ps,hbond_donor,215,10,alternative interface,C:83:,TYR,83,C,6,2,13.401615835871624,0.3333333333333333,0.2920933333333333,0.10063000000000001,0.9928002293190649,C:105:;C:107:;C:316:;C:81:;C:83:;C:85:,C:83:;C:85:
catalase_ps,hbond_donor,216,10,alternative interface,A:419:,GLU,419,A,7,3,15.362957465904351,0.42857142857142855,0.22608571428571428,0.09962,0.9880761880790787,A:340:;A:343:;A:418:;A:419:;A:420:;A:421:;B:429:,A:343:;A:419:;B:429:
catalase_ps,hbond_donor,217,10,alternative interface,A:83:,TYR,83,A,6,2,13.447641841361564,0.3333333333333333,0.27595333333333333,0.09658,0.9928112976898547,A:105:;A:107:;A:316:;A:81:;A:83:;A:85:,A:83:;A:85:
catalase_ps,hbond_donor,218,10,alternative interface,D:282:,VAL,282,D,7,3,14.338042412801732,0.42857142857142855,0.15990285714285712,0.026949999999999998,0.9927025454851418,D:229:;D:230:;D:232:;D:282:;D:284:;D:307:;D:309:,D:230:;D:284:;D:307:
catalase_ps,hbond_donor,219,11,alternative interface,B:358:,PRO,358,B,9,3,13.991958528061549,0.3333333333333333,0.13853444444444443,0.19216999999999998,0.9775797476565088,B:333:;B:336:;B:355:;B:356:;B:357:;B:358:;B:360:;B:361:;B:362:,B:336:;B:357:;B:360:
catalase_ps,hbond_donor,220,11,alternative interface,B:76:,LYS,76,B,11,5,13.366687071407283,0.45454545454545453,0.16568272727272726,0.18257,0.9791019849300323,B:113:;B:115:;B:117:;B:118:;B:119:;B:121:;B:122:;B:123:;B:74:;B:76:;B:78:,B:113:;B:118:;B:119:;B:121:;B:123:
catalase_ps,hbond_donor,221,11,alternative interface,A:202:,ARG,202,A,8,3,13.110529459429202,0.375,0.178135,0.16821000000000003,0.9931584013717745,A:197:;A:198:;A:199:;A:200:;A:201:;A:202:;A:204:;A:243:,A:200:;A:201:;A:243:
catalase_ps,hbond_donor,222,11,alternative interface,B:32:,ASN,32,B,8,4,14.354857629807372,0.5,0.133345,0.15246,0.9881784753906862,B:28:;B:29:;B:32:;B:33:;D:139:;D:337:;D:338:;D:340:,B:28:;B:32:;D:139:;D:337:
catalase_ps,hbond_donor,223,11,alternative interface,B:388:,ASP,388,B,5,2,12.738293938459242,0.4,0.19014,0.09412000000000001,0.9554855159236247,B:386:;B:388:;B:390:;D:325:;D:67:,B:386:;B:388:
catalase_ps,hbond_donor,224,11,alternative interface,A:338:,MET,338,A,7,4,13.640649050093451,0.5714285714285714,0.10485714285714287,0.09379,0.9883907888763152,A:335:;A:336:;A:337:;A:338:;A:340:;A:343:;C:32:,A:336:;A:337:;A:343:;C:32:
catalase_ps,hbond_donor,225,11,alternative interface,B:384:,ASN,384,B,9,5,14.420706573650184,0.5555555555555556,0.12099222222222222,0.09031,0.9789931203341006,B:382:;B:383:;B:384:;B:386:;B:402:;B:411:;D:27:;D:28:;D:29:,B:384:;B:386:;B:402:;D:27:;D:28:
catalase_ps,hbond_donor,226,11,alternative interface,B:174:,HIS,174,B,5,1,11.469933535910794,0.2,0.22454000000000005,0.07711,0.9834529262132962,B:169:;B:172:;B:174:;B:176:;C:261:,B:172:
catalase_ps,hbond_donor,227,11,alternative interface,B:294:,ASN,294,B,7,2,15.541783227184887,0.2857142857142857,0.2907085714285714,0.06873,0.9926813028173052,B:288:;B:292:;B:293:;B:294:;B:296:;B:436:;C:46:,B:294:;B:436:
catalase_ps,hbond_donor,228,11,alternative interface,C:384:,ASN,384,C,9,4,14.496423359096745,0.4444444444444444,0.16607666666666668,0.06101,0.9801911764404134,A:25:;A:28:;A:29:;C:382:;C:383:;C:384:;C:386:;C:402:;C:411:,A:28:;C:384:;C:386:;C:402:
catalase_ps,hbond_donor,229,11,alternative interface,B:344:,PRO,344,B,5,1,10.052342096408795,0.2,0.093092,0.05666,0.993296576570695,B:219:;B:220:;B:343:;B:344:;B:346:,B:343:
catalase_ps,hbond_donor,230,11,alternative interface,C:404:,TYR,404,C,4,2,9.34866308842658,0.5,0.1136725,0.04332,0.9892572475558303,C:402:;C:404:;C:405:;D:163:,C:402:;C:404:
catalase_ps,hbond_donor,231,11,alternative interface,D:126:,ARG,126,D,7,1,11.17495621971619,0.14285714285714285,0.14579142857142857,0.0387,0.9934527600279586,D:125:;D:126:;D:127:;D:128:;D:198:;D:199:;D:204:,D:127:
catalase_ps,hbond_donor,232,12,alternative interface,A:358:,PRO,358,A,9,3,14.00752903397656,0.3333333333333333,0.12391111111111111,0.17146999999999998,0.9780635546591755,A:333:;A:336:;A:355:;A:356:;A:357:;A:358:;A:360:;A:361:;A:362:,A:336:;A:357:;A:360:
catalase_ps,hbond_donor,233,12,alternative interface,C:358:,PRO,358,C,9,3,13.832265389374104,0.3333333333333333,0.13092666666666666,0.17095,0.9778499568616769,C:333:;C:336:;C:355:;C:356:;C:357:;C:358:;C:360:;C:361:;C:362:,C:336:;C:357:;C:360:
catalase_ps,hbond_donor,234,12,alternative interface,D:358:,PRO,358,D,9,3,14.091133333560462,0.3333333333333333,0.1260088888888889,0.17047,0.9787846372562249,D:333:;D:336:;D:355:;D:356:;D:357:;D:358:;D:360:;D:361:;D:362:,D:336:;D:357:;D:360:
catalase_ps,hbond_donor,235,12,alternative interface,A:206:,ASP,206,A,10,2,12.902874838930499,0.2,0.17368499999999998,0.12696,0.9928012649234716,A:204:;A:206:;A:207:;A:208:;A:209:;A:210:;A:242:;A:243:;A:244:;A:260:,A:206:;A:243:
catalase_ps,hbond_donor,236,12,alternative interface,C:130:,GLY,130,C,9,3,13.41349215821702,0.3333333333333333,0.14161999999999997,0.11962,0.98288360926806,C:113:;C:115:;C:128:;C:130:;C:132:;C:145:;C:147:;C:148:;C:74:,C:113:;C:147:;C:148:
catalase_ps,hbond_donor,237,12,alternative interface,B:353:,ARG,353,B,7,2,14.909839820365889,0.2857142857142857,0.14606142857142856,0.11939999999999999,0.9824189228080206,B:157:;B:336:;B:349:;B:353:;B:355:;B:356:;B:357:,B:336:;B:357:
catalase_ps,hbond_donor,238,12,alternative interface,D:130:,GLY,130,D,9,3,13.315391102284869,0.3333333333333333,0.14462444444444442,0.11145,0.9828368352485812,D:113:;D:115:;D:128:;D:130:;D:132:;D:145:;D:147:;D:148:;D:74:,D:113:;D:147:;D:148:
catalase_ps,hbond_donor,239,12,alternative interface,A:117:,GLY,117,A,10,3,14.294819071434388,0.3,0.174342,0.10643000000000001,0.9767761303789625,A:115:;A:116:;A:117:;A:118:;A:119:;A:121:;A:122:;A:168:;A:73:;A:74:,A:118:;A:119:;A:121:
catalase_ps,hbond_donor,240,12,alternative interface,A:66:,GLU,66,A,6,2,12.818141892353657,0.3333333333333333,0.1542066666666667,0.10609,0.9356499210725778,A:62:;A:66:;A:67:;C:388:;C:390:;D:72:,A:66:;C:388:
catalase_ps,hbond_donor,241,12,alternative interface,C:66:,GLU,66,C,6,2,13.04386886638167,0.3333333333333333,0.156755,0.10609,0.9341445295031529,A:388:;A:390:;B:72:;C:62:;C:66:;C:67:,A:388:;C:66:
catalase_ps,hbond_donor,242,12,alternative interface,A:130:,GLY,130,A,8,3,13.251244307548808,0.375,0.13548125,0.10093999999999999,0.9830584612603132,A:113:;A:115:;A:130:;A:132:;A:145:;A:147:;A:148:;A:74:,A:113:;A:147:;A:148:
catalase_ps,hbond_donor,243,12,alternative interface,C:353:,ARG,353,C,6,2,12.773422783922191,0.3333333333333333,0.149805,0.09884,0.9866122608547817,C:336:;C:349:;C:353:;C:355:;C:356:;C:357:,C:336:;C:357:
catalase_ps,hbond_donor,244,12,alternative interface,A:384:,ASN,384,A,8,4,13.338864610407933,0.5,0.12524125,0.07848,0.9868645290323391,A:382:;A:383:;A:384:;A:386:;A:411:;C:27:;C:28:;C:29:,A:384:;A:386:;C:27:;C:28:
catalase_ps,hbond_donor,245,12,alternative interface,C:168:,LYS,168,C,8,2,12.83782577103454,0.25,0.17053625,0.06441,0.9843768312941242,C:116:;C:117:;C:165:;C:167:;C:168:;C:169:;C:176:;C:177:,C:167:;C:177:
catalase_ps,hbond_donor,246,12,alternative interface,D:320:,ASN,320,D,7,2,12.542393303326648,0.2857142857142857,0.26312142857142856,0.04137,0.9894069270026398,D:265:;D:269:;D:318:;D:319:;D:320:;D:322:;D:81:,D:318:;D:320:
catalase_ps,hbond_donor,247,12,alternative interface,B:320:,ASN,320,B,7,2,12.38069617417971,0.2857142857142857,0.2832342857142857,0.03328,0.9895406529261924,B:265:;B:269:;B:318:;B:319:;B:320:;B:322:;B:81:,B:318:;B:320:
catalase_ps,hbond_donor,248,12,alternative interface,A:77:,GLY,77,A,5,2,13.953321558042719,0.4,0.13528199999999999,0.01891,0.9801145107360201,A:113:;A:119:;A:261:;A:74:;A:77:,A:113:;A:119:
catalase_ps,hbond_donor,249,13,alternative interface,B:369:,TYR,369,B,8,2,11.526253284831725,0.25,0.12862125000000002,0.07878,0.9346303578700546,B:361:;B:362:;B:366:;B:367:;B:369:;B:370:;B:371:;D:391:,B:369:;B:371:
catalase_ps,hbond_donor,250,13,alternative interface,C:337:,ASN,337,C,6,3,13.92587389297236,0.5,0.09144833333333331,0.07785,0.9806394691063388,A:30:;A:32:;C:333:;C:336:;C:337:;C:339:,A:32:;C:336:;C:337:
catalase_ps,hbond_donor,251,13,alternative interface,B:165:,HIS,165,B,5,2,10.749623297092775,0.4,0.11939200000000001,0.07332,0.98440168640501,A:402:;B:165:;B:167:;B:168:;B:169:,A:402:;B:167:
catalase_ps,hbond_donor,252,13,alternative interface,D:363:,HIS,363,D,7,1,9.6800420018885,0.14285714285714285,0.1433642857142857,0.06824,0.9354357368768621,D:360:;D:361:;D:362:;D:363:;D:364:;D:366:;D:367:,D:360:
catalase_ps,hbond_donor,253,13,alternative interface,B:363:,HIS,363,B,6,1,9.675300027852934,0.16666666666666666,0.14717500000000003,0.06461,0.9449358869090101,B:360:;B:361:;B:362:;B:363:;B:366:;B:367:,B:360:
catalase_ps,hbond_donor,254,13,alternative interface,C:71:,ARG,71,C,7,1,12.192799344425966,0.14285714285714285,0.14941714285714286,0.05187,0.9775613574868225,B:67:;C:69:;C:70:;C:71:;C:72:;C:73:;C:74:,C:70:
catalase_ps,hbond_donor,255,14,alternative interface,D:165:,HIS,165,D,6,2,11.68629932485655,0.3333333333333333,0.10273833333333333,0.06974999999999999,0.9822181712403246,C:402:;D:163:;D:165:;D:167:;D:168:;D:169:,C:402:;D:167:
catalase_ps,hbond_donor,256,14,alternative interface,C:363:,HIS,363,C,7,1,13.326209569171168,0.14285714285714285,0.12967571428571428,0.06402000000000001,0.9049353468211272,B:65:;C:360:;C:361:;C:362:;C:363:;C:366:;C:367:,C:360:
catalase_ps,hbond_donor,257,14,alternative interface,A:363:,HIS,363,A,6,1,9.845634684942569,0.16666666666666666,0.13779333333333332,0.06018,0.9448811712601022,A:360:;A:361:;A:362:;A:363:;A:366:;A:367:,A:360:
catalase_ps,hbond_donor,258,14,alternative interface,A:165:,HIS,165,A,5,2,10.64489100696966,0.4,0.093574,0.054349999999999996,0.9840496364705055,A:165:;A:167:;A:168:;A:169:;B:402:,A:167:;B:402:
catalase_ps,hbond_donor,259,14,alternative interface,B:71:,ARG,71,B,7,1,12.364378068655977,0.14285714285714285,0.14189142857142859,0.04638,0.9772044542214013,B:69:;B:70:;B:71:;B:72:;B:73:;B:74:;C:67:,B:70:
catalase_ps,hbond_donor,260,15,alternative interface,A:71:,ARG,71,A,7,1,12.472374827164668,0.14285714285714285,0.14087857142857144,0.043280000000000006,0.9769929131855137,A:69:;A:70:;A:71:;A:72:;A:73:;A:74:;D:67:,A:70:
catalase_ps,hbond_donor,261,16,alternative interface,D:71:,ARG,71,D,8,1,13.168165495621809,0.125,0.1322,0.043280000000000006,0.972088263186787,A:67:;D:364:;D:69:;D:70:;D:71:;D:72:;D:73:;D:74:,D:70:
catalase_ps,hbond_acceptor,1,1,primary plausible interface,B:478:,VAL,478,B,9,5,12.751348909582966,0.5555555555555556,0.41230555555555554,1.0,0.9951578613825018,B:474:;B:475:;B:476:;B:478:;B:479:;B:480:;B:482:;B:490:;B:493:,B:475:;B:476:;B:479:;B:482:;B:490:
catalase_ps,hbond_acceptor,2,1,primary plausible interface,C:444:,THR,444,C,8,4,12.68043775319466,0.5,0.49315000000000003,0.84655,0.9960070495594113,C:440:;C:441:;C:443:;C:444:;C:445:;C:447:;C:448:;C:449:,C:440:;C:443:;C:444:;C:448:
catalase_ps,hbond_acceptor,3,1,primary plausible interface,A:478:,VAL,478,A,8,5,12.694177645849777,0.625,0.45835625,0.8188500000000001,0.9955513857709295,A:475:;A:476:;A:478:;A:479:;A:480:;A:482:;A:490:;A:493:,A:475:;A:476:;A:479:;A:482:;A:490:
catalase_ps,hbond_acceptor,4,1,primary plausible interface,B:486:,PRO,486,B,6,2,10.53013172439261,0.3333333333333333,0.5748,0.50829,0.9973955751457128,B:482:;B:483:;B:485:;B:486:;B:487:;B:490:,B:482:;B:490:
catalase_ps,hbond_acceptor,5,1,primary plausible interface,A:455:,ARG,455,A,9,4,11.961385595193923,0.4444444444444444,0.4168722222222222,0.50524,0.9975987765216324,A:200:;A:450:;A:451:;A:452:;A:453:;A:454:;A:455:;A:456:;A:457:,A:200:;A:455:;A:456:;A:457:
catalase_ps,hbond_acceptor,6,1,primary plausible interface,D:456:,LYS,456,D,7,3,12.462382720999065,0.42857142857142855,0.48848571428571436,0.48639000000000004,0.997370590134324,D:452:;D:453:;D:454:;D:455:;D:456:;D:457:;D:460:,D:455:;D:456:;D:457:
catalase_ps,hbond_acceptor,7,1,primary plausible interface,C:486:,PRO,486,C,6,2,10.363877078549669,0.3333333333333333,0.5132966666666667,0.47741999999999996,0.9974197943067821,C:482:;C:483:;C:485:;C:486:;C:487:;C:490:,C:482:;C:490:
catalase_ps,hbond_acceptor,8,1,primary plausible interface,A:289:,GLU,289,A,6,1,9.431506691567698,0.16666666666666666,0.56288,0.406,0.9978019390304306,A:285:;A:286:;A:287:;A:288:;A:289:;A:290:,A:286:
catalase_ps,hbond_acceptor,9,1,primary plausible interface,D:487:,GLU,487,D,6,3,10.048775963212258,0.5,0.4456616666666667,0.39654000000000006,0.9970260440235481,D:482:;D:485:;D:486:;D:487:;D:490:;D:491:,D:482:;D:490:;D:491:
catalase_ps,hbond_acceptor,10,1,primary plausible interface,D:494:,ALA,494,D,7,3,12.347700812650986,0.42857142857142855,0.5475428571428572,0.39654000000000006,0.9961270551317138,D:490:;D:491:;D:493:;D:494:;D:495:;D:497:;D:498:,D:490:;D:491:;D:498:
catalase_ps,hbond_acceptor,11,1,primary plausible interface,C:289:,GLU,289,C,6,1,8.82544151789209,0.16666666666666666,0.5862633333333332,0.39107,0.998114446882981,C:285:;C:286:;C:287:;C:288:;C:289:;C:290:,C:286:
catalase_ps,hbond_acceptor,12,1,primary plausible interface,C:497:,ASP,497,C,8,1,13.290864809925093,0.125,0.5998275,0.38116,0.9956783969866284,C:493:;C:494:;C:495:;C:497:;C:498:;C:499:;C:500:;C:501:,C:498:
catalase_ps,hbond_acceptor,13,1,primary plausible interface,D:499:,TYR,499,D,8,2,12.28340210662497,0.25,0.5174325,0.38086,0.9974684244071074,D:464:;D:467:;D:495:;D:497:;D:498:;D:499:;D:500:;D:501:,D:467:;D:498:
catalase_ps,hbond_acceptor,14,1,primary plausible interface,D:247:,GLU,247,D,6,2,9.35456324932353,0.3333333333333333,0.5755416666666666,0.34409,0.9967247393685659,D:245:;D:246:;D:247:;D:248:;D:250:;D:251:,D:245:;D:251:
catalase_ps,hbond_acceptor,15,1,primary plausible interface,B:500:,ASN,500,B,6,2,10.600699905169463,0.3333333333333333,0.548545,0.27998,0.9987327880610121,B:467:;B:497:;B:498:;B:499:;B:500:;B:501:,B:467:;B:498:
catalase_ps,hbond_acceptor,16,1,primary plausible interface,C:407:,SER,407,C,3,2,9.712596767776539,0.6666666666666666,0.22453333333333333,0.21349,0.9929190021282698,C:405:;C:407:;C:409:,C:407:;C:409:
catalase_ps,hbond_acceptor,17,1,primary plausible interface,B:407:,SER,407,B,3,2,9.380712874076016,0.6666666666666666,0.17828,0.15486,0.9931319450825623,B:405:;B:407:;B:409:,B:407:;B:409:
catalase_ps,hbond_acceptor,18,1,primary plausible interface,A:407:,SER,407,A,3,2,9.6010651161793,0.6666666666666666,0.23257000000000003,0.09824,0.9930399291147212,A:405:;A:407:;A:409:,A:407:;A:409:
catalase_ps,hbond_acceptor,19,1,primary plausible interface,C:349:,MET,349,C,4,3,11.529345524577607,0.75,0.1130325,0.08639,0.9949331758291217,C:155:;C:348:;C:349:;C:353:,C:155:;C:348:;C:353:
catalase_ps,hbond_acceptor,20,1,primary plausible interface,D:3:,ASN,3,D,3,1,6.970400766207986,0.3333333333333333,0.49158999999999997,0.08231999999999999,0.99886679601652,D:3:;D:4:;D:5:,D:4:
catalase_ps,hbond_acceptor,21,1,primary plausible interface,D:407:,SER,407,D,3,2,9.342723709342616,0.6666666666666666,0.2641366666666667,0.0812,0.9933506487483954,D:405:;D:407:;D:409:,D:407:;D:409:
catalase_ps,hbond_acceptor,22,2,alternative interface,A:444:,THR,444,A,8,4,12.890758612071682,0.5,0.45670875,0.80721,0.9959578169339972,A:440:;A:441:;A:443:;A:444:;A:445:;A:447:;A:448:;A:449:,A:440:;A:443:;A:444:;A:448:
catalase_ps,hbond_acceptor,23,2,alternative interface,D:478:,VAL,478,D,9,5,12.968759885370824,0.5555555555555556,0.39999333333333337,0.7823300000000001,0.9950893158736794,D:474:;D:475:;D:476:;D:478:;D:479:;D:480:;D:482:;D:490:;D:493:,D:475:;D:476:;D:479:;D:482:;D:490:
catalase_ps,hbond_acceptor,24,2,alternative interface,C:478:,VAL,478,C,9,5,12.542558401532517,0.5555555555555556,0.4114488888888889,0.77035,0.99521794474529,C:474:;C:475:;C:476:;C:478:;C:479:;C:480:;C:482:;C:490:;C:493:,C:475:;C:476:;C:479:;C:482:;C:490:
catalase_ps,hbond_acceptor,25,2,alternative interface,B:15:,LYS,15,B,9,5,11.875167014449506,0.5555555555555556,0.42763333333333337,0.6014,0.9931522499138569,B:12:;B:13:;B:14:;B:15:;B:16:;B:17:;B:18:;B:19:;D:409:,B:12:;B:14:;B:15:;B:18:;D:409:
catalase_ps,hbond_acceptor,26,2,alternative interface,C:15:,LYS,15,C,9,5,10.908988464248813,0.5555555555555556,0.41801,0.53725,0.993513475295156,A:409:;C:12:;C:13:;C:14:;C:15:;C:16:;C:17:;C:18:;C:19:,A:409:;C:12:;C:14:;C:15:;C:18:
catalase_ps,hbond_acceptor,27,2,alternative interface,A:15:,LYS,15,A,9,5,10.93539153772906,0.5555555555555556,0.42064222222222225,0.50209,0.9935067575168399,A:12:;A:13:;A:14:;A:15:;A:16:;A:17:;A:18:;A:19:;C:409:,A:12:;A:14:;A:15:;A:18:;C:409:
catalase_ps,hbond_acceptor,28,2,alternative interface,C:284:,THR,284,C,8,2,11.641009095961865,0.25,0.32189875,0.47468000000000005,0.9961222477212669,C:229:;C:230:;C:282:;C:284:;C:285:;C:286:;C:287:;C:288:,C:284:;C:286:
catalase_ps,hbond_acceptor,29,2,alternative interface,D:15:,LYS,15,D,9,5,11.1186640658019,0.5555555555555556,0.4246344444444444,0.47109,0.9932906983595742,B:409:;D:12:;D:13:;D:14:;D:15:;D:16:;D:17:;D:18:;D:19:,B:409:;D:12:;D:14:;D:15:;D:18:
catalase_ps,hbond_acceptor,30,2,alternative interface,B:284:,THR,284,B,8,2,11.56104745597246,0.25,0.32294125,0.46338,0.9959848681415086,B:229:;B:230:;B:282:;B:284:;B:285:;B:286:;B:287:;B:288:,B:284:;B:286:
catalase_ps,hbond_acceptor,31,2,alternative interface,C:450:,LEU,450,C,10,2,13.296503371806303,0.2,0.479642,0.45631,0.9954133890887273,C:445:;C:447:;C:448:;C:449:;C:450:;C:451:;C:452:;C:453:;C:454:;C:455:,C:448:;C:455:
catalase_ps,hbond_acceptor,32,2,alternative interface,C:491:,ARG,491,C,6,2,11.833805811023435,0.3333333333333333,0.46927333333333343,0.44612999999999997,0.9968131921703596,C:487:;C:490:;C:491:;C:493:;C:494:;C:495:,C:490:;C:491:
catalase_ps,hbond_acceptor,33,2,alternative interface,C:456:,LYS,456,C,7,3,12.563447589710838,0.42857142857142855,0.4666842857142858,0.43935,0.997171420841665,C:452:;C:453:;C:454:;C:455:;C:456:;C:457:;C:460:,C:455:;C:456:;C:457:
catalase_ps,hbond_acceptor,34,2,alternative interface,B:289:,GLU,289,B,6,1,8.758958988770333,0.16666666666666666,0.585345,0.37408,0.9980083980945332,B:285:;B:286:;B:287:;B:288:;B:289:;B:290:,B:286:
catalase_ps,hbond_acceptor,35,2,alternative interface,A:472:,PHE,472,A,5,2,10.276386786268088,0.4,0.512984,0.33586,0.9960163698903471,A:470:;A:471:;A:472:;A:475:;A:476:,A:475:;A:476:
catalase_ps,hbond_acceptor,36,2,alternative interface,A:486:,PRO,486,A,6,2,10.785580736615508,0.3333333333333333,0.5211683333333333,0.17485,0.997317885885974,A:482:;A:483:;A:485:;A:486:;A:487:;A:490:,A:482:;A:490:
catalase_ps,hbond_acceptor,37,2,alternative interface,A:349:,MET,349,A,5,3,11.982521636558998,0.6,0.10473999999999999,0.07296,0.9937017486910545,A:155:;A:157:;A:348:;A:349:;A:353:,A:155:;A:348:;A:353:
catalase_ps,hbond_acceptor,38,2,alternative interface,B:3:,ASN,3,B,3,1,7.131082719353356,0.3333333333333333,0.4208100000000001,0.05842,0.9986936315111514,B:3:;B:4:;B:5:,B:4:
catalase_ps,hbond_acceptor,39,3,alternative interface,D:444:,THR,444,D,8,4,12.994671675732299,0.5,0.45002250000000005,0.7811,0.9959160445486321,D:440:;D:441:;D:443:;D:444:;D:445:;D:447:;D:448:;D:449:,D:440:;D:443:;D:444:;D:448:
catalase_ps,hbond_acceptor,40,3,alternative interface,B:456:,LYS,456,B,8,4,12.978298707512987,0.5,0.45367250000000003,0.44921999999999995,0.9956763853417973,B:452:;B:453:;B:454:;B:455:;B:456:;B:457:;B:460:;B:491:,B:455:;B:456:;B:457:;B:491:
catalase_ps,hbond_acceptor,41,3,alternative interface,A:284:,THR,284,A,8,2,11.442789093927953,0.25,0.30314874999999997,0.43607999999999997,0.9960227135890192,A:229:;A:230:;A:282:;A:284:;A:285:;A:286:;A:287:;A:288:,A:284:;A:286:
catalase_ps,hbond_acceptor,42,3,alternative interface,A:491:,ARG,491,A,6,2,12.233359302975401,0.3333333333333333,0.4285733333333333,0.42428,0.9967064689611859,A:487:;A:490:;A:491:;A:493:;A:494:;A:495:,A:490:;A:491:
catalase_ps,hbond_acceptor,43,3,alternative interface,D:472:,PHE,472,D,6,2,10.13565269312594,0.3333333333333333,0.4408000000000001,0.3774,0.9963898125507881,D:470:;D:471:;D:472:;D:474:;D:475:;D:476:,D:475:;D:476:
catalase_ps,hbond_acceptor,44,3,alternative interface,D:289:,GLU,289,D,7,1,9.606833757498341,0.14285714285714285,0.49575142857142857,0.36812,0.9974982011790201,D:285:;D:286:;D:287:;D:288:;D:289:;D:290:;D:291:,D:286:
catalase_ps,hbond_acceptor,45,3,alternative interface,A:497:,ASP,497,A,8,1,13.05985492047515,0.125,0.5419274999999999,0.32587000000000005,0.9959390472099071,A:493:;A:494:;A:495:;A:497:;A:498:;A:499:;A:500:;A:501:,A:498:
catalase_ps,hbond_acceptor,46,3,alternative interface,A:248:,ASP,248,A,8,2,10.417042117492134,0.25,0.47581875,0.32387,0.9946897243524544,A:244:;A:245:;A:246:;A:247:;A:248:;A:250:;A:251:;A:252:,A:245:;A:251:
catalase_ps,hbond_acceptor,47,3,alternative interface,B:495:,LEU,495,B,8,2,12.447068258702267,0.25,0.46961624999999996,0.27998,0.9952528685865463,B:460:;B:491:;B:493:;B:494:;B:495:;B:497:;B:498:;B:499:,B:491:;B:498:
catalase_ps,hbond_acceptor,48,3,alternative interface,B:200:,SER,200,B,11,4,13.212347421938977,0.36363636363636365,0.21577545454545455,0.25522,0.9961498220546527,B:197:;B:198:;B:199:;B:200:;B:201:;B:202:;B:203:;B:454:;B:455:;B:457:;B:461:,B:200:;B:202:;B:455:;B:457:
catalase_ps,hbond_acceptor,49,3,alternative interface,B:272:,ASN,272,B,5,1,8.130075084946899,0.2,0.482602,0.1663,0.9965485326115423,B:269:;B:270:;B:271:;B:272:;B:273:,B:270:
catalase_ps,hbond_acceptor,50,3,alternative interface,D:224:,ALA,224,D,7,1,9.809636264704116,0.14285714285714285,0.5651357142857143,0.15014,0.9967303262843105,D:222:;D:223:;D:224:;D:225:;D:226:;D:227:;D:95:,D:95:
catalase_ps,hbond_acceptor,51,3,alternative interface,C:88:,HIS,88,C,6,1,13.81031201119233,0.16666666666666666,0.5195533333333334,0.14,0.9940098897787741,C:101:;C:102:;C:311:;C:87:;C:88:;C:89:,C:87:
catalase_ps,hbond_acceptor,52,3,alternative interface,C:224:,ALA,224,C,8,2,10.348547942256902,0.25,0.50090625,0.11875,0.9959274918100506,C:222:;C:223:;C:224:;C:225:;C:226:;C:227:;C:92:;C:95:,C:92:;C:95:
catalase_ps,hbond_acceptor,53,3,alternative interface,A:224:,ALA,224,A,8,2,10.456487682209815,0.25,0.49335874999999996,0.11153,0.9960866448399918,A:222:;A:223:;A:224:;A:225:;A:226:;A:227:;A:92:;A:95:,A:92:;A:95:
catalase_ps,hbond_acceptor,54,4,alternative interface,B:444:,THR,444,B,8,4,12.83462433441015,0.5,0.42179875,0.73248,0.9959152879472947,B:440:;B:441:;B:443:;B:444:;B:445:;B:447:;B:448:;B:449:,B:440:;B:443:;B:444:;B:448:
catalase_ps,hbond_acceptor,55,4,alternative interface,B:23:,PRO,23,B,8,2,12.237954495321407,0.25,0.445955,0.51638,0.9934201307796012,B:21:;B:22:;B:23:;B:24:;B:25:;D:409:;D:411:;D:412:,B:22:;D:409:
catalase_ps,hbond_acceptor,56,4,alternative interface,B:91:,THR,91,B,8,3,13.279301443482623,0.375,0.42660375,0.42152999999999996,0.9931294627343168,B:100:;B:101:;B:223:;B:89:;B:91:;B:92:;B:93:;B:95:,B:91:;B:92:;B:95:
catalase_ps,hbond_acceptor,57,4,alternative interface,A:23:,PRO,23,A,8,2,12.595805371119141,0.25,0.44809750000000004,0.40155,0.9930063372100472,A:21:;A:22:;A:23:;A:24:;A:25:;C:409:;C:411:;C:412:,A:22:;C:409:
catalase_ps,hbond_acceptor,58,4,alternative interface,B:450:,LEU,450,B,9,2,11.691593756545231,0.2222222222222222,0.40262333333333333,0.38527,0.9959461238785859,B:445:;B:447:;B:448:;B:449:;B:450:;B:451:;B:452:;B:454:;B:455:,B:448:;B:455:
catalase_ps,hbond_acceptor,59,4,alternative interface,D:450:,LEU,450,D,9,2,12.118987734618042,0.2222222222222222,0.4207788888888889,0.3811,0.9959317922133463,D:445:;D:447:;D:448:;D:449:;D:450:;D:451:;D:452:;D:454:;D:455:,D:448:;D:455:
catalase_ps,hbond_acceptor,60,4,alternative interface,B:472:,PHE,472,B,6,2,10.500349827052686,0.3333333333333333,0.42391500000000004,0.35195,0.996084746760865,B:470:;B:471:;B:472:;B:474:;B:475:;B:476:,B:475:;B:476:
catalase_ps,hbond_acceptor,61,4,alternative interface,C:472:,PHE,472,C,6,2,10.168194307877995,0.3333333333333333,0.43642833333333336,0.32763,0.9963384684943136,C:470:;C:471:;C:472:;C:474:;C:475:;C:476:,C:475:;C:476:
catalase_ps,hbond_acceptor,62,4,alternative interface,C:248:,ASP,248,C,8,2,10.861735698634796,0.25,0.46430125000000005,0.30508,0.9945531984421057,C:244:;C:245:;C:246:;C:247:;C:248:;C:250:;C:251:;C:252:,C:245:;C:251:
catalase_ps,hbond_acceptor,63,4,alternative interface,B:255:,GLU,255,B,7,1,9.105635942990366,0.14285714285714285,0.3433342857142857,0.15413,0.9973363969680094,B:251:;B:252:;B:253:;B:254:;B:255:;B:256:;B:257:,B:251:
catalase_ps,hbond_acceptor,64,4,alternative interface,D:88:,HIS,88,D,7,1,13.79540456626509,0.14285714285714285,0.4793242857142857,0.14697,0.9935847384896979,D:101:;D:102:;D:103:;D:311:;D:87:;D:88:;D:89:,D:87:
catalase_ps,hbond_acceptor,65,4,alternative interface,A:88:,HIS,88,A,5,1,11.442489015727537,0.2,0.456212,0.14550000000000002,0.9954762011787164,A:102:;A:311:;A:87:;A:88:;A:89:,A:87:
catalase_ps,hbond_acceptor,66,4,alternative interface,B:224:,ALA,224,B,7,1,9.92691144655841,0.14285714285714285,0.4806671428571429,0.09820000000000001,0.9966544798729762,B:222:;B:223:;B:224:;B:225:;B:226:;B:227:;B:95:,B:95:
catalase_ps,hbond_acceptor,67,5,alternative interface,B:85:,GLU,85,B,8,4,13.879773818182391,0.5,0.386805,0.49912999999999996,0.9948868013676497,B:102:;B:103:;B:104:;B:105:;B:314:;B:83:;B:85:;B:87:,B:104:;B:105:;B:314:;B:87:
catalase_ps,hbond_acceptor,68,5,alternative interface,D:91:,THR,91,D,7,3,11.867129891647616,0.42857142857142855,0.4159371428571429,0.47729,0.9944604151525461,D:100:;D:223:;D:89:;D:91:;D:92:;D:93:;D:95:,D:91:;D:92:;D:95:
catalase_ps,hbond_acceptor,69,5,alternative interface,C:439:,VAL,439,C,9,2,12.31241356373603,0.2222222222222222,0.2933433333333333,0.47589,0.9953304827285668,C:192:;C:193:;C:437:;C:438:;C:439:;C:440:;C:441:;C:443:;C:483:,C:440:;C:443:
catalase_ps,hbond_acceptor,70,5,alternative interface,A:85:,GLU,85,A,8,4,14.146896944624833,0.5,0.37639500000000004,0.45943,0.994914029839652,A:102:;A:103:;A:104:;A:105:;A:314:;A:83:;A:85:;A:87:,A:104:;A:105:;A:314:;A:87:
catalase_ps,hbond_acceptor,71,5,alternative interface,D:85:,GLU,85,D,8,4,13.801354819253866,0.5,0.38411375000000003,0.45241,0.9948920293707438,D:102:;D:103:;D:104:;D:105:;D:314:;D:83:;D:85:;D:87:,D:104:;D:105:;D:314:;D:87:
catalase_ps,hbond_acceptor,72,5,alternative interface,D:284:,THR,284,D,8,2,11.831378475147874,0.25,0.31127249999999995,0.43348,0.9958396484860118,D:229:;D:230:;D:282:;D:284:;D:285:;D:286:;D:287:;D:288:,D:284:;D:286:
catalase_ps,hbond_acceptor,73,5,alternative interface,D:23:,PRO,23,D,8,2,11.992707247895893,0.25,0.4187075,0.4113,0.9934009402823132,B:409:;B:411:;B:412:;D:21:;D:22:;D:23:;D:24:;D:25:,B:409:;D:22:
catalase_ps,hbond_acceptor,74,5,alternative interface,A:91:,THR,91,A,8,3,13.81460284678486,0.375,0.4161475,0.3954,0.9927604046109397,A:100:;A:101:;A:223:;A:89:;A:91:;A:92:;A:93:;A:95:,A:91:;A:92:;A:95:
catalase_ps,hbond_acceptor,75,5,alternative interface,B:248:,ASP,248,B,9,2,11.57014386706715,0.2222222222222222,0.43579,0.29905000000000004,0.9948699882096775,B:244:;B:245:;B:246:;B:247:;B:248:;B:250:;B:251:;B:252:;B:253:,B:245:;B:251:
catalase_ps,hbond_acceptor,76,5,alternative interface,D:420:,HIS,420,D,8,2,12.553248928867802,0.25,0.43993125,0.28065999999999997,0.992817609746852,D:222:;D:226:;D:227:;D:418:;D:419:;D:420:;D:421:;D:422:,D:421:;D:422:
catalase_ps,hbond_acceptor,77,5,alternative interface,C:200:,SER,200,C,10,4,13.260577896245152,0.4,0.26044100000000003,0.25782,0.9955415913790937,C:197:;C:198:;C:200:;C:201:;C:202:;C:203:;C:454:;C:455:;C:457:;C:461:,C:200:;C:202:;C:455:;C:457:
catalase_ps,hbond_acceptor,78,5,alternative interface,B:45:,PRO,45,B,4,1,10.367773356421893,0.25,0.4577825,0.18752,0.9936068503183205,B:45:;B:46:;C:426:;C:431:,B:46:
catalase_ps,hbond_acceptor,79,5,alternative interface,C:5:,ASP,5,C,6,2,13.738353663740991,0.3333333333333333,0.35849,0.15645,0.995498993264507,C:266:;C:3:;C:4:;C:5:;C:6:;C:8:,C:4:;C:8:
catalase_ps,hbond_acceptor,80,5,alternative interface,A:460:,GLU,460,A,6,2,11.969002220524642,0.3333333333333333,0.4080483333333333,0.15207,0.9961469136510479,A:456:;A:457:;A:460:;A:461:;A:464:;A:495:,A:456:;A:457:
catalase_ps,hbond_acceptor,81,5,alternative interface,B:88:,HIS,88,B,5,1,11.845513131958981,0.2,0.427306,0.10045,0.9952095846320544,B:102:;B:311:;B:87:;B:88:;B:89:,B:87:
catalase_ps,hbond_acceptor,82,6,alternative interface,B:277:,THR,277,B,8,4,13.80186037406329,0.5,0.29465375,0.47301000000000004,0.9900219695491693,B:234:;B:236:;B:238:;B:275:;B:277:;B:279:;B:311:;B:314:,B:236:;B:275:;B:277:;B:314:
catalase_ps,hbond_acceptor,83,6,alternative interface,C:91:,THR,91,C,7,3,12.01335547840512,0.42857142857142855,0.4147057142857143,0.46539,0.9942610680603663,C:100:;C:223:;C:89:;C:91:;C:92:;C:93:;C:95:,C:91:;C:92:;C:95:
catalase_ps,hbond_acceptor,84,6,alternative interface,C:277:,THR,277,C,8,4,14.212537977076257,0.5,0.31893625000000003,0.45616,0.9901189721074987,C:234:;C:236:;C:238:;C:275:;C:277:;C:279:;C:311:;C:314:,C:236:;C:275:;C:277:;C:314:
catalase_ps,hbond_acceptor,85,6,alternative interface,C:85:,GLU,85,C,9,4,15.509350007975225,0.4444444444444444,0.3587888888888889,0.45563000000000003,0.9930294201239889,C:102:;C:103:;C:104:;C:105:;C:314:;C:316:;C:83:;C:85:;C:87:,C:104:;C:105:;C:314:;C:87:
catalase_ps,hbond_acceptor,86,6,alternative interface,A:277:,THR,277,A,8,4,13.89863361226135,0.5,0.30478,0.45439,0.990446057094016,A:234:;A:236:;A:238:;A:275:;A:277:;A:279:;A:311:;A:314:,A:236:;A:275:;A:277:;A:314:
catalase_ps,hbond_acceptor,87,6,alternative interface,A:439:,VAL,439,A,9,2,12.029506956069072,0.2222222222222222,0.27925333333333335,0.41584000000000004,0.9951283832587193,A:192:;A:193:;A:437:;A:438:;A:439:;A:440:;A:441:;A:443:;A:483:,A:440:;A:443:
catalase_ps,hbond_acceptor,88,6,alternative interface,D:439:,VAL,439,D,9,2,12.058952746783163,0.2222222222222222,0.2717333333333333,0.40414,0.9954051128579975,D:192:;D:193:;D:437:;D:438:;D:439:;D:440:;D:441:;D:443:;D:483:,D:440:;D:443:
catalase_ps,hbond_acceptor,89,6,alternative interface,B:439:,VAL,439,B,10,2,12.668243002931222,0.2,0.250525,0.40277,0.9954286881010787,B:190:;B:192:;B:193:;B:437:;B:438:;B:439:;B:440:;B:441:;B:443:;B:483:,B:440:;B:443:
catalase_ps,hbond_acceptor,90,6,alternative interface,C:428:,VAL,428,C,8,2,10.822478501735242,0.25,0.3574875,0.38505,0.9948595327347558,C:426:;C:427:;C:428:;C:429:;D:421:;D:422:;D:423:;D:424:,D:421:;D:422:
catalase_ps,hbond_acceptor,91,6,alternative interface,D:428:,VAL,428,D,9,2,12.779283558708878,0.2222222222222222,0.30208999999999997,0.30614,0.9949000139986864,A:41:;C:421:;C:422:;C:423:;C:424:;D:426:;D:427:;D:428:;D:429:,C:421:;C:422:
catalase_ps,hbond_acceptor,92,6,alternative interface,D:200:,SER,200,D,9,3,12.457220208928954,0.3333333333333333,0.22614555555555554,0.20403,0.9953899018005709,D:197:;D:198:;D:199:;D:200:;D:201:;D:202:;D:454:;D:457:;D:461:,D:200:;D:202:;D:457:
catalase_ps,hbond_acceptor,93,6,alternative interface,D:97:,LYS,97,D,5,2,12.860796827483599,0.4,0.3395,0.18608,0.9945207331575479,D:100:;D:138:;D:139:;D:95:;D:97:,D:95:;D:97:
catalase_ps,hbond_acceptor,94,6,alternative interface,A:468:,ASP,468,A,6,1,13.405154060548208,0.16666666666666666,0.3723633333333334,0.16738,0.9943582560458123,A:178:;A:464:;A:465:;A:467:;A:468:;A:470:,A:467:
catalase_ps,hbond_acceptor,95,6,alternative interface,C:468:,ASP,468,C,5,1,11.639459956087325,0.2,0.362412,0.13457,0.9953917646838106,C:178:;C:465:;C:467:;C:468:;C:470:,C:467:
catalase_ps,hbond_acceptor,96,6,alternative interface,C:464:,GLY,464,C,6,1,12.256175157802813,0.16666666666666666,0.344215,0.10181,0.9954379751856124,C:460:;C:461:;C:464:;C:465:;C:467:;C:499:,C:467:
catalase_ps,hbond_acceptor,97,7,alternative interface,B:243:,ASN,243,B,10,3,14.252737696975222,0.3,0.29577400000000004,0.42719,0.9911954859648507,B:201:;B:202:;B:203:;B:206:;B:210:;B:241:;B:242:;B:243:;B:244:;B:245:,B:202:;B:242:;B:245:
catalase_ps,hbond_acceptor,98,7,alternative interface,C:23:,PRO,23,C,8,2,12.39518099308207,0.25,0.39817375,0.40828000000000003,0.9933937722678914,A:409:;A:411:;A:412:;C:21:;C:22:;C:23:;C:24:;C:25:,A:409:;C:22:
catalase_ps,hbond_acceptor,99,7,alternative interface,D:277:,THR,277,D,8,4,13.897018963156542,0.5,0.28664999999999996,0.40049999999999997,0.9901223621251037,D:234:;D:236:;D:238:;D:275:;D:277:;D:279:;D:311:;D:314:,D:236:;D:275:;D:277:;D:314:
catalase_ps,hbond_acceptor,100,7,alternative interface,C:425:,SER,425,C,8,2,13.210854810771192,0.25,0.40242374999999997,0.35506,0.9930089175539529,C:423:;C:424:;C:425:;C:426:;C:427:;D:424:;D:425:;D:426:,C:425:;D:425:
catalase_ps,hbond_acceptor,101,7,alternative interface,A:381:,ARG,381,A,8,3,14.95173590946465,0.375,0.34575,0.34372,0.9810092000325042,A:378:;A:379:;A:381:;A:382:;A:383:;C:24:;C:25:;C:27:,A:379:;A:381:;C:27:
catalase_ps,hbond_acceptor,102,7,alternative interface,A:210:,HIS,210,A,11,2,12.02239682676117,0.18181818181818182,0.26654363636363637,0.33375,0.9937246340454273,A:206:;A:207:;A:208:;A:209:;A:210:;A:212:;A:239:;A:240:;A:241:;A:242:;A:243:,A:209:;A:242:
catalase_ps,hbond_acceptor,103,7,alternative interface,B:176:,LYS,176,B,6,3,12.500925646435899,0.5,0.22973000000000002,0.31676,0.9901263247022712,B:167:;B:168:;B:169:;B:174:;B:176:;B:178:,B:168:;B:169:;B:176:
catalase_ps,hbond_acceptor,104,7,alternative interface,B:381:,ARG,381,B,8,3,14.932431075919945,0.375,0.33095125,0.30061,0.9813348416236527,B:378:;B:379:;B:381:;B:382:;B:383:;D:24:;D:25:;D:27:,B:379:;B:381:;D:27:
catalase_ps,hbond_acceptor,105,7,alternative interface,B:9:,ASP,9,B,7,3,11.610638957134656,0.42857142857142855,0.2817657142857143,0.28675999999999996,0.9930128057599485,B:12:;B:13:;B:4:;B:5:;B:6:;B:8:;B:9:,B:12:;B:4:;B:8:
catalase_ps,hbond_acceptor,106,7,alternative interface,C:381:,ARG,381,C,7,2,14.27161207701185,0.2857142857142857,0.3720228571428571,0.28492999999999996,0.9822822540470063,A:25:;C:138:;C:378:;C:379:;C:381:;C:382:;C:383:,C:379:;C:381:
catalase_ps,hbond_acceptor,107,7,alternative interface,C:241:,ILE,241,C,7,1,11.955096008466983,0.14285714285714285,0.32184999999999997,0.28332999999999997,0.9942644483972684,C:210:;C:212:;C:239:;C:240:;C:241:;C:242:;C:243:,C:242:
catalase_ps,hbond_acceptor,108,7,alternative interface,B:421:,ARG,421,B,8,2,12.7017636221529,0.25,0.31993625,0.27085000000000004,0.9938248040875542,A:427:;A:428:;A:429:;B:419:;B:420:;B:421:;B:422:;B:423:,B:421:;B:422:
catalase_ps,hbond_acceptor,109,7,alternative interface,C:318:,ASN,318,C,7,1,13.494203790519673,0.14285714285714285,0.3430028571428571,0.26481,0.994345568666915,C:271:;C:273:;C:316:;C:318:;C:319:;C:320:;C:81:,C:319:
catalase_ps,hbond_acceptor,110,7,alternative interface,A:204:,ILE,204,A,11,3,13.324232392507117,0.2727272727272727,0.2851600000000001,0.24184999999999998,0.9931886971676078,A:125:;A:126:;A:127:;A:201:;A:202:;A:204:;A:206:;A:243:;A:244:;A:245:;A:246:,A:126:;A:202:;A:245:
catalase_ps,hbond_acceptor,111,7,alternative interface,A:269:,ALA,269,A,9,2,13.250373254624758,0.2222222222222222,0.3408977777777778,0.21864,0.9934094875379312,A:265:;A:266:;A:269:;A:270:;A:271:;A:272:;A:319:;A:320:;A:6:,A:270:;A:319:
catalase_ps,hbond_acceptor,112,7,alternative interface,A:9:,ASP,9,A,8,3,11.865988739445761,0.375,0.36060875000000003,0.21731,0.9931890269389383,A:12:;A:13:;A:3:;A:4:;A:5:;A:6:;A:8:;A:9:,A:12:;A:4:;A:8:
catalase_ps,hbond_acceptor,113,7,alternative interface,A:45:,PRO,45,A,4,1,10.283002228899218,0.25,0.40170249999999996,0.21112999999999998,0.993459297819074,A:45:;A:46:;D:426:;D:431:,A:46:
catalase_ps,hbond_acceptor,114,7,alternative interface,D:9:,ASP,9,D,7,3,11.768243027353385,0.42857142857142855,0.28189000000000003,0.20244,0.9928867447731383,D:12:;D:13:;D:4:;D:5:;D:6:;D:8:;D:9:,D:12:;D:4:;D:8:
catalase_ps,hbond_acceptor,115,7,alternative interface,B:468:,ASP,468,B,6,1,13.334949146502757,0.16666666666666666,0.30970333333333333,0.14265,0.9944898584559786,B:178:;B:464:;B:465:;B:467:;B:468:;B:470:,B:467:
catalase_ps,hbond_acceptor,116,7,alternative interface,D:468:,ASP,468,D,6,1,13.185756171181517,0.16666666666666666,0.31684833333333334,0.12894,0.9945000651175939,D:178:;D:464:;D:465:;D:467:;D:468:;D:470:,D:467:
catalase_ps,hbond_acceptor,117,7,alternative interface,A:434:,ALA,434,A,6,2,12.629277481961111,0.3333333333333333,0.41377166666666665,0.09218,0.9933564024105713,A:188:;A:432:;A:433:;A:434:;A:435:;A:436:,A:188:;A:433:
catalase_ps,hbond_acceptor,118,7,alternative interface,B:126:,ARG,126,B,7,1,10.763481630069565,0.14285714285714285,0.19043428571428572,0.07719000000000001,0.9946923975678705,B:125:;B:126:;B:127:;B:128:;B:198:;B:199:;B:203:,B:126:
catalase_ps,hbond_acceptor,119,7,alternative interface,A:187:,LEU,187,A,5,2,13.972090336670048,0.4,0.24797599999999997,0.056740000000000006,0.9937213227723183,A:187:;A:188:;A:189:;A:476:;B:405:,A:188:;A:476:
catalase_ps,hbond_acceptor,120,7,alternative interface,C:187:,LEU,187,C,5,2,13.915048543891478,0.4,0.241694,0.05448,0.9938224434001944,C:187:;C:188:;C:189:;C:476:;D:405:,C:188:;C:476:
catalase_ps,hbond_acceptor,121,7,alternative interface,B:187:,LEU,187,B,5,2,13.876475308602057,0.4,0.24413200000000002,0.05315,0.9940474806894488,A:405:;B:187:;B:188:;B:189:;B:476:,B:188:;B:476:
catalase_ps,hbond_acceptor,122,7,alternative interface,A:199:,PHE,199,A,8,3,11.640887996069772,0.375,0.19344625,0.0282,0.9943162009862896,A:126:;A:197:;A:198:;A:199:;A:200:;A:201:;A:202:;A:461:,A:126:;A:200:;A:202:
catalase_ps,hbond_acceptor,123,8,alternative interface,B:118:,GLU,118,B,12,5,15.818871629883631,0.4166666666666667,0.1821975,0.33468000000000003,0.9698901307233072,B:116:;B:117:;B:118:;B:119:;B:121:;B:70:;B:73:;B:74:;B:76:;C:118:;C:119:;C:121:,B:119:;B:121:;B:76:;C:119:;C:121:
catalase_ps,hbond_acceptor,124,8,alternative interface,D:381:,ARG,381,D,8,2,14.692466650626823,0.25,0.3975925,0.32754,0.9811513350011855,B:24:;B:25:;D:138:;D:378:;D:379:;D:381:;D:382:;D:383:,D:379:;D:381:
catalase_ps,hbond_acceptor,125,8,alternative interface,A:418:,LEU,418,A,8,1,13.939980178416219,0.125,0.35093125000000003,0.32384999999999997,0.9885163117734513,A:340:;A:414:;A:415:;A:416:;A:418:;A:419:;A:420:;C:36:,A:416:
catalase_ps,hbond_acceptor,126,8,alternative interface,D:118:,GLU,118,D,9,3,14.553634913536941,0.3333333333333333,0.1901111111111111,0.31474,0.9746890225523096,A:118:;A:119:;D:116:;D:117:;D:118:;D:119:;D:121:;D:70:;D:74:,A:119:;D:119:;D:121:
catalase_ps,hbond_acceptor,127,8,alternative interface,C:204:,ILE,204,C,13,3,15.272981580369853,0.23076923076923078,0.26416153846153845,0.30942000000000003,0.9926602504867125,C:125:;C:126:;C:127:;C:128:;C:201:;C:202:;C:203:;C:204:;C:206:;C:243:;C:244:;C:245:;C:246:,C:126:;C:202:;C:245:
catalase_ps,hbond_acceptor,128,8,alternative interface,A:425:,SER,425,A,10,2,13.683028579208486,0.2,0.326884,0.28244,0.9925299009310115,A:423:;A:424:;A:425:;A:426:;A:427:;B:423:;B:424:;B:425:;B:426:;D:44:,A:425:;B:425:
catalase_ps,hbond_acceptor,129,8,alternative interface,D:176:,LYS,176,D,7,3,12.61990431618854,0.42857142857142855,0.21369,0.27421,0.9912439106379197,D:167:;D:168:;D:169:;D:174:;D:176:;D:177:;D:178:,D:168:;D:169:;D:176:
catalase_ps,hbond_acceptor,130,8,alternative interface,A:176:,LYS,176,A,7,3,12.365957200821228,0.42857142857142855,0.19252142857142857,0.27396,0.9912985312562917,A:167:;A:168:;A:169:;A:174:;A:176:;A:177:;A:178:,A:168:;A:169:;A:176:
catalase_ps,hbond_acceptor,131,8,alternative interface,B:266:,ASN,266,B,8,2,11.48614786363074,0.25,0.26553375,0.26995,0.9930617033246849,B:262:;B:263:;B:265:;B:266:;B:269:;B:270:;B:5:;B:6:,B:262:;B:270:
catalase_ps,hbond_acceptor,132,8,alternative interface,D:243:,ASN,243,D,11,3,13.94309067815239,0.2727272727272727,0.27657272727272725,0.26889,0.9919625856845972,D:201:;D:202:;D:204:;D:206:;D:207:;D:210:;D:241:;D:242:;D:243:;D:244:;D:245:,D:202:;D:242:;D:245:
catalase_ps,hbond_acceptor,133,8,alternative interface,C:418:,LEU,418,C,8,1,13.616777453493093,0.125,0.35543125,0.2667,0.9886994376021788,A:36:;C:340:;C:414:;C:415:;C:416:;C:418:;C:419:;C:420:,C:416:
catalase_ps,hbond_acceptor,134,8,alternative interface,D:269:,ALA,269,D,9,2,13.38622385948693,0.2222222222222222,0.3248522222222222,0.23775,0.9933909502372272,D:265:;D:266:;D:269:;D:270:;D:271:;D:272:;D:319:;D:320:;D:6:,D:270:;D:319:
catalase_ps,hbond_acceptor,135,8,alternative interface,C:269:,ALA,269,C,10,2,13.797728358209055,0.2,0.378917,0.22644999999999998,0.9925736558820772,C:265:;C:266:;C:269:;C:270:;C:271:;C:272:;C:273:;C:319:;C:320:;C:6:,C:270:;C:319:
catalase_ps,hbond_acceptor,136,8,alternative interface,A:318:,ASN,318,A,7,1,13.27242000220863,0.14285714285714285,0.31170285714285717,0.21443,0.9941750172141666,A:271:;A:273:;A:316:;A:318:;A:319:;A:320:;A:81:,A:319:
catalase_ps,hbond_acceptor,137,8,alternative interface,A:97:,LYS,97,A,6,2,12.472881812846648,0.3333333333333333,0.31819,0.20656,0.9930336508544542,A:100:;A:138:;A:139:;A:340:;A:95:;A:97:,A:95:;A:97:
catalase_ps,hbond_acceptor,138,8,alternative interface,B:97:,LYS,97,B,6,2,12.362792721715572,0.3333333333333333,0.26725166666666667,0.20312999999999998,0.9930476385802988,B:100:;B:138:;B:139:;B:340:;B:95:;B:97:,B:95:;B:97:
catalase_ps,hbond_acceptor,139,8,alternative interface,D:414:,GLN,414,D,10,1,13.314066111640257,0.1,0.396003,0.20010999999999998,0.9894912081079786,B:25:;B:33:;B:36:;D:412:;D:413:;D:414:;D:415:;D:416:;D:417:;D:418:,D:416:
catalase_ps,hbond_acceptor,140,8,alternative interface,A:421:,ARG,421,A,8,2,12.597956476165873,0.25,0.29046375,0.15457,0.9934076688943823,A:419:;A:420:;A:421:;A:422:;A:423:;B:427:;B:428:;B:429:,A:421:;A:422:
catalase_ps,hbond_acceptor,141,8,alternative interface,D:69:,PRO,69,D,9,4,14.066641980383393,0.4444444444444444,0.12699555555555556,0.11741,0.9210776954196866,A:67:;A:69:;A:70:;D:364:;D:67:;D:69:;D:70:;D:71:;D:72:,A:67:;D:364:;D:67:;D:71:
catalase_ps,hbond_acceptor,142,8,alternative interface,C:434:,ALA,434,C,6,2,13.02262234188796,0.3333333333333333,0.39537,0.07562,0.9927018537515733,C:188:;C:432:;C:433:;C:434:;C:435:;C:436:,C:188:;C:433:
catalase_ps,hbond_acceptor,143,8,alternative interface,D:434:,ALA,434,D,6,2,12.597286462818522,0.3333333333333333,0.3980250000000001,0.06284,0.993242977156119,D:188:;D:432:;D:433:;D:434:;D:435:;D:436:,D:188:;D:433:
catalase_ps,hbond_acceptor,144,8,alternative interface,D:187:,LEU,187,D,5,2,13.751789608936377,0.4,0.223828,0.05328,0.9937823771423117,C:405:;D:187:;D:188:;D:189:;D:476:,D:188:;D:476:
catalase_ps,hbond_acceptor,145,8,alternative interface,D:348:,LYS,348,D,5,2,13.912025307932856,0.4,0.16690799999999997,0.040549999999999996,0.9939258532877329,A:46:;D:157:;D:296:;D:348:;D:349:,A:46:;D:348:
catalase_ps,hbond_acceptor,146,8,alternative interface,B:39:,ASN,39,B,7,2,12.102055883291424,0.2857142857142857,0.24392428571428573,0.02442,0.9934345171187514,B:36:;B:37:;B:38:;B:39:;C:431:;C:432:;C:433:,B:37:;C:433:
catalase_ps,hbond_acceptor,147,9,alternative interface,B:418:,LEU,418,B,8,1,14.066613357070668,0.125,0.32168874999999997,0.28315,0.9882000889647482,B:340:;B:414:;B:415:;B:416:;B:418:;B:419:;B:420:;D:36:,B:416:
catalase_ps,hbond_acceptor,148,9,alternative interface,A:121:,SER,121,A,10,4,14.244575884364867,0.4,0.208846,0.2626,0.9862347775844321,A:117:;A:118:;A:119:;A:121:;A:122:;A:123:;A:257:;D:119:;D:121:;D:122:,A:119:;A:121:;D:119:;D:121:
catalase_ps,hbond_acceptor,149,9,alternative interface,C:169:,ARG,169,C,7,3,11.784264230935019,0.42857142857142855,0.19427714285714284,0.2398,0.987479416953518,C:165:;C:167:;C:168:;C:169:;C:174:;C:176:;C:177:,C:168:;C:169:;C:176:
catalase_ps,hbond_acceptor,150,9,alternative interface,C:254:,HIS,254,C,13,2,14.034252603332908,0.15384615384615385,0.3250015384615385,0.23202,0.9912424891608318,B:250:;B:251:;B:253:;B:254:;C:122:;C:250:;C:251:;C:252:;C:253:;C:254:;C:255:;C:256:;C:257:,B:251:;C:251:
catalase_ps,hbond_acceptor,151,9,alternative interface,C:44:,GLY,44,C,10,2,14.445149378528427,0.2,0.325709,0.20489999999999997,0.9909235213908715,B:424:;B:425:;B:426:;B:427:;B:428:;B:429:;B:431:;C:44:;C:45:;C:46:,B:425:;C:46:
catalase_ps,hbond_acceptor,152,9,alternative interface,D:253:,ALA,253,D,12,1,12.721440933165495,0.08333333333333333,0.2949791666666667,0.20385,0.9923819225773906,A:254:;D:122:;D:123:;D:125:;D:250:;D:251:;D:252:;D:253:;D:254:;D:255:;D:256:;D:257:,D:251:
catalase_ps,hbond_acceptor,153,9,alternative interface,D:45:,PRO,45,D,6,1,13.744858759674374,0.16666666666666666,0.3559016666666667,0.17951,0.9917578135305863,A:426:;A:431:;A:432:;D:44:;D:45:;D:46:,D:46:
catalase_ps,hbond_acceptor,154,9,alternative interface,D:318:,ASN,318,D,9,1,14.585442215089637,0.1111111111111111,0.2689977777777778,0.17176,0.9918149405957921,D:271:;D:273:;D:316:;D:318:;D:319:;D:320:;D:81:;D:82:;D:83:,D:319:
catalase_ps,hbond_acceptor,155,9,alternative interface,B:318:,ASN,318,B,8,1,13.333489810883373,0.125,0.30582125,0.17084,0.9934471530070141,B:271:;B:273:;B:316:;B:318:;B:319:;B:320:;B:81:;B:82:,B:319:
catalase_ps,hbond_acceptor,156,9,alternative interface,C:97:,LYS,97,C,6,2,12.54573908200384,0.3333333333333333,0.2736533333333333,0.13116,0.9930046362429696,C:100:;C:138:;C:139:;C:340:;C:95:;C:97:,C:95:;C:97:
catalase_ps,hbond_acceptor,157,9,alternative interface,D:126:,ARG,126,D,7,1,11.17495621971619,0.14285714285714285,0.14579142857142857,0.08253,0.9934527600279586,D:125:;D:126:;D:127:;D:128:;D:198:;D:199:;D:204:,D:126:
catalase_ps,hbond_acceptor,158,9,alternative interface,D:209:,ARG,209,D,8,2,15.025285946272636,0.25,0.23019625000000002,0.06820999999999999,0.9931638598451983,D:206:;D:207:;D:208:;D:209:;D:210:;D:239:;D:240:;D:275:,D:209:;D:275:
catalase_ps,hbond_acceptor,159,9,alternative interface,B:434:,ALA,434,B,7,2,12.687525278764248,0.2857142857142857,0.35585999999999995,0.06431,0.9920934643513314,B:188:;B:190:;B:432:;B:433:;B:434:;B:435:;B:436:,B:188:;B:433:
catalase_ps,hbond_acceptor,160,9,alternative interface,C:346:,PRO,346,C,5,2,12.8166286410839,0.4,0.17456,0.06141,0.9910992985708115,B:46:;C:296:;C:344:;C:346:;C:348:,B:46:;C:348:
catalase_ps,hbond_acceptor,161,10,alternative interface,B:212:,ASP,212,B,7,1,14.373407189807997,0.14285714285714285,0.20671285714285714,0.21142,0.9902070925670727,B:148:;B:210:;B:212:;B:214:;B:234:;B:236:;B:241:,B:236:
catalase_ps,hbond_acceptor,162,10,alternative interface,A:253:,ALA,253,A,13,1,13.994781368536502,0.07692307692307693,0.29018615384615387,0.19555,0.9913479026065574,A:122:;A:123:;A:125:;A:250:;A:251:;A:252:;A:253:;A:254:;A:255:;A:256:;A:257:;A:259:;D:254:,A:251:
catalase_ps,hbond_acceptor,163,10,alternative interface,B:357:,TYR,357,B,8,2,12.18982078599175,0.25,0.15786250000000002,0.18193,0.9786796426717067,B:333:;B:353:;B:355:;B:356:;B:357:;B:358:;B:360:;B:361:,B:353:;B:360:
catalase_ps,hbond_acceptor,164,10,alternative interface,D:356:,ALA,356,D,7,2,11.894714166241787,0.2857142857142857,0.15336714285714284,0.17858000000000002,0.9780059770752736,A:60:;D:353:;D:355:;D:356:;D:357:;D:358:;D:360:,D:353:;D:360:
catalase_ps,hbond_acceptor,165,10,alternative interface,C:357:,TYR,357,C,9,3,12.689205144453345,0.3333333333333333,0.14325333333333334,0.17637,0.978675851512451,C:333:;C:336:;C:353:;C:355:;C:356:;C:357:;C:358:;C:360:;C:361:,C:336:;C:353:;C:360:
catalase_ps,hbond_acceptor,166,10,alternative interface,D:363:,HIS,363,D,7,3,9.6800420018885,0.42857142857142855,0.1433642857142857,0.16651,0.9354357368768621,D:360:;D:361:;D:362:;D:363:;D:364:;D:366:;D:367:,D:360:;D:362:;D:364:
catalase_ps,hbond_acceptor,167,10,alternative interface,D:260:,GLY,260,D,10,1,12.07660432375188,0.1,0.157693,0.15394,0.9908653068794779,D:123:;D:206:;D:207:;D:208:;D:258:;D:259:;D:260:;D:261:;D:262:;D:263:,D:262:
catalase_ps,hbond_acceptor,168,10,alternative interface,C:260:,GLY,260,C,10,1,12.092410709353022,0.1,0.13208,0.14386,0.9910459477327074,C:123:;C:206:;C:207:;C:208:;C:258:;C:259:;C:260:;C:261:;C:262:;C:263:,C:262:
catalase_ps,hbond_acceptor,169,10,alternative interface,B:363:,HIS,363,B,6,2,9.675300027852934,0.3333333333333333,0.14717500000000003,0.12009,0.9449358869090101,B:360:;B:361:;B:362:;B:363:;B:366:;B:367:,B:360:;B:362:
catalase_ps,hbond_acceptor,170,10,alternative interface,D:54:,VAL,54,D,8,2,11.082268709646511,0.25,0.18162,0.11968,0.9800897515915495,B:336:;B:355:;D:51:;D:52:;D:54:;D:55:;D:57:;D:58:,B:336:;D:57:
catalase_ps,hbond_acceptor,171,10,alternative interface,C:54:,VAL,54,C,8,2,11.295373737573613,0.25,0.16946375,0.11333,0.9806314557464172,A:336:;A:355:;C:51:;C:52:;C:54:;C:55:;C:57:;C:58:,A:336:;C:57:
catalase_ps,hbond_acceptor,172,10,alternative interface,D:136:,TYR,136,D,5,1,10.528800607088108,0.2,0.30060200000000004,0.11314,0.9901954429608475,D:107:;D:136:;D:138:;D:378:;D:379:,D:379:
catalase_ps,hbond_acceptor,173,10,alternative interface,B:54:,VAL,54,B,8,2,10.976035262409564,0.25,0.18063875000000001,0.10611000000000001,0.9809200450796677,B:51:;B:52:;B:54:;B:55:;B:57:;B:58:;D:336:;D:355:,B:57:;D:336:
catalase_ps,hbond_acceptor,174,10,alternative interface,A:54:,VAL,54,A,7,2,10.960472447676159,0.2857142857142857,0.18132285714285715,0.09712,0.9823985938868254,A:51:;A:52:;A:54:;A:55:;A:57:;A:58:;C:336:,A:57:;C:336:
catalase_ps,hbond_acceptor,175,10,alternative interface,C:117:,GLY,117,C,10,3,14.398614697785083,0.3,0.17296799999999998,0.08769,0.976677987780101,C:115:;C:116:;C:117:;C:118:;C:119:;C:121:;C:122:;C:168:;C:73:;C:74:,C:119:;C:121:;C:168:
catalase_ps,hbond_acceptor,176,10,alternative interface,C:209:,ARG,209,C,8,2,15.325839591459017,0.25,0.21944625,0.07829,0.9927065649826025,C:206:;C:207:;C:208:;C:209:;C:210:;C:239:;C:240:;C:275:,C:209:;C:275:
catalase_ps,hbond_acceptor,177,10,alternative interface,B:209:,ARG,209,B,7,2,14.995678775329466,0.2857142857142857,0.1461657142857143,0.06966,0.9924392784135705,B:206:;B:207:;B:208:;B:209:;B:210:;B:239:;B:275:,B:209:;B:275:
catalase_ps,hbond_acceptor,178,10,alternative interface,B:122:,ALA,122,B,13,3,15.247729226946085,0.23076923076923078,0.24743615384615386,0.06961,0.9872993094583069,B:117:;B:121:;B:122:;B:123:;B:125:;B:253:;B:254:;B:256:;B:257:;B:258:;B:259:;B:76:;C:121:,B:121:;B:76:;C:121:
catalase_ps,hbond_acceptor,179,10,alternative interface,B:165:,HIS,165,B,5,2,10.749623297092775,0.4,0.11939200000000001,0.05947,0.98440168640501,A:402:;B:165:;B:167:;B:168:;B:169:,B:168:;B:169:
catalase_ps,hbond_acceptor,180,10,alternative interface,B:348:,LYS,348,B,5,1,12.98532701025642,0.2,0.07854200000000001,0.04288,0.9930401454905569,B:157:;B:296:;B:346:;B:348:;B:349:,B:348:
catalase_ps,hbond_acceptor,181,10,alternative interface,B:232:,LYS,232,B,6,2,13.648861816085073,0.3333333333333333,0.08749166666666668,0.02691,0.9908871910973812,B:216:;B:219:;B:230:;B:232:;B:234:;B:282:,B:216:;B:232:
catalase_ps,hbond_acceptor,182,10,alternative interface,A:77:,GLY,77,A,5,2,13.953321558042719,0.4,0.13528199999999999,0.02404,0.9801145107360201,A:113:;A:119:;A:261:;A:74:;A:77:,A:113:;A:119:
catalase_ps,hbond_acceptor,183,11,alternative interface,D:212:,ASP,212,D,7,1,14.47651416310412,0.14285714285714285,0.18202285714285718,0.19713999999999998,0.990071797311196,D:148:;D:210:;D:212:;D:214:;D:234:;D:236:;D:241:,D:236:
catalase_ps,hbond_acceptor,184,11,alternative interface,A:356:,ALA,356,A,7,2,12.01710132772345,0.2857142857142857,0.14998,0.17351,0.9777074133968963,A:353:;A:355:;A:356:;A:357:;A:358:;A:360:;D:60:,A:353:;A:360:
catalase_ps,hbond_acceptor,185,11,alternative interface,A:260:,GLY,260,A,10,1,12.111296281017953,0.1,0.147032,0.15117,0.990701006769599,A:123:;A:206:;A:207:;A:208:;A:258:;A:259:;A:260:;A:261:;A:262:;A:263:,A:262:
catalase_ps,hbond_acceptor,186,11,alternative interface,C:363:,HIS,363,C,7,3,13.326209569171168,0.42857142857142855,0.12967571428571428,0.12772,0.9049353468211272,B:65:;C:360:;C:361:;C:362:;C:363:;C:366:;C:367:,B:65:;C:360:;C:362:
catalase_ps,hbond_acceptor,187,11,alternative interface,A:361:,HIS,361,A,8,2,12.676767919614196,0.25,0.1516575,0.12115000000000001,0.9544909624335057,A:357:;A:358:;A:360:;A:361:;A:362:;A:363:;A:366:;A:367:,A:360:;A:362:
catalase_ps,hbond_acceptor,188,11,alternative interface,C:59:,GLU,59,C,9,2,11.913870085055231,0.2222222222222222,0.15319222222222223,0.11333,0.9742824357731429,A:386:;C:28:;C:29:;C:55:;C:57:;C:58:;C:59:;C:60:;C:62:,C:28:;C:57:
catalase_ps,hbond_acceptor,189,11,alternative interface,B:67:,ARG,67,B,10,3,14.146542674537015,0.3,0.143712,0.11023,0.9052152887454509,B:65:;B:66:;B:67:;B:69:;C:69:;C:70:;C:71:;C:72:;D:388:;D:390:,B:65:;B:67:;C:71:
catalase_ps,hbond_acceptor,190,11,alternative interface,B:59:,GLU,59,B,9,2,12.106887087189515,0.2222222222222222,0.15341888888888888,0.10611000000000001,0.9738000670837877,B:28:;B:29:;B:55:;B:57:;B:58:;B:59:;B:60:;B:62:;D:386:,B:28:;B:57:
catalase_ps,hbond_acceptor,191,11,alternative interface,A:32:,ASN,32,A,9,1,14.774371508618401,0.1111111111111111,0.1200211111111111,0.06855,0.9912794261068959,A:28:;A:29:;A:30:;A:32:;A:33:;C:139:;C:337:;C:339:;C:340:,A:28:
catalase_ps,hbond_acceptor,192,11,alternative interface,A:66:,GLU,66,A,6,1,12.818141892353657,0.16666666666666666,0.1542066666666667,0.06425,0.9356499210725778,A:62:;A:66:;A:67:;C:388:;C:390:;D:72:,A:67:
catalase_ps,hbond_acceptor,193,11,alternative interface,C:32:,ASN,32,C,8,2,14.579853525004589,0.25,0.13129875000000002,0.06283,0.9865676559077382,A:139:;A:337:;A:338:;A:340:;C:27:;C:28:;C:29:;C:32:,C:27:;C:28:
catalase_ps,hbond_acceptor,194,11,alternative interface,A:214:,TYR,214,A,8,2,13.454674959421304,0.25,0.13233875,0.06016,0.9907981649965021,A:147:;A:148:;A:150:;A:212:;A:214:;A:216:;A:232:;A:234:,A:216:;A:232:
catalase_ps,hbond_acceptor,195,11,alternative interface,B:113:,SER,113,B,8,3,12.474348622903634,0.375,0.10666125000000001,0.05633,0.9838610716820667,B:113:;B:115:;B:123:;B:129:;B:130:;B:74:;B:76:;B:78:,B:113:;B:129:;B:76:
catalase_ps,hbond_acceptor,196,11,alternative interface,D:150:,PRO,150,D,8,2,14.216429486679722,0.25,0.179525,0.04289,0.9901794420036418,D:147:;D:148:;D:150:;D:152:;D:214:;D:216:;D:300:;D:301:,D:216:;D:300:
catalase_ps,hbond_acceptor,197,11,alternative interface,D:232:,LYS,232,D,7,2,14.74577046801584,0.2857142857142857,0.10141857142857143,0.03932,0.9893708325544833,D:214:;D:216:;D:219:;D:230:;D:232:;D:234:;D:282:,D:216:;D:232:
catalase_ps,hbond_acceptor,198,11,alternative interface,A:165:,HIS,165,A,5,2,10.64489100696966,0.4,0.093574,0.03567,0.9840496364705055,A:165:;A:167:;A:168:;A:169:;B:402:,A:168:;A:169:
catalase_ps,hbond_acceptor,199,11,alternative interface,D:73:,VAL,73,D,7,1,10.266649662703715,0.14285714285714285,0.1469342857142857,0.03496,0.9914198756516559,D:115:;D:116:;D:117:;D:71:;D:72:;D:73:;D:74:,D:71:
catalase_ps,hbond_acceptor,200,12,alternative interface,B:260:,GLY,260,B,10,1,13.897956705839514,0.1,0.155802,0.13701,0.9900379071203773,B:123:;B:206:;B:207:;B:208:;B:258:;B:259:;B:260:;B:262:;B:263:;B:78:,B:262:
catalase_ps,hbond_acceptor,201,12,alternative interface,D:59:,GLU,59,D,9,2,11.716330196657319,0.2222222222222222,0.1479688888888889,0.11968,0.9747973089039329,B:386:;D:28:;D:29:;D:55:;D:57:;D:58:;D:59:;D:60:;D:62:,D:28:;D:57:
catalase_ps,hbond_acceptor,202,12,alternative interface,A:59:,GLU,59,A,9,2,12.044053444158877,0.2222222222222222,0.14797111111111108,0.09712,0.9746944804687089,A:28:;A:29:;A:55:;A:57:;A:58:;A:59:;A:60:;A:62:;C:386:,A:28:;A:57:
catalase_ps,hbond_acceptor,203,12,alternative interface,D:32:,ASN,32,D,9,2,14.709165889777141,0.2222222222222222,0.10074666666666666,0.05866,0.9877056556421334,B:139:;B:337:;B:338:;B:340:;D:27:;D:28:;D:29:;D:30:;D:32:,D:27:;D:28:
catalase_ps,hbond_acceptor,204,12,alternative interface,B:150:,PRO,150,B,8,1,14.813530345938947,0.125,0.178145,0.05229,0.9900201804463648,B:147:;B:148:;B:150:;B:152:;B:214:;B:216:;B:234:;B:301:,B:216:
catalase_ps,hbond_acceptor,205,12,alternative interface,D:165:,HIS,165,D,6,2,11.68629932485655,0.3333333333333333,0.10273833333333333,0.05164,0.9822181712403246,C:402:;D:163:;D:165:;D:167:;D:168:;D:169:,D:168:;D:169:
catalase_ps,hbond_acceptor,206,12,alternative interface,A:71:,ARG,71,A,7,2,12.472374827164668,0.2857142857142857,0.14087857142857144,0.04835,0.9769929131855137,A:69:;A:70:;A:71:;A:72:;A:73:;A:74:;D:67:,A:71:;D:67:
catalase_ps,hbond_acceptor,207,12,alternative interface,C:214:,TYR,214,C,8,2,13.462753484680016,0.25,0.12882375000000001,0.04776,0.9907747151959629,C:147:;C:148:;C:150:;C:212:;C:214:;C:216:;C:232:;C:234:,C:216:;C:232:
catalase_ps,hbond_acceptor,208,12,alternative interface,A:335:,PRO,335,A,8,2,13.150747917434515,0.25,0.13389374999999998,0.040650000000000006,0.9799758365658394,A:145:;A:333:;A:335:;A:336:;A:337:;A:338:;A:353:;A:357:,A:336:;A:353:
catalase_ps,hbond_acceptor,209,12,alternative interface,D:113:,SER,113,D,5,1,11.472913992303136,0.2,0.147118,0.018189999999999998,0.9876534564833253,D:113:;D:115:;D:123:;D:130:;D:74:,D:113:
catalase_ps,hbond_acceptor,210,13,alternative interface,C:67:,ARG,67,C,9,2,14.433812585851681,0.2222222222222222,0.14019777777777775,0.08529999999999999,0.9047958755879745,A:388:;A:390:;B:69:;B:70:;B:71:;B:72:;C:66:;C:67:;C:69:,B:71:;C:67:
catalase_ps,hbond_acceptor,211,13,alternative interface,B:32:,ASN,32,B,8,1,14.354857629807372,0.125,0.133345,0.048150000000000005,0.9881784753906862,B:28:;B:29:;B:32:;B:33:;D:139:;D:337:;D:338:;D:340:,B:28:
catalase_ps,hbond_acceptor,212,13,alternative interface,A:116:,ALA,116,A,9,1,12.625721419061538,0.1111111111111111,0.1601211111111111,0.03567,0.9829609967236823,A:115:;A:116:;A:117:;A:118:;A:127:;A:167:;A:168:;A:73:;A:74:,A:168:
catalase_ps,hbond_acceptor,213,13,alternative interface,A:384:,ASN,384,A,8,2,13.338864610407933,0.25,0.12524125,0.03125,0.9868645290323391,A:382:;A:383:;A:384:;A:386:;A:411:;C:27:;C:28:;C:29:,C:27:;C:28:
catalase_ps,hbond_acceptor,214,13,alternative interface,A:343:,GLU,343,A,8,1,12.907612405835968,0.125,0.1172375,0.02801,0.9895468893515591,A:219:;A:220:;A:222:;A:338:;A:340:;A:343:;A:344:;A:419:,A:220:
catalase_ps,hbond_acceptor,215,13,alternative interface,B:343:,GLU,343,B,9,1,13.067782323836143,0.1111111111111111,0.1207811111111111,0.026690000000000002,0.9890800008085985,B:219:;B:220:;B:222:;B:338:;B:340:;B:343:;B:344:;B:419:;B:420:,B:220:
catalase_ps,hbond_acceptor,216,13,alternative interface,D:343:,GLU,343,D,8,1,13.259687732105965,0.125,0.132685,0.02543,0.9893770889500584,D:219:;D:220:;D:222:;D:338:;D:340:;D:343:;D:344:;D:419:,D:220:
catalase_ps,hbond_acceptor,217,13,alternative interface,C:113:,SER,113,C,5,1,11.656965990126531,0.2,0.12515199999999999,0.02274,0.9875013271157145,C:113:;C:115:;C:123:;C:130:;C:74:,C:113:
catalase_ps,hbond_acceptor,218,13,alternative interface,A:130:,GLY,130,A,8,1,13.251244307548808,0.125,0.13548125,0.018189999999999998,0.9830584612603132,A:113:;A:115:;A:130:;A:132:;A:145:;A:147:;A:148:;A:74:,A:113:
catalase_ps,hbond_acceptor,219,13,alternative interface,D:387:,ARG,387,D,7,1,14.327701011820988,0.14285714285714285,0.14674857142857142,0.01771,0.9751471565821627,B:62:;B:66:;D:386:;D:387:;D:388:;D:397:;D:402:,D:387:
catalase_ps,hbond_acceptor,220,14,alternative interface,C:343:,GLU,343,C,8,1,13.143779883627891,0.125,0.13251625,0.02878,0.9880087321669309,C:219:;C:220:;C:222:;C:339:;C:340:;C:343:;C:344:;C:419:,C:220:
catalase_ps,hbond_acceptor,221,14,alternative interface,B:384:,ASN,384,B,9,2,14.420706573650184,0.2222222222222222,0.12099222222222222,0.02344,0.9789931203341006,B:382:;B:383:;B:384:;B:386:;B:402:;B:411:;D:27:;D:28:;D:29:,D:27:;D:28:
catalase_ps,oxide,1,1,primary plausible interface,C:499:,TYR,499,C,8,2,12.963939757710182,0.25,0.5281875,0.86509,0.9971041863029463,C:464:;C:467:;C:495:;C:497:;C:498:;C:499:;C:500:;C:501:,C:497:;C:501:
catalase_ps,oxide,2,1,primary plausible interface,D:499:,TYR,499,D,8,2,12.28340210662497,0.25,0.5174325,0.85295,0.9974684244071074,D:464:;D:467:;D:495:;D:497:;D:498:;D:499:;D:500:;D:501:,D:497:;D:501:
catalase_ps,oxide,3,1,primary plausible interface,A:500:,ASN,500,A,6,2,10.638966727877838,0.3333333333333333,0.591455,0.8179900000000001,0.9984817555329901,A:467:;A:497:;A:498:;A:499:;A:500:;A:501:,A:497:;A:501:
catalase_ps,oxide,4,1,primary plausible interface,A:245:,SER,245,A,8,3,12.829791873089588,0.375,0.43559875,0.79805,0.9935457031042441,A:201:;A:204:;A:243:;A:244:;A:245:;A:246:;A:247:;A:248:,A:201:;A:247:;A:248:
catalase_ps,oxide,5,1,primary plausible interface,B:245:,SER,245,B,7,3,12.504660520083688,0.42857142857142855,0.47673571428571426,0.6928700000000001,0.9932494754058921,B:201:;B:243:;B:244:;B:245:;B:246:;B:247:;B:248:,B:201:;B:247:;B:248:
catalase_ps,oxide,6,1,primary plausible interface,C:290:,ILE,290,C,6,2,11.971378953385656,0.3333333333333333,0.6043366666666666,0.53357,0.9965525673990774,C:286:;C:287:;C:288:;C:289:;C:290:;C:292:,C:287:;C:289:
catalase_ps,oxide,7,1,primary plausible interface,B:435:,ASN,435,B,8,3,13.59051473165493,0.375,0.3590875,0.30318,0.9937532212402573,B:190:;B:432:;B:433:;B:434:;B:435:;B:436:;B:437:;B:438:,B:190:;B:436:;B:437:
catalase_ps,oxide,8,1,primary plausible interface,C:97:,LYS,97,C,6,3,12.54573908200384,0.5,0.2736533333333333,0.25848,0.9930046362429696,C:100:;C:138:;C:139:;C:340:;C:95:;C:97:,C:100:;C:138:;C:139:
catalase_ps,oxide,9,1,primary plausible interface,D:97:,LYS,97,D,5,3,12.860796827483599,0.6,0.3395,0.24988,0.9945207331575479,D:100:;D:138:;D:139:;D:95:;D:97:,D:100:;D:138:;D:139:
catalase_ps,oxide,10,1,primary plausible interface,A:8:,SER,8,A,6,3,12.224102170698263,0.5,0.21107666666666666,0.22274999999999998,0.99452744317751,A:4:;A:5:;A:6:;A:8:;A:9:;D:177:,A:5:;A:9:;D:177:
catalase_ps,oxide,11,1,primary plausible interface,B:8:,SER,8,B,6,3,12.47044948366611,0.5,0.20737166666666665,0.21195,0.9946332218318639,B:4:;B:5:;B:6:;B:8:;B:9:;C:177:,B:5:;B:9:;C:177:
catalase_ps,oxide,12,1,primary plausible interface,C:329:,GLU,329,C,3,2,6.263929249536015,0.6666666666666666,0.14452666666666666,0.10273,0.9882562718175987,C:325:;C:327:;C:329:,C:327:;C:329:
catalase_ps,oxide,13,2,alternative interface,A:250:,ALA,250,A,10,2,12.983895288777653,0.2,0.425589,0.85828,0.9935307874967363,A:125:;A:246:;A:247:;A:248:;A:250:;A:251:;A:252:;A:253:;A:254:;D:254:,A:247:;A:248:
catalase_ps,oxide,14,2,alternative interface,B:250:,ALA,250,B,10,2,12.880504912838616,0.2,0.44526000000000004,0.8211700000000001,0.9936627436174449,B:125:;B:246:;B:247:;B:248:;B:250:;B:251:;B:252:;B:253:;B:254:;C:254:,B:247:;B:248:
catalase_ps,oxide,15,2,alternative interface,D:245:,SER,245,D,8,3,12.40630649575949,0.375,0.42420874999999997,0.75362,0.9933753744819168,D:201:;D:204:;D:243:;D:244:;D:245:;D:246:;D:247:;D:248:,D:201:;D:247:;D:248:
catalase_ps,oxide,16,2,alternative interface,B:455:,ARG,455,B,10,2,13.511157439871727,0.2,0.40895099999999995,0.72344,0.9966132285047665,B:200:;B:447:;B:450:;B:451:;B:452:;B:453:;B:454:;B:455:;B:456:;B:457:,B:452:;B:453:
catalase_ps,oxide,17,2,alternative interface,A:455:,ARG,455,A,9,2,11.961385595193923,0.2222222222222222,0.4168722222222222,0.7033400000000001,0.9975987765216324,A:200:;A:450:;A:451:;A:452:;A:453:;A:454:;A:455:;A:456:;A:457:,A:452:;A:453:
catalase_ps,oxide,18,2,alternative interface,C:454:,GLN,454,C,10,3,12.46806095755155,0.3,0.410769,0.7009399999999999,0.9973588527149571,C:200:;C:201:;C:450:;C:451:;C:452:;C:453:;C:454:;C:455:;C:456:;C:457:,C:201:;C:452:;C:453:
catalase_ps,oxide,19,2,alternative interface,D:455:,ARG,455,D,8,2,10.05343540876856,0.25,0.45685125000000004,0.69267,0.9974418234175314,D:450:;D:451:;D:452:;D:453:;D:454:;D:455:;D:456:;D:457:,D:452:;D:453:
catalase_ps,oxide,20,2,alternative interface,D:223:,ASN,223,D,10,2,11.937163560808564,0.2,0.5303479999999999,0.6811499999999999,0.9947757325710721,D:222:;D:223:;D:224:;D:225:;D:226:;D:227:;D:91:;D:92:;D:93:;D:95:,D:225:;D:227:
catalase_ps,oxide,21,2,alternative interface,A:226:,GLY,226,A,7,2,10.569609488707593,0.2857142857142857,0.4793285714285714,0.66791,0.9966363936420984,A:222:;A:223:;A:224:;A:225:;A:226:;A:227:;A:420:,A:225:;A:227:
catalase_ps,oxide,22,2,alternative interface,B:498:,LYS,498,B,7,2,11.30163004472049,0.2857142857142857,0.54821,0.5863700000000001,0.9969600620123559,B:494:;B:495:;B:497:;B:498:;B:499:;B:500:;B:501:,B:497:;B:501:
catalase_ps,oxide,23,2,alternative interface,B:286:,SER,286,B,7,2,10.138668813441722,0.2857142857142857,0.5793971428571428,0.51878,0.9972966117864319,B:284:;B:285:;B:286:;B:287:;B:288:;B:289:;B:290:,B:287:;B:289:
catalase_ps,oxide,24,2,alternative interface,B:485:,HIS,485,B,6,2,10.842963943048735,0.3333333333333333,0.5252233333333333,0.5033299999999999,0.9966183418397352,B:443:;B:482:;B:483:;B:485:;B:486:;B:487:,B:483:;B:487:
catalase_ps,oxide,25,2,alternative interface,D:485:,HIS,485,D,6,2,10.647511242155375,0.3333333333333333,0.46660166666666664,0.36019,0.996666750313327,D:443:;D:482:;D:483:;D:485:;D:486:;D:487:,D:483:;D:487:
catalase_ps,oxide,26,2,alternative interface,A:485:,HIS,485,A,6,2,10.63110087760816,0.3333333333333333,0.47509333333333337,0.3471,0.9967285322525302,A:443:;A:482:;A:483:;A:485:;A:486:;A:487:,A:483:;A:487:
catalase_ps,oxide,27,2,alternative interface,C:303:,PRO,303,C,7,1,11.767389394094007,0.14285714285714285,0.5678485714285715,0.31324,0.9973486953843131,C:301:;C:303:;C:304:;C:305:;C:306:;C:307:;C:308:,C:306:
catalase_ps,oxide,28,2,alternative interface,B:260:,GLY,260,B,10,4,13.897956705839514,0.4,0.155802,0.22963,0.9900379071203773,B:123:;B:206:;B:207:;B:208:;B:258:;B:259:;B:260:;B:262:;B:263:;B:78:,B:123:;B:206:;B:258:;B:263:
catalase_ps,oxide,29,2,alternative interface,D:4:,ARG,4,D,6,2,9.44646027448987,0.3333333333333333,0.3357016666666666,0.22204000000000002,0.9978602135984586,D:3:;D:4:;D:5:;D:6:;D:8:;D:9:,D:5:;D:9:
catalase_ps,oxide,30,2,alternative interface,B:325:,PHE,325,B,6,3,11.842598360709816,0.5,0.19405000000000003,0.2143,0.9799399858322085,B:324:;B:325:;B:327:;B:329:;C:172:;D:388:,B:327:;B:329:;D:388:
catalase_ps,oxide,31,2,alternative interface,D:260:,GLY,260,D,10,4,12.07660432375188,0.4,0.157693,0.21004,0.9908653068794779,D:123:;D:206:;D:207:;D:208:;D:258:;D:259:;D:260:;D:261:;D:262:;D:263:,D:123:;D:206:;D:258:;D:263:
catalase_ps,oxide,32,2,alternative interface,A:138:,GLU,138,A,4,2,11.899087903505164,0.5,0.31592,0.1949,0.9932584616266162,A:138:;A:139:;A:379:;A:97:,A:138:;A:139:
catalase_ps,oxide,33,2,alternative interface,C:8:,SER,8,C,4,1,6.648828567300131,0.25,0.2730475,0.19369,0.9982665076451074,C:4:;C:5:;C:6:;C:8:,C:5:
catalase_ps,oxide,34,2,alternative interface,B:138:,GLU,138,B,4,2,11.366754742160998,0.5,0.287155,0.14826,0.9934269186099698,B:138:;B:139:;B:379:;B:97:,B:138:;B:139:
catalase_ps,oxide,35,3,alternative interface,D:250:,ALA,250,D,10,2,13.047474210707248,0.2,0.40746399999999994,0.79972,0.9936434342121101,A:254:;D:125:;D:246:;D:247:;D:248:;D:250:;D:251:;D:252:;D:253:;D:254:,D:247:;D:248:
catalase_ps,oxide,36,3,alternative interface,C:250:,ALA,250,C,11,2,15.140795243423257,0.18181818181818182,0.42713636363636365,0.7955,0.9928160307274442,B:254:;C:125:;C:245:;C:246:;C:247:;C:248:;C:250:;C:251:;C:252:;C:253:;C:254:,C:247:;C:248:
catalase_ps,oxide,37,3,alternative interface,C:223:,ASN,223,C,10,2,12.087333585017836,0.2,0.48595,0.58453,0.9946880256793286,C:222:;C:223:;C:224:;C:225:;C:226:;C:227:;C:91:;C:92:;C:93:;C:95:,C:225:;C:227:
catalase_ps,oxide,38,3,alternative interface,B:223:,ASN,223,B,10,2,11.721136077537428,0.2,0.470583,0.56802,0.9948162103441368,B:222:;B:223:;B:224:;B:225:;B:226:;B:227:;B:91:;B:92:;B:93:;B:95:,B:225:;B:227:
catalase_ps,oxide,39,3,alternative interface,C:285:,PHE,285,C,8,2,11.659153400565994,0.25,0.4343325,0.53357,0.9967214390530904,C:229:;C:230:;C:284:;C:285:;C:286:;C:287:;C:288:;C:289:,C:287:;C:289:
catalase_ps,oxide,40,3,alternative interface,D:290:,ILE,290,D,7,2,11.984644748441497,0.2857142857142857,0.5424371428571428,0.5057699999999999,0.996717772222504,D:286:;D:287:;D:288:;D:289:;D:290:;D:291:;D:292:,D:287:;D:289:
catalase_ps,oxide,41,3,alternative interface,A:286:,SER,286,A,7,2,10.534357659363057,0.2857142857142857,0.5379857142857143,0.47694000000000003,0.9971128092104389,A:284:;A:285:;A:286:;A:287:;A:288:;A:289:;A:290:,A:287:;A:289:
catalase_ps,oxide,42,3,alternative interface,B:256:,ASP,256,B,9,3,9.964593334163457,0.3333333333333333,0.28643555555555555,0.4167,0.9952647200669813,B:122:;B:252:;B:253:;B:254:;B:255:;B:256:;B:257:;B:258:;B:259:,B:255:;B:256:;B:258:
catalase_ps,oxide,43,3,alternative interface,B:395:,ASP,395,B,6,2,11.414461792963031,0.3333333333333333,0.3590516666666667,0.39348999999999995,0.9784679717862994,B:393:;B:394:;B:395:;B:397:;B:398:;D:327:,B:395:;D:327:
catalase_ps,oxide,44,3,alternative interface,C:485:,HIS,485,C,6,2,10.851048848032555,0.3333333333333333,0.472025,0.39126,0.9965460753638916,C:443:;C:482:;C:483:;C:485:;C:486:;C:487:,C:483:;C:487:
catalase_ps,oxide,45,3,alternative interface,B:303:,PRO,303,B,7,1,11.851800092239223,0.14285714285714285,0.5577571428571428,0.31131,0.9972274580442265,B:301:;B:303:;B:304:;B:305:;B:306:;B:307:;B:308:,B:306:
catalase_ps,oxide,46,3,alternative interface,A:303:,PRO,303,A,7,1,11.799993774357048,0.14285714285714285,0.5454714285714285,0.28325,0.9972438032974714,A:301:;A:303:;A:304:;A:305:;A:306:;A:307:;A:308:,A:306:
catalase_ps,oxide,47,3,alternative interface,D:303:,PRO,303,D,7,1,12.087863411272448,0.14285714285714285,0.5661728571428571,0.26727,0.9972599809582735,D:301:;D:303:;D:304:;D:305:;D:306:;D:307:;D:308:,D:306:
catalase_ps,oxide,48,3,alternative interface,A:18:,ARG,18,A,9,1,12.892963266118864,0.1111111111111111,0.57711,0.21628,0.9931256398220945,A:14:;A:15:;A:16:;A:17:;A:18:;A:19:;A:20:;A:21:;A:22:,A:16:
catalase_ps,oxide,49,3,alternative interface,D:325:,PHE,325,D,6,3,11.949262198110127,0.5,0.18664166666666668,0.21321,0.9797965627773108,A:172:;B:388:;D:324:;D:325:;D:327:;D:329:,B:388:;D:327:;D:329:
catalase_ps,oxide,50,3,alternative interface,A:260:,GLY,260,A,10,4,12.111296281017953,0.4,0.147032,0.19746,0.990701006769599,A:123:;A:206:;A:207:;A:208:;A:258:;A:259:;A:260:;A:261:;A:262:;A:263:,A:123:;A:206:;A:258:;A:263:
catalase_ps,oxide,51,3,alternative interface,C:119:,SER,119,C,8,3,13.689718802327977,0.375,0.203745,0.18084,0.9843136079744753,B:118:;B:119:;B:121:;C:117:;C:118:;C:119:;C:121:;C:70:,B:118:;C:118:;C:70:
catalase_ps,oxide,52,3,alternative interface,C:260:,GLY,260,C,10,4,12.092410709353022,0.4,0.13208,0.16835999999999998,0.9910459477327074,C:123:;C:206:;C:207:;C:208:;C:258:;C:259:;C:260:;C:261:;C:262:;C:263:,C:123:;C:206:;C:258:;C:263:
catalase_ps,oxide,53,3,alternative interface,D:105:,ARG,105,D,6,1,12.78556753923559,0.16666666666666666,0.35005,0.13788,0.9971250236269773,D:103:;D:104:;D:105:;D:107:;D:83:;D:85:,D:85:
catalase_ps,oxide,54,3,alternative interface,A:329:,GLU,329,A,4,2,6.386912501280451,0.5,0.1289175,0.09398,0.9906050207981714,A:324:;A:325:;A:327:;A:329:,A:327:;A:329:
catalase_ps,oxide,55,3,alternative interface,B:236:,LYS,236,B,5,2,12.458406652113222,0.4,0.21841400000000002,0.05639,0.9933079850370766,B:212:;B:234:;B:236:;B:238:;B:277:,B:212:;B:238:
catalase_ps,oxide,56,4,alternative interface,D:285:,PHE,285,D,8,2,12.248573805106465,0.25,0.41253874999999995,0.5057699999999999,0.9964275956554735,D:229:;D:230:;D:284:;D:285:;D:286:;D:287:;D:288:;D:289:,D:287:;D:289:
catalase_ps,oxide,57,4,alternative interface,B:491:,ARG,491,B,7,1,12.407461217709677,0.14285714285714285,0.5365185714285714,0.47603,0.9948709194536738,B:456:;B:487:;B:490:;B:491:;B:493:;B:494:;B:495:,B:487:
catalase_ps,oxide,58,4,alternative interface,A:495:,LEU,495,A,8,2,12.464174332967126,0.25,0.471005,0.40154,0.9953800815524809,A:460:;A:491:;A:493:;A:494:;A:495:;A:497:;A:498:;A:499:,A:460:;A:497:
catalase_ps,oxide,59,4,alternative interface,D:256:,ASP,256,D,9,3,9.901041468220775,0.3333333333333333,0.2575055555555556,0.38783999999999996,0.9947850649326011,D:122:;D:252:;D:253:;D:254:;D:255:;D:256:;D:257:;D:258:;D:259:,D:255:;D:256:;D:258:
catalase_ps,oxide,60,4,alternative interface,C:256:,ASP,256,C,9,3,9.863269587432443,0.3333333333333333,0.25802888888888886,0.3686,0.9950673936644605,C:122:;C:252:;C:253:;C:254:;C:255:;C:256:;C:257:;C:258:;C:259:,C:255:;C:256:;C:258:
catalase_ps,oxide,61,4,alternative interface,D:395:,ASP,395,D,7,2,13.584244349355037,0.2857142857142857,0.3462085714285714,0.35628,0.97744855096403,B:322:;B:327:;D:393:;D:394:;D:395:;D:397:;D:398:,B:327:;D:395:
catalase_ps,oxide,62,4,alternative interface,C:89:,ASP,89,C,8,2,14.569103847954496,0.25,0.54067625,0.33929000000000004,0.9926585773019265,C:100:;C:101:;C:102:;C:87:;C:88:;C:89:;C:91:;C:92:,C:100:;C:89:
catalase_ps,oxide,63,4,alternative interface,D:102:,ILE,102,D,9,3,11.225471338553087,0.3333333333333333,0.4448688888888889,0.32138,0.9945679031558787,D:100:;D:101:;D:102:;D:103:;D:104:;D:85:;D:87:;D:88:;D:89:,D:100:;D:85:;D:89:
catalase_ps,oxide,64,4,alternative interface,C:494:,ALA,494,C,7,1,13.052133904741144,0.14285714285714285,0.5657257142857144,0.26591000000000004,0.9958070213728941,C:490:;C:491:;C:493:;C:494:;C:495:;C:497:;C:498:,C:497:
catalase_ps,oxide,65,4,alternative interface,A:435:,ASN,435,A,7,2,13.326295273949372,0.2857142857142857,0.40065428571428574,0.26068,0.9948512436120007,A:432:;A:433:;A:434:;A:435:;A:436:;A:437:;A:438:,A:436:;A:437:
catalase_ps,oxide,66,4,alternative interface,D:494:,ALA,494,D,7,1,12.347700812650986,0.14285714285714285,0.5475428571428572,0.25568,0.9961270551317138,D:490:;D:491:;D:493:;D:494:;D:495:;D:497:;D:498:,D:497:
catalase_ps,oxide,67,4,alternative interface,C:103:,GLY,103,C,7,1,9.918248764303327,0.14285714285714285,0.44534857142857137,0.23503,0.9966088937531177,C:101:;C:102:;C:103:;C:104:;C:105:;C:85:;C:87:,C:85:
catalase_ps,oxide,68,4,alternative interface,C:13:,HIS,13,C,6,1,8.98063402406951,0.16666666666666666,0.4654766666666666,0.20341,0.9966752846428525,C:12:;C:13:;C:14:;C:15:;C:16:;C:17:,C:16:
catalase_ps,oxide,69,4,alternative interface,B:439:,VAL,439,B,10,3,12.668243002931222,0.3,0.250525,0.17156,0.9954286881010787,B:190:;B:192:;B:193:;B:437:;B:438:;B:439:;B:440:;B:441:;B:443:;B:483:,B:190:;B:437:;B:483:
catalase_ps,oxide,70,4,alternative interface,D:38:,LEU,38,D,3,1,6.604259029413601,0.3333333333333333,0.15917666666666666,0.06964000000000001,0.995432278137934,D:36:;D:38:;D:39:,D:36:
catalase_ps,oxide,71,5,alternative interface,B:413:,HIS,413,B,8,2,12.731611044530686,0.25,0.33209,0.45826,0.9906380510955269,B:411:;B:412:;B:413:;B:414:;B:415:;D:25:;D:27:;D:36:,B:412:;D:36:
catalase_ps,oxide,72,5,alternative interface,A:413:,HIS,413,A,8,2,12.871017706753511,0.25,0.34659375,0.40112000000000003,0.9905298784525807,A:411:;A:412:;A:413:;A:414:;A:415:;C:25:;C:27:;C:36:,A:412:;C:36:
catalase_ps,oxide,73,5,alternative interface,D:23:,PRO,23,D,8,2,11.992707247895893,0.25,0.4187075,0.38862,0.9934009402823132,B:409:;B:411:;B:412:;D:21:;D:22:;D:23:;D:24:;D:25:,B:412:;D:24:
catalase_ps,oxide,74,5,alternative interface,A:23:,PRO,23,A,8,2,12.595805371119141,0.25,0.44809750000000004,0.37453000000000003,0.9930063372100472,A:21:;A:22:;A:23:;A:24:;A:25:;C:409:;C:411:;C:412:,A:24:;C:412:
catalase_ps,oxide,75,5,alternative interface,A:256:,ASP,256,A,9,3,9.85368082503443,0.3333333333333333,0.23901111111111106,0.35644,0.9948251952809367,A:122:;A:252:;A:253:;A:254:;A:255:;A:256:;A:257:;A:258:;A:259:,A:255:;A:256:;A:258:
catalase_ps,oxide,76,5,alternative interface,D:465:,HIS,465,D,6,1,13.531555887731939,0.16666666666666666,0.3111716666666667,0.34368000000000004,0.9942650411050813,D:178:;D:461:;D:464:;D:465:;D:467:;D:468:,D:468:
catalase_ps,oxide,77,5,alternative interface,A:89:,ASP,89,A,7,1,14.138777129827563,0.14285714285714285,0.496897142857143,0.32387,0.9929562970201457,A:101:;A:102:;A:87:;A:88:;A:89:;A:91:;A:92:,A:89:
catalase_ps,oxide,78,5,alternative interface,B:89:,ASP,89,B,7,1,14.384784246210154,0.14285714285714285,0.5066385714285715,0.30183,0.9926292862783697,B:101:;B:102:;B:87:;B:88:;B:89:;B:91:;B:92:,B:89:
catalase_ps,oxide,79,5,alternative interface,A:465:,HIS,465,A,6,1,13.565934692135693,0.16666666666666666,0.372635,0.30099,0.9943546349492968,A:178:;A:461:;A:464:;A:465:;A:467:;A:468:,A:468:
catalase_ps,oxide,80,5,alternative interface,C:468:,ASP,468,C,5,1,11.639459956087325,0.2,0.362412,0.26606,0.9953917646838106,C:178:;C:465:;C:467:;C:468:;C:470:,C:468:
catalase_ps,oxide,81,5,alternative interface,D:435:,ASN,435,D,7,2,13.781600745861581,0.2857142857142857,0.3857328571428571,0.24850999999999998,0.9944710360740993,D:432:;D:433:;D:434:;D:435:;D:436:;D:437:;D:438:,D:436:;D:437:
catalase_ps,oxide,82,5,alternative interface,D:13:,HIS,13,D,7,2,12.202149744711695,0.2857142857142857,0.4307771428571429,0.2413,0.993868547044844,D:12:;D:13:;D:14:;D:15:;D:16:;D:17:;D:9:,D:16:;D:9:
catalase_ps,oxide,83,5,alternative interface,B:13:,HIS,13,B,7,2,12.163655206339953,0.2857142857142857,0.4055942857142857,0.24026,0.9940199896001775,B:12:;B:13:;B:14:;B:15:;B:16:;B:17:;B:9:,B:16:;B:9:
catalase_ps,oxide,84,5,alternative interface,A:13:,HIS,13,A,7,2,11.90399542274311,0.2857142857142857,0.3943585714285715,0.23535,0.9941550728618292,A:12:;A:13:;A:14:;A:15:;A:16:;A:17:;A:9:,A:16:;A:9:
catalase_ps,oxide,85,5,alternative interface,C:480:,ASN,480,C,8,1,12.321455361696783,0.125,0.32338249999999996,0.22508,0.9956500793021298,C:189:;C:192:;C:476:;C:478:;C:479:;C:480:;C:482:;C:483:,C:483:
catalase_ps,oxide,86,5,alternative interface,B:18:,ARG,18,B,9,1,12.514366292702361,0.1111111111111111,0.4872744444444444,0.21928999999999998,0.9934147517938243,B:14:;B:15:;B:16:;B:17:;B:18:;B:19:;B:20:;B:21:;D:409:,B:16:
catalase_ps,oxide,87,5,alternative interface,D:18:,ARG,18,D,9,1,11.7486608574036,0.1111111111111111,0.50098,0.21461,0.9940102610174535,B:409:;D:14:;D:15:;D:16:;D:17:;D:18:;D:19:;D:20:;D:21:,D:16:
catalase_ps,oxide,88,5,alternative interface,A:480:,ASN,480,A,8,1,12.428790070403917,0.125,0.3253225,0.18907,0.995543826290394,A:189:;A:192:;A:476:;A:478:;A:479:;A:480:;A:482:;A:483:,A:483:
catalase_ps,oxide,89,5,alternative interface,B:480:,ASN,480,B,8,1,12.36810014307442,0.125,0.3183925,0.17908000000000002,0.9958146113606486,B:189:;B:192:;B:476:;B:478:;B:479:;B:480:;B:482:;B:483:,B:483:
catalase_ps,oxide,90,5,alternative interface,B:103:,GLY,103,B,7,1,10.227894469808943,0.14285714285714285,0.43486142857142857,0.17855000000000001,0.9964386078050714,B:101:;B:102:;B:103:;B:104:;B:105:;B:85:;B:87:,B:85:
catalase_ps,oxide,91,5,alternative interface,D:460:,GLU,460,D,6,1,12.347347900489481,0.16666666666666666,0.36328166666666667,0.16975,0.9959864749188447,D:456:;D:457:;D:460:;D:461:;D:464:;D:495:,D:460:
catalase_ps,oxide,92,5,alternative interface,C:460:,GLU,460,C,6,1,12.007265843421028,0.16666666666666666,0.3264066666666667,0.15943,0.9961616562184656,C:456:;C:457:;C:460:;C:461:;C:464:;C:495:,C:460:
catalase_ps,oxide,93,5,alternative interface,A:439:,VAL,439,A,9,2,12.029506956069072,0.2222222222222222,0.27925333333333335,0.15836,0.9951283832587193,A:192:;A:193:;A:437:;A:438:;A:439:;A:440:;A:441:;A:443:;A:483:,A:437:;A:483:
catalase_ps,oxide,94,5,alternative interface,A:490:,SER,490,A,8,1,12.208296376564434,0.125,0.4506975,0.15803,0.9958443800907251,A:478:;A:482:;A:486:;A:487:;A:490:;A:491:;A:493:;A:494:,A:487:
catalase_ps,oxide,95,5,alternative interface,D:379:,ARG,379,D,6,2,11.114853014251747,0.3333333333333333,0.3704483333333333,0.15295,0.9883893765728414,D:136:;D:138:;D:139:;D:378:;D:379:;D:381:,D:138:;D:139:
catalase_ps,oxide,96,5,alternative interface,C:379:,ARG,379,C,4,1,8.402603461993648,0.25,0.45069250000000005,0.15242,0.9929228398324895,C:138:;C:378:;C:379:;C:381:,C:138:
catalase_ps,oxide,97,5,alternative interface,D:439:,VAL,439,D,9,2,12.058952746783163,0.2222222222222222,0.2717333333333333,0.14855000000000002,0.9954051128579975,D:192:;D:193:;D:437:;D:438:;D:439:;D:440:;D:441:;D:443:;D:483:,D:437:;D:483:
catalase_ps,oxide,98,5,alternative interface,A:103:,GLY,103,A,7,1,9.833836974891819,0.14285714285714285,0.4095571428571429,0.13444,0.9966188280808539,A:101:;A:102:;A:103:;A:104:;A:105:;A:85:;A:87:,A:85:
catalase_ps,oxide,99,5,alternative interface,B:240:,GLY,240,B,6,1,11.233455157214928,0.16666666666666666,0.37395,0.11211,0.9958221167512717,B:210:;B:238:;B:239:;B:240:;B:241:;B:242:,B:238:
catalase_ps,oxide,100,5,alternative interface,C:439:,VAL,439,C,9,2,12.31241356373603,0.2222222222222222,0.2933433333333333,0.10478,0.9953304827285668,C:192:;C:193:;C:437:;C:438:;C:439:;C:440:;C:441:;C:443:;C:483:,C:437:;C:483:
catalase_ps,oxide,101,5,alternative interface,C:38:,LEU,38,C,4,1,9.727084114794263,0.25,0.27476999999999996,0.08226000000000001,0.9950639347644378,B:432:;C:36:;C:38:;C:39:,C:36:
catalase_ps,oxide,102,5,alternative interface,A:38:,LEU,38,A,4,1,9.362276817964895,0.25,0.27937500000000004,0.07275999999999999,0.9954365881313595,A:36:;A:38:;A:39:;D:432:,A:36:
catalase_ps,oxide,103,5,alternative interface,C:244:,LEU,244,C,9,3,13.009741309400992,0.3333333333333333,0.3528022222222222,0.05914,0.9927710746061761,C:201:;C:204:;C:206:;C:242:;C:243:;C:244:;C:245:;C:246:;C:248:,C:201:;C:206:;C:248:
catalase_ps,oxide,104,6,alternative interface,B:25:,VAL,25,B,11,2,14.001549713712427,0.18181818181818182,0.32937,0.37517,0.9879758839753219,B:23:;B:24:;B:25:;B:33:;D:381:;D:383:;D:384:;D:411:;D:412:;D:413:;D:414:,B:24:;D:412:
catalase_ps,oxide,105,6,alternative interface,C:413:,HIS,413,C,8,2,13.020714546549286,0.25,0.35230625000000004,0.33675,0.9891820891174002,A:25:;A:33:;A:36:;C:411:;C:412:;C:413:;C:414:;C:415:,A:36:;C:412:
catalase_ps,oxide,106,6,alternative interface,A:100:,GLU,100,A,7,1,13.862300999428653,0.14285714285714285,0.40981000000000006,0.29088,0.9929349440366481,A:100:;A:101:;A:102:;A:104:;A:91:;A:95:;A:97:,A:100:
catalase_ps,oxide,107,6,alternative interface,B:467:,LYS,467,B,8,1,13.334949146502757,0.125,0.3044075,0.28597,0.9938280237919175,B:464:;B:465:;B:467:;B:468:;B:470:;B:474:;B:499:;B:500:,B:468:
catalase_ps,oxide,108,6,alternative interface,D:429:,GLN,429,D,7,1,12.862612889633153,0.14285714285714285,0.26402,0.26979,0.9940274612800564,A:41:;C:421:;C:422:;D:427:;D:428:;D:429:;D:431:,D:427:
catalase_ps,oxide,109,6,alternative interface,B:429:,GLN,429,B,10,2,15.76413182252432,0.2,0.256727,0.23873999999999998,0.9898267263660819,A:419:;A:421:;A:422:;B:427:;B:428:;B:429:;B:431:;C:41:;C:44:;C:45:,A:419:;B:427:
catalase_ps,oxide,110,6,alternative interface,B:100:,GLU,100,B,7,1,13.211610484849837,0.14285714285714285,0.39528428571428575,0.23564,0.9931242887019222,B:100:;B:101:;B:102:;B:104:;B:91:;B:95:;B:97:,B:100:
catalase_ps,oxide,111,6,alternative interface,C:203:,GLY,203,C,12,2,14.133399132719394,0.16666666666666666,0.21176000000000003,0.23010999999999998,0.993453765236912,C:125:;C:126:;C:127:;C:128:;C:197:;C:198:;C:200:;C:201:;C:202:;C:203:;C:204:;C:243:,C:127:;C:201:
catalase_ps,oxide,112,6,alternative interface,D:420:,HIS,420,D,8,2,12.553248928867802,0.25,0.43993125,0.20631,0.992817609746852,D:222:;D:226:;D:227:;D:418:;D:419:;D:420:;D:421:;D:422:,D:227:;D:419:
catalase_ps,oxide,113,6,alternative interface,C:18:,ARG,18,C,9,1,12.171657269973306,0.1111111111111111,0.4775655555555556,0.20341,0.9938092510815324,A:409:;C:14:;C:15:;C:16:;C:17:;C:18:;C:19:;C:20:;C:21:,C:16:
catalase_ps,oxide,114,6,alternative interface,D:480:,ASN,480,D,8,1,12.665537682393675,0.125,0.31272375,0.1986,0.9954532923769713,D:189:;D:192:;D:476:;D:478:;D:479:;D:480:;D:482:;D:483:,D:483:
catalase_ps,oxide,115,6,alternative interface,B:203:,GLY,203,B,12,2,13.65021980817185,0.16666666666666666,0.23037249999999998,0.19604,0.9936978066980762,B:125:;B:126:;B:127:;B:128:;B:197:;B:198:;B:199:;B:200:;B:201:;B:202:;B:203:;B:243:,B:127:;B:201:
catalase_ps,oxide,116,6,alternative interface,B:178:,PRO,178,B,5,1,11.363808255420766,0.2,0.35270799999999997,0.19479,0.9951364443342413,B:176:;B:178:;B:181:;B:465:;B:468:,B:468:
catalase_ps,oxide,117,6,alternative interface,C:423:,HIS,423,C,9,1,13.15807269731385,0.1111111111111111,0.3784288888888889,0.18377,0.9939010085055743,C:421:;C:422:;C:423:;C:424:;C:425:;D:425:;D:426:;D:427:;D:428:,D:427:
catalase_ps,oxide,118,6,alternative interface,C:23:,PRO,23,C,8,2,12.39518099308207,0.25,0.39817375,0.16902,0.9933937722678914,A:409:;A:411:;A:412:;C:21:;C:22:;C:23:;C:24:;C:25:,A:412:;C:24:
catalase_ps,oxide,119,6,alternative interface,B:460:,GLU,460,B,6,1,12.375692772956642,0.16666666666666666,0.3329783333333333,0.16881000000000002,0.9958263147244206,B:456:;B:457:;B:460:;B:461:;B:464:;B:495:,B:460:
catalase_ps,oxide,120,6,alternative interface,C:435:,ASN,435,C,7,2,13.706821740414352,0.2857142857142857,0.36715142857142863,0.16552,0.9943418694082747,C:432:;C:433:;C:434:;C:435:;C:436:;C:437:;C:438:,C:436:;C:437:
catalase_ps,oxide,121,6,alternative interface,A:119:,SER,119,A,9,3,13.987172580590872,0.3333333333333333,0.1828922222222222,0.16184,0.9775458379403499,A:117:;A:118:;A:119:;A:121:;A:70:;A:77:;D:118:;D:119:;D:121:,A:118:;A:70:;D:118:
catalase_ps,oxide,122,6,alternative interface,C:240:,GLY,240,C,8,1,12.2628137570022,0.125,0.37242624999999996,0.14646,0.9943583990008736,C:209:;C:210:;C:236:;C:238:;C:239:;C:240:;C:241:;C:242:,C:238:
catalase_ps,oxide,123,6,alternative interface,A:55:,VAL,55,A,6,2,9.786829793907708,0.3333333333333333,0.18954666666666667,0.12952,0.9874399649261408,A:28:;A:54:;A:55:;A:57:;A:58:;A:59:,A:58:;A:59:
catalase_ps,oxide,124,6,alternative interface,D:57:,THR,57,D,6,2,9.29532184009919,0.3333333333333333,0.17698666666666665,0.10397,0.98897951497881,D:54:;D:55:;D:57:;D:58:;D:59:;D:60:,D:58:;D:59:
catalase_ps,oxide,125,6,alternative interface,B:220:,LYS,220,B,7,1,10.933061707615726,0.14285714285714285,0.09852000000000001,0.05968,0.9965825728678763,B:219:;B:220:;B:222:;B:229:;B:230:;B:343:;B:344:,B:343:
catalase_ps,oxide,126,6,alternative interface,C:220:,LYS,220,C,7,1,11.028200504084394,0.14285714285714285,0.10474714285714284,0.05515,0.9965105565993556,C:219:;C:220:;C:222:;C:229:;C:230:;C:343:;C:344:,C:343:
catalase_ps,oxide,127,7,alternative interface,C:396:,ASN,396,C,8,2,11.262270885148444,0.25,0.272095,0.25017,0.9761352396959979,A:325:;C:388:;C:393:;C:394:;C:395:;C:396:;C:397:;C:398:,C:388:;C:395:
catalase_ps,oxide,128,7,alternative interface,A:202:,ARG,202,A,8,1,13.110529459429202,0.125,0.178135,0.19460999999999998,0.9931584013717745,A:197:;A:198:;A:199:;A:200:;A:201:;A:202:;A:204:;A:243:,A:201:
catalase_ps,oxide,129,7,alternative interface,C:420:,HIS,420,C,7,1,12.441478882661457,0.14285714285714285,0.33189857142857143,0.18644,0.992346758158687,C:222:;C:226:;C:418:;C:419:;C:420:;C:421:;C:422:,C:419:
catalase_ps,oxide,130,7,alternative interface,A:423:,HIS,423,A,8,1,13.244783424615452,0.125,0.30531375,0.16262000000000001,0.9943388427089986,A:421:;A:422:;A:423:;A:424:;A:425:;B:426:;B:427:;B:428:,B:427:
catalase_ps,oxide,131,7,alternative interface,C:314:,LYS,314,C,6,1,13.373334396726158,0.16666666666666666,0.313755,0.16009,0.9926068747509466,C:275:;C:277:;C:314:;C:316:;C:85:;C:87:,C:85:
catalase_ps,oxide,132,7,alternative interface,B:420:,HIS,420,B,9,2,14.903776217659399,0.2222222222222222,0.3332077777777778,0.1567,0.9900536099505711,A:429:;B:222:;B:226:;B:343:;B:418:;B:419:;B:420:;B:421:;B:422:,B:343:;B:419:
catalase_ps,oxide,133,7,alternative interface,A:418:,LEU,418,A,8,2,13.939980178416219,0.25,0.35093125000000003,0.15404,0.9885163117734513,A:340:;A:414:;A:415:;A:416:;A:418:;A:419:;A:420:;C:36:,A:419:;C:36:
catalase_ps,oxide,134,7,alternative interface,D:200:,SER,200,D,9,1,12.457220208928954,0.1111111111111111,0.22614555555555554,0.15145,0.9953899018005709,D:197:;D:198:;D:199:;D:200:;D:201:;D:202:;D:454:;D:457:;D:461:,D:201:
catalase_ps,oxide,135,7,alternative interface,D:238:,ASP,238,D,7,1,12.803173367446782,0.14285714285714285,0.3261342857142857,0.14788,0.9927416187605635,D:210:;D:236:;D:238:;D:239:;D:240:;D:275:;D:277:,D:238:
catalase_ps,oxide,136,7,alternative interface,A:238:,ASP,238,A,6,1,11.085510011508596,0.16666666666666666,0.3652233333333334,0.12857,0.9941094670389036,A:236:;A:238:;A:239:;A:240:;A:275:;A:277:,A:238:
catalase_ps,oxide,137,7,alternative interface,B:266:,ASN,266,B,8,2,11.48614786363074,0.25,0.26553375,0.12214,0.9930617033246849,B:262:;B:263:;B:265:;B:266:;B:269:;B:270:;B:5:;B:6:,B:263:;B:5:
catalase_ps,oxide,138,7,alternative interface,C:426:,GLY,426,C,9,1,13.203042736004273,0.1111111111111111,0.3894311111111111,0.12136,0.9924997232305587,B:45:;C:424:;C:425:;C:426:;C:427:;C:428:;D:423:;D:424:;D:425:,C:427:
catalase_ps,oxide,139,7,alternative interface,B:55:,VAL,55,B,7,2,11.145016374456425,0.2857142857142857,0.1720042857142857,0.11588,0.9866983234106916,B:28:;B:37:;B:54:;B:55:;B:57:;B:58:;B:59:,B:58:;B:59:
catalase_ps,oxide,140,7,alternative interface,A:60:,MET,60,A,6,2,11.254139908146872,0.3333333333333333,0.14582666666666666,0.11445,0.9745658179458514,A:57:;A:58:;A:59:;A:60:;A:62:;D:356:,A:58:;A:59:
catalase_ps,oxide,141,7,alternative interface,C:55:,VAL,55,C,6,2,9.96768191265428,0.3333333333333333,0.18400333333333332,0.11304,0.9866750019159128,C:28:;C:54:;C:55:;C:57:;C:58:;C:59:,C:58:;C:59:
catalase_ps,oxide,142,7,alternative interface,D:266:,ASN,266,D,8,2,12.105772586819894,0.25,0.2804,0.10815,0.9925068001962466,D:262:;D:263:;D:265:;D:266:;D:269:;D:270:;D:5:;D:6:,D:263:;D:5:
catalase_ps,oxide,143,7,alternative interface,C:266:,ASN,266,C,8,2,12.212259129144082,0.25,0.26564125,0.10464000000000001,0.992567539405926,C:262:;C:263:;C:265:;C:266:;C:269:;C:270:;C:5:;C:6:,C:263:;C:5:
catalase_ps,oxide,144,7,alternative interface,C:339:,PRO,339,C,7,2,13.280216299660331,0.2857142857142857,0.11626428571428571,0.10393000000000001,0.9881318671906897,A:32:;A:33:;C:139:;C:337:;C:339:;C:340:;C:343:,C:139:;C:343:
catalase_ps,oxide,145,7,alternative interface,A:266:,ASN,266,A,8,2,12.08327498202243,0.25,0.27097875,0.08997999999999999,0.9928381337972538,A:262:;A:263:;A:265:;A:266:;A:269:;A:270:;A:5:;A:6:,A:263:;A:5:
catalase_ps,oxide,146,7,alternative interface,D:242:,LYS,242,D,8,1,13.098120187906824,0.125,0.29899624999999996,0.08433,0.9945699413413334,D:206:;D:207:;D:210:;D:240:;D:241:;D:242:;D:243:;D:244:,D:206:
catalase_ps,oxide,147,7,alternative interface,A:242:,LYS,242,A,7,1,13.351624189740528,0.14285714285714285,0.34020142857142854,0.05959,0.9943454303982515,A:206:;A:210:;A:240:;A:241:;A:242:;A:243:;A:244:,A:206:
catalase_ps,oxide,148,7,alternative interface,B:188:,ARG,188,B,5,1,10.162856195052829,0.2,0.17564200000000002,0.02205,0.9937128255097676,B:187:;B:188:;B:189:;B:190:;B:434:,B:190:
catalase_ps,oxide,149,8,alternative interface,A:396:,ASN,396,A,8,2,11.45145628787449,0.25,0.24242499999999997,0.17756,0.9759042713125483,A:388:;A:393:;A:394:;A:395:;A:396:;A:397:;A:398:;C:325:,A:388:;A:395:
catalase_ps,oxide,150,8,alternative interface,D:314:,LYS,314,D,6,1,13.23942265649969,0.16666666666666666,0.2745633333333333,0.13788,0.9926010549158071,D:275:;D:277:;D:314:;D:316:;D:85:;D:87:,D:85:
catalase_ps,oxide,151,8,alternative interface,A:314:,LYS,314,A,6,1,13.50423648455532,0.16666666666666666,0.2934583333333333,0.13444,0.9925535381680152,A:275:;A:277:;A:314:;A:316:;A:85:;A:87:,A:85:
catalase_ps,oxide,152,8,alternative interface,B:36:,ASP,36,B,8,1,13.511405617974534,0.125,0.317285,0.13192,0.9880585110157346,B:36:;B:37:;B:38:;B:39:;D:413:;D:414:;D:415:;D:418:,B:36:
catalase_ps,oxide,153,8,alternative interface,B:314:,LYS,314,B,6,1,13.39951365355583,0.16666666666666666,0.2971283333333333,0.12162,0.9924096040481287,B:275:;B:277:;B:314:;B:316:;B:85:;B:87:,B:85:
catalase_ps,oxide,154,8,alternative interface,B:76:,LYS,76,B,11,2,13.366687071407283,0.18181818181818182,0.16568272727272726,0.11226000000000001,0.9791019849300323,B:113:;B:115:;B:117:;B:118:;B:119:;B:121:;B:122:;B:123:;B:74:;B:76:;B:78:,B:118:;B:123:
catalase_ps,oxide,155,8,alternative interface,A:66:,GLU,66,A,6,2,12.818141892353657,0.3333333333333333,0.1542066666666667,0.11176,0.9356499210725778,A:62:;A:66:;A:67:;C:388:;C:390:;D:72:,A:66:;C:388:
catalase_ps,oxide,156,8,alternative interface,C:66:,GLU,66,C,6,2,13.04386886638167,0.3333333333333333,0.156755,0.11176,0.9341445295031529,A:388:;A:390:;B:72:;C:62:;C:66:;C:67:,A:388:;C:66:
catalase_ps,oxide,157,8,alternative interface,B:60:,MET,60,B,6,2,10.795554629635896,0.3333333333333333,0.14806833333333333,0.10930999999999999,0.9752235207104247,B:57:;B:58:;B:59:;B:60:;B:62:;C:356:,B:58:;B:59:
catalase_ps,oxide,158,8,alternative interface,C:60:,MET,60,C,6,2,10.986584118201096,0.3333333333333333,0.15532166666666666,0.10666,0.9748969993523982,B:356:;C:57:;C:58:;C:59:;C:60:;C:62:,C:58:;C:59:
catalase_ps,oxide,159,8,alternative interface,A:426:,GLY,426,A,10,1,12.817073491382004,0.1,0.29889099999999996,0.09797,0.9931455611550487,A:424:;A:425:;A:426:;A:427:;A:428:;B:423:;B:424:;B:425:;D:44:;D:45:,A:427:
catalase_ps,oxide,160,8,alternative interface,A:343:,GLU,343,A,8,2,12.907612405835968,0.25,0.1172375,0.08549,0.9895468893515591,A:219:;A:220:;A:222:;A:338:;A:340:;A:343:;A:344:;A:419:,A:343:;A:419:
catalase_ps,oxide,161,8,alternative interface,D:343:,GLU,343,D,8,2,13.259687732105965,0.25,0.132685,0.07966000000000001,0.9893770889500584,D:219:;D:220:;D:222:;D:338:;D:340:;D:343:;D:344:;D:419:,D:343:;D:419:
catalase_ps,oxide,162,8,alternative interface,A:126:,ARG,126,A,6,1,10.950389804329374,0.16666666666666666,0.15317666666666666,0.05985,0.9940570770895694,A:125:;A:126:;A:127:;A:198:;A:199:;A:204:,A:127:
catalase_ps,oxide,163,8,alternative interface,A:374:,VAL,374,A,4,1,11.33639036726793,0.25,0.21891,0.05392,0.9787039218534535,A:327:;A:373:;A:374:;A:376:,A:327:
catalase_ps,oxide,164,8,alternative interface,C:374:,VAL,374,C,4,1,11.38198497590387,0.25,0.23840999999999998,0.03129,0.9784775593108925,C:327:;C:373:;C:374:;C:376:,C:327:
catalase_ps,oxide,165,8,alternative interface,D:62:,HIS,62,D,6,2,11.598100800627765,0.3333333333333333,0.12367000000000002,0.029740000000000003,0.9781934275557748,B:367:;B:386:;D:58:;D:59:;D:60:;D:62:,D:58:;D:59:
catalase_ps,oxide,166,9,alternative interface,B:66:,GLU,66,B,8,2,12.880337783923952,0.25,0.13995625,0.1408,0.9440074274914596,B:62:;B:65:;B:66:;B:67:;C:72:;D:387:;D:388:;D:390:,B:66:;D:388:
catalase_ps,oxide,167,9,alternative interface,B:32:,ASN,32,B,8,1,14.354857629807372,0.125,0.133345,0.09308999999999999,0.9881784753906862,B:28:;B:29:;B:32:;B:33:;D:139:;D:337:;D:338:;D:340:,D:139:
catalase_ps,oxide,168,9,alternative interface,D:117:,GLY,117,D,10,1,14.345933171621754,0.1,0.16927799999999998,0.0839,0.9765022860688236,D:115:;D:116:;D:117:;D:118:;D:119:;D:121:;D:122:;D:168:;D:73:;D:74:,D:118:
catalase_ps,oxide,169,9,alternative interface,C:71:,ARG,71,C,7,1,12.192799344425966,0.14285714285714285,0.14941714285714286,0.0802,0.9775613574868225,B:67:;C:69:;C:70:;C:71:;C:72:;C:73:;C:74:,C:70:
catalase_ps,oxide,170,9,alternative interface,B:70:,GLU,70,B,8,2,11.79473938637785,0.25,0.1531325,0.07171,0.9651036384663773,B:118:;B:119:;B:69:;B:70:;B:71:;B:72:;C:67:;C:69:,B:118:;B:70:
catalase_ps,oxide,171,9,alternative interface,D:70:,GLU,70,D,10,3,14.393071098133506,0.3,0.13845599999999997,0.06692999999999999,0.947024260900105,A:67:;A:69:;A:70:;D:118:;D:119:;D:364:;D:69:;D:70:;D:71:;D:72:,A:70:;D:118:;D:70:
catalase_ps,oxide,172,9,alternative interface,D:126:,ARG,126,D,7,1,11.17495621971619,0.14285714285714285,0.14579142857142857,0.05985,0.9934527600279586,D:125:;D:126:;D:127:;D:128:;D:198:;D:199:;D:204:,D:127:
catalase_ps,oxide,173,9,alternative interface,A:212:,ASP,212,A,7,1,14.16517485549237,0.14285714285714285,0.19839142857142855,0.04759,0.9903994147264167,A:148:;A:210:;A:212:;A:214:;A:234:;A:236:;A:241:,A:212:
catalase_ps,oxide,174,9,alternative interface,C:176:,LYS,176,C,7,1,12.292123246464469,0.14285714285714285,0.2137314285714286,0.04412,0.9912265714716676,C:167:;C:168:;C:169:;C:174:;C:176:;C:177:;C:178:,C:177:
catalase_ps,oxide,175,9,alternative interface,A:177:,ASP,177,A,8,1,14.813036524854406,0.125,0.17316749999999997,0.03537,0.9916886454047094,A:167:;A:168:;A:169:;A:176:;A:177:;A:178:;A:181:;D:8:,A:177:
catalase_ps,oxide,176,9,alternative interface,D:176:,LYS,176,D,7,1,12.61990431618854,0.14285714285714285,0.21369,0.03012,0.9912439106379197,D:167:;D:168:;D:169:;D:174:;D:176:;D:177:;D:178:,D:177:
catalase_ps,oxide,177,10,alternative interface,C:32:,ASN,32,C,8,1,14.579853525004589,0.125,0.13129875000000002,0.08993000000000001,0.9865676559077382,A:139:;A:337:;A:338:;A:340:;C:27:;C:28:;C:29:;C:32:,A:139:
catalase_ps,oxide,178,10,alternative interface,D:32:,ASN,32,D,9,1,14.709165889777141,0.1111111111111111,0.10074666666666666,0.07558,0.9877056556421334,B:139:;B:337:;B:338:;B:340:;D:27:;D:28:;D:29:;D:30:;D:32:,B:139:
catalase_ps,oxide,179,10,alternative interface,A:71:,ARG,71,A,7,1,12.472374827164668,0.14285714285714285,0.14087857142857144,0.06692999999999999,0.9769929131855137,A:69:;A:70:;A:71:;A:72:;A:73:;A:74:;D:67:,A:70:
catalase_ps,oxide,180,10,alternative interface,D:212:,ASP,212,D,7,1,14.47651416310412,0.14285714285714285,0.18202285714285718,0.04234,0.990071797311196,D:148:;D:210:;D:212:;D:214:;D:234:;D:236:;D:241:,D:212:
catalase_ps,oxide,181,10,alternative interface,B:148:,ASN,148,B,9,1,11.7253339263061,0.1111111111111111,0.12544333333333332,0.03841,0.991528635774196,B:128:;B:129:;B:130:;B:146:;B:147:;B:148:;B:150:;B:212:;B:214:,B:212:
catalase_ps,oxide,182,10,alternative interface,C:148:,ASN,148,C,7,1,11.718409749598017,0.14285714285714285,0.13258285714285714,0.02766,0.9920882644527026,C:128:;C:130:;C:147:;C:148:;C:150:;C:212:;C:214:,C:212:
catalase_ps,calcium_phosphate,1,1,primary plausible interface,C:499:,TYR,499,C,8,4,12.963939757710182,0.5,0.5281875,0.9687300000000001,0.9971041863029463,C:464:;C:467:;C:495:;C:497:;C:498:;C:499:;C:500:;C:501:,C:467:;C:497:;C:498:;C:501:
catalase_ps,calcium_phosphate,2,1,primary plausible interface,D:499:,TYR,499,D,8,4,12.28340210662497,0.5,0.5174325,0.9579900000000001,0.9974684244071074,D:464:;D:467:;D:495:;D:497:;D:498:;D:499:;D:500:;D:501:,D:467:;D:497:;D:498:;D:501:
catalase_ps,calcium_phosphate,3,1,primary plausible interface,A:455:,ARG,455,A,9,5,11.961385595193923,0.5555555555555556,0.4168722222222222,0.94524,0.9975987765216324,A:200:;A:450:;A:451:;A:452:;A:453:;A:454:;A:455:;A:456:;A:457:,A:452:;A:453:;A:455:;A:456:;A:457:
catalase_ps,calcium_phosphate,4,1,primary plausible interface,A:500:,ASN,500,A,6,4,10.638966727877838,0.6666666666666666,0.591455,0.90526,0.9984817555329901,A:467:;A:497:;A:498:;A:499:;A:500:;A:501:,A:467:;A:497:;A:498:;A:501:
catalase_ps,calcium_phosphate,5,1,primary plausible interface,B:13:,HIS,13,B,7,5,12.163655206339953,0.7142857142857143,0.4055942857142857,0.49246,0.9940199896001775,B:12:;B:13:;B:14:;B:15:;B:16:;B:17:;B:9:,B:12:;B:13:;B:15:;B:16:;B:9:
catalase_ps,calcium_phosphate,6,1,primary plausible interface,D:13:,HIS,13,D,7,5,12.202149744711695,0.7142857142857143,0.4307771428571429,0.44067,0.993868547044844,D:12:;D:13:;D:14:;D:15:;D:16:;D:17:;D:9:,D:12:;D:13:;D:15:;D:16:;D:9:
catalase_ps,calcium_phosphate,7,1,primary plausible interface,C:104:,LYS,104,C,7,5,10.603699519047487,0.7142857142857143,0.46899428571428564,0.43906,0.9957670591872618,C:100:;C:101:;C:102:;C:103:;C:104:;C:105:;C:85:,C:100:;C:101:;C:104:;C:105:;C:85:
catalase_ps,calcium_phosphate,8,1,primary plausible interface,C:290:,ILE,290,C,6,2,11.971378953385656,0.3333333333333333,0.6043366666666666,0.40893,0.9965525673990774,C:286:;C:287:;C:288:;C:289:;C:290:;C:292:,C:287:;C:289:
catalase_ps,calcium_phosphate,9,1,primary plausible interface,D:97:,LYS,97,D,5,5,12.860796827483599,1.0,0.3395,0.33257,0.9945207331575479,D:100:;D:138:;D:139:;D:95:;D:97:,D:100:;D:138:;D:139:;D:95:;D:97:
catalase_ps,calcium_phosphate,10,1,primary plausible interface,C:138:,GLU,138,C,5,5,14.344896558013057,1.0,0.348074,0.29466000000000003,0.989920649087362,C:138:;C:139:;C:379:;C:381:;C:97:,C:138:;C:139:;C:379:;C:381:;C:97:
catalase_ps,calcium_phosphate,11,1,primary plausible interface,C:349:,MET,349,C,4,3,11.529345524577607,0.75,0.1130325,0.07339000000000001,0.9949331758291217,C:155:;C:348:;C:349:;C:353:,C:155:;C:348:;C:353:
catalase_ps,calcium_phosphate,12,2,alternative interface,D:455:,ARG,455,D,8,5,10.05343540876856,0.625,0.45685125000000004,0.87055,0.9974418234175314,D:450:;D:451:;D:452:;D:453:;D:454:;D:455:;D:456:;D:457:,D:452:;D:453:;D:455:;D:456:;D:457:
catalase_ps,calcium_phosphate,13,2,alternative interface,D:223:,ASN,223,D,10,4,11.937163560808564,0.4,0.5303479999999999,0.8077500000000001,0.9947757325710721,D:222:;D:223:;D:224:;D:225:;D:226:;D:227:;D:91:;D:92:;D:93:;D:95:,D:225:;D:227:;D:92:;D:95:
catalase_ps,calcium_phosphate,14,2,alternative interface,D:251:,ARG,251,D,9,6,11.767155630817022,0.6666666666666666,0.40955555555555556,0.73163,0.9945313556070132,A:254:;D:247:;D:248:;D:250:;D:251:;D:252:;D:253:;D:254:;D:255:,A:254:;D:247:;D:248:;D:251:;D:254:;D:255:
catalase_ps,calcium_phosphate,15,2,alternative interface,B:499:,TYR,499,B,8,4,13.026200871949763,0.5,0.473055,0.7177899999999999,0.997427571870796,B:464:;B:467:;B:495:;B:497:;B:498:;B:499:;B:500:;B:501:,B:467:;B:497:;B:498:;B:501:
catalase_ps,calcium_phosphate,16,2,alternative interface,D:246:,VAL,246,D,6,2,9.124295020050385,0.3333333333333333,0.5130716666666667,0.55846,0.9964408355241301,D:244:;D:245:;D:246:;D:247:;D:248:;D:250:,D:247:;D:248:
catalase_ps,calcium_phosphate,17,2,alternative interface,B:245:,SER,245,B,7,3,12.504660520083688,0.42857142857142855,0.47673571428571426,0.5310199999999999,0.9932494754058921,B:201:;B:243:;B:244:;B:245:;B:246:;B:247:;B:248:,B:201:;B:247:;B:248:
catalase_ps,calcium_phosphate,18,2,alternative interface,B:485:,HIS,485,B,6,4,10.842963943048735,0.6666666666666666,0.5252233333333333,0.5142,0.9966183418397352,B:443:;B:482:;B:483:;B:485:;B:486:;B:487:,B:443:;B:483:;B:485:;B:487:
catalase_ps,calcium_phosphate,19,2,alternative interface,A:18:,ARG,18,A,9,4,12.892963266118864,0.4444444444444444,0.57711,0.46249,0.9931256398220945,A:14:;A:15:;A:16:;A:17:;A:18:;A:19:;A:20:;A:21:;A:22:,A:15:;A:16:;A:18:;A:22:
catalase_ps,calcium_phosphate,20,2,alternative interface,B:491:,ARG,491,B,7,3,12.407461217709677,0.42857142857142855,0.5365185714285714,0.43317,0.9948709194536738,B:456:;B:487:;B:490:;B:491:;B:493:;B:494:;B:495:,B:456:;B:487:;B:491:
catalase_ps,calcium_phosphate,21,2,alternative interface,A:13:,HIS,13,A,7,5,11.90399542274311,0.7142857142857143,0.3943585714285715,0.43268,0.9941550728618292,A:12:;A:13:;A:14:;A:15:;A:16:;A:17:;A:9:,A:12:;A:13:;A:15:;A:16:;A:9:
catalase_ps,calcium_phosphate,22,2,alternative interface,C:13:,HIS,13,C,6,4,8.98063402406951,0.6666666666666666,0.4654766666666666,0.4294,0.9966752846428525,C:12:;C:13:;C:14:;C:15:;C:16:;C:17:,C:12:;C:13:;C:15:;C:16:
catalase_ps,calcium_phosphate,23,2,alternative interface,D:104:,LYS,104,D,7,5,10.682787098343725,0.7142857142857143,0.4481942857142857,0.41617,0.995710458224389,D:100:;D:101:;D:102:;D:103:;D:104:;D:105:;D:85:,D:100:;D:101:;D:104:;D:105:;D:85:
catalase_ps,calcium_phosphate,24,2,alternative interface,B:286:,SER,286,B,7,2,10.138668813441722,0.2857142857142857,0.5793971428571428,0.39759,0.9972966117864319,B:284:;B:285:;B:286:;B:287:;B:288:;B:289:;B:290:,B:287:;B:289:
catalase_ps,calcium_phosphate,25,2,alternative interface,C:494:,ALA,494,C,7,3,13.052133904741144,0.42857142857142855,0.5657257142857144,0.38375,0.9958070213728941,C:490:;C:491:;C:493:;C:494:;C:495:;C:497:;C:498:,C:491:;C:497:;C:498:
catalase_ps,calcium_phosphate,26,2,alternative interface,D:485:,HIS,485,D,6,4,10.647511242155375,0.6666666666666666,0.46660166666666664,0.38213,0.996666750313327,D:443:;D:482:;D:483:;D:485:;D:486:;D:487:,D:443:;D:483:;D:485:;D:487:
catalase_ps,calcium_phosphate,27,2,alternative interface,A:485:,HIS,485,A,6,4,10.63110087760816,0.6666666666666666,0.47509333333333337,0.3696,0.9967285322525302,A:443:;A:482:;A:483:;A:485:;A:486:;A:487:,A:443:;A:483:;A:485:;A:487:
catalase_ps,calcium_phosphate,28,2,alternative interface,D:494:,ALA,494,D,7,3,12.347700812650986,0.42857142857142855,0.5475428571428572,0.3539,0.9961270551317138,D:490:;D:491:;D:493:;D:494:;D:495:;D:497:;D:498:,D:491:;D:497:;D:498:
catalase_ps,calcium_phosphate,29,2,alternative interface,A:138:,GLU,138,A,4,4,11.899087903505164,1.0,0.31592,0.29502,0.9932584616266162,A:138:;A:139:;A:379:;A:97:,A:138:;A:139:;A:379:;A:97:
catalase_ps,calcium_phosphate,30,2,alternative interface,C:303:,PRO,303,C,7,2,11.767389394094007,0.2857142857142857,0.5678485714285715,0.26164000000000004,0.9973486953843131,C:301:;C:303:;C:304:;C:305:;C:306:;C:307:;C:308:,C:304:;C:306:
catalase_ps,calcium_phosphate,31,2,alternative interface,C:89:,ASP,89,C,8,5,14.569103847954496,0.625,0.54067625,0.25673999999999997,0.9926585773019265,C:100:;C:101:;C:102:;C:87:;C:88:;C:89:;C:91:;C:92:,C:100:;C:101:;C:88:;C:89:;C:92:
catalase_ps,calcium_phosphate,32,2,alternative interface,B:138:,GLU,138,B,4,4,11.366754742160998,1.0,0.287155,0.2551,0.9934269186099698,B:138:;B:139:;B:379:;B:97:,B:138:;B:139:;B:379:;B:97:
catalase_ps,calcium_phosphate,33,2,alternative interface,D:4:,ARG,4,D,6,3,9.44646027448987,0.5,0.3357016666666666,0.24749,0.9978602135984586,D:3:;D:4:;D:5:;D:6:;D:8:;D:9:,D:4:;D:5:;D:9:
catalase_ps,calcium_phosphate,34,2,alternative interface,A:4:,ARG,4,A,6,3,8.63573879915969,0.5,0.35608833333333334,0.21321,0.9975613665693593,A:3:;A:4:;A:5:;A:6:;A:8:;A:9:,A:4:;A:5:;A:9:
catalase_ps,calcium_phosphate,35,2,alternative interface,C:4:,ARG,4,C,5,2,9.688218538464096,0.4,0.38314000000000004,0.15967,0.9982299352571892,C:3:;C:4:;C:5:;C:6:;C:8:,C:4:;C:5:
catalase_ps,calcium_phosphate,36,3,alternative interface,B:455:,ARG,455,B,10,5,13.511157439871727,0.5,0.40895099999999995,0.8562099999999999,0.9966132285047665,B:200:;B:447:;B:450:;B:451:;B:452:;B:453:;B:454:;B:455:;B:456:;B:457:,B:452:;B:453:;B:455:;B:456:;B:457:
catalase_ps,calcium_phosphate,37,3,alternative interface,C:454:,GLN,454,C,10,6,12.46806095755155,0.6,0.410769,0.82292,0.9973588527149571,C:200:;C:201:;C:450:;C:451:;C:452:;C:453:;C:454:;C:455:;C:456:;C:457:,C:201:;C:452:;C:453:;C:455:;C:456:;C:457:
catalase_ps,calcium_phosphate,38,3,alternative interface,A:250:,ALA,250,A,10,5,12.983895288777653,0.5,0.425589,0.76547,0.9935307874967363,A:125:;A:246:;A:247:;A:248:;A:250:;A:251:;A:252:;A:253:;A:254:;D:254:,A:247:;A:248:;A:251:;A:254:;D:254:
catalase_ps,calcium_phosphate,39,3,alternative interface,C:250:,ALA,250,C,11,5,15.140795243423257,0.45454545454545453,0.42713636363636365,0.75262,0.9928160307274442,B:254:;C:125:;C:245:;C:246:;C:247:;C:248:;C:250:;C:251:;C:252:;C:253:;C:254:,B:254:;C:247:;C:248:;C:251:;C:254:
catalase_ps,calcium_phosphate,40,3,alternative interface,B:250:,ALA,250,B,10,5,12.880504912838616,0.5,0.44526000000000004,0.7465,0.9936627436174449,B:125:;B:246:;B:247:;B:248:;B:250:;B:251:;B:252:;B:253:;B:254:;C:254:,B:247:;B:248:;B:251:;B:254:;C:254:
catalase_ps,calcium_phosphate,41,3,alternative interface,C:223:,ASN,223,C,10,4,12.087333585017836,0.4,0.48595,0.6819299999999999,0.9946880256793286,C:222:;C:223:;C:224:;C:225:;C:226:;C:227:;C:91:;C:92:;C:93:;C:95:,C:225:;C:227:;C:92:;C:95:
catalase_ps,calcium_phosphate,42,3,alternative interface,B:223:,ASN,223,B,10,4,11.721136077537428,0.4,0.470583,0.6657599999999999,0.9948162103441368,B:222:;B:223:;B:224:;B:225:;B:226:;B:227:;B:91:;B:92:;B:93:;B:95:,B:225:;B:227:;B:92:;B:95:
catalase_ps,calcium_phosphate,43,3,alternative interface,A:478:,VAL,478,A,8,3,12.694177645849777,0.375,0.45835625,0.6649299999999999,0.9955513857709295,A:475:;A:476:;A:478:;A:479:;A:480:;A:482:;A:490:;A:493:,A:475:;A:476:;A:479:
catalase_ps,calcium_phosphate,44,3,alternative interface,A:495:,LEU,495,A,8,4,12.464174332967126,0.5,0.471005,0.55723,0.9953800815524809,A:460:;A:491:;A:493:;A:494:;A:495:;A:497:;A:498:;A:499:,A:460:;A:491:;A:497:;A:498:
catalase_ps,calcium_phosphate,45,3,alternative interface,B:18:,ARG,18,B,9,3,12.514366292702361,0.3333333333333333,0.4872744444444444,0.49146999999999996,0.9934147517938243,B:14:;B:15:;B:16:;B:17:;B:18:;B:19:;B:20:;B:21:;D:409:,B:15:;B:16:;B:18:
catalase_ps,calcium_phosphate,46,3,alternative interface,D:18:,ARG,18,D,9,3,11.7486608574036,0.3333333333333333,0.50098,0.44633,0.9940102610174535,B:409:;D:14:;D:15:;D:16:;D:17:;D:18:;D:19:;D:20:;D:21:,D:15:;D:16:;D:18:
catalase_ps,calcium_phosphate,47,3,alternative interface,C:485:,HIS,485,C,6,4,10.851048848032555,0.6666666666666666,0.472025,0.41101,0.9965460753638916,C:443:;C:482:;C:483:;C:485:;C:486:;C:487:,C:443:;C:483:;C:485:;C:487:
catalase_ps,calcium_phosphate,48,3,alternative interface,C:285:,PHE,285,C,8,2,11.659153400565994,0.25,0.4343325,0.40893,0.9967214390530904,C:229:;C:230:;C:284:;C:285:;C:286:;C:287:;C:288:;C:289:,C:287:;C:289:
catalase_ps,calcium_phosphate,49,3,alternative interface,A:100:,GLU,100,A,7,5,13.862300999428653,0.7142857142857143,0.40981000000000006,0.40287,0.9929349440366481,A:100:;A:101:;A:102:;A:104:;A:91:;A:95:;A:97:,A:100:;A:101:;A:104:;A:95:;A:97:
catalase_ps,calcium_phosphate,50,3,alternative interface,D:290:,ILE,290,D,7,2,11.984644748441497,0.2857142857142857,0.5424371428571428,0.38763,0.996717772222504,D:286:;D:287:;D:288:;D:289:;D:290:;D:291:;D:292:,D:287:;D:289:
catalase_ps,calcium_phosphate,51,3,alternative interface,B:100:,GLU,100,B,7,5,13.211610484849837,0.7142857142857143,0.39528428571428575,0.36716,0.9931242887019222,B:100:;B:101:;B:102:;B:104:;B:91:;B:95:;B:97:,B:100:;B:101:;B:104:;B:95:;B:97:
catalase_ps,calcium_phosphate,52,3,alternative interface,A:286:,SER,286,A,7,2,10.534357659363057,0.2857142857142857,0.5379857142857143,0.36552999999999997,0.9971128092104389,A:284:;A:285:;A:286:;A:287:;A:288:;A:289:;A:290:,A:287:;A:289:
catalase_ps,calcium_phosphate,53,3,alternative interface,A:472:,PHE,472,A,5,2,10.276386786268088,0.4,0.512984,0.28532,0.9960163698903471,A:470:;A:471:;A:472:;A:475:;A:476:,A:475:;A:476:
catalase_ps,calcium_phosphate,54,3,alternative interface,B:303:,PRO,303,B,7,2,11.851800092239223,0.2857142857142857,0.5577571428571428,0.25619,0.9972274580442265,B:301:;B:303:;B:304:;B:305:;B:306:;B:307:;B:308:,B:304:;B:306:
catalase_ps,calcium_phosphate,55,3,alternative interface,A:89:,ASP,89,A,7,4,14.138777129827563,0.5714285714285714,0.496897142857143,0.24745,0.9929562970201457,A:101:;A:102:;A:87:;A:88:;A:89:;A:91:;A:92:,A:101:;A:88:;A:89:;A:92:
catalase_ps,calcium_phosphate,56,3,alternative interface,D:89:,ASP,89,D,8,5,14.440479938735063,0.625,0.51153125,0.24405000000000002,0.9928643961058394,D:100:;D:101:;D:102:;D:87:;D:88:;D:89:;D:91:;D:92:,D:100:;D:101:;D:88:;D:89:;D:92:
catalase_ps,calcium_phosphate,57,3,alternative interface,A:303:,PRO,303,A,7,2,11.799993774357048,0.2857142857142857,0.5454714285714285,0.23507999999999998,0.9972438032974714,A:301:;A:303:;A:304:;A:305:;A:306:;A:307:;A:308:,A:304:;A:306:
catalase_ps,calcium_phosphate,58,3,alternative interface,D:303:,PRO,303,D,7,2,12.087863411272448,0.2857142857142857,0.5661728571428571,0.22474,0.9972599809582735,D:301:;D:303:;D:304:;D:305:;D:306:;D:307:;D:308:,D:304:;D:306:
catalase_ps,calcium_phosphate,59,3,alternative interface,B:66:,GLU,66,B,8,6,12.880337783923952,0.75,0.13995625,0.19667,0.9440074274914596,B:62:;B:65:;B:66:;B:67:;C:72:;D:387:;D:388:;D:390:,B:62:;B:65:;B:66:;B:67:;D:387:;D:388:
catalase_ps,calcium_phosphate,60,3,alternative interface,B:4:,ARG,4,B,6,3,9.326528122677576,0.5,0.318015,0.19210999999999998,0.9976847342954468,B:3:;B:4:;B:5:;B:6:;B:8:;B:9:,B:4:;B:5:;B:9:
catalase_ps,calcium_phosphate,61,3,alternative interface,C:378:,TYR,378,C,4,2,9.710612859877175,0.5,0.48019,0.11564999999999999,0.9939391477951788,C:376:;C:378:;C:379:;C:381:,C:379:;C:381:
catalase_ps,calcium_phosphate,62,4,alternative interface,C:478:,VAL,478,C,9,3,12.542558401532517,0.3333333333333333,0.4114488888888889,0.6544199999999999,0.99521794474529,C:474:;C:475:;C:476:;C:478:;C:479:;C:480:;C:482:;C:490:;C:493:,C:475:;C:476:;C:479:
catalase_ps,calcium_phosphate,63,4,alternative interface,B:478:,VAL,478,B,9,3,12.751348909582966,0.3333333333333333,0.41230555555555554,0.65388,0.9951578613825018,B:474:;B:475:;B:476:;B:478:;B:479:;B:480:;B:482:;B:490:;B:493:,B:475:;B:476:;B:479:
catalase_ps,calcium_phosphate,64,4,alternative interface,A:223:,ASN,223,A,10,4,12.056788093506272,0.4,0.46340899999999996,0.64884,0.9947806927848596,A:222:;A:223:;A:224:;A:225:;A:226:;A:227:;A:91:;A:92:;A:93:;A:95:,A:225:;A:227:;A:92:;A:95:
catalase_ps,calcium_phosphate,65,4,alternative interface,C:18:,ARG,18,C,9,3,12.171657269973306,0.3333333333333333,0.4775655555555556,0.461,0.9938092510815324,A:409:;C:14:;C:15:;C:16:;C:17:;C:18:;C:19:;C:20:;C:21:,C:15:;C:16:;C:18:
catalase_ps,calcium_phosphate,66,4,alternative interface,C:255:,GLU,255,C,7,4,9.217451874265162,0.5714285714285714,0.3322928571428571,0.43051,0.9973503737163708,C:251:;C:252:;C:253:;C:254:;C:255:;C:256:;C:257:,C:251:;C:254:;C:255:;C:256:
catalase_ps,calcium_phosphate,67,4,alternative interface,B:85:,GLU,85,B,8,4,13.879773818182391,0.5,0.386805,0.42787,0.9948868013676497,B:102:;B:103:;B:104:;B:105:;B:314:;B:83:;B:85:;B:87:,B:104:;B:105:;B:314:;B:85:
catalase_ps,calcium_phosphate,68,4,alternative interface,B:255:,GLU,255,B,7,4,9.105635942990366,0.5714285714285714,0.3433342857142857,0.40737,0.9973363969680094,B:251:;B:252:;B:253:;B:254:;B:255:;B:256:;B:257:,B:251:;B:254:;B:255:;B:256:
catalase_ps,calcium_phosphate,69,4,alternative interface,A:85:,GLU,85,A,8,4,14.146896944624833,0.5,0.37639500000000004,0.39629,0.994914029839652,A:102:;A:103:;A:104:;A:105:;A:314:;A:83:;A:85:;A:87:,A:104:;A:105:;A:314:;A:85:
catalase_ps,calcium_phosphate,70,4,alternative interface,D:420:,HIS,420,D,8,4,12.553248928867802,0.5,0.43993125,0.39132,0.992817609746852,D:222:;D:226:;D:227:;D:418:;D:419:;D:420:;D:421:;D:422:,D:227:;D:419:;D:420:;D:421:
catalase_ps,calcium_phosphate,71,4,alternative interface,D:285:,PHE,285,D,8,2,12.248573805106465,0.25,0.41253874999999995,0.38763,0.9964275956554735,D:229:;D:230:;D:284:;D:285:;D:286:;D:287:;D:288:;D:289:,D:287:;D:289:
catalase_ps,calcium_phosphate,72,4,alternative interface,C:445:,PHE,445,C,8,2,12.116525414605446,0.25,0.42446125,0.37640999999999997,0.996518278814099,C:441:;C:443:;C:444:;C:445:;C:447:;C:448:;C:449:;C:450:,C:443:;C:448:
catalase_ps,calcium_phosphate,73,4,alternative interface,A:445:,PHE,445,A,9,3,13.472016201689263,0.3333333333333333,0.37583222222222223,0.37463,0.9962628645957272,A:193:;A:441:;A:443:;A:444:;A:445:;A:447:;A:448:;A:449:;A:450:,A:193:;A:443:;A:448:
catalase_ps,calcium_phosphate,74,4,alternative interface,C:468:,ASP,468,C,5,3,11.639459956087325,0.6,0.362412,0.35165,0.9953917646838106,C:178:;C:465:;C:467:;C:468:;C:470:,C:465:;C:467:;C:468:
catalase_ps,calcium_phosphate,75,4,alternative interface,D:460:,GLU,460,D,6,3,12.347347900489481,0.5,0.36328166666666667,0.32409999999999994,0.9959864749188447,D:456:;D:457:;D:460:;D:461:;D:464:;D:495:,D:456:;D:457:;D:460:
catalase_ps,calcium_phosphate,76,4,alternative interface,D:472:,PHE,472,D,6,2,10.13565269312594,0.3333333333333333,0.4408000000000001,0.31679999999999997,0.9963898125507881,D:470:;D:471:;D:472:;D:474:;D:475:;D:476:,D:475:;D:476:
catalase_ps,calcium_phosphate,77,4,alternative interface,C:176:,LYS,176,C,7,5,12.292123246464469,0.7142857142857143,0.2137314285714286,0.25595,0.9912265714716676,C:167:;C:168:;C:169:;C:174:;C:176:;C:177:;C:178:,C:168:;C:169:;C:174:;C:176:;C:177:
catalase_ps,calcium_phosphate,78,4,alternative interface,D:176:,LYS,176,D,7,5,12.61990431618854,0.7142857142857143,0.21369,0.25303000000000003,0.9912439106379197,D:167:;D:168:;D:169:;D:174:;D:176:;D:177:;D:178:,D:168:;D:169:;D:174:;D:176:;D:177:
catalase_ps,calcium_phosphate,79,4,alternative interface,B:89:,ASP,89,B,7,4,14.384784246210154,0.5714285714285714,0.5066385714285715,0.23260999999999998,0.9926292862783697,B:101:;B:102:;B:87:;B:88:;B:89:;B:91:;B:92:,B:101:;B:88:;B:89:;B:92:
catalase_ps,calcium_phosphate,80,4,alternative interface,B:176:,LYS,176,B,6,4,12.500925646435899,0.6666666666666666,0.22973000000000002,0.22832,0.9901263247022712,B:167:;B:168:;B:169:;B:174:;B:176:;B:178:,B:168:;B:169:;B:174:;B:176:
catalase_ps,calcium_phosphate,81,4,alternative interface,A:176:,LYS,176,A,7,5,12.365957200821228,0.7142857142857143,0.19252142857142857,0.22719999999999999,0.9912985312562917,A:167:;A:168:;A:169:;A:174:;A:176:;A:177:;A:178:,A:168:;A:169:;A:174:;A:176:;A:177:
catalase_ps,calcium_phosphate,82,4,alternative interface,B:208:,HIS,208,B,6,4,10.439458491643157,0.6666666666666666,0.12502166666666667,0.06788999999999999,0.9955699774153544,B:206:;B:207:;B:208:;B:209:;B:210:;B:260:,B:206:;B:208:;B:209:;B:210:
catalase_ps,calcium_phosphate,83,5,alternative interface,D:478:,VAL,478,D,9,3,12.968759885370824,0.3333333333333333,0.39999333333333337,0.64904,0.9950893158736794,D:474:;D:475:;D:476:;D:478:;D:479:;D:480:;D:482:;D:490:;D:493:,D:475:;D:476:;D:479:
catalase_ps,calcium_phosphate,84,5,alternative interface,A:245:,SER,245,A,8,3,12.829791873089588,0.375,0.43559875,0.59935,0.9935457031042441,A:201:;A:204:;A:243:;A:244:;A:245:;A:246:;A:247:;A:248:,A:201:;A:247:;A:248:
catalase_ps,calcium_phosphate,85,5,alternative interface,A:23:,PRO,23,A,8,3,12.595805371119141,0.375,0.44809750000000004,0.55515,0.9930063372100472,A:21:;A:22:;A:23:;A:24:;A:25:;C:409:;C:411:;C:412:,A:22:;A:24:;C:412:
catalase_ps,calcium_phosphate,86,5,alternative interface,B:23:,PRO,23,B,8,3,12.237954495321407,0.375,0.445955,0.51442,0.9934201307796012,B:21:;B:22:;B:23:;B:24:;B:25:;D:409:;D:411:;D:412:,B:22:;B:24:;D:412:
catalase_ps,calcium_phosphate,87,5,alternative interface,D:445:,PHE,445,D,8,2,12.557598416288485,0.25,0.4054025,0.37963,0.9963357120733214,D:441:;D:443:;D:444:;D:445:;D:447:;D:448:;D:449:;D:450:,D:443:;D:448:
catalase_ps,calcium_phosphate,88,5,alternative interface,A:465:,HIS,465,A,6,3,13.565934692135693,0.5,0.372635,0.3685,0.9943546349492968,A:178:;A:461:;A:464:;A:465:;A:467:;A:468:,A:465:;A:467:;A:468:
catalase_ps,calcium_phosphate,89,5,alternative interface,D:256:,ASP,256,D,9,4,9.901041468220775,0.4444444444444444,0.2575055555555556,0.36277000000000004,0.9947850649326011,D:122:;D:252:;D:253:;D:254:;D:255:;D:256:;D:257:;D:258:;D:259:,D:254:;D:255:;D:256:;D:258:
catalase_ps,calcium_phosphate,90,5,alternative interface,C:210:,HIS,210,C,11,6,11.955096008466983,0.5454545454545454,0.24179454545454543,0.35758,0.9938163958540277,C:206:;C:207:;C:208:;C:209:;C:210:;C:212:;C:239:;C:240:;C:241:;C:242:;C:243:,C:206:;C:208:;C:209:;C:210:;C:212:;C:242:
catalase_ps,calcium_phosphate,91,5,alternative interface,A:256:,ASP,256,A,9,4,9.85368082503443,0.4444444444444444,0.23901111111111106,0.32894,0.9948251952809367,A:122:;A:252:;A:253:;A:254:;A:255:;A:256:;A:257:;A:258:;A:259:,A:254:;A:255:;A:256:;A:258:
catalase_ps,calcium_phosphate,92,5,alternative interface,C:460:,GLU,460,C,6,3,12.007265843421028,0.5,0.3264066666666667,0.32753,0.9961616562184656,C:456:;C:457:;C:460:;C:461:;C:464:;C:495:,C:456:;C:457:;C:460:
catalase_ps,calcium_phosphate,93,5,alternative interface,B:460:,GLU,460,B,6,3,12.375692772956642,0.5,0.3329783333333333,0.30039,0.9958263147244206,B:456:;B:457:;B:460:;B:461:;B:464:;B:495:,B:456:;B:457:;B:460:
catalase_ps,calcium_phosphate,94,5,alternative interface,B:472:,PHE,472,B,6,2,10.500349827052686,0.3333333333333333,0.42391500000000004,0.29898,0.996084746760865,B:470:;B:471:;B:472:;B:474:;B:475:;B:476:,B:475:;B:476:
catalase_ps,calcium_phosphate,95,5,alternative interface,D:210:,HIS,210,D,12,7,14.468834113479785,0.5833333333333334,0.2566191666666666,0.29664999999999997,0.9928420302971195,D:206:;D:207:;D:208:;D:209:;D:210:;D:212:;D:238:;D:239:;D:240:;D:241:;D:242:;D:243:,D:206:;D:208:;D:209:;D:210:;D:212:;D:238:;D:242:
catalase_ps,calcium_phosphate,96,5,alternative interface,A:210:,HIS,210,A,11,6,12.02239682676117,0.5454545454545454,0.26654363636363637,0.29639,0.9937246340454273,A:206:;A:207:;A:208:;A:209:;A:210:;A:212:;A:239:;A:240:;A:241:;A:242:;A:243:,A:206:;A:208:;A:209:;A:210:;A:212:;A:242:
catalase_ps,calcium_phosphate,97,5,alternative interface,D:260:,GLY,260,D,10,6,12.07660432375188,0.6,0.157693,0.28721,0.9908653068794779,D:123:;D:206:;D:207:;D:208:;D:258:;D:259:;D:260:;D:261:;D:262:;D:263:,D:123:;D:206:;D:208:;D:258:;D:262:;D:263:
catalase_ps,calcium_phosphate,98,5,alternative interface,C:428:,VAL,428,C,8,3,10.822478501735242,0.375,0.3574875,0.28663,0.9948595327347558,C:426:;C:427:;C:428:;C:429:;D:421:;D:422:;D:423:;D:424:,C:427:;D:421:;D:423:
catalase_ps,calcium_phosphate,99,5,alternative interface,C:472:,PHE,472,C,6,2,10.168194307877995,0.3333333333333333,0.43642833333333336,0.27832,0.9963384684943136,C:470:;C:471:;C:472:;C:474:;C:475:;C:476:,C:475:;C:476:
catalase_ps,calcium_phosphate,100,5,alternative interface,D:381:,ARG,381,D,8,4,14.692466650626823,0.5,0.3975925,0.27825,0.9811513350011855,B:24:;B:25:;D:138:;D:378:;D:379:;D:381:;D:382:;D:383:,B:24:;D:138:;D:379:;D:381:
catalase_ps,calcium_phosphate,101,5,alternative interface,B:45:,PRO,45,B,4,1,10.367773356421893,0.25,0.4577825,0.1593,0.9936068503183205,B:45:;B:46:;C:426:;C:431:,B:46:
catalase_ps,calcium_phosphate,102,5,alternative interface,D:69:,PRO,69,D,9,6,14.066641980383393,0.6666666666666666,0.12699555555555556,0.14648,0.9210776954196866,A:67:;A:69:;A:70:;D:364:;D:67:;D:69:;D:70:;D:71:;D:72:,A:67:;A:70:;D:364:;D:67:;D:70:;D:71:
catalase_ps,calcium_phosphate,103,5,alternative interface,C:66:,GLU,66,C,6,4,13.04386886638167,0.6666666666666666,0.156755,0.1452,0.9341445295031529,A:388:;A:390:;B:72:;C:62:;C:66:;C:67:,A:388:;C:62:;C:66:;C:67:
catalase_ps,calcium_phosphate,104,5,alternative interface,A:66:,GLU,66,A,6,4,12.818141892353657,0.6666666666666666,0.1542066666666667,0.14382,0.9356499210725778,A:62:;A:66:;A:67:;C:388:;C:390:;D:72:,A:62:;A:66:;A:67:;C:388:
catalase_ps,calcium_phosphate,105,5,alternative interface,C:69:,PRO,69,C,7,5,12.054545858912693,0.7142857142857143,0.14642857142857144,0.1306,0.9351299314590319,B:67:;B:69:;B:70:;C:67:;C:69:;C:70:;C:71:,B:67:;B:70:;C:67:;C:70:;C:71:
catalase_ps,calcium_phosphate,106,5,alternative interface,B:220:,LYS,220,B,7,2,10.933061707615726,0.2857142857142857,0.09852000000000001,0.08385,0.9965825728678763,B:219:;B:220:;B:222:;B:229:;B:230:;B:343:;B:344:,B:220:;B:343:
catalase_ps,calcium_phosphate,107,5,alternative interface,C:329:,GLU,329,C,3,2,6.263929249536015,0.6666666666666666,0.14452666666666666,0.07174,0.9882562718175987,C:325:;C:327:;C:329:,C:327:;C:329:
catalase_ps,calcium_phosphate,108,6,alternative interface,D:23:,PRO,23,D,8,3,11.992707247895893,0.375,0.4187075,0.5889,0.9934009402823132,B:409:;B:411:;B:412:;D:21:;D:22:;D:23:;D:24:;D:25:,B:412:;D:22:;D:24:
catalase_ps,calcium_phosphate,109,6,alternative interface,D:429:,GLN,429,D,7,2,12.862612889633153,0.2857142857142857,0.26402,0.37771,0.9940274612800564,A:41:;C:421:;C:422:;D:427:;D:428:;D:429:;D:431:,C:421:;D:427:
catalase_ps,calcium_phosphate,110,6,alternative interface,C:203:,GLY,203,C,12,4,14.133399132719394,0.3333333333333333,0.21176000000000003,0.37284999999999996,0.993453765236912,C:125:;C:126:;C:127:;C:128:;C:197:;C:198:;C:200:;C:201:;C:202:;C:203:;C:204:;C:243:,C:126:;C:127:;C:201:;C:202:
catalase_ps,calcium_phosphate,111,6,alternative interface,D:465:,HIS,465,D,6,3,13.531555887731939,0.5,0.3111716666666667,0.3669,0.9942650411050813,D:178:;D:461:;D:464:;D:465:;D:467:;D:468:,D:465:;D:467:;D:468:
catalase_ps,calcium_phosphate,112,6,alternative interface,B:420:,HIS,420,B,9,4,14.903776217659399,0.4444444444444444,0.3332077777777778,0.3404,0.9900536099505711,A:429:;B:222:;B:226:;B:343:;B:418:;B:419:;B:420:;B:421:;B:422:,B:343:;B:419:;B:420:;B:421:
catalase_ps,calcium_phosphate,113,6,alternative interface,C:420:,HIS,420,C,7,3,12.441478882661457,0.42857142857142855,0.33189857142857143,0.3261,0.992346758158687,C:222:;C:226:;C:418:;C:419:;C:420:;C:421:;C:422:,C:419:;C:420:;C:421:
catalase_ps,calcium_phosphate,114,6,alternative interface,C:277:,THR,277,C,8,4,14.212537977076257,0.5,0.31893625000000003,0.32177999999999995,0.9901189721074987,C:234:;C:236:;C:238:;C:275:;C:277:;C:279:;C:311:;C:314:,C:234:;C:236:;C:238:;C:314:
catalase_ps,calcium_phosphate,115,6,alternative interface,B:445:,PHE,445,B,8,2,12.595519502219014,0.25,0.37225625,0.31739,0.996273167607758,B:441:;B:443:;B:444:;B:445:;B:447:;B:448:;B:449:;B:450:,B:443:;B:448:
catalase_ps,calcium_phosphate,116,6,alternative interface,D:439:,VAL,439,D,9,4,12.058952746783163,0.4444444444444444,0.2717333333333333,0.28371999999999997,0.9954051128579975,D:192:;D:193:;D:437:;D:438:;D:439:;D:440:;D:441:;D:443:;D:483:,D:193:;D:437:;D:443:;D:483:
catalase_ps,calcium_phosphate,117,6,alternative interface,A:439:,VAL,439,A,9,4,12.029506956069072,0.4444444444444444,0.27925333333333335,0.28357,0.9951283832587193,A:192:;A:193:;A:437:;A:438:;A:439:;A:440:;A:441:;A:443:;A:483:,A:193:;A:437:;A:443:;A:483:
catalase_ps,calcium_phosphate,118,6,alternative interface,B:439:,VAL,439,B,10,5,12.668243002931222,0.5,0.250525,0.28236,0.9954286881010787,B:190:;B:192:;B:193:;B:437:;B:438:;B:439:;B:440:;B:441:;B:443:;B:483:,B:190:;B:193:;B:437:;B:443:;B:483:
catalase_ps,calcium_phosphate,119,6,alternative interface,B:242:,LYS,242,B,8,4,13.599938688874158,0.5,0.36268500000000004,0.26793,0.9927685255757348,B:202:;B:206:;B:210:;B:240:;B:241:;B:242:;B:243:;B:244:,B:202:;B:206:;B:210:;B:242:
catalase_ps,calcium_phosphate,120,6,alternative interface,A:260:,GLY,260,A,10,6,12.111296281017953,0.6,0.147032,0.26631,0.990701006769599,A:123:;A:206:;A:207:;A:208:;A:258:;A:259:;A:260:;A:261:;A:262:;A:263:,A:123:;A:206:;A:208:;A:258:;A:262:;A:263:
catalase_ps,calcium_phosphate,121,6,alternative interface,C:439:,VAL,439,C,9,4,12.31241356373603,0.4444444444444444,0.2933433333333333,0.24877,0.9953304827285668,C:192:;C:193:;C:437:;C:438:;C:439:;C:440:;C:441:;C:443:;C:483:,C:193:;C:437:;C:443:;C:483:
catalase_ps,calcium_phosphate,122,6,alternative interface,A:420:,HIS,420,A,8,4,12.679700285027465,0.5,0.32307375,0.23838,0.9929979850205993,A:222:;A:226:;A:227:;A:418:;A:419:;A:420:;A:421:;A:422:,A:227:;A:419:;A:420:;A:421:
catalase_ps,calcium_phosphate,123,6,alternative interface,B:435:,ASN,435,B,8,3,13.59051473165493,0.375,0.3590875,0.23236,0.9937532212402573,B:190:;B:432:;B:433:;B:434:;B:435:;B:436:;B:437:;B:438:,B:190:;B:436:;B:437:
catalase_ps,calcium_phosphate,124,6,alternative interface,B:212:,ASP,212,B,7,4,14.373407189807997,0.5714285714285714,0.20671285714285714,0.21697,0.9902070925670727,B:148:;B:210:;B:212:;B:214:;B:234:;B:236:;B:241:,B:210:;B:212:;B:234:;B:236:
catalase_ps,calcium_phosphate,125,6,alternative interface,C:423:,HIS,423,C,9,3,13.15807269731385,0.3333333333333333,0.3784288888888889,0.20861000000000002,0.9939010085055743,C:421:;C:422:;C:423:;C:424:;C:425:;D:425:;D:426:;D:427:;D:428:,C:421:;C:423:;D:427:
catalase_ps,calcium_phosphate,126,6,alternative interface,A:435:,ASN,435,A,7,2,13.326295273949372,0.2857142857142857,0.40065428571428574,0.19978,0.9948512436120007,A:432:;A:433:;A:434:;A:435:;A:436:;A:437:;A:438:,A:436:;A:437:
catalase_ps,calcium_phosphate,127,6,alternative interface,A:423:,HIS,423,A,8,3,13.244783424615452,0.375,0.30531375,0.18837,0.9943388427089986,A:421:;A:422:;A:423:;A:424:;A:425:;B:426:;B:427:;B:428:,A:421:;A:423:;B:427:
catalase_ps,calcium_phosphate,128,6,alternative interface,A:45:,PRO,45,A,4,1,10.283002228899218,0.25,0.40170249999999996,0.17936,0.993459297819074,A:45:;A:46:;D:426:;D:431:,A:46:
catalase_ps,calcium_phosphate,129,6,alternative interface,B:38:,LEU,38,B,5,2,10.379805492347616,0.4,0.25763600000000003,0.08438000000000001,0.9955073986275498,B:36:;B:37:;B:38:;B:39:;C:432:,B:36:;B:37:
catalase_ps,calcium_phosphate,130,6,alternative interface,B:239:,GLN,239,B,7,3,11.928454044377068,0.42857142857142855,0.30332,0.08414999999999999,0.9954180708393658,B:209:;B:210:;B:238:;B:239:;B:240:;B:241:;B:275:,B:209:;B:210:;B:238:
catalase_ps,calcium_phosphate,131,6,alternative interface,C:244:,LEU,244,C,9,4,13.009741309400992,0.4444444444444444,0.3528022222222222,0.041299999999999996,0.9927710746061761,C:201:;C:204:;C:206:;C:242:;C:243:;C:244:;C:245:;C:246:;C:248:,C:201:;C:206:;C:242:;C:248:
catalase_ps,calcium_phosphate,132,7,alternative interface,C:23:,PRO,23,C,8,3,12.39518099308207,0.375,0.39817375,0.40713,0.9933937722678914,A:409:;A:411:;A:412:;C:21:;C:22:;C:23:;C:24:;C:25:,A:412:;C:22:;C:24:
catalase_ps,calcium_phosphate,133,7,alternative interface,B:203:,GLY,203,B,12,4,13.65021980817185,0.3333333333333333,0.23037249999999998,0.35314,0.9936978066980762,B:125:;B:126:;B:127:;B:128:;B:197:;B:198:;B:199:;B:200:;B:201:;B:202:;B:203:;B:243:,B:126:;B:127:;B:201:;B:202:
catalase_ps,calcium_phosphate,134,7,alternative interface,B:465:,HIS,465,B,6,3,13.64978644262105,0.5,0.30293499999999995,0.33859,0.9942614729498616,B:178:;B:461:;B:464:;B:465:;B:467:;B:468:,B:465:;B:467:;B:468:
catalase_ps,calcium_phosphate,135,7,alternative interface,A:277:,THR,277,A,8,4,13.89863361226135,0.5,0.30478,0.33507,0.990446057094016,A:234:;A:236:;A:238:;A:275:;A:277:;A:279:;A:311:;A:314:,A:234:;A:236:;A:238:;A:314:
catalase_ps,calcium_phosphate,136,7,alternative interface,D:413:,HIS,413,D,9,4,13.25436362756623,0.4444444444444444,0.34063777777777776,0.25472,0.9874230371511545,B:25:;B:33:;B:36:;B:37:;D:411:;D:412:;D:413:;D:414:;D:415:,B:36:;B:37:;D:412:;D:413:
catalase_ps,calcium_phosphate,137,7,alternative interface,D:435:,ASN,435,D,7,2,13.781600745861581,0.2857142857142857,0.3857328571428571,0.19046,0.9944710360740993,D:432:;D:433:;D:434:;D:435:;D:436:;D:437:;D:438:,D:436:;D:437:
catalase_ps,calcium_phosphate,138,7,alternative interface,B:423:,HIS,423,B,9,3,13.433055397401889,0.3333333333333333,0.3298522222222222,0.1208,0.9938101133016674,A:425:;A:426:;A:427:;A:428:;B:421:;B:422:;B:423:;B:424:;B:425:,A:427:;B:421:;B:423:
catalase_ps,calcium_phosphate,139,7,alternative interface,B:71:,ARG,71,B,7,4,12.364378068655977,0.5714285714285714,0.14189142857142859,0.105,0.9772044542214013,B:69:;B:70:;B:71:;B:72:;B:73:;B:74:;C:67:,B:70:;B:71:;B:74:;C:67:
catalase_ps,calcium_phosphate,140,7,alternative interface,D:363:,HIS,363,D,7,4,9.6800420018885,0.5714285714285714,0.1433642857142857,0.06753999999999999,0.9354357368768621,D:360:;D:361:;D:362:;D:363:;D:364:;D:366:;D:367:,D:361:;D:362:;D:363:;D:364:
catalase_ps,calcium_phosphate,141,7,alternative interface,C:38:,LEU,38,C,4,1,9.727084114794263,0.25,0.27476999999999996,0.06305,0.9950639347644378,B:432:;C:36:;C:38:;C:39:,C:36:
catalase_ps,calcium_phosphate,142,7,alternative interface,A:38:,LEU,38,A,4,1,9.362276817964895,0.25,0.27937500000000004,0.05576,0.9954365881313595,A:36:;A:38:;A:39:;D:432:,A:36:
catalase_ps,calcium_phosphate,143,7,alternative interface,D:38:,LEU,38,D,3,1,6.604259029413601,0.3333333333333333,0.15917666666666666,0.05337,0.995432278137934,D:36:;D:38:;D:39:,D:36:
catalase_ps,calcium_phosphate,144,7,alternative interface,B:165:,HIS,165,B,5,3,10.749623297092775,0.6,0.11939200000000001,0.053230000000000006,0.98440168640501,A:402:;B:165:;B:167:;B:168:;B:169:,B:165:;B:168:;B:169:
catalase_ps,calcium_phosphate,145,8,alternative interface,B:413:,HIS,413,B,8,3,12.731611044530686,0.375,0.33209,0.36001,0.9906380510955269,B:411:;B:412:;B:413:;B:414:;B:415:;D:25:;D:27:;D:36:,B:412:;B:413:;D:36:
catalase_ps,calcium_phosphate,146,8,alternative interface,B:277:,THR,277,B,8,4,13.80186037406329,0.5,0.29465375,0.33479,0.9900219695491693,B:234:;B:236:;B:238:;B:275:;B:277:;B:279:;B:311:;B:314:,B:234:;B:236:;B:238:;B:314:
catalase_ps,calcium_phosphate,147,8,alternative interface,A:413:,HIS,413,A,8,3,12.871017706753511,0.375,0.34659375,0.30614,0.9905298784525807,A:411:;A:412:;A:413:;A:414:;A:415:;C:25:;C:27:;C:36:,A:412:;A:413:;C:36:
catalase_ps,calcium_phosphate,148,8,alternative interface,D:277:,THR,277,D,8,4,13.897018963156542,0.5,0.28664999999999996,0.30386,0.9901223621251037,D:234:;D:236:;D:238:;D:275:;D:277:;D:279:;D:311:;D:314:,D:234:;D:236:;D:238:;D:314:
catalase_ps,calcium_phosphate,149,8,alternative interface,B:395:,ASP,395,B,6,2,11.414461792963031,0.3333333333333333,0.3590516666666667,0.30157,0.9784679717862994,B:393:;B:394:;B:395:;B:397:;B:398:;D:327:,B:395:;D:327:
catalase_ps,calcium_phosphate,150,8,alternative interface,D:201:,ASP,201,D,12,3,15.052035415161013,0.25,0.23584666666666665,0.29601,0.991688513221054,D:197:;D:198:;D:199:;D:200:;D:201:;D:202:;D:204:;D:243:;D:244:;D:245:;D:454:;D:457:,D:201:;D:202:;D:457:
catalase_ps,calcium_phosphate,151,8,alternative interface,A:202:,ARG,202,A,8,2,13.110529459429202,0.25,0.178135,0.29594000000000004,0.9931584013717745,A:197:;A:198:;A:199:;A:200:;A:201:;A:202:;A:204:;A:243:,A:201:;A:202:
catalase_ps,calcium_phosphate,152,8,alternative interface,C:413:,HIS,413,C,8,3,13.020714546549286,0.375,0.35230625000000004,0.25076,0.9891820891174002,A:25:;A:33:;A:36:;C:411:;C:412:;C:413:;C:414:;C:415:,A:36:;C:412:;C:413:
catalase_ps,calcium_phosphate,153,8,alternative interface,D:265:,PHE,265,D,7,2,12.221181824841862,0.2857142857142857,0.17124857142857142,0.20629,0.9912995823238787,D:261:;D:262:;D:263:;D:265:;D:266:;D:269:;D:320:,D:262:;D:263:
catalase_ps,calcium_phosphate,154,8,alternative interface,D:44:,GLY,44,D,10,2,14.050869846785185,0.2,0.289096,0.20431000000000002,0.991183897462865,A:424:;A:425:;A:426:;A:427:;A:428:;A:429:;A:431:;D:44:;D:45:;D:46:,A:427:;D:46:
catalase_ps,calcium_phosphate,155,8,alternative interface,B:265:,PHE,265,B,6,2,11.672255706360117,0.3333333333333333,0.1845433333333333,0.20168,0.9925186564136266,B:262:;B:263:;B:265:;B:266:;B:269:;B:320:,B:262:;B:263:
catalase_ps,calcium_phosphate,156,8,alternative interface,C:318:,ASN,318,C,7,1,13.494203790519673,0.14285714285714285,0.3430028571428571,0.16817000000000001,0.994345568666915,C:271:;C:273:;C:316:;C:318:;C:319:;C:320:;C:81:,C:319:
catalase_ps,calcium_phosphate,157,8,alternative interface,D:136:,TYR,136,D,5,2,10.528800607088108,0.4,0.30060200000000004,0.12704000000000001,0.9901954429608475,D:107:;D:136:;D:138:;D:378:;D:379:,D:138:;D:379:
catalase_ps,calcium_phosphate,158,8,alternative interface,C:435:,ASN,435,C,7,2,13.706821740414352,0.2857142857142857,0.36715142857142863,0.12686,0.9943418694082747,C:432:;C:433:;C:434:;C:435:;C:436:;C:437:;C:438:,C:436:;C:437:
catalase_ps,calcium_phosphate,159,8,alternative interface,A:126:,ARG,126,A,6,2,10.950389804329374,0.3333333333333333,0.15317666666666666,0.10901999999999999,0.9940570770895694,A:125:;A:126:;A:127:;A:198:;A:199:;A:204:,A:126:;A:127:
catalase_ps,calcium_phosphate,160,8,alternative interface,A:71:,ARG,71,A,7,4,12.472374827164668,0.5714285714285714,0.14087857142857144,0.08781,0.9769929131855137,A:69:;A:70:;A:71:;A:72:;A:73:;A:74:;D:67:,A:70:;A:71:;A:74:;D:67:
catalase_ps,calcium_phosphate,161,8,alternative interface,A:329:,GLU,329,A,4,2,6.386912501280451,0.5,0.1289175,0.06562,0.9906050207981714,A:324:;A:325:;A:327:;A:329:,A:327:;A:329:
catalase_ps,calcium_phosphate,162,8,alternative interface,B:189:,PRO,189,B,7,2,11.873588757173952,0.2857142857142857,0.15229285714285717,0.05256,0.9945584873072023,B:187:;B:188:;B:189:;B:190:;B:192:;B:438:;B:480:,B:188:;B:190:
catalase_ps,calcium_phosphate,163,8,alternative interface,C:346:,PRO,346,C,5,2,12.8166286410839,0.4,0.17456,0.052169999999999994,0.9910992985708115,B:46:;C:296:;C:344:;C:346:;C:348:,B:46:;C:348:
catalase_ps,calcium_phosphate,164,8,alternative interface,A:187:,LEU,187,A,5,2,13.972090336670048,0.4,0.24797599999999997,0.048209999999999996,0.9937213227723183,A:187:;A:188:;A:189:;A:476:;B:405:,A:188:;A:476:
catalase_ps,calcium_phosphate,165,8,alternative interface,C:165:,HIS,165,C,5,3,10.983075039442433,0.6,0.11619399999999999,0.04769999999999999,0.984009945796326,C:165:;C:167:;C:168:;C:169:;D:402:,C:165:;C:168:;C:169:
catalase_ps,calcium_phosphate,166,8,alternative interface,C:187:,LEU,187,C,5,2,13.915048543891478,0.4,0.241694,0.04628,0.9938224434001944,C:187:;C:188:;C:189:;C:476:;D:405:,C:188:;C:476:
catalase_ps,calcium_phosphate,167,8,alternative interface,D:189:,PRO,189,D,6,1,11.935539873369716,0.16666666666666666,0.17091,0.045259999999999995,0.9943669869430257,D:187:;D:188:;D:189:;D:192:;D:438:;D:480:,D:188:
catalase_ps,calcium_phosphate,168,8,alternative interface,A:348:,LYS,348,A,6,3,13.69186638296012,0.5,0.14074666666666666,0.03985,0.9930764784359309,A:155:;A:157:;A:296:;A:348:;A:349:;D:46:,A:155:;A:348:;D:46:
catalase_ps,calcium_phosphate,169,8,alternative interface,D:348:,LYS,348,D,5,2,13.912025307932856,0.4,0.16690799999999997,0.03444,0.9939258532877329,A:46:;D:157:;D:296:;D:348:;D:349:,A:46:;D:348:
catalase_ps,calcium_phosphate,170,8,alternative interface,A:148:,ASN,148,A,6,1,11.381352478259371,0.16666666666666666,0.13935833333333333,0.03323,0.9950686278720435,A:130:;A:147:;A:148:;A:150:;A:212:;A:214:,A:212:
catalase_ps,calcium_phosphate,171,8,alternative interface,A:165:,HIS,165,A,5,3,10.64489100696966,0.6,0.093574,0.03283,0.9840496364705055,A:165:;A:167:;A:168:;A:169:;B:402:,A:165:;A:168:;A:169:
catalase_ps,calcium_phosphate,172,8,alternative interface,A:367:,PRO,367,A,7,4,13.514367925660489,0.5714285714285714,0.14282142857142857,0.0297,0.8802158373628196,A:361:;A:362:;A:363:;A:366:;A:367:;A:390:;C:62:,A:361:;A:362:;A:363:;C:62:
catalase_ps,calcium_phosphate,173,8,alternative interface,D:300:,LYS,300,D,5,2,12.50164563151078,0.4,0.18557,0.0191,0.9940911053055582,D:150:;D:193:;D:300:;D:301:;D:441:,D:193:;D:300:
catalase_ps,calcium_phosphate,174,9,alternative interface,A:381:,ARG,381,A,8,3,14.95173590946465,0.375,0.34575,0.292,0.9810092000325042,A:378:;A:379:;A:381:;A:382:;A:383:;C:24:;C:25:;C:27:,A:379:;A:381:;C:24:
catalase_ps,calcium_phosphate,175,9,alternative interface,B:429:,GLN,429,B,10,3,15.76413182252432,0.3,0.256727,0.28964,0.9898267263660819,A:419:;A:421:;A:422:;B:427:;B:428:;B:429:;B:431:;C:41:;C:44:;C:45:,A:419:;A:421:;B:427:
catalase_ps,calcium_phosphate,176,9,alternative interface,B:259:,TYR,259,B,12,5,13.593852769394537,0.4166666666666667,0.21198833333333333,0.27997,0.9882583427763816,B:122:;B:123:;B:207:;B:252:;B:253:;B:256:;B:257:;B:258:;B:259:;B:260:;B:262:;B:263:,B:123:;B:256:;B:258:;B:262:;B:263:
catalase_ps,calcium_phosphate,177,9,alternative interface,C:259:,TYR,259,C,13,5,13.809342364722653,0.38461538461538464,0.17534153846153844,0.27429,0.9882959402684233,C:122:;C:123:;C:207:;C:252:;C:253:;C:256:;C:257:;C:258:;C:259:;C:260:;C:261:;C:262:;C:263:,C:123:;C:256:;C:258:;C:262:;C:263:
catalase_ps,calcium_phosphate,178,9,alternative interface,D:395:,ASP,395,D,7,2,13.584244349355037,0.2857142857142857,0.3462085714285714,0.27305,0.97744855096403,B:322:;B:327:;D:393:;D:394:;D:395:;D:397:;D:398:,B:327:;D:395:
catalase_ps,calcium_phosphate,179,9,alternative interface,B:381:,ARG,381,B,8,3,14.932431075919945,0.375,0.33095125,0.25537,0.9813348416236527,B:378:;B:379:;B:381:;B:382:;B:383:;D:24:;D:25:;D:27:,B:379:;B:381:;D:24:
catalase_ps,calcium_phosphate,180,9,alternative interface,A:265:,PHE,265,A,7,2,12.053653623375158,0.2857142857142857,0.17108571428571429,0.19125,0.9913895616749475,A:261:;A:262:;A:263:;A:265:;A:266:;A:269:;A:320:,A:262:;A:263:
catalase_ps,calcium_phosphate,181,9,alternative interface,C:46:,ARG,46,C,6,1,13.184353452370516,0.16666666666666666,0.25354166666666667,0.15736,0.9909334941534834,B:294:;B:296:;B:346:;C:44:;C:45:;C:46:,C:46:
catalase_ps,calcium_phosphate,182,9,alternative interface,B:119:,SER,119,B,9,4,13.790667806601917,0.4444444444444444,0.1896877777777778,0.15014,0.9822237730497583,B:117:;B:118:;B:119:;B:121:;B:70:;B:76:;C:118:;C:119:;C:121:,B:118:;B:70:;B:76:;C:118:
catalase_ps,calcium_phosphate,183,9,alternative interface,B:325:,PHE,325,B,6,3,11.842598360709816,0.5,0.19405000000000003,0.14965,0.9799399858322085,B:324:;B:325:;B:327:;B:329:;C:172:;D:388:,B:327:;B:329:;D:388:
catalase_ps,calcium_phosphate,184,9,alternative interface,C:265:,PHE,265,C,8,2,12.15183846280499,0.25,0.1787825,0.14599,0.9903435652560986,C:261:;C:262:;C:263:;C:265:;C:266:;C:269:;C:320:;C:6:,C:262:;C:263:
catalase_ps,calcium_phosphate,185,9,alternative interface,D:318:,ASN,318,D,9,1,14.585442215089637,0.1111111111111111,0.2689977777777778,0.14418,0.9918149405957921,D:271:;D:273:;D:316:;D:318:;D:319:;D:320:;D:81:;D:82:;D:83:,D:319:
catalase_ps,calcium_phosphate,186,9,alternative interface,B:318:,ASN,318,B,8,1,13.333489810883373,0.125,0.30582125,0.14340999999999998,0.9934471530070141,B:271:;B:273:;B:316:;B:318:;B:319:;B:320:;B:81:;B:82:,B:319:
catalase_ps,calcium_phosphate,187,9,alternative interface,A:318:,ASN,318,A,7,1,13.27242000220863,0.14285714285714285,0.31170285714285717,0.13617,0.9941750172141666,A:271:;A:273:;A:316:;A:318:;A:319:;A:320:;A:81:,A:319:
catalase_ps,calcium_phosphate,188,9,alternative interface,D:125:,VAL,125,D,8,3,13.141525014573094,0.375,0.206815,0.11584,0.9894395281244331,D:122:;D:123:;D:125:;D:126:;D:127:;D:204:;D:250:;D:253:,D:123:;D:126:;D:127:
catalase_ps,calcium_phosphate,189,9,alternative interface,A:343:,GLU,343,A,8,3,12.907612405835968,0.375,0.1172375,0.08349000000000001,0.9895468893515591,A:219:;A:220:;A:222:;A:338:;A:340:;A:343:;A:344:;A:419:,A:220:;A:343:;A:419:
catalase_ps,calcium_phosphate,190,9,alternative interface,B:55:,VAL,55,B,7,3,11.145016374456425,0.42857142857142855,0.1720042857142857,0.08092,0.9866983234106916,B:28:;B:37:;B:54:;B:55:;B:57:;B:58:;B:59:,B:37:;B:58:;B:59:
catalase_ps,calcium_phosphate,191,9,alternative interface,B:116:,ALA,116,B,9,4,12.438976636074736,0.4444444444444444,0.19092333333333333,0.050519999999999995,0.9831552267068424,B:115:;B:116:;B:117:;B:118:;B:127:;B:167:;B:168:;B:73:;B:74:,B:118:;B:127:;B:168:;B:74:
catalase_ps,calcium_phosphate,192,9,alternative interface,B:113:,SER,113,B,8,4,12.474348622903634,0.5,0.10666125000000001,0.049640000000000004,0.9838610716820667,B:113:;B:115:;B:123:;B:129:;B:130:;B:74:;B:76:;B:78:,B:123:;B:129:;B:74:;B:76:
catalase_ps,calcium_phosphate,193,9,alternative interface,C:363:,HIS,363,C,7,4,13.326209569171168,0.5714285714285714,0.12967571428571428,0.03835,0.9049353468211272,B:65:;C:360:;C:361:;C:362:;C:363:;C:366:;C:367:,B:65:;C:361:;C:362:;C:363:
catalase_ps,calcium_phosphate,194,9,alternative interface,B:348:,LYS,348,B,5,1,12.98532701025642,0.2,0.07854200000000001,0.03643,0.9930401454905569,B:157:;B:296:;B:346:;B:348:;B:349:,B:348:
catalase_ps,calcium_phosphate,195,9,alternative interface,A:229:,VAL,229,A,9,2,12.950011917958706,0.2222222222222222,0.2318411111111111,0.023799999999999998,0.9934813150925372,A:220:;A:222:;A:227:;A:229:;A:230:;A:282:;A:284:;A:285:;A:93:,A:220:;A:227:
catalase_ps,calcium_phosphate,196,9,alternative interface,B:232:,LYS,232,B,6,2,13.648861816085073,0.3333333333333333,0.08749166666666668,0.022860000000000002,0.9908871910973812,B:216:;B:219:;B:230:;B:232:;B:234:;B:282:,B:232:;B:234:
catalase_ps,calcium_phosphate,197,9,alternative interface,D:386:,GLN,386,D,7,4,13.072093255401013,0.5714285714285714,0.12529285714285715,0.01989,0.9745394543926426,B:59:;B:62:;D:384:;D:386:;D:387:;D:388:;D:402:,B:59:;B:62:;D:387:;D:388:
catalase_ps,calcium_phosphate,198,9,alternative interface,B:172:,GLN,172,B,4,1,12.326607893700588,0.25,0.3288575,0.010669999999999999,0.9813407909755298,A:398:;B:172:;B:174:;C:322:,B:174:
catalase_ps,calcium_phosphate,199,10,alternative interface,C:382:,VAL,382,C,7,1,10.760105684701962,0.14285714285714285,0.21347142857142862,0.24205,0.9846585962238033,A:28:;A:29:;A:30:;C:381:;C:382:;C:383:;C:384:,C:381:
catalase_ps,calcium_phosphate,200,10,alternative interface,C:396:,ASN,396,C,8,2,11.262270885148444,0.25,0.272095,0.17469,0.9761352396959979,A:325:;C:388:;C:393:;C:394:;C:395:;C:396:;C:397:;C:398:,C:388:;C:395:
catalase_ps,calcium_phosphate,201,10,alternative interface,D:325:,PHE,325,D,6,3,11.949262198110127,0.5,0.18664166666666668,0.14889,0.9797965627773108,A:172:;B:388:;D:324:;D:325:;D:327:;D:329:,B:388:;D:327:;D:329:
catalase_ps,calcium_phosphate,202,10,alternative interface,C:343:,GLU,343,C,8,3,13.143779883627891,0.375,0.13251625,0.08099,0.9880087321669309,C:219:;C:220:;C:222:;C:339:;C:340:;C:343:;C:344:;C:419:,C:220:;C:343:;C:419:
catalase_ps,calcium_phosphate,203,10,alternative interface,D:343:,GLU,343,D,8,3,13.259687732105965,0.375,0.132685,0.07723,0.9893770889500584,D:219:;D:220:;D:222:;D:338:;D:340:;D:343:;D:344:;D:419:,D:220:;D:343:;D:419:
catalase_ps,calcium_phosphate,204,10,alternative interface,A:32:,ASN,32,A,9,1,14.774371508618401,0.1111111111111111,0.1200211111111111,0.07257,0.9912794261068959,A:28:;A:29:;A:30:;A:32:;A:33:;C:139:;C:337:;C:339:;C:340:,C:139:
catalase_ps,calcium_phosphate,205,10,alternative interface,B:32:,ASN,32,B,8,1,14.354857629807372,0.125,0.133345,0.065,0.9881784753906862,B:28:;B:29:;B:32:;B:33:;D:139:;D:337:;D:338:;D:340:,D:139:
catalase_ps,calcium_phosphate,206,10,alternative interface,D:165:,HIS,165,D,6,3,11.68629932485655,0.5,0.10273833333333333,0.04642,0.9822181712403246,C:402:;D:163:;D:165:;D:167:;D:168:;D:169:,D:165:;D:168:;D:169:
catalase_ps,calcium_phosphate,207,10,alternative interface,A:374:,VAL,374,A,4,1,11.33639036726793,0.25,0.21891,0.041319999999999996,0.9787039218534535,A:327:;A:373:;A:374:;A:376:,A:327:
catalase_ps,calcium_phosphate,208,10,alternative interface,A:360:,THR,360,A,7,3,10.832815768410468,0.42857142857142855,0.1463657142857143,0.03859,0.9854168635903496,A:356:;A:357:;A:358:;A:360:;A:361:;A:362:;A:363:,A:361:;A:362:;A:363:
catalase_ps,calcium_phosphate,209,10,alternative interface,B:360:,THR,360,B,7,3,10.828279428039849,0.42857142857142855,0.16091428571428573,0.03752,0.9851635052443158,B:356:;B:357:;B:358:;B:360:;B:361:;B:362:;B:363:,B:361:;B:362:;B:363:
catalase_ps,calcium_phosphate,210,10,alternative interface,A:116:,ALA,116,A,9,4,12.625721419061538,0.4444444444444444,0.1601211111111111,0.030299999999999997,0.9829609967236823,A:115:;A:116:;A:117:;A:118:;A:127:;A:167:;A:168:;A:73:;A:74:,A:118:;A:127:;A:168:;A:74:
catalase_ps,calcium_phosphate,211,10,alternative interface,C:148:,ASN,148,C,7,1,11.718409749598017,0.14285714285714285,0.13258285714285714,0.02836,0.9920882644527026,C:128:;C:130:;C:147:;C:148:;C:150:;C:212:;C:214:,C:212:
catalase_ps,calcium_phosphate,212,10,alternative interface,C:374:,VAL,374,C,4,1,11.38198497590387,0.25,0.23840999999999998,0.02398,0.9784775593108925,C:327:;C:373:;C:374:;C:376:,C:327:
catalase_ps,calcium_phosphate,213,10,alternative interface,D:172:,GLN,172,D,6,1,12.177914737542887,0.16666666666666666,0.2315783333333333,0.0113,0.9864600214967658,A:322:;A:324:;A:325:;C:398:;D:172:;D:174:,D:174:
catalase_ps,calcium_phosphate,214,10,alternative interface,D:113:,SER,113,D,5,2,11.472913992303136,0.4,0.147118,0.010289999999999999,0.9876534564833253,D:113:;D:115:;D:123:;D:130:;D:74:,D:123:;D:74:
catalase_ps,calcium_phosphate,215,11,alternative interface,A:396:,ASN,396,A,8,2,11.45145628787449,0.25,0.24242499999999997,0.12398999999999999,0.9759042713125483,A:388:;A:393:;A:394:;A:395:;A:396:;A:397:;A:398:;C:325:,A:388:;A:395:
catalase_ps,calcium_phosphate,216,11,alternative interface,A:119:,SER,119,A,9,3,13.987172580590872,0.3333333333333333,0.1828922222222222,0.11918,0.9775458379403499,A:117:;A:118:;A:119:;A:121:;A:70:;A:77:;D:118:;D:119:;D:121:,A:118:;A:70:;D:118:
catalase_ps,calcium_phosphate,217,11,alternative interface,B:60:,MET,60,B,6,3,10.795554629635896,0.5,0.14806833333333333,0.10189999999999999,0.9752235207104247,B:57:;B:58:;B:59:;B:60:;B:62:;C:356:,B:58:;B:59:;B:62:
catalase_ps,calcium_phosphate,218,11,alternative interface,A:54:,VAL,54,A,7,1,10.960472447676159,0.14285714285714285,0.18132285714285715,0.08771000000000001,0.9823985938868254,A:51:;A:52:;A:54:;A:55:;A:57:;A:58:;C:336:,A:58:
catalase_ps,calcium_phosphate,219,11,alternative interface,D:54:,VAL,54,D,8,1,11.082268709646511,0.125,0.18162,0.07968,0.9800897515915495,B:336:;B:355:;D:51:;D:52:;D:54:;D:55:;D:57:;D:58:,D:58:
catalase_ps,calcium_phosphate,220,11,alternative interface,B:353:,ARG,353,B,7,1,14.909839820365889,0.14285714285714285,0.14606142857142856,0.07593,0.9824189228080206,B:157:;B:336:;B:349:;B:353:;B:355:;B:356:;B:357:,B:353:
catalase_ps,calcium_phosphate,221,11,alternative interface,C:357:,TYR,357,C,9,2,12.689205144453345,0.2222222222222222,0.14325333333333334,0.07193,0.978675851512451,C:333:;C:336:;C:353:;C:355:;C:356:;C:357:;C:358:;C:360:;C:361:,C:353:;C:361:
catalase_ps,calcium_phosphate,222,11,alternative interface,C:32:,ASN,32,C,8,1,14.579853525004589,0.125,0.13129875000000002,0.06280000000000001,0.9865676559077382,A:139:;A:337:;A:338:;A:340:;C:27:;C:28:;C:29:;C:32:,A:139:
catalase_ps,calcium_phosphate,223,11,alternative interface,D:32:,ASN,32,D,9,1,14.709165889777141,0.1111111111111111,0.10074666666666666,0.052779999999999994,0.9877056556421334,B:139:;B:337:;B:338:;B:340:;D:27:;D:28:;D:29:;D:30:;D:32:,B:139:
catalase_ps,calcium_phosphate,224,11,alternative interface,D:128:,PRO,128,D,9,2,13.629763874371386,0.2222222222222222,0.13054666666666667,0.04179,0.9881814685442247,D:115:;D:126:;D:127:;D:128:;D:130:;D:147:;D:148:;D:198:;D:204:,D:126:;D:127:
catalase_ps,calcium_phosphate,225,11,alternative interface,D:232:,LYS,232,D,7,2,14.74577046801584,0.2857142857142857,0.10141857142857143,0.0334,0.9893708325544833,D:214:;D:216:;D:219:;D:230:;D:232:;D:234:;D:282:,D:232:;D:234:
catalase_ps,calcium_phosphate,226,11,alternative interface,A:232:,LYS,232,A,7,2,14.963748370817639,0.2857142857142857,0.10317714285714286,0.028130000000000002,0.989166950962853,A:214:;A:216:;A:219:;A:230:;A:232:;A:234:;A:282:,A:232:;A:234:
catalase_ps,calcium_phosphate,227,11,alternative interface,C:232:,LYS,232,C,7,2,14.994295096529324,0.2857142857142857,0.10181285714285715,0.020950000000000003,0.9891733152264937,C:214:;C:216:;C:219:;C:230:;C:232:;C:234:;C:282:,C:232:;C:234:
catalase_ps,calcium_phosphate,228,11,alternative interface,C:113:,SER,113,C,5,2,11.656965990126531,0.4,0.12515199999999999,0.00994,0.9875013271157145,C:113:;C:115:;C:123:;C:130:;C:74:,C:123:;C:74:
catalase_ps,calcium_phosphate,229,12,alternative interface,A:59:,GLU,59,A,9,3,12.044053444158877,0.3333333333333333,0.14797111111111108,0.09195,0.9746944804687089,A:28:;A:29:;A:55:;A:57:;A:58:;A:59:;A:60:;A:62:;C:386:,A:58:;A:59:;A:62:
catalase_ps,calcium_phosphate,230,12,alternative interface,C:59:,GLU,59,C,9,3,11.913870085055231,0.3333333333333333,0.15319222222222223,0.08712,0.9742824357731429,A:386:;C:28:;C:29:;C:55:;C:57:;C:58:;C:59:;C:60:;C:62:,C:58:;C:59:;C:62:
catalase_ps,calcium_phosphate,231,12,alternative interface,D:59:,GLU,59,D,9,3,11.716330196657319,0.3333333333333333,0.1479688888888889,0.08396,0.9747973089039329,B:386:;D:28:;D:29:;D:55:;D:57:;D:58:;D:59:;D:60:;D:62:,D:58:;D:59:;D:62:
catalase_ps,calcium_phosphate,232,12,alternative interface,C:54:,VAL,54,C,8,1,11.295373737573613,0.125,0.16946375,0.07893,0.9806314557464172,A:336:;A:355:;C:51:;C:52:;C:54:;C:55:;C:57:;C:58:,C:58:
catalase_ps,calcium_phosphate,233,12,alternative interface,D:355:,PHE,355,D,9,1,12.909432013444961,0.1111111111111111,0.1712422222222222,0.06867,0.9730711528884446,B:51:;B:54:;B:57:;D:336:;D:353:;D:355:;D:356:;D:357:;D:358:,D:353:
catalase_ps,calcium_phosphate,234,12,alternative interface,D:117:,GLY,117,D,10,3,14.345933171621754,0.3,0.16927799999999998,0.05859,0.9765022860688236,D:115:;D:116:;D:117:;D:118:;D:119:;D:121:;D:122:;D:168:;D:73:;D:74:,D:118:;D:168:;D:74:
catalase_ps,calcium_phosphate,235,12,alternative interface,C:117:,GLY,117,C,10,3,14.398614697785083,0.3,0.17296799999999998,0.051,0.976677987780101,C:115:;C:116:;C:117:;C:118:;C:119:;C:121:;C:122:;C:168:;C:73:;C:74:,C:118:;C:168:;C:74:
catalase_ps,calcium_phosphate,236,12,alternative interface,B:147:,ASN,147,B,11,1,13.306931467071678,0.09090909090909091,0.12650636363636367,0.019530000000000002,0.9879043854188836,B:128:;B:129:;B:130:;B:132:;B:145:;B:146:;B:147:;B:148:;B:150:;B:214:;B:216:,B:129:
catalase_ps,calcium_phosphate,237,12,alternative interface,A:113:,SER,113,A,6,2,11.622580699638739,0.3333333333333333,0.12178166666666666,0.00941,0.9864930850560644,A:113:;A:115:;A:123:;A:130:;A:74:;A:77:,A:123:;A:74:
catalase_ps,calcium_phosphate,238,13,alternative interface,A:353:,ARG,353,A,8,1,15.089835131756015,0.125,0.12696000000000002,0.07418,0.9799247921707083,A:157:;A:335:;A:336:;A:349:;A:353:;A:355:;A:356:;A:357:,A:353:
catalase_ps,calcium_phosphate,239,13,alternative interface,B:366:,GLY,366,B,10,3,14.047509407332095,0.3,0.124524,0.028050000000000002,0.8263438929655359,B:361:;B:362:;B:363:;B:366:;B:367:;B:369:;B:390:;B:391:;D:390:;D:391:,B:361:;B:362:;B:363:
catalase_ps,metal_coord,1,1,primary plausible interface,D:252:,LEU,252,D,10,4,11.724447883063855,0.4,0.35390299999999997,0.92122,0.9941306643928483,D:248:;D:250:;D:251:;D:252:;D:253:;D:254:;D:255:;D:256:;D:257:;D:259:,D:248:;D:254:;D:255:;D:256:
catalase_ps,metal_coord,2,1,primary plausible interface,B:252:,LEU,252,B,10,4,11.825972864816448,0.4,0.366537,0.9124,0.9945902794463992,B:248:;B:250:;B:251:;B:252:;B:253:;B:254:;B:255:;B:256:;B:257:;B:259:,B:248:;B:254:;B:255:;B:256:
catalase_ps,metal_coord,3,1,primary plausible interface,D:102:,ILE,102,D,9,5,11.225471338553087,0.5555555555555556,0.4448688888888889,0.79578,0.9945679031558787,D:100:;D:101:;D:102:;D:103:;D:104:;D:85:;D:87:;D:88:;D:89:,D:100:;D:101:;D:85:;D:88:;D:89:
catalase_ps,metal_coord,4,1,primary plausible interface,C:499:,TYR,499,C,8,2,12.963939757710182,0.25,0.5281875,0.73809,0.9971041863029463,C:464:;C:467:;C:495:;C:497:;C:498:;C:499:;C:500:;C:501:,C:497:;C:501:
catalase_ps,metal_coord,5,1,primary plausible interface,D:499:,TYR,499,D,8,2,12.28340210662497,0.25,0.5174325,0.72774,0.9974684244071074,D:464:;D:467:;D:495:;D:497:;D:498:;D:499:;D:500:;D:501:,D:497:;D:501:
catalase_ps,metal_coord,6,1,primary plausible interface,A:500:,ASN,500,A,6,2,10.638966727877838,0.3333333333333333,0.591455,0.69792,0.9984817555329901,A:467:;A:497:;A:498:;A:499:;A:500:;A:501:,A:497:;A:501:
catalase_ps,metal_coord,7,1,primary plausible interface,C:101:,HIS,101,C,7,4,10.65350744698699,0.5714285714285714,0.4953985714285714,0.68065,0.9952640632336088,C:100:;C:101:;C:102:;C:103:;C:104:;C:88:;C:89:,C:100:;C:101:;C:88:;C:89:
catalase_ps,metal_coord,8,1,primary plausible interface,D:226:,GLY,226,D,7,3,10.984429018479192,0.42857142857142855,0.54645,0.64684,0.9964509987763,D:222:;D:223:;D:224:;D:225:;D:226:;D:227:;D:420:,D:225:;D:227:;D:420:
catalase_ps,metal_coord,9,1,primary plausible interface,A:226:,GLY,226,A,7,3,10.569609488707593,0.42857142857142855,0.4793285714285714,0.62851,0.9966363936420984,A:222:;A:223:;A:224:;A:225:;A:226:;A:227:;A:420:,A:225:;A:227:;A:420:
catalase_ps,metal_coord,10,1,primary plausible interface,B:395:,ASP,395,B,6,4,11.414461792963031,0.6666666666666666,0.3590516666666667,0.51354,0.9784679717862994,B:393:;B:394:;B:395:;B:397:;B:398:;D:327:,B:393:;B:394:;B:395:;D:327:
catalase_ps,metal_coord,11,1,primary plausible interface,B:485:,HIS,485,B,6,3,10.842963943048735,0.5,0.5252233333333333,0.49842,0.9966183418397352,B:443:;B:482:;B:483:;B:485:;B:486:;B:487:,B:483:;B:485:;B:487:
catalase_ps,metal_coord,12,1,primary plausible interface,C:290:,ILE,290,C,6,2,11.971378953385656,0.3333333333333333,0.6043366666666666,0.45525,0.9965525673990774,C:286:;C:287:;C:288:;C:289:;C:290:;C:292:,C:287:;C:289:
catalase_ps,metal_coord,13,1,primary plausible interface,C:255:,GLU,255,C,7,3,9.217451874265162,0.42857142857142855,0.3322928571428571,0.44561,0.9973503737163708,C:251:;C:252:;C:253:;C:254:;C:255:;C:256:;C:257:,C:254:;C:255:;C:256:
catalase_ps,metal_coord,14,1,primary plausible interface,D:485:,HIS,485,D,6,3,10.647511242155375,0.5,0.46660166666666664,0.4031,0.996666750313327,D:443:;D:482:;D:483:;D:485:;D:486:;D:487:,D:483:;D:485:;D:487:
catalase_ps,metal_coord,15,1,primary plausible interface,A:485:,HIS,485,A,6,3,10.63110087760816,0.5,0.47509333333333337,0.39854,0.9967285322525302,A:443:;A:482:;A:483:;A:485:;A:486:;A:487:,A:483:;A:485:;A:487:
catalase_ps,metal_coord,16,1,primary plausible interface,D:97:,LYS,97,D,5,3,12.860796827483599,0.6,0.3395,0.24988,0.9945207331575479,D:100:;D:138:;D:139:;D:95:;D:97:,D:100:;D:138:;D:139:
catalase_ps,metal_coord,17,1,primary plausible interface,C:62:,HIS,62,C,7,5,12.698641859674039,0.7142857142857143,0.11658857142857142,0.16707,0.9664718500794864,A:367:;A:386:;C:58:;C:59:;C:60:;C:62:;C:66:,C:58:;C:59:;C:60:;C:62:;C:66:
catalase_ps,metal_coord,18,1,primary plausible interface,C:329:,GLU,329,C,3,2,6.263929249536015,0.6666666666666666,0.14452666666666666,0.10273,0.9882562718175987,C:325:;C:327:;C:329:,C:327:;C:329:
catalase_ps,metal_coord,19,2,alternative interface,A:252:,LEU,252,A,10,4,12.072850755260138,0.4,0.340708,0.8594799999999999,0.9944450957017715,A:248:;A:250:;A:251:;A:252:;A:253:;A:254:;A:255:;A:256:;A:257:;A:259:,A:248:;A:254:;A:255:;A:256:
catalase_ps,metal_coord,20,2,alternative interface,C:250:,ALA,250,C,11,4,15.140795243423257,0.36363636363636365,0.42713636363636365,0.7955,0.9928160307274442,B:254:;C:125:;C:245:;C:246:;C:247:;C:248:;C:250:;C:251:;C:252:;C:253:;C:254:,B:254:;C:247:;C:248:;C:254:
catalase_ps,metal_coord,21,2,alternative interface,A:245:,SER,245,A,8,3,12.829791873089588,0.375,0.43559875,0.6809000000000001,0.9935457031042441,A:201:;A:204:;A:243:;A:244:;A:245:;A:246:;A:247:;A:248:,A:201:;A:247:;A:248:
catalase_ps,metal_coord,22,2,alternative interface,B:101:,HIS,101,B,7,3,13.340395435993925,0.42857142857142855,0.46340571428571437,0.62052,0.9940827821901588,B:100:;B:101:;B:102:;B:103:;B:104:;B:89:;B:91:,B:100:;B:101:;B:89:
catalase_ps,metal_coord,23,2,alternative interface,B:455:,ARG,455,B,10,2,13.511157439871727,0.2,0.40895099999999995,0.61724,0.9966132285047665,B:200:;B:447:;B:450:;B:451:;B:452:;B:453:;B:454:;B:455:;B:456:;B:457:,B:452:;B:453:
catalase_ps,metal_coord,24,2,alternative interface,A:101:,HIS,101,A,7,3,13.034338374275324,0.42857142857142855,0.4596642857142857,0.60168,0.9941082081821624,A:100:;A:101:;A:102:;A:103:;A:104:;A:89:;A:91:,A:100:;A:101:;A:89:
catalase_ps,metal_coord,25,2,alternative interface,A:455:,ARG,455,A,9,2,11.961385595193923,0.2222222222222222,0.4168722222222222,0.60009,0.9975987765216324,A:200:;A:450:;A:451:;A:452:;A:453:;A:454:;A:455:;A:456:;A:457:,A:452:;A:453:
catalase_ps,metal_coord,26,2,alternative interface,C:454:,GLN,454,C,10,3,12.46806095755155,0.3,0.410769,0.59804,0.9973588527149571,C:200:;C:201:;C:450:;C:451:;C:452:;C:453:;C:454:;C:455:;C:456:;C:457:,C:201:;C:452:;C:453:
catalase_ps,metal_coord,27,2,alternative interface,B:245:,SER,245,B,7,3,12.504660520083688,0.42857142857142855,0.47673571428571426,0.59116,0.9932494754058921,B:201:;B:243:;B:244:;B:245:;B:246:;B:247:;B:248:,B:201:;B:247:;B:248:
catalase_ps,metal_coord,28,2,alternative interface,D:455:,ARG,455,D,8,2,10.05343540876856,0.25,0.45685125000000004,0.59099,0.9974418234175314,D:450:;D:451:;D:452:;D:453:;D:454:;D:455:;D:456:;D:457:,D:452:;D:453:
catalase_ps,metal_coord,29,2,alternative interface,B:88:,HIS,88,B,5,2,11.845513131958981,0.4,0.427306,0.56158,0.9952095846320544,B:102:;B:311:;B:87:;B:88:;B:89:,B:88:;B:89:
catalase_ps,metal_coord,30,2,alternative interface,C:226:,GLY,226,C,7,3,10.82873168761333,0.42857142857142855,0.4750371428571428,0.5478000000000001,0.9963226158083104,C:222:;C:223:;C:224:;C:225:;C:226:;C:227:;C:420:,C:225:;C:227:;C:420:
catalase_ps,metal_coord,31,2,alternative interface,C:396:,ASN,396,C,8,4,11.262270885148444,0.5,0.272095,0.52276,0.9761352396959979,A:325:;C:388:;C:393:;C:394:;C:395:;C:396:;C:397:;C:398:,C:388:;C:393:;C:394:;C:395:
catalase_ps,metal_coord,32,2,alternative interface,B:498:,LYS,498,B,7,2,11.30163004472049,0.2857142857142857,0.54821,0.50029,0.9969600620123559,B:494:;B:495:;B:497:;B:498:;B:499:;B:500:;B:501:,B:497:;B:501:
catalase_ps,metal_coord,33,2,alternative interface,D:395:,ASP,395,D,7,4,13.584244349355037,0.5714285714285714,0.3462085714285714,0.48369,0.97744855096403,B:322:;B:327:;D:393:;D:394:;D:395:;D:397:;D:398:,B:327:;D:393:;D:394:;D:395:
catalase_ps,metal_coord,34,2,alternative interface,C:303:,PRO,303,C,7,2,11.767389394094007,0.2857142857142857,0.5678485714285715,0.48202,0.9973486953843131,C:301:;C:303:;C:304:;C:305:;C:306:;C:307:;C:308:,C:304:;C:306:
catalase_ps,metal_coord,35,2,alternative interface,B:286:,SER,286,B,7,2,10.138668813441722,0.2857142857142857,0.5793971428571428,0.44262,0.9972966117864319,B:284:;B:285:;B:286:;B:287:;B:288:;B:289:;B:290:,B:287:;B:289:
catalase_ps,metal_coord,36,2,alternative interface,C:485:,HIS,485,C,6,3,10.851048848032555,0.5,0.472025,0.40746000000000004,0.9965460753638916,C:443:;C:482:;C:483:;C:485:;C:486:;C:487:,C:483:;C:485:;C:487:
catalase_ps,metal_coord,37,2,alternative interface,C:13:,HIS,13,C,6,2,8.98063402406951,0.3333333333333333,0.4654766666666666,0.33825000000000005,0.9966752846428525,C:12:;C:13:;C:14:;C:15:;C:16:;C:17:,C:13:;C:16:
catalase_ps,metal_coord,38,2,alternative interface,C:8:,SER,8,C,4,1,6.648828567300131,0.25,0.2730475,0.19369,0.9982665076451074,C:4:;C:5:;C:6:;C:8:,C:5:
catalase_ps,metal_coord,39,2,alternative interface,B:236:,LYS,236,B,5,3,12.458406652113222,0.6,0.21841400000000002,0.05639,0.9933079850370766,B:212:;B:234:;B:236:;B:238:;B:277:,B:212:;B:234:;B:238:
catalase_ps,metal_coord,40,3,alternative interface,D:245:,SER,245,D,8,3,12.40630649575949,0.375,0.42420874999999997,0.6429900000000001,0.9933753744819168,D:201:;D:204:;D:243:;D:244:;D:245:;D:246:;D:247:;D:248:,D:201:;D:247:;D:248:
catalase_ps,metal_coord,41,3,alternative interface,B:226:,GLY,226,B,7,3,10.750242077286057,0.42857142857142855,0.4724957142857143,0.53639,0.9962739144248364,B:222:;B:223:;B:224:;B:225:;B:226:;B:227:;B:420:,B:225:;B:227:;B:420:
catalase_ps,metal_coord,42,3,alternative interface,C:285:,PHE,285,C,8,2,11.659153400565994,0.25,0.4343325,0.45525,0.9967214390530904,C:229:;C:230:;C:284:;C:285:;C:286:;C:287:;C:288:;C:289:,C:287:;C:289:
catalase_ps,metal_coord,43,3,alternative interface,B:303:,PRO,303,B,7,2,11.851800092239223,0.2857142857142857,0.5577571428571428,0.44085,0.9972274580442265,B:301:;B:303:;B:304:;B:305:;B:306:;B:307:;B:308:,B:304:;B:306:
catalase_ps,metal_coord,44,3,alternative interface,D:303:,PRO,303,D,7,2,12.087863411272448,0.2857142857142857,0.5661728571428571,0.42615000000000003,0.9972599809582735,D:301:;D:303:;D:304:;D:305:;D:306:;D:307:;D:308:,D:304:;D:306:
catalase_ps,metal_coord,45,3,alternative interface,A:396:,ASN,396,A,8,4,11.45145628787449,0.5,0.24242499999999997,0.41217,0.9759042713125483,A:388:;A:393:;A:394:;A:395:;A:396:;A:397:;A:398:;C:325:,A:388:;A:393:;A:394:;A:395:
catalase_ps,metal_coord,46,3,alternative interface,A:18:,ARG,18,A,9,1,12.892963266118864,0.1111111111111111,0.57711,0.31753,0.9931256398220945,A:14:;A:15:;A:16:;A:17:;A:18:;A:19:;A:20:;A:21:;A:22:,A:16:
catalase_ps,metal_coord,47,3,alternative interface,A:97:,LYS,97,A,6,3,12.472881812846648,0.5,0.31819,0.29088,0.9930336508544542,A:100:;A:138:;A:139:;A:340:;A:95:;A:97:,A:100:;A:138:;A:139:
catalase_ps,metal_coord,48,3,alternative interface,B:97:,LYS,97,B,6,3,12.362792721715572,0.5,0.26725166666666667,0.23564,0.9930476385802988,B:100:;B:138:;B:139:;B:340:;B:95:;B:97:,B:100:;B:138:;B:139:
catalase_ps,metal_coord,49,3,alternative interface,A:8:,SER,8,A,6,3,12.224102170698263,0.5,0.21107666666666666,0.22274999999999998,0.99452744317751,A:4:;A:5:;A:6:;A:8:;A:9:;D:177:,A:5:;A:9:;D:177:
catalase_ps,metal_coord,50,3,alternative interface,B:8:,SER,8,B,6,3,12.47044948366611,0.5,0.20737166666666665,0.21195,0.9946332218318639,B:4:;B:5:;B:6:;B:8:;B:9:;C:177:,B:5:;B:9:;C:177:
catalase_ps,metal_coord,51,3,alternative interface,D:373:,PRO,373,D,8,4,14.31984660958531,0.5,0.32101625,0.14798999999999998,0.956085914853299,B:393:;B:394:;D:327:;D:370:;D:371:;D:373:;D:376:;D:378:,B:393:;B:394:;D:327:;D:376:
catalase_ps,metal_coord,52,3,alternative interface,B:373:,PRO,373,B,7,4,13.63729569188077,0.5714285714285714,0.26744428571428575,0.13734,0.953656573125824,B:327:;B:370:;B:371:;B:373:;B:376:;D:393:;D:394:,B:327:;B:376:;D:393:;D:394:
catalase_ps,metal_coord,53,3,alternative interface,D:344:,PRO,344,D,5,1,12.530412901166432,0.2,0.106606,0.06476,0.9977412210204182,D:219:;D:220:;D:336:;D:343:;D:344:,D:343:
catalase_ps,metal_coord,54,4,alternative interface,A:88:,HIS,88,A,5,2,11.442489015727537,0.4,0.456212,0.52727,0.9954762011787164,A:102:;A:311:;A:87:;A:88:;A:89:,A:88:;A:89:
catalase_ps,metal_coord,55,4,alternative interface,D:290:,ILE,290,D,7,2,11.984644748441497,0.2857142857142857,0.5424371428571428,0.43152999999999997,0.996717772222504,D:286:;D:287:;D:288:;D:289:;D:290:;D:291:;D:292:,D:287:;D:289:
catalase_ps,metal_coord,56,4,alternative interface,A:303:,PRO,303,A,7,2,11.799993774357048,0.2857142857142857,0.5454714285714285,0.42085,0.9972438032974714,A:301:;A:303:;A:304:;A:305:;A:306:;A:307:;A:308:,A:304:;A:306:
catalase_ps,metal_coord,57,4,alternative interface,A:13:,HIS,13,A,7,3,11.90399542274311,0.42857142857142855,0.3943585714285715,0.37128999999999995,0.9941550728618292,A:12:;A:13:;A:14:;A:15:;A:16:;A:17:;A:9:,A:13:;A:16:;A:9:
catalase_ps,metal_coord,58,4,alternative interface,D:13:,HIS,13,D,7,3,12.202149744711695,0.42857142857142855,0.4307771428571429,0.36584000000000005,0.993868547044844,D:12:;D:13:;D:14:;D:15:;D:16:;D:17:;D:9:,D:13:;D:16:;D:9:
catalase_ps,metal_coord,59,4,alternative interface,B:13:,HIS,13,B,7,3,12.163655206339953,0.42857142857142855,0.4055942857142857,0.35133000000000003,0.9940199896001775,B:12:;B:13:;B:14:;B:15:;B:16:;B:17:;B:9:,B:13:;B:16:;B:9:
catalase_ps,metal_coord,60,4,alternative interface,C:419:,GLU,419,C,6,3,12.933753038487655,0.5,0.278835,0.26657,0.990914088506656,C:340:;C:343:;C:418:;C:419:;C:420:;C:421:,C:343:;C:419:;C:420:
catalase_ps,metal_coord,61,4,alternative interface,C:97:,LYS,97,C,6,3,12.54573908200384,0.5,0.2736533333333333,0.25848,0.9930046362429696,C:100:;C:138:;C:139:;C:340:;C:95:;C:97:,C:100:;C:138:;C:139:
catalase_ps,metal_coord,62,4,alternative interface,A:240:,GLY,240,A,6,2,11.134974644283183,0.3333333333333333,0.39508499999999996,0.18031,0.9958702896670525,A:210:;A:238:;A:239:;A:240:;A:241:;A:242:,A:210:;A:238:
catalase_ps,metal_coord,63,4,alternative interface,A:105:,ARG,105,A,6,1,12.984407702475318,0.16666666666666666,0.328655,0.11471,0.9972492427614844,A:103:;A:104:;A:105:;A:107:;A:83:;A:85:,A:85:
catalase_ps,metal_coord,64,5,alternative interface,B:467:,LYS,467,B,8,2,13.334949146502757,0.25,0.3044075,0.5128900000000001,0.9938280237919175,B:464:;B:465:;B:467:;B:468:;B:470:;B:474:;B:499:;B:500:,B:465:;B:468:
catalase_ps,metal_coord,65,5,alternative interface,C:413:,HIS,413,C,8,3,13.020714546549286,0.375,0.35230625000000004,0.49774,0.9891820891174002,A:25:;A:33:;A:36:;C:411:;C:412:;C:413:;C:414:;C:415:,A:36:;C:412:;C:413:
catalase_ps,metal_coord,66,5,alternative interface,D:412:,GLU,412,D,8,3,14.416085222170192,0.375,0.38127625,0.49539,0.9897621329222573,B:23:;B:24:;B:25:;D:409:;D:411:;D:412:;D:413:;D:414:,B:24:;D:412:;D:413:
catalase_ps,metal_coord,67,5,alternative interface,B:413:,HIS,413,B,8,3,12.731611044530686,0.375,0.33209,0.47853999999999997,0.9906380510955269,B:411:;B:412:;B:413:;B:414:;B:415:;D:25:;D:27:;D:36:,B:412:;B:413:;D:36:
catalase_ps,metal_coord,68,5,alternative interface,D:465:,HIS,465,D,6,2,13.531555887731939,0.3333333333333333,0.3111716666666667,0.47383000000000003,0.9942650411050813,D:178:;D:461:;D:464:;D:465:;D:467:;D:468:,D:465:;D:468:
catalase_ps,metal_coord,69,5,alternative interface,A:465:,HIS,465,A,6,2,13.565934692135693,0.3333333333333333,0.372635,0.44472,0.9943546349492968,A:178:;A:461:;A:464:;A:465:;A:467:;A:468:,A:465:;A:468:
catalase_ps,metal_coord,70,5,alternative interface,A:413:,HIS,413,A,8,3,12.871017706753511,0.375,0.34659375,0.43857999999999997,0.9905298784525807,A:411:;A:412:;A:413:;A:414:;A:415:;C:25:;C:27:;C:36:,A:412:;A:413:;C:36:
catalase_ps,metal_coord,71,5,alternative interface,D:285:,PHE,285,D,8,2,12.248573805106465,0.25,0.41253874999999995,0.43152999999999997,0.9964275956554735,D:229:;D:230:;D:284:;D:285:;D:286:;D:287:;D:288:;D:289:,D:287:;D:289:
catalase_ps,metal_coord,72,5,alternative interface,B:491:,ARG,491,B,7,1,12.407461217709677,0.14285714285714285,0.5365185714285714,0.42068,0.9948709194536738,B:456:;B:487:;B:490:;B:491:;B:493:;B:494:;B:495:,B:487:
catalase_ps,metal_coord,73,5,alternative interface,D:23:,PRO,23,D,8,2,11.992707247895893,0.25,0.4187075,0.41912,0.9934009402823132,B:409:;B:411:;B:412:;D:21:;D:22:;D:23:;D:24:;D:25:,B:412:;D:24:
catalase_ps,metal_coord,74,5,alternative interface,A:286:,SER,286,A,7,2,10.534357659363057,0.2857142857142857,0.5379857142857143,0.40692999999999996,0.9971128092104389,A:284:;A:285:;A:286:;A:287:;A:288:;A:289:;A:290:,A:287:;A:289:
catalase_ps,metal_coord,75,5,alternative interface,A:422:,THR,422,A,8,3,13.032384100012873,0.375,0.2750725,0.35855,0.9935668755759204,A:420:;A:421:;A:422:;A:423:;A:424:;B:427:;B:428:;B:429:,A:420:;A:423:;B:427:
catalase_ps,metal_coord,76,5,alternative interface,C:422:,THR,422,C,8,3,12.893640943882874,0.375,0.3003525,0.3563,0.9939243243901483,C:420:;C:421:;C:422:;C:423:;C:424:;D:427:;D:428:;D:429:,C:420:;C:423:;D:427:
catalase_ps,metal_coord,77,5,alternative interface,C:468:,ASP,468,C,5,2,11.639459956087325,0.4,0.362412,0.34648,0.9953917646838106,C:178:;C:465:;C:467:;C:468:;C:470:,C:465:;C:468:
catalase_ps,metal_coord,78,5,alternative interface,C:87:,THR,87,C,8,3,13.557434990557617,0.375,0.45023375,0.25371,0.993307255264794,C:102:;C:103:;C:311:;C:314:;C:85:;C:87:;C:88:;C:89:,C:85:;C:88:;C:89:
catalase_ps,metal_coord,79,5,alternative interface,C:373:,PRO,373,C,8,4,13.96495035340439,0.5,0.2632175,0.21542999999999998,0.9570462095076145,A:393:;A:394:;C:327:;C:370:;C:371:;C:373:;C:374:;C:376:,A:393:;A:394:;C:327:;C:376:
catalase_ps,metal_coord,80,5,alternative interface,B:325:,PHE,325,B,6,3,11.842598360709816,0.5,0.19405000000000003,0.2143,0.9799399858322085,B:324:;B:325:;B:327:;B:329:;C:172:;D:388:,B:327:;B:329:;D:388:
catalase_ps,metal_coord,81,5,alternative interface,A:419:,GLU,419,A,7,3,15.362957465904351,0.42857142857142855,0.22608571428571428,0.19785,0.9880761880790787,A:340:;A:343:;A:418:;A:419:;A:420:;A:421:;B:429:,A:343:;A:419:;A:420:
catalase_ps,metal_coord,82,5,alternative interface,B:419:,GLU,419,B,7,3,14.964813487363134,0.42857142857142855,0.3033571428571428,0.19373,0.9885870375417221,A:429:;B:340:;B:343:;B:418:;B:419:;B:420:;B:421:,B:343:;B:419:;B:420:
catalase_ps,metal_coord,83,5,alternative interface,B:439:,VAL,439,B,10,4,12.668243002931222,0.4,0.250525,0.17156,0.9954286881010787,B:190:;B:192:;B:193:;B:437:;B:438:;B:439:;B:440:;B:441:;B:443:;B:483:,B:190:;B:193:;B:437:;B:483:
catalase_ps,metal_coord,84,5,alternative interface,A:209:,ARG,209,A,7,3,15.128684566477618,0.42857142857142855,0.16486857142857142,0.16469999999999999,0.9921929373078431,A:206:;A:207:;A:208:;A:209:;A:210:;A:239:;A:275:,A:206:;A:208:;A:210:
catalase_ps,metal_coord,85,5,alternative interface,A:373:,PRO,373,A,8,4,13.602128675346698,0.5,0.26413625,0.15509,0.9574498711908634,A:327:;A:370:;A:371:;A:373:;A:374:;A:376:;C:393:;C:394:,A:327:;A:376:;C:393:;C:394:
catalase_ps,metal_coord,86,5,alternative interface,D:439:,VAL,439,D,9,3,12.058952746783163,0.3333333333333333,0.2717333333333333,0.14855000000000002,0.9954051128579975,D:192:;D:193:;D:437:;D:438:;D:439:;D:440:;D:441:;D:443:;D:483:,D:193:;D:437:;D:483:
catalase_ps,metal_coord,87,5,alternative interface,B:207:,GLY,207,B,8,4,13.252774495146944,0.5,0.1614,0.14056,0.9918252617757173,B:206:;B:207:;B:208:;B:209:;B:210:;B:259:;B:260:;B:263:,B:206:;B:208:;B:210:;B:263:
catalase_ps,metal_coord,88,5,alternative interface,C:105:,ARG,105,C,6,1,12.620481697316434,0.16666666666666666,0.34499499999999994,0.13659000000000002,0.9971607210285226,C:103:;C:104:;C:105:;C:107:;C:83:;C:85:,C:85:
catalase_ps,metal_coord,89,5,alternative interface,D:105:,ARG,105,D,6,1,12.78556753923559,0.16666666666666666,0.35005,0.11764,0.9971250236269773,D:103:;D:104:;D:105:;D:107:;D:83:;D:85:,D:85:
catalase_ps,metal_coord,90,5,alternative interface,B:105:,ARG,105,B,6,1,12.414224724992458,0.16666666666666666,0.35535333333333335,0.10375999999999999,0.9972088543603213,B:103:;B:104:;B:105:;B:107:;B:83:;B:85:,B:85:
catalase_ps,metal_coord,91,5,alternative interface,D:38:,LEU,38,D,3,1,6.604259029413601,0.3333333333333333,0.15917666666666666,0.05942,0.995432278137934,D:36:;D:38:;D:39:,D:36:
catalase_ps,metal_coord,92,5,alternative interface,A:236:,LYS,236,A,6,3,12.382900706650622,0.5,0.254235,0.04759,0.9924683884979859,A:212:;A:234:;A:236:;A:238:;A:277:;A:279:,A:212:;A:234:;A:238:
catalase_ps,metal_coord,93,6,alternative interface,A:495:,LEU,495,A,8,2,12.464174332967126,0.25,0.471005,0.38313,0.9953800815524809,A:460:;A:491:;A:493:;A:494:;A:495:;A:497:;A:498:;A:499:,A:460:;A:497:
catalase_ps,metal_coord,94,6,alternative interface,C:91:,THR,91,C,7,2,12.01335547840512,0.2857142857142857,0.4147057142857143,0.33929000000000004,0.9942610680603663,C:100:;C:223:;C:89:;C:91:;C:92:;C:93:;C:95:,C:100:;C:89:
catalase_ps,metal_coord,95,6,alternative interface,D:422:,THR,422,D,8,3,13.314941493117265,0.375,0.31382625000000003,0.32237000000000005,0.9934637804034931,C:427:;C:428:;C:429:;D:420:;D:421:;D:422:;D:423:;D:424:,C:427:;D:420:;D:423:
catalase_ps,metal_coord,96,6,alternative interface,B:18:,ARG,18,B,9,1,12.514366292702361,0.1111111111111111,0.4872744444444444,0.32194,0.9934147517938243,B:14:;B:15:;B:16:;B:17:;B:18:;B:19:;B:20:;B:21:;D:409:,B:16:
catalase_ps,metal_coord,97,6,alternative interface,D:91:,THR,91,D,7,2,11.867129891647616,0.2857142857142857,0.4159371428571429,0.32138,0.9944604151525461,D:100:;D:223:;D:89:;D:91:;D:92:;D:93:;D:95:,D:100:;D:89:
catalase_ps,metal_coord,98,6,alternative interface,D:18:,ARG,18,D,9,1,11.7486608574036,0.1111111111111111,0.50098,0.31507,0.9940102610174535,B:409:;D:14:;D:15:;D:16:;D:17:;D:18:;D:19:;D:20:;D:21:,D:16:
catalase_ps,metal_coord,99,6,alternative interface,B:178:,PRO,178,B,5,2,11.363808255420766,0.4,0.35270799999999997,0.28597,0.9951364443342413,B:176:;B:178:;B:181:;B:465:;B:468:,B:465:;B:468:
catalase_ps,metal_coord,100,6,alternative interface,C:480:,ASN,480,C,8,1,12.321455361696783,0.125,0.32338249999999996,0.26568,0.9956500793021298,C:189:;C:192:;C:476:;C:478:;C:479:;C:480:;C:482:;C:483:,C:483:
catalase_ps,metal_coord,101,6,alternative interface,A:480:,ASN,480,A,8,1,12.428790070403917,0.125,0.3253225,0.26371,0.995543826290394,A:189:;A:192:;A:476:;A:478:;A:479:;A:480:;A:482:;A:483:,A:483:
catalase_ps,metal_coord,102,6,alternative interface,B:435:,ASN,435,B,8,3,13.59051473165493,0.375,0.3590875,0.25867999999999997,0.9937532212402573,B:190:;B:432:;B:433:;B:434:;B:435:;B:436:;B:437:;B:438:,B:190:;B:436:;B:437:
catalase_ps,metal_coord,103,6,alternative interface,D:460:,GLU,460,D,6,1,12.347347900489481,0.16666666666666666,0.36328166666666667,0.24922,0.9959864749188447,D:456:;D:457:;D:460:;D:461:;D:464:;D:495:,D:460:
catalase_ps,metal_coord,104,6,alternative interface,C:491:,ARG,491,C,6,1,11.833805811023435,0.16666666666666666,0.46927333333333343,0.24397,0.9968131921703596,C:487:;C:490:;C:491:;C:493:;C:494:;C:495:,C:487:
catalase_ps,metal_coord,105,6,alternative interface,A:435:,ASN,435,A,7,2,13.326295273949372,0.2857142857142857,0.40065428571428574,0.22241,0.9948512436120007,A:432:;A:433:;A:434:;A:435:;A:436:;A:437:;A:438:,A:436:;A:437:
catalase_ps,metal_coord,106,6,alternative interface,C:378:,TYR,378,C,4,1,9.710612859877175,0.25,0.48019,0.21378,0.9939391477951788,C:376:;C:378:;C:379:;C:381:,C:376:
catalase_ps,metal_coord,107,6,alternative interface,D:325:,PHE,325,D,6,3,11.949262198110127,0.5,0.18664166666666668,0.21321,0.9797965627773108,A:172:;B:388:;D:324:;D:325:;D:327:;D:329:,B:388:;D:327:;D:329:
catalase_ps,metal_coord,108,6,alternative interface,A:379:,ARG,379,A,4,1,8.882704178896606,0.25,0.487815,0.19621,0.9922631514783391,A:138:;A:378:;A:379:;A:381:,A:138:
catalase_ps,metal_coord,109,6,alternative interface,D:240:,GLY,240,D,7,2,11.15471831952768,0.2857142857142857,0.3527228571428571,0.17907,0.9960367319813213,D:209:;D:210:;D:238:;D:239:;D:240:;D:241:;D:242:,D:210:;D:238:
catalase_ps,metal_coord,110,6,alternative interface,D:379:,ARG,379,D,6,2,11.114853014251747,0.3333333333333333,0.3704483333333333,0.15295,0.9883893765728414,D:136:;D:138:;D:139:;D:378:;D:379:;D:381:,D:138:;D:139:
catalase_ps,metal_coord,111,6,alternative interface,C:439:,VAL,439,C,9,3,12.31241356373603,0.3333333333333333,0.2933433333333333,0.10478,0.9953304827285668,C:192:;C:193:;C:437:;C:438:;C:439:;C:440:;C:441:;C:443:;C:483:,C:193:;C:437:;C:483:
catalase_ps,metal_coord,112,6,alternative interface,A:329:,GLU,329,A,4,2,6.386912501280451,0.5,0.1289175,0.09398,0.9906050207981714,A:324:;A:325:;A:327:;A:329:,A:327:;A:329:
catalase_ps,metal_coord,113,6,alternative interface,D:236:,LYS,236,D,6,3,12.799673836915034,0.5,0.23978333333333332,0.04234,0.9920775064266185,D:212:;D:234:;D:236:;D:238:;D:277:;D:279:,D:212:;D:234:;D:238:
catalase_ps,metal_coord,114,7,alternative interface,A:23:,PRO,23,A,8,2,12.595805371119141,0.25,0.44809750000000004,0.31955,0.9930063372100472,A:21:;A:22:;A:23:;A:24:;A:25:;C:409:;C:411:;C:412:,A:24:;C:412:
catalase_ps,metal_coord,115,7,alternative interface,D:419:,GLU,419,D,8,3,15.237471852315272,0.375,0.28310124999999997,0.30854,0.987378916464929,C:429:;D:340:;D:343:;D:417:;D:418:;D:419:;D:420:;D:421:,D:343:;D:419:;D:420:
catalase_ps,metal_coord,116,7,alternative interface,C:18:,ARG,18,C,9,1,12.171657269973306,0.1111111111111111,0.4775655555555556,0.29863,0.9938092510815324,A:409:;C:14:;C:15:;C:16:;C:17:;C:18:;C:19:;C:20:;C:21:,C:16:
catalase_ps,metal_coord,117,7,alternative interface,B:258:,ASP,258,B,9,3,13.391665492371787,0.3333333333333333,0.23506555555555556,0.2882,0.9903287036029762,B:122:;B:123:;B:253:;B:256:;B:257:;B:258:;B:259:;B:260:;B:262:,B:123:;B:256:;B:258:
catalase_ps,metal_coord,118,7,alternative interface,A:428:,VAL,428,A,10,2,12.507603624957103,0.2,0.27578499999999995,0.28689,0.9941790070930229,A:426:;A:427:;A:428:;A:429:;B:421:;B:422:;B:423:;B:424:;D:41:;D:44:,A:427:;B:423:
catalase_ps,metal_coord,119,7,alternative interface,D:258:,ASP,258,D,9,3,12.012725917135137,0.3333333333333333,0.2054022222222222,0.26891,0.9904246685411263,D:122:;D:123:;D:256:;D:257:;D:258:;D:259:;D:260:;D:261:;D:262:,D:123:;D:256:;D:258:
catalase_ps,metal_coord,120,7,alternative interface,D:480:,ASN,480,D,8,1,12.665537682393675,0.125,0.31272375,0.26523,0.9954532923769713,D:189:;D:192:;D:476:;D:478:;D:479:;D:480:;D:482:;D:483:,D:483:
catalase_ps,metal_coord,121,7,alternative interface,B:460:,GLU,460,B,6,1,12.375692772956642,0.16666666666666666,0.3329783333333333,0.24783000000000002,0.9958263147244206,B:456:;B:457:;B:460:;B:461:;B:464:;B:495:,B:460:
catalase_ps,metal_coord,122,7,alternative interface,D:491:,ARG,491,D,6,1,12.094673025836245,0.16666666666666666,0.45076166666666667,0.23722000000000001,0.9967765449412873,D:487:;D:490:;D:491:;D:493:;D:494:;D:495:,D:487:
catalase_ps,metal_coord,123,7,alternative interface,C:258:,ASP,258,C,9,3,11.844988776635587,0.3333333333333333,0.18726222222222222,0.21777000000000002,0.9908579311563709,C:122:;C:123:;C:256:;C:257:;C:258:;C:259:;C:260:;C:261:;C:262:,C:123:;C:256:;C:258:
catalase_ps,metal_coord,124,7,alternative interface,D:207:,GLY,207,D,11,4,15.911096521998031,0.36363636363636365,0.19560818181818182,0.21596,0.9910242583162527,D:206:;D:207:;D:208:;D:209:;D:210:;D:242:;D:243:;D:259:;D:260:;D:261:;D:263:,D:206:;D:208:;D:210:;D:263:
catalase_ps,metal_coord,125,7,alternative interface,D:435:,ASN,435,D,7,2,13.781600745861581,0.2857142857142857,0.3857328571428571,0.21203,0.9944710360740993,D:432:;D:433:;D:434:;D:435:;D:436:;D:437:;D:438:,D:436:;D:437:
catalase_ps,metal_coord,126,7,alternative interface,C:210:,HIS,210,C,11,4,11.955096008466983,0.36363636363636365,0.24179454545454543,0.17550999999999997,0.9938163958540277,C:206:;C:207:;C:208:;C:209:;C:210:;C:212:;C:239:;C:240:;C:241:;C:242:;C:243:,C:206:;C:208:;C:210:;C:212:
catalase_ps,metal_coord,127,7,alternative interface,A:59:,GLU,59,A,9,4,12.044053444158877,0.4444444444444444,0.14797111111111108,0.15929000000000001,0.9746944804687089,A:28:;A:29:;A:55:;A:57:;A:58:;A:59:;A:60:;A:62:;C:386:,A:58:;A:59:;A:60:;A:62:
catalase_ps,metal_coord,128,7,alternative interface,A:439:,VAL,439,A,9,3,12.029506956069072,0.3333333333333333,0.27925333333333335,0.15836,0.9951283832587193,A:192:;A:193:;A:437:;A:438:;A:439:;A:440:;A:441:;A:443:;A:483:,A:193:;A:437:;A:483:
catalase_ps,metal_coord,129,7,alternative interface,B:59:,GLU,59,B,9,4,12.106887087189515,0.4444444444444444,0.15341888888888888,0.14898999999999998,0.9738000670837877,B:28:;B:29:;B:55:;B:57:;B:58:;B:59:;B:60:;B:62:;D:386:,B:58:;B:59:;B:60:;B:62:
catalase_ps,metal_coord,130,7,alternative interface,D:59:,GLU,59,D,9,4,11.716330196657319,0.4444444444444444,0.1479688888888889,0.14773999999999998,0.9747973089039329,B:386:;D:28:;D:29:;D:55:;D:57:;D:58:;D:59:;D:60:;D:62:,D:58:;D:59:;D:60:;D:62:
catalase_ps,metal_coord,131,7,alternative interface,B:379:,ARG,379,B,4,1,8.75350376107337,0.25,0.44837,0.14208,0.9919544507077456,B:138:;B:378:;B:379:;B:381:,B:138:
catalase_ps,metal_coord,132,7,alternative interface,A:66:,GLU,66,A,6,3,12.818141892353657,0.5,0.1542066666666667,0.13756000000000002,0.9356499210725778,A:62:;A:66:;A:67:;C:388:;C:390:;D:72:,A:62:;A:66:;C:388:
catalase_ps,metal_coord,133,7,alternative interface,D:113:,SER,113,D,5,2,11.472913992303136,0.4,0.147118,0.13183,0.9876534564833253,D:113:;D:115:;D:123:;D:130:;D:74:,D:123:;D:74:
catalase_ps,metal_coord,134,7,alternative interface,B:239:,GLN,239,B,7,2,11.928454044377068,0.2857142857142857,0.30332,0.10876,0.9954180708393658,B:209:;B:210:;B:238:;B:239:;B:240:;B:241:;B:275:,B:210:;B:238:
catalase_ps,metal_coord,135,7,alternative interface,A:38:,LEU,38,A,4,1,9.362276817964895,0.25,0.27937500000000004,0.06208,0.9954365881313595,A:36:;A:38:;A:39:;D:432:,A:36:
catalase_ps,metal_coord,136,7,alternative interface,C:244:,LEU,244,C,9,3,13.009741309400992,0.3333333333333333,0.3528022222222222,0.05914,0.9927710746061761,C:201:;C:204:;C:206:;C:242:;C:243:;C:244:;C:245:;C:246:;C:248:,C:201:;C:206:;C:248:
catalase_ps,metal_coord,137,8,alternative interface,D:426:,GLY,426,D,9,2,13.323725441496421,0.2222222222222222,0.37978777777777784,0.30721,0.9927392346621002,A:45:;C:423:;C:424:;C:425:;D:424:;D:425:;D:426:;D:427:;D:428:,C:423:;D:427:
catalase_ps,metal_coord,138,8,alternative interface,B:426:,GLY,426,B,10,2,13.127548974155413,0.2,0.334456,0.29991,0.9928519317577529,A:423:;A:424:;A:425:;B:424:;B:425:;B:426:;B:427:;B:428:;C:44:;C:45:,A:423:;B:427:
catalase_ps,metal_coord,139,8,alternative interface,D:6:,PRO,6,D,8,2,12.845459860919878,0.25,0.26363000000000003,0.26123,0.9911753590233007,D:266:;D:269:;D:270:;D:4:;D:5:;D:6:;D:8:;D:9:,D:5:;D:9:
catalase_ps,metal_coord,140,8,alternative interface,A:258:,ASP,258,A,9,3,12.198974130822918,0.3333333333333333,0.1898844444444444,0.23777,0.9903242814565902,A:122:;A:123:;A:256:;A:257:;A:258:;A:259:;A:260:;A:261:;A:262:,A:123:;A:256:;A:258:
catalase_ps,metal_coord,141,8,alternative interface,C:460:,GLU,460,C,6,1,12.007265843421028,0.16666666666666666,0.3264066666666667,0.23406,0.9961616562184656,C:456:;C:457:;C:460:;C:461:;C:464:;C:495:,C:460:
catalase_ps,metal_coord,142,8,alternative interface,A:490:,SER,490,A,8,1,12.208296376564434,0.125,0.4506975,0.23201,0.9958443800907251,A:478:;A:482:;A:486:;A:487:;A:490:;A:491:;A:493:;A:494:,A:487:
catalase_ps,metal_coord,143,8,alternative interface,C:119:,SER,119,C,8,3,13.689718802327977,0.375,0.203745,0.18529,0.9843136079744753,B:118:;B:119:;B:121:;C:117:;C:118:;C:119:;C:121:;C:70:,B:118:;C:118:;C:70:
catalase_ps,metal_coord,144,8,alternative interface,B:242:,LYS,242,B,8,2,13.599938688874158,0.25,0.36268500000000004,0.17896,0.9927685255757348,B:202:;B:206:;B:210:;B:240:;B:241:;B:242:;B:243:;B:244:,B:206:;B:210:
catalase_ps,metal_coord,145,8,alternative interface,C:426:,GLY,426,C,9,2,13.203042736004273,0.2222222222222222,0.3894311111111111,0.17817,0.9924997232305587,B:45:;C:424:;C:425:;C:426:;C:427:;C:428:;D:423:;D:424:;D:425:,C:427:;D:423:
catalase_ps,metal_coord,146,8,alternative interface,D:119:,SER,119,D,8,3,13.652503449714363,0.375,0.18704874999999999,0.17067,0.9848183581631857,A:118:;A:119:;A:121:;D:117:;D:118:;D:119:;D:121:;D:70:,A:118:;D:118:;D:70:
catalase_ps,metal_coord,147,8,alternative interface,C:24:,ASP,24,C,8,2,13.417920319649687,0.25,0.39825375,0.16902,0.9927346836454348,A:381:;A:383:;A:411:;A:412:;C:22:;C:23:;C:24:;C:25:,A:412:;C:24:
catalase_ps,metal_coord,148,8,alternative interface,C:238:,ASP,238,C,6,1,11.048674242854652,0.16666666666666666,0.3648116666666667,0.15001,0.9939211720151381,C:236:;C:238:;C:239:;C:240:;C:275:;C:277:,C:238:
catalase_ps,metal_coord,149,8,alternative interface,C:435:,ASN,435,C,7,2,13.706821740414352,0.2857142857142857,0.36715142857142863,0.14122,0.9943418694082747,C:432:;C:433:;C:434:;C:435:;C:436:;C:437:;C:438:,C:436:;C:437:
catalase_ps,metal_coord,150,8,alternative interface,C:113:,SER,113,C,5,2,11.656965990126531,0.4,0.12515199999999999,0.10861000000000001,0.9875013271157145,C:113:;C:115:;C:123:;C:130:;C:74:,C:123:;C:74:
catalase_ps,metal_coord,151,8,alternative interface,B:220:,LYS,220,B,7,1,10.933061707615726,0.14285714285714285,0.09852000000000001,0.08761,0.9965825728678763,B:219:;B:220:;B:222:;B:229:;B:230:;B:343:;B:344:,B:343:
catalase_ps,metal_coord,152,8,alternative interface,A:220:,LYS,220,A,7,1,10.812482314430264,0.14285714285714285,0.09855142857142858,0.08549,0.9967347674998575,A:219:;A:220:;A:222:;A:229:;A:230:;A:343:;A:344:,A:343:
catalase_ps,metal_coord,153,8,alternative interface,C:38:,LEU,38,C,4,1,9.727084114794263,0.25,0.27476999999999996,0.07019,0.9950639347644378,B:432:;C:36:;C:38:;C:39:,C:36:
catalase_ps,metal_coord,154,8,alternative interface,C:220:,LYS,220,C,7,1,11.028200504084394,0.14285714285714285,0.10474714285714284,0.047060000000000005,0.9965105565993556,C:219:;C:220:;C:222:;C:229:;C:230:;C:343:;C:344:,C:343:
catalase_ps,metal_coord,155,8,alternative interface,D:391:,MET,391,D,6,3,12.155832860021889,0.5,0.10370333333333333,0.02902,0.9105152573744157,B:366:;B:369:;B:391:;D:390:;D:391:;D:393:,B:391:;D:391:;D:393:
catalase_ps,metal_coord,156,8,alternative interface,C:391:,MET,391,C,4,2,12.228884348183565,0.5,0.1260225,0.02889,0.9326165024710068,A:366:;C:390:;C:391:;C:393:,C:391:;C:393:
catalase_ps,metal_coord,157,8,alternative interface,B:279:,TYR,279,B,6,1,10.364293815567553,0.16666666666666666,0.23322500000000002,0.024990000000000002,0.9962928410861687,B:234:;B:277:;B:279:;B:309:;B:310:;B:311:,B:234:
catalase_ps,metal_coord,158,9,alternative interface,B:76:,LYS,76,B,11,3,13.366687071407283,0.2727272727272727,0.16568272727272726,0.23219,0.9791019849300323,B:113:;B:115:;B:117:;B:118:;B:119:;B:121:;B:122:;B:123:;B:74:;B:76:;B:78:,B:118:;B:123:;B:74:
catalase_ps,metal_coord,159,9,alternative interface,B:480:,ASN,480,B,8,1,12.36810014307442,0.125,0.3183925,0.22177,0.9958146113606486,B:189:;B:192:;B:476:;B:478:;B:479:;B:480:;B:482:;B:483:,B:483:
catalase_ps,metal_coord,160,9,alternative interface,C:203:,GLY,203,C,12,2,14.133399132719394,0.16666666666666666,0.21176000000000003,0.19633,0.993453765236912,C:125:;C:126:;C:127:;C:128:;C:197:;C:198:;C:200:;C:201:;C:202:;C:203:;C:204:;C:243:,C:127:;C:201:
catalase_ps,metal_coord,161,9,alternative interface,B:71:,ARG,71,B,7,2,12.364378068655977,0.2857142857142857,0.14189142857142859,0.19164,0.9772044542214013,B:69:;B:70:;B:71:;B:72:;B:73:;B:74:;C:67:,B:70:;B:74:
catalase_ps,metal_coord,162,9,alternative interface,B:203:,GLY,203,B,12,2,13.65021980817185,0.16666666666666666,0.23037249999999998,0.17798999999999998,0.9936978066980762,B:125:;B:126:;B:127:;B:128:;B:197:;B:198:;B:199:;B:200:;B:201:;B:202:;B:203:;B:243:,B:127:;B:201:
catalase_ps,metal_coord,163,9,alternative interface,C:57:,THR,57,C,8,3,13.20457708918575,0.375,0.154085,0.16277999999999998,0.9746559584186983,A:355:;C:51:;C:54:;C:55:;C:57:;C:58:;C:59:;C:60:,C:58:;C:59:;C:60:
catalase_ps,metal_coord,164,9,alternative interface,C:174:,HIS,174,C,5,1,12.899135170153043,0.2,0.241338,0.14392,0.9844988465661841,B:324:;C:169:;C:172:;C:174:;C:176:,C:174:
catalase_ps,metal_coord,165,9,alternative interface,B:36:,ASP,36,B,8,2,13.511405617974534,0.25,0.317285,0.13192,0.9880585110157346,B:36:;B:37:;B:38:;B:39:;D:413:;D:414:;D:415:;D:418:,B:36:;D:413:
catalase_ps,metal_coord,166,9,alternative interface,B:266:,ASN,266,B,8,2,11.48614786363074,0.25,0.26553375,0.12214,0.9930617033246849,B:262:;B:263:;B:265:;B:266:;B:269:;B:270:;B:5:;B:6:,B:263:;B:5:
catalase_ps,metal_coord,167,9,alternative interface,A:113:,SER,113,A,6,2,11.622580699638739,0.3333333333333333,0.12178166666666666,0.12054999999999999,0.9864930850560644,A:113:;A:115:;A:123:;A:130:;A:74:;A:77:,A:123:;A:74:
catalase_ps,metal_coord,168,9,alternative interface,D:314:,LYS,314,D,6,1,13.23942265649969,0.16666666666666666,0.2745633333333333,0.11764,0.9926010549158071,D:275:;D:277:;D:314:;D:316:;D:85:;D:87:,D:85:
catalase_ps,metal_coord,169,9,alternative interface,A:314:,LYS,314,A,6,1,13.50423648455532,0.16666666666666666,0.2934583333333333,0.11471,0.9925535381680152,A:275:;A:277:;A:314:;A:316:;A:85:;A:87:,A:85:
catalase_ps,metal_coord,170,9,alternative interface,C:266:,ASN,266,C,8,2,12.212259129144082,0.25,0.26564125,0.10464000000000001,0.992567539405926,C:262:;C:263:;C:265:;C:266:;C:269:;C:270:;C:5:;C:6:,C:263:;C:5:
catalase_ps,metal_coord,171,9,alternative interface,C:339:,PRO,339,C,7,2,13.280216299660331,0.2857142857142857,0.11626428571428571,0.10393000000000001,0.9881318671906897,A:32:;A:33:;C:139:;C:337:;C:339:;C:340:;C:343:,C:139:;C:343:
catalase_ps,metal_coord,172,9,alternative interface,B:314:,LYS,314,B,6,1,13.39951365355583,0.16666666666666666,0.2971283333333333,0.10375999999999999,0.9924096040481287,B:275:;B:277:;B:314:;B:316:;B:85:;B:87:,B:85:
catalase_ps,metal_coord,173,9,alternative interface,A:266:,ASN,266,A,8,2,12.08327498202243,0.25,0.27097875,0.08997999999999999,0.9928381337972538,A:262:;A:263:;A:265:;A:266:;A:269:;A:270:;A:5:;A:6:,A:263:;A:5:
catalase_ps,metal_coord,174,9,alternative interface,B:214:,TYR,214,B,8,2,11.119064224340551,0.25,0.13587625000000003,0.04299,0.9937042263026219,B:146:;B:147:;B:148:;B:150:;B:212:;B:214:;B:216:;B:234:,B:212:;B:234:
catalase_ps,metal_coord,175,9,alternative interface,C:279:,TYR,279,C,7,1,11.790374461878228,0.14285714285714285,0.2735571428571429,0.03772,0.994791836819065,C:234:;C:236:;C:277:;C:279:;C:309:;C:310:;C:311:,C:234:
catalase_ps,metal_coord,176,9,alternative interface,B:188:,ARG,188,B,5,1,10.162856195052829,0.2,0.17564200000000002,0.01881,0.9937128255097676,B:187:;B:188:;B:189:;B:190:;B:434:,B:190:
catalase_ps,metal_coord,177,10,alternative interface,A:202:,ARG,202,A,8,1,13.110529459429202,0.125,0.178135,0.16604,0.9931584013717745,A:197:;A:198:;A:199:;A:200:;A:201:;A:202:;A:204:;A:243:,A:201:
catalase_ps,metal_coord,178,10,alternative interface,B:66:,GLU,66,B,8,3,12.880337783923952,0.375,0.13995625,0.15884,0.9440074274914596,B:62:;B:65:;B:66:;B:67:;C:72:;D:387:;D:388:;D:390:,B:62:;B:66:;D:388:
catalase_ps,metal_coord,179,10,alternative interface,A:174:,HIS,174,A,6,1,12.944255176452911,0.16666666666666666,0.19376999999999997,0.13397,0.9809490162173434,A:169:;A:172:;A:174:;A:176:;D:261:;D:324:,A:174:
catalase_ps,metal_coord,180,10,alternative interface,D:73:,VAL,73,D,7,1,10.266649662703715,0.14285714285714285,0.1469342857142857,0.13183,0.9914198756516559,D:115:;D:116:;D:117:;D:71:;D:72:;D:73:;D:74:,D:74:
catalase_ps,metal_coord,181,10,alternative interface,D:200:,SER,200,D,9,1,12.457220208928954,0.1111111111111111,0.22614555555555554,0.12922,0.9953899018005709,D:197:;D:198:;D:199:;D:200:;D:201:;D:202:;D:454:;D:457:;D:461:,D:201:
catalase_ps,metal_coord,182,10,alternative interface,C:73:,VAL,73,C,7,1,10.393360510189476,0.14285714285714285,0.14774285714285715,0.12725,0.9913296492331509,C:115:;C:116:;C:117:;C:71:;C:72:;C:73:;C:74:,C:74:
catalase_ps,metal_coord,183,10,alternative interface,D:174:,HIS,174,D,6,1,12.969383984794296,0.16666666666666666,0.20640500000000003,0.12605,0.9813144564960793,A:261:;A:324:;D:169:;D:172:;D:174:;D:176:,D:174:
catalase_ps,metal_coord,184,10,alternative interface,B:363:,HIS,363,B,6,2,9.675300027852934,0.3333333333333333,0.14717500000000003,0.12582000000000002,0.9449358869090101,B:360:;B:361:;B:362:;B:363:;B:366:;B:367:,B:361:;B:363:
catalase_ps,metal_coord,185,10,alternative interface,A:73:,VAL,73,A,8,2,10.472609419322538,0.25,0.162575,0.12054999999999999,0.9876910783565916,A:115:;A:116:;A:117:;A:118:;A:71:;A:72:;A:73:;A:74:,A:118:;A:74:
catalase_ps,metal_coord,186,10,alternative interface,A:362:,ARG,362,A,7,2,10.132074786276624,0.2857142857142857,0.1303642857142857,0.11388999999999999,0.9519396750059165,A:358:;A:360:;A:361:;A:362:;A:363:;A:366:;A:367:,A:361:;A:363:
catalase_ps,metal_coord,187,10,alternative interface,B:174:,HIS,174,B,5,1,11.469933535910794,0.2,0.22454000000000005,0.10076,0.9834529262132962,B:169:;B:172:;B:174:;B:176:;C:261:,B:174:
catalase_ps,metal_coord,188,10,alternative interface,C:362:,ARG,362,C,7,2,10.281395642400083,0.2857142857142857,0.13751285714285716,0.09917,0.9508081041681335,C:358:;C:360:;C:361:;C:362:;C:363:;C:366:;C:367:,C:361:;C:363:
catalase_ps,metal_coord,189,10,alternative interface,B:32:,ASN,32,B,8,2,14.354857629807372,0.25,0.133345,0.09308999999999999,0.9881784753906862,B:28:;B:29:;B:32:;B:33:;D:139:;D:337:;D:338:;D:340:,D:139:;D:338:
catalase_ps,metal_coord,190,10,alternative interface,A:125:,VAL,125,A,8,2,13.081063050639589,0.25,0.20431624999999998,0.07284,0.9895764221586859,A:122:;A:123:;A:125:;A:126:;A:127:;A:204:;A:250:;A:253:,A:123:;A:127:
catalase_ps,metal_coord,191,10,alternative interface,A:70:,GLU,70,A,9,3,12.037671131883931,0.3333333333333333,0.14461555555555555,0.06692999999999999,0.9569881268581533,A:118:;A:119:;A:69:;A:70:;A:71:;A:72:;D:67:;D:69:;D:70:,A:118:;A:70:;D:70:
catalase_ps,metal_coord,192,10,alternative interface,D:125:,VAL,125,D,8,2,13.141525014573094,0.25,0.206815,0.0655,0.9894395281244331,D:122:;D:123:;D:125:;D:126:;D:127:;D:204:;D:250:;D:253:,D:123:;D:127:
catalase_ps,metal_coord,193,10,alternative interface,D:265:,PHE,265,D,7,1,12.221181824841862,0.14285714285714285,0.17124857142857142,0.06285,0.9912995823238787,D:261:;D:262:;D:263:;D:265:;D:266:;D:269:;D:320:,D:263:
catalase_ps,metal_coord,194,10,alternative interface,C:214:,TYR,214,C,8,2,13.462753484680016,0.25,0.12882375000000001,0.06132,0.9907747151959629,C:147:;C:148:;C:150:;C:212:;C:214:;C:216:;C:232:;C:234:,C:212:;C:234:
catalase_ps,metal_coord,195,10,alternative interface,D:214:,TYR,214,D,8,2,13.383377636997167,0.25,0.1328925,0.05635,0.9908205124446279,D:147:;D:148:;D:150:;D:212:;D:214:;D:216:;D:232:;D:234:,D:212:;D:234:
catalase_ps,metal_coord,196,11,alternative interface,D:360:,THR,360,D,8,2,11.944429891361818,0.25,0.13696375,0.11016,0.9760035495707117,D:356:;D:357:;D:358:;D:360:;D:361:;D:362:;D:363:;D:364:,D:361:;D:363:
catalase_ps,metal_coord,197,11,alternative interface,A:54:,VAL,54,A,7,1,10.960472447676159,0.14285714285714285,0.18132285714285715,0.09765,0.9823985938868254,A:51:;A:52:;A:54:;A:55:;A:57:;A:58:;C:336:,A:58:
catalase_ps,metal_coord,198,11,alternative interface,C:32:,ASN,32,C,8,2,14.579853525004589,0.25,0.13129875000000002,0.08993000000000001,0.9865676559077382,A:139:;A:337:;A:338:;A:340:;C:27:;C:28:;C:29:;C:32:,A:139:;A:338:
catalase_ps,metal_coord,199,11,alternative interface,D:54:,VAL,54,D,8,1,11.082268709646511,0.125,0.18162,0.08871000000000001,0.9800897515915495,B:336:;B:355:;D:51:;D:52:;D:54:;D:55:;D:57:;D:58:,D:58:
catalase_ps,metal_coord,200,11,alternative interface,D:366:,GLY,366,D,9,3,13.618282861718013,0.3333333333333333,0.1387344444444444,0.08495,0.8155208333887545,B:390:;B:391:;D:361:;D:362:;D:363:;D:364:;D:366:;D:367:;D:390:,B:391:;D:361:;D:363:
catalase_ps,metal_coord,201,11,alternative interface,C:69:,PRO,69,C,7,2,12.054545858912693,0.2857142857142857,0.14642857142857144,0.0802,0.9351299314590319,B:67:;B:69:;B:70:;C:67:;C:69:;C:70:;C:71:,B:70:;C:70:
catalase_ps,metal_coord,202,11,alternative interface,D:32:,ASN,32,D,9,2,14.709165889777141,0.2222222222222222,0.10074666666666666,0.07558,0.9877056556421334,B:139:;B:337:;B:338:;B:340:;D:27:;D:28:;D:29:;D:30:;D:32:,B:139:;B:338:
catalase_ps,metal_coord,203,11,alternative interface,A:214:,TYR,214,A,8,2,13.454674959421304,0.25,0.13233875,0.05511,0.9907981649965021,A:147:;A:148:;A:150:;A:212:;A:214:;A:216:;A:232:;A:234:,A:212:;A:234:
catalase_ps,metal_coord,204,11,alternative interface,C:168:,LYS,168,C,8,2,12.83782577103454,0.25,0.17053625,0.045810000000000003,0.9843768312941242,C:116:;C:117:;C:165:;C:167:;C:168:;C:169:;C:176:;C:177:,C:165:;C:177:
catalase_ps,metal_coord,205,11,alternative interface,A:177:,ASP,177,A,8,1,14.813036524854406,0.125,0.17316749999999997,0.03537,0.9916886454047094,A:167:;A:168:;A:169:;A:176:;A:177:;A:178:;A:181:;D:8:,A:177:
catalase_ps,metal_coord,206,11,alternative interface,B:168:,LYS,168,B,7,1,11.829269832403005,0.14285714285714285,0.19778142857142858,0.03465,0.9830657187154298,B:116:;B:117:;B:165:;B:167:;B:168:;B:169:;B:176:,B:165:
catalase_ps,metal_coord,207,12,alternative interface,B:54:,VAL,54,B,8,1,10.976035262409564,0.125,0.18063875000000001,0.09326000000000001,0.9809200450796677,B:51:;B:52:;B:54:;B:55:;B:57:;B:58:;D:336:;D:355:,B:58:
catalase_ps,metal_coord,208,12,alternative interface,D:157:,ALA,157,D,5,1,11.333474747192977,0.2,0.12737199999999999,0.03742,0.9879136378497552,D:157:;D:160:;D:348:;D:349:;D:353:,D:349:
catalase_ps,metal_coord,209,12,alternative interface,B:157:,ALA,157,B,5,1,11.273370584264091,0.2,0.1269,0.03562,0.9880828478188798,B:157:;B:160:;B:348:;B:349:;B:353:,B:349:
catalase_ps,metal_coord,210,12,alternative interface,D:128:,PRO,128,D,9,1,13.629763874371386,0.1111111111111111,0.13054666666666667,0.034780000000000005,0.9881814685442247,D:115:;D:126:;D:127:;D:128:;D:130:;D:147:;D:148:;D:198:;D:204:,D:127:
catalase_ps,metal_coord,211,12,alternative interface,A:157:,ALA,157,A,6,1,11.982521636558998,0.16666666666666666,0.125965,0.03315,0.989481946169874,A:155:;A:157:;A:160:;A:348:;A:349:;A:353:,A:349:
catalase_ps,metal_coord,212,12,alternative interface,D:168:,LYS,168,D,8,2,13.114300706808546,0.25,0.17050625000000003,0.03266,0.9838382448638129,D:116:;D:117:;D:165:;D:167:;D:168:;D:169:;D:176:;D:177:,D:165:;D:177:
catalase_ps,metal_coord,213,12,alternative interface,C:155:,ARG,155,C,5,1,14.268920266039792,0.2,0.12092800000000001,0.01919,0.9881460469739152,C:152:;C:155:;C:348:;C:349:;C:433:,C:349:
catalase_ps,metal_coord,214,13,alternative interface,B:358:,PRO,358,B,9,1,13.991958528061549,0.1111111111111111,0.13853444444444443,0.05043,0.9775797476565088,B:333:;B:336:;B:355:;B:356:;B:357:;B:358:;B:360:;B:361:;B:362:,B:361:
catalase_ps,metal_coord,215,13,alternative interface,A:336:,SER,336,A,8,1,13.029173167484315,0.125,0.1318975,0.03136,0.9806244007892475,A:335:;A:336:;A:337:;A:338:;A:353:;A:355:;A:358:;C:54:,A:338:
catalase_ps,metal_coord,216,13,alternative interface,D:163:,PHE,163,D,5,1,12.359698096888735,0.2,0.128666,0.01898,0.9834133488688479,C:404:;D:160:;D:163:;D:165:;D:167:,D:165:
catalase_ps,metal_coord,217,13,alternative interface,A:165:,HIS,165,A,5,1,10.64489100696966,0.2,0.093574,0.01886,0.9840496364705055,A:165:;A:167:;A:168:;A:169:;B:402:,A:165:
catalase_ps,soft_metal_sulfur,1,1,primary plausible interface,C:393:,MET,393,C,7,3,12.874216269076355,0.42857142857142855,0.2980642857142857,0.73015,0.9717008002417511,A:373:;C:371:;C:391:;C:393:;C:394:;C:395:;C:396:,C:391:;C:393:;C:394:
catalase_ps,soft_metal_sulfur,2,1,primary plausible interface,D:393:,MET,393,D,6,3,12.684319762250183,0.5,0.33264333333333335,0.55202,0.9743488396662425,B:373:;D:371:;D:391:;D:393:;D:394:;D:395:,D:391:;D:393:;D:394:
catalase_ps,soft_metal_sulfur,3,1,primary plausible interface,B:393:,MET,393,B,6,3,12.70552009440128,0.5,0.35044666666666663,0.52697,0.9746137818816156,B:371:;B:391:;B:393:;B:394:;B:395:;D:373:,B:391:;B:393:;B:394:
catalase_ps,soft_metal_sulfur,4,1,primary plausible interface,C:378:,TYR,378,C,4,1,9.710612859877175,0.25,0.48019,0.31164000000000003,0.9939391477951788,C:376:;C:378:;C:379:;C:381:,C:376:
catalase_ps,soft_metal_sulfur,5,2,alternative interface,A:393:,MET,393,A,6,2,12.709445660257238,0.3333333333333333,0.27465333333333336,0.56039,0.968940823908715,A:371:;A:393:;A:394:;A:395:;A:396:;C:373:,A:393:;A:394:
catalase_ps,soft_metal_sulfur,6,2,alternative interface,C:374:,VAL,374,C,4,1,11.38198497590387,0.25,0.23840999999999998,0.31164000000000003,0.9784775593108925,C:327:;C:373:;C:374:;C:376:,C:376:
catalase_ps,soft_metal_sulfur,7,2,alternative interface,C:370:,LEU,370,C,6,1,13.299670118300813,0.16666666666666666,0.2545916666666667,0.31164000000000003,0.9733854292050479,A:29:;A:30:;C:370:;C:371:;C:373:;C:376:,C:376:
catalase_ps,soft_metal_sulfur,8,2,alternative interface,A:378:,TYR,378,A,4,1,9.970546103241617,0.25,0.4685,0.22435,0.993608454640462,A:376:;A:378:;A:379:;A:381:,A:376:
catalase_ps,soft_metal_sulfur,9,3,alternative interface,A:374:,VAL,374,A,4,1,11.33639036726793,0.25,0.21891,0.22435,0.9787039218534535,A:327:;A:373:;A:374:;A:376:,A:376:
catalase_ps,soft_metal_sulfur,10,3,alternative interface,A:370:,LEU,370,A,5,1,13.085475629346085,0.2,0.271314,0.22435,0.9756217611103378,A:370:;A:371:;A:373:;A:376:;C:29:,A:376:
catalase_ps,soft_metal_sulfur,11,3,alternative interface,D:370:,LEU,370,D,5,1,12.926538219357838,0.2,0.277492,0.21408000000000002,0.9760434810215087,B:29:;D:370:;D:371:;D:373:;D:376:,D:376:
catalase_ps,soft_metal_sulfur,12,3,alternative interface,D:378:,TYR,378,D,6,1,13.518904512745575,0.16666666666666666,0.4079083333333333,0.21408000000000002,0.9859310413653111,D:136:;D:373:;D:376:;D:378:;D:379:;D:381:,D:376:
catalase_ps,soft_metal_sulfur,13,3,alternative interface,B:378:,TYR,378,B,4,1,10.297026508759183,0.25,0.4461175,0.19868,0.9932316565913062,B:376:;B:378:;B:379:;B:381:,B:376:
catalase_ps,soft_metal_sulfur,14,4,alternative interface,B:370:,LEU,370,B,7,1,13.178474668715193,0.14285714285714285,0.19154999999999997,0.19868,0.9767228248198733,B:369:;B:370:;B:371:;B:373:;B:376:;D:29:;D:30:,B:376:
catalase_ps,soft_metal_sulfur,15,4,alternative interface,D:157:,ALA,157,D,5,1,11.333474747192977,0.2,0.12737199999999999,0.08585000000000001,0.9879136378497552,D:157:;D:160:;D:348:;D:349:;D:353:,D:349:
catalase_ps,soft_metal_sulfur,16,4,alternative interface,B:157:,ALA,157,B,5,1,11.273370584264091,0.2,0.1269,0.08174,0.9880828478188798,B:157:;B:160:;B:348:;B:349:;B:353:,B:349:
catalase_ps,soft_metal_sulfur,17,4,alternative interface,A:157:,ALA,157,A,6,1,11.982521636558998,0.16666666666666666,0.125965,0.07607,0.989481946169874,A:155:;A:157:;A:160:;A:348:;A:349:;A:353:,A:349:
catalase_ps,soft_metal_sulfur,18,4,alternative interface,A:57:,THR,57,A,7,1,13.013873416346597,0.14285714285714285,0.1611785714285714,0.04835,0.9825602143853834,A:51:;A:54:;A:55:;A:57:;A:58:;A:59:;A:60:,A:60:
catalase_ps,soft_metal_sulfur,19,4,alternative interface,C:155:,ARG,155,C,5,1,14.268920266039792,0.2,0.12092800000000001,0.04777,0.9881460469739152,C:152:;C:155:;C:348:;C:349:;C:433:,C:349:
catalase_ps,soft_metal_sulfur,20,4,alternative interface,D:57:,THR,57,D,6,1,9.29532184009919,0.16666666666666666,0.17698666666666665,0.04096,0.98897951497881,D:54:;D:55:;D:57:;D:58:;D:59:;D:60:,D:60:
catalase_ps,soft_metal_sulfur,21,5,alternative interface,B:390:,PRO,390,B,7,1,13.808175088684857,0.14285714285714285,0.18568571428571426,0.06629,0.8306532441070184,B:366:;B:367:;B:388:;B:390:;B:391:;D:366:;D:67:,B:391:
catalase_ps,soft_metal_sulfur,22,5,alternative interface,C:390:,PRO,390,C,8,1,14.329784539348651,0.125,0.16466625000000001,0.06629,0.8352160072073944,A:366:;A:66:;A:67:;C:366:;C:367:;C:388:;C:390:;C:391:,C:391:
catalase_ps,soft_metal_sulfur,23,5,alternative interface,A:62:,HIS,62,A,7,1,12.824446295554798,0.14285714285714285,0.11849,0.04835,0.9659322419299723,A:58:;A:59:;A:60:;A:62:;A:66:;C:367:;C:386:,A:60:
catalase_ps,soft_metal_sulfur,24,5,alternative interface,D:336:,SER,336,D,8,1,15.244491749790713,0.125,0.13958375,0.04595,0.9821245388719403,B:54:;D:336:;D:337:;D:338:;D:344:;D:353:;D:355:;D:358:,D:338:
catalase_ps,soft_metal_sulfur,25,5,alternative interface,C:62:,HIS,62,C,7,1,12.698641859674039,0.14285714285714285,0.11658857142857142,0.04537,0.9664718500794864,A:367:;A:386:;C:58:;C:59:;C:60:;C:62:;C:66:,C:60:
catalase_ps,soft_metal_sulfur,26,5,alternative interface,C:57:,THR,57,C,8,1,13.20457708918575,0.125,0.154085,0.04537,0.9746559584186983,A:355:;C:51:;C:54:;C:55:;C:57:;C:58:;C:59:;C:60:,C:60:
catalase_ps,soft_metal_sulfur,27,5,alternative interface,B:336:,SER,336,B,7,1,13.185333546223266,0.14285714285714285,0.14370857142857144,0.042969999999999994,0.9794412958500361,B:336:;B:337:;B:338:;B:353:;B:355:;B:358:;D:54:,B:338:
catalase_ps,soft_metal_sulfur,28,5,alternative interface,B:57:,THR,57,B,8,1,12.938333308120736,0.125,0.15950124999999998,0.04238,0.975408784612987,B:51:;B:54:;B:55:;B:57:;B:58:;B:59:;B:60:;D:355:,B:60:
catalase_ps,soft_metal_sulfur,29,5,alternative interface,D:390:,PRO,390,D,9,1,14.143009135906553,0.1111111111111111,0.16730333333333333,0.04199,0.8331026536515148,B:366:;B:65:;B:66:;B:67:;D:366:;D:367:;D:388:;D:390:;D:391:,D:391:
catalase_ps,soft_metal_sulfur,30,5,alternative interface,D:62:,HIS,62,D,6,1,11.598100800627765,0.16666666666666666,0.12367000000000002,0.04096,0.9781934275557748,B:367:;B:386:;D:58:;D:59:;D:60:;D:62:,D:60:
catalase_ps,soft_metal_sulfur,31,6,alternative interface,A:336:,SER,336,A,8,1,13.029173167484315,0.125,0.1318975,0.04537,0.9806244007892475,A:335:;A:336:;A:337:;A:338:;A:353:;A:355:;A:358:;C:54:,A:338:
catalase_ps,soft_metal_sulfur,32,7,alternative interface,B:62:,HIS,62,B,9,1,13.195660728947633,0.1111111111111111,0.10407666666666666,0.04238,0.9602613334934058,B:58:;B:59:;B:60:;B:62:;B:65:;B:66:;D:367:;D:386:;D:387:,B:60:
catalase_ps,phosphate,1,1,primary plausible interface,B:478:,VAL,478,B,9,5,12.751348909582966,0.5555555555555556,0.41230555555555554,1.0,0.9951578613825018,B:474:;B:475:;B:476:;B:478:;B:479:;B:480:;B:482:;B:490:;B:493:,B:475:;B:476:;B:479:;B:482:;B:490:
catalase_ps,phosphate,2,1,primary plausible interface,A:478:,VAL,478,A,8,5,12.694177645849777,0.625,0.45835625,0.8188500000000001,0.9955513857709295,A:475:;A:476:;A:478:;A:479:;A:480:;A:482:;A:490:;A:493:,A:475:;A:476:;A:479:;A:482:;A:490:
catalase_ps,phosphate,3,1,primary plausible interface,B:486:,PRO,486,B,6,3,10.53013172439261,0.5,0.5748,0.5192,0.9973955751457128,B:482:;B:483:;B:485:;B:486:;B:487:;B:490:,B:482:;B:485:;B:490:
catalase_ps,phosphate,4,1,primary plausible interface,A:455:,ARG,455,A,9,4,11.961385595193923,0.4444444444444444,0.4168722222222222,0.50524,0.9975987765216324,A:200:;A:450:;A:451:;A:452:;A:453:;A:454:;A:455:;A:456:;A:457:,A:200:;A:455:;A:456:;A:457:
catalase_ps,phosphate,5,1,primary plausible interface,C:486:,PRO,486,C,6,3,10.363877078549669,0.5,0.5132966666666667,0.48906999999999995,0.9974197943067821,C:482:;C:483:;C:485:;C:486:;C:487:;C:490:,C:482:;C:485:;C:490:
catalase_ps,phosphate,6,1,primary plausible interface,A:487:,GLU,487,A,6,4,10.056145346904797,0.6666666666666666,0.47221,0.44048000000000004,0.9969896379558689,A:482:;A:485:;A:486:;A:487:;A:490:;A:491:,A:482:;A:485:;A:490:;A:491:
catalase_ps,phosphate,7,1,primary plausible interface,D:487:,GLU,487,D,6,4,10.048775963212258,0.6666666666666666,0.4456616666666667,0.41168999999999994,0.9970260440235481,D:482:;D:485:;D:486:;D:487:;D:490:;D:491:,D:482:;D:485:;D:490:;D:491:
catalase_ps,phosphate,8,1,primary plausible interface,C:497:,ASP,497,C,8,1,13.290864809925093,0.125,0.5998275,0.38116,0.9956783969866284,C:493:;C:494:;C:495:;C:497:;C:498:;C:499:;C:500:;C:501:,C:498:
catalase_ps,phosphate,9,1,primary plausible interface,D:499:,TYR,499,D,8,2,12.28340210662497,0.25,0.5174325,0.38086,0.9974684244071074,D:464:;D:467:;D:495:;D:497:;D:498:;D:499:;D:500:;D:501:,D:467:;D:498:
catalase_ps,phosphate,10,1,primary plausible interface,D:247:,GLU,247,D,6,2,9.35456324932353,0.3333333333333333,0.5755416666666666,0.34409,0.9967247393685659,D:245:;D:246:;D:247:;D:248:;D:250:;D:251:,D:245:;D:251:
catalase_ps,phosphate,11,1,primary plausible interface,A:499:,TYR,499,A,7,2,10.638966727877838,0.2857142857142857,0.5345385714285714,0.32587000000000005,0.9977316834768589,A:467:;A:495:;A:497:;A:498:;A:499:;A:500:;A:501:,A:467:;A:498:
catalase_ps,phosphate,12,1,primary plausible interface,A:289:,GLU,289,A,6,1,9.431506691567698,0.16666666666666666,0.56288,0.30716,0.9978019390304306,A:285:;A:286:;A:287:;A:288:;A:289:;A:290:,A:286:
catalase_ps,phosphate,13,1,primary plausible interface,C:289:,GLU,289,C,6,1,8.82544151789209,0.16666666666666666,0.5862633333333332,0.29587,0.998114446882981,C:285:;C:286:;C:287:;C:288:;C:289:;C:290:,C:286:
catalase_ps,phosphate,14,1,primary plausible interface,B:500:,ASN,500,B,6,2,10.600699905169463,0.3333333333333333,0.548545,0.27998,0.9987327880610121,B:467:;B:497:;B:498:;B:499:;B:500:;B:501:,B:467:;B:498:
catalase_ps,phosphate,15,1,primary plausible interface,C:169:,ARG,169,C,7,5,11.784264230935019,0.7142857142857143,0.19427714285714284,0.25342,0.987479416953518,C:165:;C:167:;C:168:;C:169:;C:174:;C:176:;C:177:,C:165:;C:168:;C:169:;C:174:;C:176:
catalase_ps,phosphate,16,1,primary plausible interface,C:349:,MET,349,C,4,3,11.529345524577607,0.75,0.1130325,0.08639,0.9949331758291217,C:155:;C:348:;C:349:;C:353:,C:155:;C:348:;C:353:
catalase_ps,phosphate,17,1,primary plausible interface,D:3:,ASN,3,D,3,1,6.970400766207986,0.3333333333333333,0.49158999999999997,0.08231999999999999,0.99886679601652,D:3:;D:4:;D:5:,D:4:
catalase_ps,phosphate,18,2,alternative interface,D:478:,VAL,478,D,9,5,12.968759885370824,0.5555555555555556,0.39999333333333337,0.7823300000000001,0.9950893158736794,D:474:;D:475:;D:476:;D:478:;D:479:;D:480:;D:482:;D:490:;D:493:,D:475:;D:476:;D:479:;D:482:;D:490:
catalase_ps,phosphate,19,2,alternative interface,C:478:,VAL,478,C,9,5,12.542558401532517,0.5555555555555556,0.4114488888888889,0.77035,0.99521794474529,C:474:;C:475:;C:476:;C:478:;C:479:;C:480:;C:482:;C:490:;C:493:,C:475:;C:476:;C:479:;C:482:;C:490:
catalase_ps,phosphate,20,2,alternative interface,B:15:,LYS,15,B,9,5,11.875167014449506,0.5555555555555556,0.42763333333333337,0.55986,0.9931522499138569,B:12:;B:13:;B:14:;B:15:;B:16:;B:17:;B:18:;B:19:;D:409:,B:12:;B:13:;B:15:;B:18:;D:409:
catalase_ps,phosphate,21,2,alternative interface,B:23:,PRO,23,B,8,2,12.237954495321407,0.25,0.445955,0.51638,0.9934201307796012,B:21:;B:22:;B:23:;B:24:;B:25:;D:409:;D:411:;D:412:,B:22:;D:409:
catalase_ps,phosphate,22,2,alternative interface,C:15:,LYS,15,C,9,5,10.908988464248813,0.5555555555555556,0.41801,0.49366,0.993513475295156,A:409:;C:12:;C:13:;C:14:;C:15:;C:16:;C:17:;C:18:;C:19:,A:409:;C:12:;C:13:;C:15:;C:18:
catalase_ps,phosphate,23,2,alternative interface,D:456:,LYS,456,D,7,3,12.462382720999065,0.42857142857142855,0.48848571428571436,0.48639000000000004,0.997370590134324,D:452:;D:453:;D:454:;D:455:;D:456:;D:457:;D:460:,D:455:;D:456:;D:457:
catalase_ps,phosphate,24,2,alternative interface,A:15:,LYS,15,A,9,5,10.93539153772906,0.5555555555555556,0.42064222222222225,0.46209000000000006,0.9935067575168399,A:12:;A:13:;A:14:;A:15:;A:16:;A:17:;A:18:;A:19:;C:409:,A:12:;A:13:;A:15:;A:18:;C:409:
catalase_ps,phosphate,25,2,alternative interface,B:456:,LYS,456,B,8,4,12.978298707512987,0.5,0.45367250000000003,0.44921999999999995,0.9956763853417973,B:452:;B:453:;B:454:;B:455:;B:456:;B:457:;B:460:;B:491:,B:455:;B:456:;B:457:;B:491:
catalase_ps,phosphate,26,2,alternative interface,A:494:,ALA,494,A,7,3,11.917842688693613,0.42857142857142855,0.5190042857142857,0.42428,0.9963737446836155,A:490:;A:491:;A:493:;A:494:;A:495:;A:497:;A:498:,A:490:;A:491:;A:498:
catalase_ps,phosphate,27,2,alternative interface,D:15:,LYS,15,D,9,5,11.1186640658019,0.5555555555555556,0.4246344444444444,0.40268,0.9932906983595742,B:409:;D:12:;D:13:;D:14:;D:15:;D:16:;D:17:;D:18:;D:19:,B:409:;D:12:;D:13:;D:15:;D:18:
catalase_ps,phosphate,28,2,alternative interface,D:494:,ALA,494,D,7,3,12.347700812650986,0.42857142857142855,0.5475428571428572,0.39654000000000006,0.9961270551317138,D:490:;D:491:;D:493:;D:494:;D:495:;D:497:;D:498:,D:490:;D:491:;D:498:
catalase_ps,phosphate,29,2,alternative interface,B:176:,LYS,176,B,6,4,12.500925646435899,0.6666666666666666,0.22973000000000002,0.31676,0.9901263247022712,B:167:;B:168:;B:169:;B:174:;B:176:;B:178:,B:168:;B:169:;B:174:;B:176:
catalase_ps,phosphate,30,2,alternative interface,B:9:,ASP,9,B,7,4,11.610638957134656,0.5714285714285714,0.2817657142857143,0.28675999999999996,0.9930128057599485,B:12:;B:13:;B:4:;B:5:;B:6:;B:8:;B:9:,B:12:;B:13:;B:4:;B:8:
catalase_ps,phosphate,31,2,alternative interface,B:289:,GLU,289,B,6,1,8.758958988770333,0.16666666666666666,0.585345,0.28301,0.9980083980945332,B:285:;B:286:;B:287:;B:288:;B:289:;B:290:,B:286:
catalase_ps,phosphate,32,2,alternative interface,C:407:,SER,407,C,3,2,9.712596767776539,0.6666666666666666,0.22453333333333333,0.21349,0.9929190021282698,C:405:;C:407:;C:409:,C:407:;C:409:
catalase_ps,phosphate,33,2,alternative interface,D:9:,ASP,9,D,7,4,11.768243027353385,0.5714285714285714,0.28189000000000003,0.20244,0.9928867447731383,D:12:;D:13:;D:4:;D:5:;D:6:;D:8:;D:9:,D:12:;D:13:;D:4:;D:8:
catalase_ps,phosphate,34,2,alternative interface,B:407:,SER,407,B,3,2,9.380712874076016,0.6666666666666666,0.17828,0.15486,0.9931319450825623,B:405:;B:407:;B:409:,B:407:;B:409:
catalase_ps,phosphate,35,2,alternative interface,A:407:,SER,407,A,3,2,9.6010651161793,0.6666666666666666,0.23257000000000003,0.09824,0.9930399291147212,A:405:;A:407:;A:409:,A:407:;A:409:
catalase_ps,phosphate,36,2,alternative interface,D:407:,SER,407,D,3,2,9.342723709342616,0.6666666666666666,0.2641366666666667,0.0812,0.9933506487483954,D:405:;D:407:;D:409:,D:407:;D:409:
catalase_ps,phosphate,37,2,alternative interface,B:3:,ASN,3,B,3,1,7.131082719353356,0.3333333333333333,0.4208100000000001,0.05842,0.9986936315111514,B:3:;B:4:;B:5:,B:4:
catalase_ps,phosphate,38,3,alternative interface,D:445:,PHE,445,D,8,2,12.557598416288485,0.25,0.4054025,0.45225000000000004,0.9963357120733214,D:441:;D:443:;D:444:;D:445:;D:447:;D:448:;D:449:;D:450:,D:443:;D:448:
catalase_ps,phosphate,39,3,alternative interface,C:445:,PHE,445,C,8,2,12.116525414605446,0.25,0.42446125,0.44841000000000003,0.996518278814099,C:441:;C:443:;C:444:;C:445:;C:447:;C:448:;C:449:;C:450:,C:443:;C:448:
catalase_ps,phosphate,40,3,alternative interface,A:445:,PHE,445,A,9,3,13.472016201689263,0.3333333333333333,0.37583222222222223,0.44630000000000003,0.9962628645957272,A:193:;A:441:;A:443:;A:444:;A:445:;A:447:;A:448:;A:449:;A:450:,A:193:;A:443:;A:448:
catalase_ps,phosphate,41,3,alternative interface,C:491:,ARG,491,C,6,2,11.833805811023435,0.3333333333333333,0.46927333333333343,0.44612999999999997,0.9968131921703596,C:487:;C:490:;C:491:;C:493:;C:494:;C:495:,C:490:;C:491:
catalase_ps,phosphate,42,3,alternative interface,C:456:,LYS,456,C,7,3,12.563447589710838,0.42857142857142855,0.4666842857142858,0.43935,0.997171420841665,C:452:;C:453:;C:454:;C:455:;C:456:;C:457:;C:460:,C:455:;C:456:;C:457:
catalase_ps,phosphate,43,3,alternative interface,B:277:,THR,277,B,8,4,13.80186037406329,0.5,0.29465375,0.40535,0.9900219695491693,B:234:;B:236:;B:238:;B:275:;B:277:;B:279:;B:311:;B:314:,B:234:;B:236:;B:275:;B:314:
catalase_ps,phosphate,44,3,alternative interface,A:277:,THR,277,A,8,4,13.89863361226135,0.5,0.30478,0.38843000000000005,0.990446057094016,A:234:;A:236:;A:238:;A:275:;A:277:;A:279:;A:311:;A:314:,A:234:;A:236:;A:275:;A:314:
catalase_ps,phosphate,45,3,alternative interface,C:277:,THR,277,C,8,4,14.212537977076257,0.5,0.31893625000000003,0.37878999999999996,0.9901189721074987,C:234:;C:236:;C:238:;C:275:;C:277:;C:279:;C:311:;C:314:,C:234:;C:236:;C:275:;C:314:
catalase_ps,phosphate,46,3,alternative interface,A:472:,PHE,472,A,5,2,10.276386786268088,0.4,0.512984,0.33586,0.9960163698903471,A:470:;A:471:;A:472:;A:475:;A:476:,A:475:;A:476:
catalase_ps,phosphate,47,3,alternative interface,D:289:,GLU,289,D,7,1,9.606833757498341,0.14285714285714285,0.49575142857142857,0.2785,0.9974982011790201,D:285:;D:286:;D:287:;D:288:;D:289:;D:290:;D:291:,D:286:
catalase_ps,phosphate,48,3,alternative interface,D:176:,LYS,176,D,7,4,12.61990431618854,0.5714285714285714,0.21369,0.27421,0.9912439106379197,D:167:;D:168:;D:169:;D:174:;D:176:;D:177:;D:178:,D:168:;D:169:;D:174:;D:176:
catalase_ps,phosphate,49,3,alternative interface,A:176:,LYS,176,A,7,4,12.365957200821228,0.5714285714285714,0.19252142857142857,0.27396,0.9912985312562917,A:167:;A:168:;A:169:;A:174:;A:176:;A:177:;A:178:,A:168:;A:169:;A:174:;A:176:
catalase_ps,phosphate,50,3,alternative interface,A:9:,ASP,9,A,8,4,11.865988739445761,0.5,0.36060875000000003,0.21731,0.9931890269389383,A:12:;A:13:;A:3:;A:4:;A:5:;A:6:;A:8:;A:9:,A:12:;A:13:;A:4:;A:8:
catalase_ps,phosphate,51,3,alternative interface,B:255:,GLU,255,B,7,2,9.105635942990366,0.2857142857142857,0.3433342857142857,0.17169,0.9973363969680094,B:251:;B:252:;B:253:;B:254:;B:255:;B:256:;B:257:,B:251:;B:254:
catalase_ps,phosphate,52,3,alternative interface,D:224:,ALA,224,D,7,1,9.809636264704116,0.14285714285714285,0.5651357142857143,0.15014,0.9967303262843105,D:222:;D:223:;D:224:;D:225:;D:226:;D:227:;D:95:,D:95:
catalase_ps,phosphate,53,3,alternative interface,A:224:,ALA,224,A,8,2,10.456487682209815,0.25,0.49335874999999996,0.11153,0.9960866448399918,A:222:;A:223:;A:224:;A:225:;A:226:;A:227:;A:92:;A:95:,A:92:;A:95:
catalase_ps,phosphate,54,3,alternative interface,C:101:,HIS,101,C,7,3,10.65350744698699,0.42857142857142855,0.4953985714285714,0.11044000000000001,0.9952640632336088,C:100:;C:101:;C:102:;C:103:;C:104:;C:88:;C:89:,C:101:;C:104:;C:88:
catalase_ps,phosphate,55,3,alternative interface,D:101:,HIS,101,D,7,3,10.668310600485059,0.42857142857142855,0.4698542857142858,0.08561999999999999,0.9953555318454888,D:100:;D:101:;D:102:;D:103:;D:104:;D:88:;D:89:,D:101:;D:104:;D:88:
catalase_ps,phosphate,56,3,alternative interface,B:209:,ARG,209,B,7,4,14.995678775329466,0.5714285714285714,0.1461657142857143,0.07992,0.9924392784135705,B:206:;B:207:;B:208:;B:209:;B:210:;B:239:;B:275:,B:208:;B:209:;B:210:;B:275:
catalase_ps,phosphate,57,3,alternative interface,C:451:,ASN,451,C,9,2,12.556484465778663,0.2222222222222222,0.5145155555555556,0.07551999999999999,0.9957728168065884,C:447:;C:448:;C:449:;C:450:;C:451:;C:452:;C:453:;C:454:;C:455:,C:448:;C:455:
catalase_ps,phosphate,58,3,alternative interface,B:165:,HIS,165,B,5,3,10.749623297092775,0.6,0.11939200000000001,0.06265,0.98440168640501,A:402:;B:165:;B:167:;B:168:;B:169:,B:165:;B:168:;B:169:
catalase_ps,phosphate,59,3,alternative interface,C:303:,PRO,303,C,7,1,11.767389394094007,0.14285714285714285,0.5678485714285715,0.025699999999999997,0.9973486953843131,C:301:;C:303:;C:304:;C:305:;C:306:;C:307:;C:308:,C:304:
catalase_ps,phosphate,60,4,alternative interface,B:243:,ASN,243,B,10,4,14.252737696975222,0.4,0.29577400000000004,0.42719,0.9911954859648507,B:201:;B:202:;B:203:;B:206:;B:210:;B:241:;B:242:;B:243:;B:244:;B:245:,B:202:;B:210:;B:242:;B:245:
catalase_ps,phosphate,61,4,alternative interface,D:23:,PRO,23,D,8,2,11.992707247895893,0.25,0.4187075,0.42177,0.9934009402823132,B:409:;B:411:;B:412:;D:21:;D:22:;D:23:;D:24:;D:25:,B:409:;D:22:
catalase_ps,phosphate,62,4,alternative interface,A:23:,PRO,23,A,8,2,12.595805371119141,0.25,0.44809750000000004,0.40155,0.9930063372100472,A:21:;A:22:;A:23:;A:24:;A:25:;C:409:;C:411:;C:412:,A:22:;C:409:
catalase_ps,phosphate,63,4,alternative interface,B:85:,GLU,85,B,8,3,13.879773818182391,0.375,0.386805,0.39868000000000003,0.9948868013676497,B:102:;B:103:;B:104:;B:105:;B:314:;B:83:;B:85:;B:87:,B:104:;B:105:;B:314:
catalase_ps,phosphate,64,4,alternative interface,C:425:,SER,425,C,8,3,13.210854810771192,0.375,0.40242374999999997,0.39138,0.9930089175539529,C:423:;C:424:;C:425:;C:426:;C:427:;D:424:;D:425:;D:426:,C:423:;C:425:;D:425:
catalase_ps,phosphate,65,4,alternative interface,D:91:,THR,91,D,7,2,11.867129891647616,0.2857142857142857,0.4159371428571429,0.38179,0.9944604151525461,D:100:;D:223:;D:89:;D:91:;D:92:;D:93:;D:95:,D:92:;D:95:
catalase_ps,phosphate,66,4,alternative interface,B:445:,PHE,445,B,8,2,12.595519502219014,0.25,0.37225625,0.37810000000000005,0.996273167607758,B:441:;B:443:;B:444:;B:445:;B:447:;B:448:;B:449:;B:450:,B:443:;B:448:
catalase_ps,phosphate,67,4,alternative interface,D:472:,PHE,472,D,6,2,10.13565269312594,0.3333333333333333,0.4408000000000001,0.3774,0.9963898125507881,D:470:;D:471:;D:472:;D:474:;D:475:;D:476:,D:475:;D:476:
catalase_ps,phosphate,68,4,alternative interface,D:85:,GLU,85,D,8,3,13.801354819253866,0.375,0.38411375000000003,0.35973999999999995,0.9948920293707438,D:102:;D:103:;D:104:;D:105:;D:314:;D:83:;D:85:;D:87:,D:104:;D:105:;D:314:
catalase_ps,phosphate,69,4,alternative interface,D:277:,THR,277,D,8,4,13.897018963156542,0.5,0.28664999999999996,0.35563,0.9901223621251037,D:234:;D:236:;D:238:;D:275:;D:277:;D:279:;D:311:;D:314:,D:234:;D:236:;D:275:;D:314:
catalase_ps,phosphate,70,4,alternative interface,A:85:,GLU,85,A,8,3,14.146896944624833,0.375,0.37639500000000004,0.34935000000000005,0.994914029839652,A:102:;A:103:;A:104:;A:105:;A:314:;A:83:;A:85:;A:87:,A:104:;A:105:;A:314:
catalase_ps,phosphate,71,4,alternative interface,A:248:,ASP,248,A,8,2,10.417042117492134,0.25,0.47581875,0.32387,0.9946897243524544,A:244:;A:245:;A:246:;A:247:;A:248:;A:250:;A:251:;A:252:,A:245:;A:251:
catalase_ps,phosphate,72,4,alternative interface,A:425:,SER,425,A,10,4,13.683028579208486,0.4,0.326884,0.31986000000000003,0.9925299009310115,A:423:;A:424:;A:425:;A:426:;A:427:;B:423:;B:424:;B:425:;B:426:;D:44:,A:423:;A:425:;B:423:;B:425:
catalase_ps,phosphate,73,4,alternative interface,B:91:,THR,91,B,8,3,13.279301443482623,0.375,0.42660375,0.31053000000000003,0.9931294627343168,B:100:;B:101:;B:223:;B:89:;B:91:;B:92:;B:93:;B:95:,B:101:;B:92:;B:95:
catalase_ps,phosphate,74,4,alternative interface,B:495:,LEU,495,B,8,2,12.447068258702267,0.25,0.46961624999999996,0.27998,0.9952528685865463,B:460:;B:491:;B:493:;B:494:;B:495:;B:497:;B:498:;B:499:,B:491:;B:498:
catalase_ps,phosphate,75,4,alternative interface,D:206:,ASP,206,D,10,4,12.713608971752071,0.4,0.176077,0.26889,0.9927378824730597,D:204:;D:206:;D:207:;D:208:;D:209:;D:210:;D:242:;D:243:;D:244:;D:260:,D:208:;D:209:;D:210:;D:242:
catalase_ps,phosphate,76,4,alternative interface,C:200:,SER,200,C,10,4,13.260577896245152,0.4,0.26044100000000003,0.25782,0.9955415913790937,C:197:;C:198:;C:200:;C:201:;C:202:;C:203:;C:454:;C:455:;C:457:;C:461:,C:200:;C:202:;C:455:;C:457:
catalase_ps,phosphate,77,4,alternative interface,B:200:,SER,200,B,11,4,13.212347421938977,0.36363636363636365,0.21577545454545455,0.25522,0.9961498220546527,B:197:;B:198:;B:199:;B:200:;B:201:;B:202:;B:203:;B:454:;B:455:;B:457:;B:461:,B:200:;B:202:;B:455:;B:457:
catalase_ps,phosphate,78,4,alternative interface,B:212:,ASP,212,B,7,3,14.373407189807997,0.42857142857142855,0.20671285714285714,0.21142,0.9902070925670727,B:148:;B:210:;B:212:;B:214:;B:234:;B:236:;B:241:,B:210:;B:234:;B:236:
catalase_ps,phosphate,79,4,alternative interface,A:483:,ASP,483,A,7,3,11.991636875588132,0.42857142857142855,0.4340785714285714,0.19105,0.9964308333236571,A:439:;A:479:;A:480:;A:482:;A:483:;A:485:;A:486:,A:479:;A:482:;A:485:
catalase_ps,phosphate,80,4,alternative interface,D:483:,ASP,483,D,7,3,11.708836576030171,0.42857142857142855,0.41943285714285716,0.17951,0.9965285301770263,D:439:;D:479:;D:480:;D:482:;D:483:;D:485:;D:486:,D:479:;D:482:;D:485:
catalase_ps,phosphate,81,4,alternative interface,C:224:,ALA,224,C,8,2,10.348547942256902,0.25,0.50090625,0.11875,0.9959274918100506,C:222:;C:223:;C:224:;C:225:;C:226:;C:227:;C:92:;C:95:,C:92:;C:95:
catalase_ps,phosphate,82,4,alternative interface,B:224:,ALA,224,B,7,1,9.92691144655841,0.14285714285714285,0.4806671428571429,0.09820000000000001,0.9966544798729762,B:222:;B:223:;B:224:;B:225:;B:226:;B:227:;B:95:,B:95:
catalase_ps,phosphate,83,4,alternative interface,C:209:,ARG,209,C,8,4,15.325839591459017,0.5,0.21944625,0.08898,0.9927065649826025,C:206:;C:207:;C:208:;C:209:;C:210:;C:239:;C:240:;C:275:,C:208:;C:209:;C:210:;C:275:
catalase_ps,phosphate,84,4,alternative interface,B:451:,ASN,451,B,9,2,12.04482807635195,0.2222222222222222,0.4845088888888889,0.07986,0.9959318505302783,B:447:;B:448:;B:449:;B:450:;B:451:;B:452:;B:453:;B:454:;B:455:,B:448:;B:455:
catalase_ps,phosphate,85,4,alternative interface,D:363:,HIS,363,D,7,4,9.6800420018885,0.5714285714285714,0.1433642857142857,0.07951,0.9354357368768621,D:360:;D:361:;D:362:;D:363:;D:364:;D:366:;D:367:,D:361:;D:362:;D:363:;D:364:
catalase_ps,phosphate,86,4,alternative interface,A:348:,LYS,348,A,6,3,13.69186638296012,0.5,0.14074666666666666,0.04691,0.9930764784359309,A:155:;A:157:;A:296:;A:348:;A:349:;D:46:,A:155:;A:348:;D:46:
catalase_ps,phosphate,87,4,alternative interface,A:165:,HIS,165,A,5,3,10.64489100696966,0.6,0.093574,0.038650000000000004,0.9840496364705055,A:165:;A:167:;A:168:;A:169:;B:402:,A:165:;A:168:;A:169:
catalase_ps,phosphate,88,4,alternative interface,D:304:,HIS,304,D,7,1,9.9079872059603,0.14285714285714285,0.5193800000000001,0.023700000000000002,0.9971807847876124,D:303:;D:304:;D:305:;D:306:;D:307:;D:308:;D:309:,D:304:
catalase_ps,phosphate,89,4,alternative interface,A:303:,PRO,303,A,7,1,11.799993774357048,0.14285714285714285,0.5454714285714285,0.02144,0.9972438032974714,A:301:;A:303:;A:304:;A:305:;A:306:;A:307:;A:308:,A:304:
catalase_ps,phosphate,90,4,alternative interface,B:303:,PRO,303,B,7,1,11.851800092239223,0.14285714285714285,0.5577571428571428,0.02097,0.9972274580442265,B:301:;B:303:;B:304:;B:305:;B:306:;B:307:;B:308:,B:304:
catalase_ps,phosphate,91,5,alternative interface,C:23:,PRO,23,C,8,2,12.39518099308207,0.25,0.39817375,0.40828000000000003,0.9933937722678914,A:409:;A:411:;A:412:;C:21:;C:22:;C:23:;C:24:;C:25:,A:409:;C:22:
catalase_ps,phosphate,92,5,alternative interface,B:472:,PHE,472,B,6,2,10.500349827052686,0.3333333333333333,0.42391500000000004,0.35195,0.996084746760865,B:470:;B:471:;B:472:;B:474:;B:475:;B:476:,B:475:;B:476:
catalase_ps,phosphate,93,5,alternative interface,A:210:,HIS,210,A,11,4,12.02239682676117,0.36363636363636365,0.26654363636363637,0.34889000000000003,0.9937246340454273,A:206:;A:207:;A:208:;A:209:;A:210:;A:212:;A:239:;A:240:;A:241:;A:242:;A:243:,A:208:;A:209:;A:210:;A:242:
catalase_ps,phosphate,94,5,alternative interface,B:118:,GLU,118,B,12,6,15.818871629883631,0.5,0.1821975,0.33468000000000003,0.9698901307233072,B:116:;B:117:;B:118:;B:119:;B:121:;B:70:;B:73:;B:74:;B:76:;C:118:;C:119:;C:121:,B:119:;B:121:;B:74:;B:76:;C:119:;C:121:
catalase_ps,phosphate,95,5,alternative interface,C:472:,PHE,472,C,6,2,10.168194307877995,0.3333333333333333,0.43642833333333336,0.32763,0.9963384684943136,C:470:;C:471:;C:472:;C:474:;C:475:;C:476:,C:475:;C:476:
catalase_ps,phosphate,96,5,alternative interface,D:118:,GLU,118,D,9,4,14.553634913536941,0.4444444444444444,0.1901111111111111,0.31474,0.9746890225523096,A:118:;A:119:;D:116:;D:117:;D:118:;D:119:;D:121:;D:70:;D:74:,A:119:;D:119:;D:121:;D:74:
catalase_ps,phosphate,97,5,alternative interface,C:248:,ASP,248,C,8,2,10.861735698634796,0.25,0.46430125000000005,0.30508,0.9945531984421057,C:244:;C:245:;C:246:;C:247:;C:248:;C:250:;C:251:;C:252:,C:245:;C:251:
catalase_ps,phosphate,98,5,alternative interface,A:91:,THR,91,A,8,3,13.81460284678486,0.375,0.4161475,0.29951,0.9927604046109397,A:100:;A:101:;A:223:;A:89:;A:91:;A:92:;A:93:;A:95:,A:101:;A:92:;A:95:
catalase_ps,phosphate,99,5,alternative interface,A:121:,SER,121,A,10,4,14.244575884364867,0.4,0.208846,0.2626,0.9862347775844321,A:117:;A:118:;A:119:;A:121:;A:122:;A:123:;A:257:;D:119:;D:121:;D:122:,A:119:;A:121:;D:119:;D:121:
catalase_ps,phosphate,100,5,alternative interface,B:422:,THR,422,B,8,3,12.849596105080604,0.375,0.30898749999999997,0.22384,0.9939213596838322,A:427:;A:428:;A:429:;B:420:;B:421:;B:422:;B:423:;B:424:,B:420:;B:421:;B:423:
catalase_ps,phosphate,101,5,alternative interface,D:97:,LYS,97,D,5,2,12.860796827483599,0.4,0.3395,0.18608,0.9945207331575479,D:100:;D:138:;D:139:;D:95:;D:97:,D:95:;D:97:
catalase_ps,phosphate,102,5,alternative interface,C:468:,ASP,468,C,5,2,11.639459956087325,0.4,0.362412,0.13457,0.9953917646838106,C:178:;C:465:;C:467:;C:468:;C:470:,C:465:;C:467:
catalase_ps,phosphate,103,5,alternative interface,B:113:,SER,113,B,8,4,12.474348622903634,0.5,0.10666125000000001,0.06722,0.9838610716820667,B:113:;B:115:;B:123:;B:129:;B:130:;B:74:;B:76:;B:78:,B:113:;B:129:;B:74:;B:76:
catalase_ps,phosphate,104,5,alternative interface,A:71:,ARG,71,A,7,3,12.472374827164668,0.42857142857142855,0.14087857142857144,0.04835,0.9769929131855137,A:69:;A:70:;A:71:;A:72:;A:73:;A:74:;D:67:,A:71:;A:74:;D:67:
catalase_ps,phosphate,105,5,alternative interface,A:360:,THR,360,A,7,3,10.832815768410468,0.42857142857142855,0.1463657142857143,0.045419999999999995,0.9854168635903496,A:356:;A:357:;A:358:;A:360:;A:361:;A:362:;A:363:,A:361:;A:362:;A:363:
catalase_ps,phosphate,106,5,alternative interface,C:363:,HIS,363,C,7,4,13.326209569171168,0.5714285714285714,0.12967571428571428,0.04514,0.9049353468211272,B:65:;C:360:;C:361:;C:362:;C:363:;C:366:;C:367:,B:65:;C:361:;C:362:;C:363:
catalase_ps,phosphate,107,5,alternative interface,B:360:,THR,360,B,7,3,10.828279428039849,0.42857142857142855,0.16091428571428573,0.04417,0.9851635052443158,B:356:;B:357:;B:358:;B:360:;B:361:;B:362:;B:363:,B:361:;B:362:;B:363:
catalase_ps,phosphate,108,5,alternative interface,A:367:,PRO,367,A,7,4,13.514367925660489,0.5714285714285714,0.14282142857142857,0.03496,0.8802158373628196,A:361:;A:362:;A:363:;A:366:;A:367:;A:390:;C:62:,A:361:;A:362:;A:363:;C:62:
catalase_ps,phosphate,109,5,alternative interface,B:232:,LYS,232,B,6,3,13.648861816085073,0.5,0.08749166666666668,0.02691,0.9908871910973812,B:216:;B:219:;B:230:;B:232:;B:234:;B:282:,B:216:;B:232:;B:234:
catalase_ps,phosphate,110,5,alternative interface,A:88:,HIS,88,A,5,1,11.442489015727537,0.2,0.456212,0.02506,0.9954762011787164,A:102:;A:311:;A:87:;A:88:;A:89:,A:88:
catalase_ps,phosphate,111,6,alternative interface,C:85:,GLU,85,C,9,3,15.509350007975225,0.3333333333333333,0.3587888888888889,0.34970999999999997,0.9930294201239889,C:102:;C:103:;C:104:;C:105:;C:314:;C:316:;C:83:;C:85:;C:87:,C:104:;C:105:;C:314:
catalase_ps,phosphate,112,6,alternative interface,D:381:,ARG,381,D,8,2,14.692466650626823,0.25,0.3975925,0.32754,0.9811513350011855,B:24:;B:25:;D:138:;D:378:;D:379:;D:381:;D:382:;D:383:,D:379:;D:381:
catalase_ps,phosphate,113,6,alternative interface,C:91:,THR,91,C,7,2,12.01335547840512,0.2857142857142857,0.4147057142857143,0.3257,0.9942610680603663,C:100:;C:223:;C:89:;C:91:;C:92:;C:93:;C:95:,C:92:;C:95:
catalase_ps,phosphate,114,6,alternative interface,A:284:,THR,284,A,8,1,11.442789093927953,0.125,0.30314874999999997,0.30716,0.9960227135890192,A:229:;A:230:;A:282:;A:284:;A:285:;A:286:;A:287:;A:288:,A:286:
catalase_ps,phosphate,115,6,alternative interface,C:428:,VAL,428,C,8,2,10.822478501735242,0.25,0.3574875,0.30488,0.9948595327347558,C:426:;C:427:;C:428:;C:429:;D:421:;D:422:;D:423:;D:424:,D:421:;D:423:
catalase_ps,phosphate,116,6,alternative interface,B:248:,ASP,248,B,9,2,11.57014386706715,0.2222222222222222,0.43579,0.29905000000000004,0.9948699882096775,B:244:;B:245:;B:246:;B:247:;B:248:;B:250:;B:251:;B:252:;B:253:,B:245:;B:251:
catalase_ps,phosphate,117,6,alternative interface,C:284:,THR,284,C,8,1,11.641009095961865,0.125,0.32189875,0.29587,0.9961222477212669,C:229:;C:230:;C:282:;C:284:;C:285:;C:286:;C:287:;C:288:,C:286:
catalase_ps,phosphate,118,6,alternative interface,C:241:,ILE,241,C,7,2,11.955096008466983,0.2857142857142857,0.32184999999999997,0.29102,0.9942644483972684,C:210:;C:212:;C:239:;C:240:;C:241:;C:242:;C:243:,C:210:;C:242:
catalase_ps,phosphate,119,6,alternative interface,B:284:,THR,284,B,8,1,11.56104745597246,0.125,0.32294125,0.28301,0.9959848681415086,B:229:;B:230:;B:282:;B:284:;B:285:;B:286:;B:287:;B:288:,B:286:
catalase_ps,phosphate,120,6,alternative interface,D:428:,VAL,428,D,9,2,12.779283558708878,0.2222222222222222,0.30208999999999997,0.24664000000000003,0.9949000139986864,A:41:;C:421:;C:422:;C:423:;C:424:;D:426:;D:427:;D:428:;D:429:,C:421:;C:423:
catalase_ps,phosphate,121,6,alternative interface,A:97:,LYS,97,A,6,2,12.472881812846648,0.3333333333333333,0.31819,0.20656,0.9930336508544542,A:100:;A:138:;A:139:;A:340:;A:95:;A:97:,A:95:;A:97:
catalase_ps,phosphate,122,6,alternative interface,B:97:,LYS,97,B,6,2,12.362792721715572,0.3333333333333333,0.26725166666666667,0.20312999999999998,0.9930476385802988,B:100:;B:138:;B:139:;B:340:;B:95:;B:97:,B:95:;B:97:
catalase_ps,phosphate,123,6,alternative interface,B:45:,PRO,45,B,4,1,10.367773356421893,0.25,0.4577825,0.18752,0.9936068503183205,B:45:;B:46:;C:426:;C:431:,B:46:
catalase_ps,phosphate,124,6,alternative interface,A:468:,ASP,468,A,6,2,13.405154060548208,0.3333333333333333,0.3723633333333334,0.18636,0.9943582560458123,A:178:;A:464:;A:465:;A:467:;A:468:;A:470:,A:465:;A:467:
catalase_ps,phosphate,125,6,alternative interface,C:439:,VAL,439,C,9,2,12.31241356373603,0.2222222222222222,0.2933433333333333,0.16914,0.9953304827285668,C:192:;C:193:;C:437:;C:438:;C:439:;C:440:;C:441:;C:443:;C:483:,C:193:;C:443:
catalase_ps,phosphate,126,6,alternative interface,B:468:,ASP,468,B,6,2,13.334949146502757,0.3333333333333333,0.30970333333333333,0.1635,0.9944898584559786,B:178:;B:464:;B:465:;B:467:;B:468:;B:470:,B:465:;B:467:
catalase_ps,phosphate,127,6,alternative interface,D:440:,THR,440,D,7,1,13.00297027570052,0.14285714285714285,0.3292471428571429,0.1603,0.9958858905238658,D:437:;D:438:;D:439:;D:440:;D:441:;D:443:;D:444:,D:443:
catalase_ps,phosphate,128,6,alternative interface,A:440:,THR,440,A,7,1,12.905231896412907,0.14285714285714285,0.3485842857142857,0.15845,0.9957811204186025,A:437:;A:438:;A:439:;A:440:;A:441:;A:443:;A:444:,A:443:
catalase_ps,phosphate,129,6,alternative interface,C:5:,ASP,5,C,6,2,13.738353663740991,0.3333333333333333,0.35849,0.15645,0.995498993264507,C:266:;C:3:;C:4:;C:5:;C:6:;C:8:,C:4:;C:8:
catalase_ps,phosphate,130,6,alternative interface,A:460:,GLU,460,A,6,2,11.969002220524642,0.3333333333333333,0.4080483333333333,0.15207,0.9961469136510479,A:456:;A:457:;A:460:;A:461:;A:464:;A:495:,A:456:;A:457:
catalase_ps,phosphate,131,6,alternative interface,A:422:,THR,422,A,8,3,13.032384100012873,0.375,0.2750725,0.13577999999999998,0.9935668755759204,A:420:;A:421:;A:422:;A:423:;A:424:;B:427:;B:428:;B:429:,A:420:;A:421:;A:423:
catalase_ps,phosphate,132,6,alternative interface,D:69:,PRO,69,D,9,4,14.066641980383393,0.4444444444444444,0.12699555555555556,0.11741,0.9210776954196866,A:67:;A:69:;A:70:;D:364:;D:67:;D:69:;D:70:;D:71:;D:72:,A:67:;D:364:;D:67:;D:71:
catalase_ps,phosphate,133,6,alternative interface,A:434:,ALA,434,A,6,2,12.629277481961111,0.3333333333333333,0.41377166666666665,0.09218,0.9933564024105713,A:188:;A:432:;A:433:;A:434:;A:435:;A:436:,A:188:;A:433:
catalase_ps,phosphate,134,6,alternative interface,C:117:,GLY,117,C,10,4,14.398614697785083,0.4,0.17296799999999998,0.08769,0.976677987780101,C:115:;C:116:;C:117:;C:118:;C:119:;C:121:;C:122:;C:168:;C:73:;C:74:,C:119:;C:121:;C:168:;C:74:
catalase_ps,phosphate,135,6,alternative interface,C:346:,PRO,346,C,5,2,12.8166286410839,0.4,0.17456,0.06141,0.9910992985708115,B:46:;C:296:;C:344:;C:346:;C:348:,B:46:;C:348:
catalase_ps,phosphate,136,6,alternative interface,A:187:,LEU,187,A,5,2,13.972090336670048,0.4,0.24797599999999997,0.056740000000000006,0.9937213227723183,A:187:;A:188:;A:189:;A:476:;B:405:,A:188:;A:476:
catalase_ps,phosphate,137,6,alternative interface,D:165:,HIS,165,D,6,3,11.68629932485655,0.5,0.10273833333333333,0.05464,0.9822181712403246,C:402:;D:163:;D:165:;D:167:;D:168:;D:169:,D:165:;D:168:;D:169:
catalase_ps,phosphate,138,6,alternative interface,C:187:,LEU,187,C,5,2,13.915048543891478,0.4,0.241694,0.05448,0.9938224434001944,C:187:;C:188:;C:189:;C:476:;D:405:,C:188:;C:476:
catalase_ps,phosphate,139,6,alternative interface,B:187:,LEU,187,B,5,2,13.876475308602057,0.4,0.24413200000000002,0.05315,0.9940474806894488,A:405:;B:187:;B:188:;B:189:;B:476:,B:188:;B:476:
catalase_ps,phosphate,140,6,alternative interface,A:199:,PHE,199,A,8,3,11.640887996069772,0.375,0.19344625,0.0282,0.9943162009862896,A:126:;A:197:;A:198:;A:199:;A:200:;A:201:;A:202:;A:461:,A:126:;A:200:;A:202:
catalase_ps,phosphate,141,6,alternative interface,B:88:,HIS,88,B,5,1,11.845513131958981,0.2,0.427306,0.025699999999999997,0.9952095846320544,B:102:;B:311:;B:87:;B:88:;B:89:,B:88:
catalase_ps,phosphate,142,7,alternative interface,A:381:,ARG,381,A,8,2,14.95173590946465,0.25,0.34575,0.34372,0.9810092000325042,A:378:;A:379:;A:381:;A:382:;A:383:;C:24:;C:25:;C:27:,A:379:;A:381:
catalase_ps,phosphate,143,7,alternative interface,A:418:,LEU,418,A,8,2,13.939980178416219,0.25,0.35093125000000003,0.32384999999999997,0.9885163117734513,A:340:;A:414:;A:415:;A:416:;A:418:;A:419:;A:420:;C:36:,A:416:;A:420:
catalase_ps,phosphate,144,7,alternative interface,C:204:,ILE,204,C,13,3,15.272981580369853,0.23076923076923078,0.26416153846153845,0.30942000000000003,0.9926602504867125,C:125:;C:126:;C:127:;C:128:;C:201:;C:202:;C:203:;C:204:;C:206:;C:243:;C:244:;C:245:;C:246:,C:126:;C:202:;C:245:
catalase_ps,phosphate,145,7,alternative interface,C:381:,ARG,381,C,7,2,14.27161207701185,0.2857142857142857,0.3720228571428571,0.28492999999999996,0.9822822540470063,A:25:;C:138:;C:378:;C:379:;C:381:;C:382:;C:383:,C:379:;C:381:
catalase_ps,phosphate,146,7,alternative interface,D:284:,THR,284,D,8,1,11.831378475147874,0.125,0.31127249999999995,0.2785,0.9958396484860118,D:229:;D:230:;D:282:;D:284:;D:285:;D:286:;D:287:;D:288:,D:286:
catalase_ps,phosphate,147,7,alternative interface,D:241:,ILE,241,D,7,2,11.868787492255304,0.2857142857142857,0.3240557142857143,0.27726,0.9941823297070804,D:210:;D:212:;D:239:;D:240:;D:241:;D:242:;D:243:,D:210:;D:242:
catalase_ps,phosphate,148,7,alternative interface,C:418:,LEU,418,C,8,2,13.616777453493093,0.25,0.35543125,0.2667,0.9886994376021788,A:36:;C:340:;C:414:;C:415:;C:416:;C:418:;C:419:;C:420:,C:416:;C:420:
catalase_ps,phosphate,149,7,alternative interface,C:318:,ASN,318,C,7,1,13.494203790519673,0.14285714285714285,0.3430028571428571,0.26481,0.994345568666915,C:271:;C:273:;C:316:;C:318:;C:319:;C:320:;C:81:,C:319:
catalase_ps,phosphate,150,7,alternative interface,D:418:,LEU,418,D,9,2,13.448007377541789,0.2222222222222222,0.32711666666666667,0.26451,0.989728821903157,B:36:;D:340:;D:414:;D:415:;D:416:;D:417:;D:418:;D:419:;D:420:,D:416:;D:420:
catalase_ps,phosphate,151,7,alternative interface,C:254:,HIS,254,C,13,4,14.034252603332908,0.3076923076923077,0.3250015384615385,0.25524,0.9912424891608318,B:250:;B:251:;B:253:;B:254:;C:122:;C:250:;C:251:;C:252:;C:253:;C:254:;C:255:;C:256:;C:257:,B:251:;B:254:;C:251:;C:254:
catalase_ps,phosphate,152,7,alternative interface,A:45:,PRO,45,A,4,1,10.283002228899218,0.25,0.40170249999999996,0.21112999999999998,0.993459297819074,A:45:;A:46:;D:426:;D:431:,A:46:
catalase_ps,phosphate,153,7,alternative interface,D:201:,ASP,201,D,12,4,15.052035415161013,0.3333333333333333,0.23584666666666665,0.20403,0.991688513221054,D:197:;D:198:;D:199:;D:200:;D:201:;D:202:;D:204:;D:243:;D:244:;D:245:;D:454:;D:457:,D:200:;D:202:;D:245:;D:457:
catalase_ps,phosphate,154,7,alternative interface,B:439:,VAL,439,B,10,2,12.668243002931222,0.2,0.250525,0.1553,0.9954286881010787,B:190:;B:192:;B:193:;B:437:;B:438:;B:439:;B:440:;B:441:;B:443:;B:483:,B:193:;B:443:
catalase_ps,phosphate,155,7,alternative interface,D:468:,ASP,468,D,6,2,13.185756171181517,0.3333333333333333,0.31684833333333334,0.14938,0.9945000651175939,D:178:;D:464:;D:465:;D:467:;D:468:;D:470:,D:465:;D:467:
catalase_ps,phosphate,156,7,alternative interface,C:464:,GLY,464,C,6,2,12.256175157802813,0.3333333333333333,0.344215,0.11757999999999999,0.9954379751856124,C:460:;C:461:;C:464:;C:465:;C:467:;C:499:,C:465:;C:467:
catalase_ps,phosphate,157,7,alternative interface,C:434:,ALA,434,C,6,2,13.02262234188796,0.3333333333333333,0.39537,0.07562,0.9927018537515733,C:188:;C:432:;C:433:;C:434:;C:435:;C:436:,C:188:;C:433:
catalase_ps,phosphate,158,7,alternative interface,A:214:,TYR,214,A,8,3,13.454674959421304,0.375,0.13233875,0.06523,0.9907981649965021,A:147:;A:148:;A:150:;A:212:;A:214:;A:216:;A:232:;A:234:,A:216:;A:232:;A:234:
catalase_ps,phosphate,159,7,alternative interface,D:434:,ALA,434,D,6,2,12.597286462818522,0.3333333333333333,0.3980250000000001,0.06284,0.993242977156119,D:188:;D:432:;D:433:;D:434:;D:435:;D:436:,D:188:;D:433:
catalase_ps,phosphate,160,7,alternative interface,D:187:,LEU,187,D,5,2,13.751789608936377,0.4,0.223828,0.05328,0.9937823771423117,C:405:;D:187:;D:188:;D:189:;D:476:,D:188:;D:476:
catalase_ps,phosphate,161,7,alternative interface,D:348:,LYS,348,D,5,2,13.912025307932856,0.4,0.16690799999999997,0.040549999999999996,0.9939258532877329,A:46:;D:157:;D:296:;D:348:;D:349:,A:46:;D:348:
catalase_ps,phosphate,162,7,alternative interface,D:301:,VAL,301,D,5,1,12.50164563151078,0.2,0.244734,0.02528,0.9959401121197956,D:150:;D:300:;D:301:;D:303:;D:441:,D:300:
catalase_ps,phosphate,163,7,alternative interface,B:240:,GLY,240,B,6,2,11.233455157214928,0.3333333333333333,0.37395,0.0069,0.9958221167512717,B:210:;B:238:;B:239:;B:240:;B:241:;B:242:,B:210:;B:242:
catalase_ps,phosphate,164,8,alternative interface,B:381:,ARG,381,B,8,2,14.932431075919945,0.25,0.33095125,0.30061,0.9813348416236527,B:378:;B:379:;B:381:;B:382:;B:383:;D:24:;D:25:;D:27:,B:379:;B:381:
catalase_ps,phosphate,165,8,alternative interface,B:418:,LEU,418,B,8,2,14.066613357070668,0.25,0.32168874999999997,0.28315,0.9882000889647482,B:340:;B:414:;B:415:;B:416:;B:418:;B:419:;B:420:;D:36:,B:416:;B:420:
catalase_ps,phosphate,166,8,alternative interface,A:204:,ILE,204,A,11,3,13.324232392507117,0.2727272727272727,0.2851600000000001,0.24184999999999998,0.9931886971676078,A:125:;A:126:;A:127:;A:201:;A:202:;A:204:;A:206:;A:243:;A:244:;A:245:;A:246:,A:126:;A:202:;A:245:
catalase_ps,phosphate,167,8,alternative interface,D:253:,ALA,253,D,12,3,12.721440933165495,0.25,0.2949791666666667,0.22757000000000002,0.9923819225773906,A:254:;D:122:;D:123:;D:125:;D:250:;D:251:;D:252:;D:253:;D:254:;D:255:;D:256:;D:257:,A:254:;D:251:;D:254:
catalase_ps,phosphate,168,8,alternative interface,A:318:,ASN,318,A,7,1,13.27242000220863,0.14285714285714285,0.31170285714285717,0.21443,0.9941750172141666,A:271:;A:273:;A:316:;A:318:;A:319:;A:320:;A:81:,A:319:
catalase_ps,phosphate,169,8,alternative interface,C:44:,GLY,44,C,10,2,14.445149378528427,0.2,0.325709,0.20489999999999997,0.9909235213908715,B:424:;B:425:;B:426:;B:427:;B:428:;B:429:;B:431:;C:44:;C:45:;C:46:,B:425:;C:46:
catalase_ps,phosphate,170,8,alternative interface,D:45:,PRO,45,D,6,1,13.744858759674374,0.16666666666666666,0.3559016666666667,0.17951,0.9917578135305863,A:426:;A:431:;A:432:;D:44:;D:45:;D:46:,D:46:
catalase_ps,phosphate,171,8,alternative interface,C:97:,LYS,97,C,6,2,12.54573908200384,0.3333333333333333,0.2736533333333333,0.13116,0.9930046362429696,C:100:;C:138:;C:139:;C:340:;C:95:;C:97:,C:95:;C:97:
catalase_ps,phosphate,172,8,alternative interface,B:126:,ARG,126,B,7,1,10.763481630069565,0.14285714285714285,0.19043428571428572,0.07719000000000001,0.9946923975678705,B:125:;B:126:;B:127:;B:128:;B:198:;B:199:;B:203:,B:126:
catalase_ps,phosphate,173,8,alternative interface,B:434:,ALA,434,B,7,2,12.687525278764248,0.2857142857142857,0.35585999999999995,0.06431,0.9920934643513314,B:188:;B:190:;B:432:;B:433:;B:434:;B:435:;B:436:,B:188:;B:433:
catalase_ps,phosphate,174,8,alternative interface,C:214:,TYR,214,C,8,3,13.462753484680016,0.375,0.12882375000000001,0.05372,0.9907747151959629,C:147:;C:148:;C:150:;C:212:;C:214:;C:216:;C:232:;C:234:,C:216:;C:232:;C:234:
catalase_ps,phosphate,175,8,alternative interface,D:214:,TYR,214,D,8,3,13.383377636997167,0.375,0.1328925,0.04807,0.9908205124446279,D:147:;D:148:;D:150:;D:212:;D:214:;D:216:;D:232:;D:234:,D:216:;D:232:;D:234:
catalase_ps,phosphate,176,8,alternative interface,C:113:,SER,113,C,5,2,11.656965990126531,0.4,0.12515199999999999,0.03386,0.9875013271157145,C:113:;C:115:;C:123:;C:130:;C:74:,C:113:;C:74:
catalase_ps,phosphate,177,8,alternative interface,D:113:,SER,113,D,5,2,11.472913992303136,0.4,0.147118,0.03018,0.9876534564833253,D:113:;D:115:;D:123:;D:130:;D:74:,D:113:;D:74:
catalase_ps,phosphate,178,8,alternative interface,D:219:,PHE,219,D,6,2,11.851675281556055,0.3333333333333333,0.10039166666666666,0.02543,0.9947984219624267,D:219:;D:220:;D:230:;D:232:;D:343:;D:344:,D:220:;D:232:
catalase_ps,phosphate,179,8,alternative interface,B:39:,ASN,39,B,7,2,12.102055883291424,0.2857142857142857,0.24392428571428573,0.02442,0.9934345171187514,B:36:;B:37:;B:38:;B:39:;C:431:;C:432:;C:433:,B:37:;C:433:
catalase_ps,phosphate,180,8,alternative interface,A:192:,LEU,192,A,6,1,10.966123981994684,0.16666666666666666,0.17491500000000001,0.005809999999999999,0.9951158373013685,A:189:;A:192:;A:193:;A:438:;A:439:;A:480:,A:193:
catalase_ps,phosphate,181,9,alternative interface,A:253:,ALA,253,A,13,3,13.994781368536502,0.23076923076923078,0.29018615384615387,0.20645,0.9913479026065574,A:122:;A:123:;A:125:;A:250:;A:251:;A:252:;A:253:;A:254:;A:255:;A:256:;A:257:;A:259:;D:254:,A:251:;A:254:;D:254:
catalase_ps,phosphate,182,9,alternative interface,D:318:,ASN,318,D,9,1,14.585442215089637,0.1111111111111111,0.2689977777777778,0.17176,0.9918149405957921,D:271:;D:273:;D:316:;D:318:;D:319:;D:320:;D:81:;D:82:;D:83:,D:319:
catalase_ps,phosphate,183,9,alternative interface,B:318:,ASN,318,B,8,1,13.333489810883373,0.125,0.30582125,0.17084,0.9934471530070141,B:271:;B:273:;B:316:;B:318:;B:319:;B:320:;B:81:;B:82:,B:319:
catalase_ps,phosphate,184,9,alternative interface,A:265:,PHE,265,A,7,1,12.053653623375158,0.14285714285714285,0.17108571428571429,0.15117,0.9913895616749475,A:261:;A:262:;A:263:;A:265:;A:266:;A:269:;A:320:,A:262:
catalase_ps,phosphate,185,9,alternative interface,B:265:,PHE,265,B,6,1,11.672255706360117,0.16666666666666666,0.1845433333333333,0.13701,0.9925186564136266,B:262:;B:263:;B:265:;B:266:;B:269:;B:320:,B:262:
catalase_ps,phosphate,186,9,alternative interface,D:136:,TYR,136,D,5,1,10.528800607088108,0.2,0.30060200000000004,0.11314,0.9901954429608475,D:107:;D:136:;D:138:;D:378:;D:379:,D:379:
catalase_ps,phosphate,187,9,alternative interface,B:67:,ARG,67,B,10,3,14.146542674537015,0.3,0.143712,0.11023,0.9052152887454509,B:65:;B:66:;B:67:;B:69:;C:69:;C:70:;C:71:;C:72:;D:388:;D:390:,B:65:;B:67:;C:71:
catalase_ps,phosphate,188,9,alternative interface,B:353:,ARG,353,B,7,2,14.909839820365889,0.2857142857142857,0.14606142857142856,0.08939,0.9824189228080206,B:157:;B:336:;B:349:;B:353:;B:355:;B:356:;B:357:,B:336:;B:353:
catalase_ps,phosphate,189,9,alternative interface,C:357:,TYR,357,C,9,3,12.689205144453345,0.3333333333333333,0.14325333333333334,0.08467000000000001,0.978675851512451,C:333:;C:336:;C:353:;C:355:;C:356:;C:357:;C:358:;C:360:;C:361:,C:336:;C:353:;C:361:
catalase_ps,phosphate,190,9,alternative interface,D:126:,ARG,126,D,7,1,11.17495621971619,0.14285714285714285,0.14579142857142857,0.08253,0.9934527600279586,D:125:;D:126:;D:127:;D:128:;D:198:;D:199:;D:204:,D:126:
catalase_ps,phosphate,191,9,alternative interface,B:122:,ALA,122,B,13,4,15.247729226946085,0.3076923076923077,0.24743615384615386,0.06961,0.9872993094583069,B:117:;B:121:;B:122:;B:123:;B:125:;B:253:;B:254:;B:256:;B:257:;B:258:;B:259:;B:76:;C:121:,B:121:;B:254:;B:76:;C:121:
catalase_ps,phosphate,192,9,alternative interface,A:66:,GLU,66,A,6,2,12.818141892353657,0.3333333333333333,0.1542066666666667,0.0693,0.9356499210725778,A:62:;A:66:;A:67:;C:388:;C:390:;D:72:,A:62:;A:67:
catalase_ps,phosphate,193,9,alternative interface,B:150:,PRO,150,B,8,2,14.813530345938947,0.25,0.178145,0.05229,0.9900201804463648,B:147:;B:148:;B:150:;B:152:;B:214:;B:216:;B:234:;B:301:,B:216:;B:234:
catalase_ps,phosphate,194,9,alternative interface,D:73:,VAL,73,D,7,2,10.266649662703715,0.2857142857142857,0.1469342857142857,0.04412,0.9914198756516559,D:115:;D:116:;D:117:;D:71:;D:72:;D:73:;D:74:,D:71:;D:74:
catalase_ps,phosphate,195,9,alternative interface,B:348:,LYS,348,B,5,1,12.98532701025642,0.2,0.07854200000000001,0.04288,0.9930401454905569,B:157:;B:296:;B:346:;B:348:;B:349:,B:348:
catalase_ps,phosphate,196,9,alternative interface,A:113:,SER,113,A,6,2,11.622580699638739,0.3333333333333333,0.12178166666666666,0.029580000000000002,0.9864930850560644,A:113:;A:115:;A:123:;A:130:;A:74:;A:77:,A:113:;A:74:
catalase_ps,phosphate,197,9,alternative interface,D:413:,HIS,413,D,9,2,13.25436362756623,0.2222222222222222,0.34063777777777776,0.027719999999999998,0.9874230371511545,B:25:;B:33:;B:36:;B:37:;D:411:;D:412:;D:413:;D:414:;D:415:,B:37:;D:413:
catalase_ps,phosphate,198,9,alternative interface,C:413:,HIS,413,C,8,1,13.020714546549286,0.125,0.35230625000000004,0.01836,0.9891820891174002,A:25:;A:33:;A:36:;C:411:;C:412:;C:413:;C:414:;C:415:,C:413:
catalase_ps,phosphate,199,9,alternative interface,A:413:,HIS,413,A,8,1,12.871017706753511,0.125,0.34659375,0.01524,0.9905298784525807,A:411:;A:412:;A:413:;A:414:;A:415:;C:25:;C:27:;C:36:,A:413:
catalase_ps,phosphate,200,9,alternative interface,B:413:,HIS,413,B,8,1,12.731611044530686,0.125,0.33209,0.01385,0.9906380510955269,B:411:;B:412:;B:413:;B:414:;B:415:;D:25:;D:27:;D:36:,B:413:
catalase_ps,phosphate,201,9,alternative interface,B:172:,GLN,172,B,4,1,12.326607893700588,0.25,0.3288575,0.01256,0.9813407909755298,A:398:;B:172:;B:174:;C:322:,B:174:
catalase_ps,phosphate,202,9,alternative interface,D:193:,HIS,193,D,8,2,13.871988423965389,0.25,0.135525,0.0048,0.9929714990901278,D:152:;D:192:;D:193:;D:197:;D:300:;D:438:;D:439:;D:441:,D:193:;D:300:
catalase_ps,phosphate,203,9,alternative interface,D:358:,PRO,358,D,9,3,14.091133333560462,0.3333333333333333,0.1260088888888889,0.00294,0.9787846372562249,D:333:;D:336:;D:355:;D:356:;D:357:;D:358:;D:360:;D:361:;D:362:,D:336:;D:361:;D:362:
catalase_ps,phosphate,204,10,alternative interface,D:265:,PHE,265,D,7,1,12.221181824841862,0.14285714285714285,0.17124857142857142,0.15394,0.9912995823238787,D:261:;D:262:;D:263:;D:265:;D:266:;D:269:;D:320:,D:262:
catalase_ps,phosphate,205,10,alternative interface,A:260:,GLY,260,A,10,2,12.111296281017953,0.2,0.147032,0.15117,0.990701006769599,A:123:;A:206:;A:207:;A:208:;A:258:;A:259:;A:260:;A:261:;A:262:;A:263:,A:208:;A:262:
catalase_ps,phosphate,206,10,alternative interface,C:260:,GLY,260,C,10,2,12.092410709353022,0.2,0.13208,0.14386,0.9910459477327074,C:123:;C:206:;C:207:;C:208:;C:258:;C:259:;C:260:;C:261:;C:262:;C:263:,C:208:;C:262:
catalase_ps,phosphate,207,10,alternative interface,B:260:,GLY,260,B,10,2,13.897956705839514,0.2,0.155802,0.13701,0.9900379071203773,B:123:;B:206:;B:207:;B:208:;B:258:;B:259:;B:260:;B:262:;B:263:;B:78:,B:208:;B:262:
catalase_ps,phosphate,208,10,alternative interface,D:259:,TYR,259,D,11,1,12.244460211072536,0.09090909090909091,0.19125272727272727,0.11646000000000001,0.9897404389551518,D:123:;D:207:;D:252:;D:256:;D:257:;D:258:;D:259:;D:260:;D:261:;D:262:;D:263:,D:262:
catalase_ps,phosphate,209,10,alternative interface,C:265:,PHE,265,C,8,1,12.15183846280499,0.125,0.1787825,0.10884,0.9903435652560986,C:261:;C:262:;C:263:;C:265:;C:266:;C:269:;C:320:;C:6:,C:262:
catalase_ps,phosphate,210,10,alternative interface,A:353:,ARG,353,A,8,2,15.089835131756015,0.25,0.12696000000000002,0.08732,0.9799247921707083,A:157:;A:335:;A:336:;A:349:;A:353:;A:355:;A:356:;A:357:,A:336:;A:353:
catalase_ps,phosphate,211,10,alternative interface,C:67:,ARG,67,C,9,2,14.433812585851681,0.2222222222222222,0.14019777777777775,0.08529999999999999,0.9047958755879745,A:388:;A:390:;B:69:;B:70:;B:71:;B:72:;C:66:;C:67:;C:69:,B:71:;C:67:
catalase_ps,phosphate,212,10,alternative interface,D:353:,ARG,353,D,7,2,15.262812580985404,0.2857142857142857,0.13687714285714286,0.08083,0.9816537916407417,D:157:;D:336:;D:349:;D:353:;D:355:;D:356:;D:357:,D:336:;D:353:
catalase_ps,phosphate,213,10,alternative interface,A:116:,ALA,116,A,9,2,12.625721419061538,0.2222222222222222,0.1601211111111111,0.03567,0.9829609967236823,A:115:;A:116:;A:117:;A:118:;A:127:;A:167:;A:168:;A:73:;A:74:,A:168:;A:74:
catalase_ps,phosphate,214,10,alternative interface,B:366:,GLY,366,B,10,3,14.047509407332095,0.3,0.124524,0.03342,0.8263438929655359,B:361:;B:362:;B:363:;B:366:;B:367:;B:369:;B:390:;B:391:;D:390:;D:391:,B:361:;B:362:;B:363:
catalase_ps,phosphate,215,10,alternative interface,B:62:,HIS,62,B,9,3,13.195660728947633,0.3333333333333333,0.10407666666666666,0.02854,0.9602613334934058,B:58:;B:59:;B:60:;B:62:;B:65:;B:66:;D:367:;D:386:;D:387:,B:62:;B:65:;D:387:
catalase_ps,phosphate,216,10,alternative interface,B:343:,GLU,343,B,9,2,13.067782323836143,0.2222222222222222,0.1207811111111111,0.026690000000000002,0.9890800008085985,B:219:;B:220:;B:222:;B:338:;B:340:;B:343:;B:344:;B:419:;B:420:,B:220:;B:420:
catalase_ps,phosphate,217,10,alternative interface,C:172:,GLN,172,C,6,1,11.949344991877908,0.16666666666666666,0.22351333333333331,0.01379,0.9868561735821917,B:322:;B:324:;B:325:;C:172:;C:174:;D:398:,C:174:
catalase_ps,phosphate,218,10,alternative interface,A:172:,GLN,172,A,6,1,12.184492458406558,0.16666666666666666,0.25419166666666665,0.013309999999999999,0.9865143532933855,A:172:;A:174:;B:398:;D:322:;D:324:;D:325:,A:174:
catalase_ps,phosphate,219,11,alternative interface,B:337:,ASN,337,B,5,1,9.99690938722819,0.2,0.090404,0.038650000000000004,0.9881701352267026,B:336:;B:337:;B:338:;D:30:;D:32:,B:336:
catalase_ps,phosphate,220,11,alternative interface,D:337:,ASN,337,D,5,1,14.066210874069768,0.2,0.09914399999999998,0.0327,0.9824438587351485,B:32:;D:333:;D:336:;D:337:;D:338:,D:336:
catalase_ps,phosphate,221,11,alternative interface,C:343:,GLU,343,C,8,1,13.143779883627891,0.125,0.13251625,0.02878,0.9880087321669309,C:219:;C:220:;C:222:;C:339:;C:340:;C:343:;C:344:;C:419:,C:220:
catalase_ps,phosphate,222,11,alternative interface,A:343:,GLU,343,A,8,1,12.907612405835968,0.125,0.1172375,0.02801,0.9895468893515591,A:219:;A:220:;A:222:;A:338:;A:340:;A:343:;A:344:;A:419:,A:220:
catalase_ps,phosphate,223,11,alternative interface,D:172:,GLN,172,D,6,1,12.177914737542887,0.16666666666666666,0.2315783333333333,0.013309999999999999,0.9864600214967658,A:322:;A:324:;A:325:;C:398:;D:172:;D:174:,D:174:
catalase_ps,phosphate,224,12,alternative interface,A:337:,ASN,337,A,6,1,14.026273411554333,0.16666666666666666,0.09106833333333335,0.030750000000000003,0.9819881952469198,A:333:;A:335:;A:336:;A:337:;A:338:;C:32:,A:336:
catalase_ps,phosphate,225,12,alternative interface,C:337:,ASN,337,C,6,1,13.92587389297236,0.16666666666666666,0.09144833333333331,0.02563,0.9806394691063388,A:30:;A:32:;C:333:;C:336:;C:337:;C:339:,C:336:
catalase_ps,phosphate,226,12,alternative interface,C:59:,GLU,59,C,9,1,11.913870085055231,0.1111111111111111,0.15319222222222223,0.00641,0.9742824357731429,A:386:;C:28:;C:29:;C:55:;C:57:;C:58:;C:59:;C:60:;C:62:,C:62:
catalase_ps,phosphate,227,12,alternative interface,D:59:,GLU,59,D,9,1,11.716330196657319,0.1111111111111111,0.1479688888888889,0.00509,0.9747973089039329,B:386:;D:28:;D:29:;D:55:;D:57:;D:58:;D:59:;D:60:;D:62:,D:62:
catalase_ps,phosphate,228,12,alternative interface,A:59:,GLU,59,A,9,1,12.044053444158877,0.1111111111111111,0.14797111111111108,0.00505,0.9746944804687089,A:28:;A:29:;A:55:;A:57:;A:58:;A:59:;A:60:;A:62:;C:386:,A:62:
