case_id,map_key,display_rank,pareto_front,classification,center_key,center_res_name,center_res_seq,center_chain,n_members,n_chemistry_seeds,diameter_A,chemistry_support,mean_accessibility,patch_coherence,orientation_coherence,members,seed_members
hsa_paa_fe3o4,anionic,1,1,primary plausible interface,A:478:,THR,478,A,7,4,11.741957014520763,0.5714285714285714,0.46067285714285716,0.99516,0.9741967711029255,A:474:;A:475:;A:477:;A:478:;A:479:;A:480:;A:481:,A:474:;A:475:;A:478:;A:480:
hsa_paa_fe3o4,anionic,2,1,primary plausible interface,A:239:,THR,239,A,10,6,11.737980217854762,0.6,0.385445,0.87949,0.9602742840694843,A:208:;A:212:;A:235:;A:236:;A:237:;A:238:;A:239:;A:240:;A:242:;A:243:,A:212:;A:236:;A:239:;A:240:;A:242:;A:243:
hsa_paa_fe3o4,anionic,3,1,primary plausible interface,A:524:,LYS,524,A,8,4,12.548615107123917,0.5,0.36014625,0.67952,0.9860658116769128,A:520:;A:521:;A:522:;A:523:;A:524:;A:525:;A:527:;A:528:,A:521:;A:524:;A:525:;A:527:
hsa_paa_fe3o4,anionic,4,1,primary plausible interface,A:354:,GLU,354,A,8,4,12.512543515360194,0.5,0.3798775,0.6665800000000001,0.9895449024724599,A:327:;A:350:;A:351:;A:352:;A:354:;A:355:;A:356:;A:358:,A:351:;A:352:;A:355:;A:356:
hsa_paa_fe3o4,anionic,5,1,primary plausible interface,A:519:,LYS,519,A,8,3,10.310251614203262,0.375,0.44766999999999996,0.64724,0.989747283826347,A:516:;A:517:;A:518:;A:519:;A:520:;A:521:;A:522:;A:523:,A:517:;A:519:;A:521:
hsa_paa_fe3o4,anionic,6,1,primary plausible interface,A:567:,CYS,567,A,9,2,13.226307866623126,0.2222222222222222,0.3966144444444445,0.60072,0.9943354313459103,A:558:;A:561:;A:564:;A:565:;A:566:;A:567:;A:568:;A:569:;A:570:,A:564:;A:566:
hsa_paa_fe3o4,anionic,7,1,primary plausible interface,A:124:,CYS,124,A,9,2,12.214114044287335,0.2222222222222222,0.46328666666666657,0.54377,0.9893018982361921,A:120:;A:121:;A:122:;A:123:;A:124:;A:125:;A:126:;A:128:;A:165:,A:125:;A:128:
hsa_paa_fe3o4,anionic,8,1,primary plausible interface,A:472:,ARG,472,A,4,3,6.111791055382365,0.75,0.6100875,0.52588,0.9927112338430758,A:471:;A:472:;A:474:;A:475:,A:472:;A:474:;A:475:
hsa_paa_fe3o4,anionic,9,1,primary plausible interface,A:54:,VAL,54,A,8,2,13.523973740608957,0.25,0.47254375,0.47226999999999997,0.9957115221323113,A:11:;A:51:;A:52:;A:54:;A:55:;A:56:;A:57:;A:8:,A:51:;A:52:
hsa_paa_fe3o4,anionic,10,1,primary plausible interface,A:49:,PHE,49,A,7,3,11.322670543819218,0.42857142857142855,0.4328328571428572,0.42539,0.9945800491903919,A:45:;A:46:;A:47:;A:48:;A:49:;A:51:;A:52:,A:47:;A:51:;A:52:
hsa_paa_fe3o4,anionic,11,1,primary plausible interface,A:129:,ASP,129,A,6,2,9.659359376402087,0.3333333333333333,0.66106,0.42125,0.9940181935504332,A:125:;A:126:;A:128:;A:129:;A:130:;A:131:,A:125:;A:128:
hsa_paa_fe3o4,anionic,12,1,primary plausible interface,A:542:,GLU,542,A,7,3,10.15444220040673,0.42857142857142855,0.43608,0.38927999999999996,0.9947639332187781,A:540:;A:541:;A:542:;A:543:;A:544:;A:545:;A:546:,A:540:;A:541:;A:545:
hsa_paa_fe3o4,anionic,13,1,primary plausible interface,A:314:,ASP,314,A,6,3,10.391114462285556,0.5,0.44492833333333337,0.38719000000000003,0.9942750210950183,A:312:;A:313:;A:314:;A:316:;A:317:;A:318:,A:312:;A:313:;A:317:
hsa_paa_fe3o4,anionic,14,1,primary plausible interface,A:560:,LYS,560,A,7,2,11.717879587821418,0.2857142857142857,0.46358571428571427,0.32414000000000004,0.9973182996056946,A:556:;A:557:;A:558:;A:559:;A:560:;A:561:;A:562:,A:557:;A:560:
hsa_paa_fe3o4,anionic,15,1,primary plausible interface,A:359:,LYS,359,A,7,3,13.226337475282843,0.42857142857142855,0.4419042857142857,0.20582999999999999,0.9977584715049336,A:355:;A:356:;A:358:;A:359:;A:361:;A:362:;A:363:,A:355:;A:356:;A:359:
hsa_paa_fe3o4,anionic,16,1,primary plausible interface,A:563:,ASP,563,A,5,1,9.373104522706225,0.2,0.514218,0.18705,0.9966385209883967,A:561:;A:562:;A:563:;A:564:;A:565:,A:564:
hsa_paa_fe3o4,anionic,17,1,primary plausible interface,A:63:,ASP,63,A,8,3,13.180368915295439,0.375,0.54041875,0.07941,0.9934764733274074,A:57:;A:58:;A:60:;A:61:;A:63:;A:64:;A:65:;A:6:,A:58:;A:64:;A:65:
hsa_paa_fe3o4,anionic,18,2,alternative interface,A:193:,SER,193,A,10,5,12.47227658787827,0.5,0.25548,0.57457,0.6919638864940928,A:146:;A:148:;A:150:;A:189:;A:190:;A:191:;A:192:;A:193:;A:194:;A:197:,A:146:;A:190:;A:192:;A:193:;A:197:
hsa_paa_fe3o4,anionic,19,2,alternative interface,A:68:,THR,68,A,11,4,13.92490078957848,0.36363636363636365,0.3077763636363636,0.54433,0.9859241310542198,A:64:;A:65:;A:66:;A:67:;A:68:;A:69:;A:70:;A:71:;A:72:;A:95:;A:99:,A:64:;A:65:;A:67:;A:68:
hsa_paa_fe3o4,anionic,20,2,alternative interface,A:162:,LYS,162,A,10,4,12.009728166244376,0.4,0.290404,0.5279699999999999,0.9852048944769377,A:135:;A:158:;A:159:;A:160:;A:161:;A:162:;A:163:;A:164:;A:165:;A:166:,A:159:;A:160:;A:162:;A:166:
hsa_paa_fe3o4,anionic,21,2,alternative interface,A:244:,GLU,244,A,8,4,12.383407474712032,0.5,0.28802,0.52701,0.9615258596661563,A:240:;A:242:;A:243:;A:244:;A:247:;A:248:;A:249:;A:252:,A:240:;A:242:;A:243:;A:247:
hsa_paa_fe3o4,anionic,22,2,alternative interface,A:438:,CYS,438,A,9,5,14.26858742385755,0.5555555555555556,0.31467666666666666,0.51376,0.9707830026298943,A:392:;A:433:;A:435:;A:436:;A:438:;A:439:;A:440:;A:441:;A:445:,A:435:;A:436:;A:439:;A:440:;A:445:
hsa_paa_fe3o4,anionic,23,2,alternative interface,A:195:,LYS,195,A,4,3,12.564684336782879,0.75,0.41411,0.49865000000000004,0.5819615758402978,A:191:;A:192:;A:195:;A:199:,A:192:;A:195:;A:199:
hsa_paa_fe3o4,anionic,24,2,alternative interface,A:465:,GLU,465,A,7,3,11.213765273682775,0.42857142857142855,0.42838714285714286,0.49079,0.977690774970328,A:462:;A:463:;A:465:;A:466:;A:467:;A:468:;A:474:,A:466:;A:467:;A:474:
hsa_paa_fe3o4,anionic,25,2,alternative interface,A:233:,LYS,233,A,7,3,12.696973046333326,0.42857142857142855,0.44264428571428566,0.48235,0.9875700624401913,A:229:;A:230:;A:232:;A:233:;A:235:;A:236:;A:237:,A:232:;A:233:;A:236:
hsa_paa_fe3o4,anionic,26,2,alternative interface,A:539:,ALA,539,A,8,4,11.404563959523355,0.5,0.32464125,0.47842,0.9903679670065902,A:536:;A:537:;A:538:;A:539:;A:540:;A:541:;A:543:;A:544:,A:536:;A:538:;A:540:;A:541:
hsa_paa_fe3o4,anionic,27,2,alternative interface,A:535:,HIS,535,A,10,4,13.41720480093254,0.4,0.38180899999999995,0.46345,0.9900727292081445,A:499:;A:500:;A:501:;A:502:;A:531:;A:532:;A:534:;A:535:;A:536:;A:537:,A:500:;A:534:;A:535:;A:536:
hsa_paa_fe3o4,anionic,28,2,alternative interface,A:134:,PHE,134,A,10,3,12.82747140800106,0.3,0.400122,0.45748,0.9926778576856242,A:126:;A:130:;A:131:;A:132:;A:133:;A:134:;A:135:;A:136:;A:137:;A:138:,A:133:;A:136:;A:137:
hsa_paa_fe3o4,anionic,29,2,alternative interface,A:273:,SER,273,A,6,3,11.609515699972995,0.5,0.3837716666666666,0.43926000000000004,0.9836887735482598,A:268:;A:269:;A:273:;A:274:;A:276:;A:296:,A:273:;A:274:;A:276:
hsa_paa_fe3o4,anionic,30,2,alternative interface,A:494:,ASP,494,A,9,3,13.326563020596264,0.3333333333333333,0.4265311111111111,0.43349,0.9876160099638832,A:413:;A:414:;A:491:;A:492:;A:493:;A:494:;A:495:;A:496:;A:497:,A:413:;A:414:;A:496:
hsa_paa_fe3o4,anionic,31,2,alternative interface,A:510:,HIS,510,A,8,2,11.509182053309297,0.25,0.4329225,0.42439,0.9935049883788086,A:508:;A:509:;A:510:;A:511:;A:512:;A:513:;A:565:;A:568:,A:508:;A:510:
hsa_paa_fe3o4,anionic,32,2,alternative interface,A:188:,GLU,188,A,9,3,12.16595076157293,0.3333333333333333,0.4460788888888889,0.40259,0.9678993933099678,A:184:;A:185:;A:186:;A:187:;A:188:;A:189:;A:190:;A:191:;A:192:,A:186:;A:190:;A:192:
hsa_paa_fe3o4,anionic,33,2,alternative interface,A:59:,ALA,59,A,7,2,10.734225140585403,0.2857142857142857,0.5332971428571428,0.3987,0.9934239257882824,A:52:;A:56:;A:57:;A:58:;A:59:;A:60:;A:61:,A:52:;A:58:
hsa_paa_fe3o4,anionic,34,2,alternative interface,A:420:,THR,420,A,7,4,12.202006459943961,0.5714285714285714,0.3406757142857143,0.38006999999999996,0.987234275303827,A:419:;A:420:;A:421:;A:422:;A:424:;A:527:;A:531:,A:419:;A:420:;A:422:;A:527:
hsa_paa_fe3o4,anionic,35,2,alternative interface,A:514:,CYS,514,A,7,1,11.87414113889003,0.14285714285714285,0.4386228571428572,0.33988999999999997,0.9950504553183902,A:511:;A:512:;A:513:;A:514:;A:515:;A:516:;A:559:,A:515:
hsa_paa_fe3o4,anionic,36,2,alternative interface,A:442:,GLU,442,A,6,3,7.7573867024104075,0.5,0.5139866666666667,0.32467,0.9917344658321144,A:440:;A:441:;A:442:;A:443:;A:444:;A:445:,A:440:;A:444:;A:445:
hsa_paa_fe3o4,anionic,37,2,alternative interface,A:306:,ALA,306,A,8,1,10.147025562748038,0.125,0.4501925,0.31575,0.9947546579776738,A:304:;A:305:;A:306:;A:307:;A:308:;A:309:;A:310:;A:311:,A:304:
hsa_paa_fe3o4,anionic,38,2,alternative interface,A:371:,ALA,371,A,7,2,11.407849445374941,0.2857142857142857,0.4813757142857143,0.27225,0.9936689297090645,A:310:;A:311:;A:367:;A:368:;A:369:;A:371:;A:372:,A:367:;A:372:
hsa_paa_fe3o4,anionic,39,2,alternative interface,A:375:,ASP,375,A,6,2,13.096674802277809,0.3333333333333333,0.43968999999999997,0.25111,0.9927798199440597,A:372:;A:374:;A:375:;A:376:;A:378:;A:379:,A:372:;A:378:
hsa_paa_fe3o4,anionic,40,2,alternative interface,A:116:,VAL,116,A,5,2,12.759751629648004,0.4,0.5360739999999999,0.22562000000000001,0.9872659215203056,A:114:;A:115:;A:116:;A:117:;A:118:,A:114:;A:117:
hsa_paa_fe3o4,anionic,41,2,alternative interface,A:319:,TYR,319,A,10,2,12.822011002954628,0.2,0.328964,0.18959,0.9957040851457677,A:316:;A:317:;A:318:;A:319:;A:320:;A:321:;A:322:;A:323:;A:326:;A:327:,A:317:;A:323:
hsa_paa_fe3o4,anionic,42,2,alternative interface,A:324:,ASP,324,A,7,1,9.77040886510757,0.14285714285714285,0.4074785714285714,0.1017,0.9950755245325575,A:322:;A:323:;A:324:;A:325:;A:326:;A:327:;A:328:,A:323:
hsa_paa_fe3o4,anionic,43,2,alternative interface,A:172:,ALA,172,A,5,1,8.930233946704933,0.2,0.45765,0.03139,0.9953692798275842,A:170:;A:171:;A:172:;A:173:;A:174:,A:174:
hsa_paa_fe3o4,anionic,44,3,alternative interface,A:432:,LYS,432,A,8,4,12.976542383020362,0.5,0.31180125,0.50383,0.9577094811137081,A:400:;A:404:;A:428:;A:429:;A:432:;A:433:;A:435:;A:436:,A:428:;A:432:;A:435:;A:436:
hsa_paa_fe3o4,anionic,45,3,alternative interface,A:210:,ALA,210,A,10,3,11.436640549153623,0.3,0.319014,0.37566000000000005,0.9561260454055105,A:202:;A:203:;A:206:;A:207:;A:208:;A:209:;A:210:;A:212:;A:213:;A:214:,A:202:;A:209:;A:212:
hsa_paa_fe3o4,anionic,46,3,alternative interface,A:507:,PHE,507,A,7,2,12.109747367498768,0.2857142857142857,0.4984857142857143,0.37343000000000004,0.992897470903639,A:503:;A:504:;A:505:;A:506:;A:507:;A:508:;A:509:,A:506:;A:508:
hsa_paa_fe3o4,anionic,47,3,alternative interface,A:340:,ASP,340,A,8,3,12.405978558258804,0.375,0.36151875,0.29433,0.9796841852577158,A:338:;A:339:;A:340:;A:341:;A:443:;A:444:;A:445:;A:447:,A:338:;A:444:;A:445:
hsa_paa_fe3o4,anionic,48,3,alternative interface,A:43:,VAL,43,A,10,3,11.731940953184653,0.3,0.27843399999999996,0.26322,0.9906841424528706,A:20:;A:24:;A:40:;A:41:;A:42:;A:43:;A:44:;A:45:;A:46:;A:47:,A:20:;A:41:;A:47:
hsa_paa_fe3o4,anionic,49,3,alternative interface,A:167:,GLU,167,A,7,1,12.552282201654517,0.14285714285714285,0.37650428571428574,0.24289000000000002,0.9950130990578657,A:163:;A:164:;A:165:;A:166:;A:167:;A:170:;A:171:,A:166:
hsa_paa_fe3o4,anionic,50,3,alternative interface,A:411:,TYR,411,A,6,3,10.40678682397129,0.5,0.21410666666666667,0.23828,0.9867310610520275,A:407:;A:409:;A:410:;A:411:;A:413:;A:414:,A:410:;A:413:;A:414:
hsa_paa_fe3o4,anionic,51,3,alternative interface,A:279:,CYS,279,A,7,3,10.778866688302585,0.42857142857142855,0.22887999999999997,0.22204000000000002,0.9852462369568611,A:265:;A:276:;A:277:;A:279:;A:280:;A:281:;A:286:,A:276:;A:281:;A:286:
hsa_paa_fe3o4,anionic,52,3,alternative interface,A:555:,VAL,555,A,9,1,12.058622451921106,0.1111111111111111,0.41710111111111114,0.19611,0.9946009472588533,A:551:;A:552:;A:553:;A:554:;A:555:;A:556:;A:557:;A:558:;A:559:,A:557:
hsa_paa_fe3o4,anionic,53,3,alternative interface,A:366:,PRO,366,A,10,1,12.064785028414,0.1,0.444365,0.14723,0.9937819843658995,A:316:;A:361:;A:362:;A:363:;A:364:;A:365:;A:366:;A:367:;A:368:;A:369:,A:367:
hsa_paa_fe3o4,anionic,54,3,alternative interface,A:547:,VAL,547,A,9,1,13.09239458176554,0.1111111111111111,0.5305977777777778,0.10421,0.9925314852219862,A:543:;A:544:;A:545:;A:546:;A:547:;A:548:;A:549:;A:550:;A:551:,A:545:
hsa_paa_fe3o4,anionic,55,4,alternative interface,A:198:,LEU,198,A,6,3,11.023863212992062,0.5,0.17737,0.42548,0.7861587339683921,A:197:;A:198:;A:199:;A:201:;A:202:;A:455:,A:197:;A:199:;A:202:
hsa_paa_fe3o4,anionic,56,4,alternative interface,A:73:,LYS,73,A,11,2,14.182614023053937,0.18181818181818182,0.2796454545454545,0.34192999999999996,0.9837389902249964,A:42:;A:46:;A:69:;A:70:;A:71:;A:72:;A:73:;A:74:;A:75:;A:76:;A:77:,A:73:;A:76:
hsa_paa_fe3o4,anionic,57,4,alternative interface,A:204:,GLN,204,A,7,2,8.837004278666292,0.2857142857142857,0.2885057142857143,0.31674,0.9809900756907365,A:201:;A:202:;A:203:;A:204:;A:205:;A:206:;A:207:,A:202:;A:205:
hsa_paa_fe3o4,anionic,58,4,alternative interface,A:10:,ARG,10,A,12,3,13.017416865730091,0.25,0.22290916666666669,0.30822,0.988768928471872,A:10:;A:11:;A:12:;A:13:;A:14:;A:251:;A:252:;A:255:;A:6:;A:7:;A:8:;A:9:,A:10:;A:12:;A:9:
hsa_paa_fe3o4,anionic,59,4,alternative interface,A:183:,ASP,183,A,9,2,12.591479549084616,0.2222222222222222,0.45698,0.29556,0.9913864914196755,A:179:;A:180:;A:181:;A:182:;A:183:;A:184:;A:185:;A:186:;A:187:,A:181:;A:186:
hsa_paa_fe3o4,anionic,60,4,alternative interface,A:270:,SER,270,A,7,2,12.577365956535198,0.2857142857142857,0.4724528571428572,0.28185,0.9794717490898023,A:225:;A:227:;A:230:;A:267:;A:268:;A:269:;A:270:,A:225:;A:270:
hsa_paa_fe3o4,anionic,61,4,alternative interface,A:142:,ILE,142,A,8,3,12.244517114511357,0.375,0.21490749999999997,0.26268,0.9747602537150389,A:138:;A:139:;A:140:;A:141:;A:142:;A:144:;A:145:;A:146:,A:144:;A:145:;A:146:
hsa_paa_fe3o4,anionic,62,4,alternative interface,A:482:,VAL,482,A,8,3,12.53725348263222,0.375,0.23875249999999998,0.21364,0.9582052627672287,A:344:;A:347:;A:348:;A:480:;A:481:;A:482:;A:483:;A:484:,A:348:;A:480:;A:484:
hsa_paa_fe3o4,anionic,63,4,alternative interface,A:529:,LEU,529,A,8,2,12.82812300125477,0.25,0.24776,0.20800000000000002,0.984380845745666,A:409:;A:525:;A:527:;A:528:;A:529:;A:531:;A:532:;A:548:,A:525:;A:527:
hsa_paa_fe3o4,anionic,64,4,alternative interface,A:336:,ARG,336,A,9,3,13.037746770552147,0.3333333333333333,0.21889333333333333,0.19623000000000002,0.9758013414790466,A:223:;A:298:;A:332:;A:333:;A:334:;A:336:;A:337:;A:338:;A:339:,A:336:;A:337:;A:338:
hsa_paa_fe3o4,anionic,65,4,alternative interface,A:487:,CYS,487,A,7,2,12.852957452703516,0.2857142857142857,0.3114157142857143,0.18098,0.9804646234930955,A:483:;A:484:;A:486:;A:487:;A:489:;A:490:;A:491:,A:484:;A:489:
hsa_paa_fe3o4,anionic,66,4,alternative interface,A:380:,LEU,380,A,8,2,12.638684111227436,0.25,0.4111725,0.11900000000000001,0.9857456656033461,A:348:;A:376:;A:378:;A:379:;A:380:;A:381:;A:382:;A:383:,A:348:;A:378:
hsa_paa_fe3o4,anionic,67,4,alternative interface,A:448:,CYS,448,A,8,3,12.391593487481655,0.375,0.24741875000000002,0.11721,0.9625603442961203,A:436:;A:444:;A:445:;A:447:;A:448:;A:449:;A:451:;A:452:,A:436:;A:444:;A:445:
hsa_paa_fe3o4,anionic,68,4,alternative interface,A:282:,PRO,282,A,7,2,11.511622771192958,0.2857142857142857,0.36903,0.10210000000000001,0.9913723504486317,A:280:;A:281:;A:282:;A:283:;A:284:;A:285:;A:286:,A:281:;A:286:
hsa_paa_fe3o4,anionic,69,4,alternative interface,A:299:,PRO,299,A,7,1,12.764920924171474,0.14285714285714285,0.49411,0.08265,0.9914046856237289,A:225:;A:297:;A:298:;A:299:;A:300:;A:301:;A:302:,A:225:
hsa_paa_fe3o4,anionic,70,4,alternative interface,A:156:,PHE,156,A,9,3,12.621334410997902,0.3333333333333333,0.23046222222222223,0.08103999999999999,0.9641437827895531,A:153:;A:155:;A:156:;A:158:;A:159:;A:160:;A:284:;A:285:;A:288:,A:159:;A:160:;A:288:
hsa_paa_fe3o4,anionic,71,5,alternative interface,A:388:,ILE,388,A,10,2,12.197193181405192,0.2,0.40356000000000003,0.26256,0.9799616083390129,A:385:;A:386:;A:387:;A:388:;A:389:;A:390:;A:391:;A:392:;A:445:;A:449:,A:389:;A:445:
hsa_paa_fe3o4,anionic,72,5,alternative interface,A:303:,PRO,303,A,6,1,13.9224106385476,0.16666666666666666,0.42450833333333343,0.24461,0.9903274415527441,A:301:;A:302:;A:303:;A:304:;A:305:;A:307:,A:304:
hsa_paa_fe3o4,anionic,73,5,alternative interface,A:425:,GLU,425,A,7,2,12.41088747667095,0.2857142857142857,0.33366428571428564,0.19736,0.9652636954509441,A:421:;A:422:;A:424:;A:425:;A:426:;A:428:;A:429:,A:422:;A:428:
hsa_paa_fe3o4,anionic,74,5,alternative interface,A:228:,PHE,228,A,7,1,11.829641934555957,0.14285714285714285,0.45357857142857144,0.18671,0.9839757735212923,A:227:;A:228:;A:229:;A:230:;A:232:;A:329:;A:332:,A:232:
hsa_paa_fe3o4,anionic,75,5,alternative interface,A:216:,VAL,216,A,11,3,13.076332809568997,0.2727272727272727,0.27444545454545455,0.18529,0.9684487632888759,A:212:;A:213:;A:214:;A:216:;A:218:;A:219:;A:232:;A:235:;A:328:;A:331:;A:332:,A:212:;A:218:;A:232:
hsa_paa_fe3o4,anionic,76,5,alternative interface,A:287:,SER,287,A,11,3,12.611281043148624,0.2727272727272727,0.28523818181818184,0.15042,0.9703084352130392,A:258:;A:261:;A:283:;A:284:;A:285:;A:286:;A:287:;A:288:;A:289:;A:290:;A:291:,A:286:;A:287:;A:288:
hsa_paa_fe3o4,anionic,77,5,alternative interface,A:38:,ASP,38,A,8,1,11.838148970859462,0.125,0.4278075,0.14439,0.9864604916298871,A:34:;A:35:;A:36:;A:37:;A:38:;A:40:;A:41:;A:42:,A:41:
hsa_paa_fe3o4,anionic,78,5,alternative interface,A:113:,PRO,113,A,5,1,11.707779543991938,0.2,0.43302399999999996,0.10082,0.9783345302166505,A:111:;A:112:;A:113:;A:114:;A:115:,A:114:
hsa_paa_fe3o4,anionic,79,5,alternative interface,A:454:,SER,454,A,6,2,12.423395288691522,0.3333333333333333,0.20694833333333337,0.10066000000000001,0.9399873733992743,A:451:;A:452:;A:453:;A:454:;A:455:;A:484:,A:454:;A:484:
hsa_paa_fe3o4,anionic,80,5,alternative interface,A:21:,ALA,21,A,8,2,12.990697401434131,0.25,0.2478475,0.06807,0.9750340413245575,A:136:;A:139:;A:155:;A:17:;A:18:;A:20:;A:21:;A:24:,A:136:;A:20:
hsa_paa_fe3o4,anionic,81,6,alternative interface,A:103:,LEU,103,A,10,2,12.394132059557487,0.2,0.34470999999999996,0.21255,0.9663015477537448,A:100:;A:101:;A:102:;A:103:;A:104:;A:105:;A:247:;A:248:;A:30:;A:99:,A:105:;A:247:
hsa_paa_fe3o4,anionic,82,6,alternative interface,A:178:,LEU,178,A,12,2,12.7674652341487,0.16666666666666666,0.2685591666666667,0.1356,0.9868031320966218,A:120:;A:164:;A:165:;A:174:;A:175:;A:176:;A:177:;A:178:;A:179:;A:180:;A:181:;A:182:,A:174:;A:181:
hsa_paa_fe3o4,anionic,83,6,alternative interface,A:260:,LEU,260,A,11,2,12.8182426676281,0.18181818181818182,0.2865081818181818,0.13537000000000002,0.9753318170619657,A:237:;A:238:;A:256:;A:257:;A:258:;A:259:;A:260:;A:261:;A:262:;A:263:;A:264:,A:257:;A:262:
hsa_paa_fe3o4,anionic,84,6,alternative interface,A:15:,GLY,15,A,8,1,11.244732084478915,0.125,0.40721625,0.12317,0.9890849644903926,A:11:;A:12:;A:13:;A:14:;A:15:;A:16:;A:17:;A:18:,A:12:
hsa_paa_fe3o4,anionic,85,6,alternative interface,A:94:,GLN,94,A,8,1,12.008004553765106,0.125,0.346825,0.05835,0.9901014589799966,A:91:;A:92:;A:93:;A:94:;A:95:;A:96:;A:97:;A:99:,A:93:
hsa_paa_fe3o4,anionic,86,6,alternative interface,A:32:,GLN,32,A,9,2,13.079727747930821,0.2222222222222222,0.24884777777777772,0.0525,0.9692395225356266,A:107:;A:110:;A:144:;A:145:;A:30:;A:31:;A:32:;A:33:;A:34:,A:144:;A:145:
hsa_paa_fe3o4,anionic,87,7,alternative interface,A:405:,ASN,405,A,7,1,12.817647853024756,0.14285714285714285,0.2408614285714286,0.07941,0.9829701833705203,A:401:;A:402:;A:404:;A:405:;A:406:;A:407:;A:409:,A:402:
hsa_paa_fe3o4,anionic,88,7,alternative interface,A:399:,GLY,399,A,8,1,11.252721292843585,0.125,0.39805625,0.07941,0.9870208995511187,A:395:;A:396:;A:397:;A:398:;A:399:;A:400:;A:401:;A:402:,A:402:
hsa_paa_fe3o4,anionic,89,8,alternative interface,A:254:,ALA,254,A,7,1,10.84961856103867,0.14285714285714285,0.17279285714285714,0.03639,0.9808987932931696,A:251:;A:252:;A:254:;A:255:;A:256:;A:257:;A:258:,A:257:
hsa_paa_fe3o4,cationic,1,1,primary plausible interface,A:130:,ASN,130,A,8,5,10.436118166165713,0.625,0.583805,0.96203,0.9928237607486038,A:126:;A:128:;A:129:;A:130:;A:131:;A:132:;A:133:;A:134:,A:129:;A:130:;A:131:;A:132:;A:133:
hsa_paa_fe3o4,cationic,2,1,primary plausible interface,A:268:,GLN,268,A,9,6,12.376024923523358,0.6666666666666666,0.4298855555555556,0.77546,0.9840000907722656,A:264:;A:265:;A:266:;A:267:;A:268:;A:269:;A:270:;A:273:;A:276:,A:266:;A:267:;A:268:;A:269:;A:270:;A:273:
hsa_paa_fe3o4,cationic,3,1,primary plausible interface,A:312:,SER,312,A,8,4,10.99501552767358,0.5,0.49902499999999994,0.67455,0.9955427031521759,A:307:;A:308:;A:309:;A:310:;A:311:;A:312:;A:313:;A:314:,A:308:;A:311:;A:312:;A:314:
hsa_paa_fe3o4,cationic,4,1,primary plausible interface,A:48:,GLU,48,A,8,5,12.734740849922904,0.625,0.47524875,0.62466,0.993488932221206,A:44:;A:45:;A:46:;A:47:;A:48:;A:49:;A:51:;A:52:,A:44:;A:45:;A:47:;A:48:;A:52:
hsa_paa_fe3o4,cationic,5,1,primary plausible interface,A:58:,SER,58,A,7,6,10.734225140585403,0.8571428571428571,0.5749757142857144,0.58941,0.9944441030964106,A:56:;A:57:;A:58:;A:59:;A:60:;A:61:;A:63:,A:56:;A:57:;A:58:;A:60:;A:61:;A:63:
hsa_paa_fe3o4,cationic,6,1,primary plausible interface,A:355:,THR,355,A,7,5,12.726634973911464,0.7142857142857143,0.43336428571428565,0.51336,0.9963706814580728,A:351:;A:352:;A:354:;A:355:;A:356:;A:358:;A:359:,A:352:;A:354:;A:355:;A:356:;A:358:
hsa_paa_fe3o4,cationic,7,1,primary plausible interface,A:322:,ALA,322,A,9,4,10.28549977185053,0.4444444444444444,0.4665455555555556,0.45055,0.9962347537905698,A:318:;A:319:;A:320:;A:321:;A:322:;A:323:;A:324:;A:325:;A:326:,A:318:;A:319:;A:321:;A:324:
hsa_paa_fe3o4,cationic,8,1,primary plausible interface,A:502:,PHE,502,A,7,3,13.059346901837548,0.42857142857142855,0.6209242857142857,0.41341,0.9897334103889847,A:500:;A:501:;A:502:;A:503:;A:504:;A:506:;A:535:,A:501:;A:503:;A:506:
hsa_paa_fe3o4,cationic,9,1,primary plausible interface,A:569:,ALA,569,A,6,3,9.284740409383028,0.5,0.45547833333333326,0.37222,0.9972690496033968,A:565:;A:566:;A:567:;A:568:;A:569:;A:570:,A:565:;A:566:;A:570:
hsa_paa_fe3o4,cationic,10,1,primary plausible interface,A:560:,LYS,560,A,7,2,11.717879587821418,0.2857142857142857,0.46358571428571427,0.2874,0.9973182996056946,A:556:;A:557:;A:558:;A:559:;A:560:;A:561:;A:562:,A:556:;A:562:
hsa_paa_fe3o4,cationic,11,1,primary plausible interface,A:54:,VAL,54,A,8,3,13.523973740608957,0.375,0.47254375,0.26594,0.9957115221323113,A:11:;A:51:;A:52:;A:54:;A:55:;A:56:;A:57:;A:8:,A:52:;A:56:;A:57:
hsa_paa_fe3o4,cationic,12,1,primary plausible interface,A:364:,ALA,364,A,5,1,8.577842309178038,0.2,0.48925599999999997,0.11562,0.9975276653713164,A:362:;A:363:;A:364:;A:365:;A:366:,A:365:
hsa_paa_fe3o4,cationic,13,1,primary plausible interface,A:150:,TYR,150,A,4,4,11.159332906998271,1.0,0.1372425,0.07723,0.8875148074858593,A:148:;A:150:;A:153:;A:193:,A:148:;A:150:;A:153:;A:193:
hsa_paa_fe3o4,cationic,14,2,alternative interface,A:386:,ASN,386,A,8,5,11.904327180283419,0.625,0.55832125,0.78786,0.9846686497820076,A:382:;A:383:;A:385:;A:386:;A:387:;A:388:;A:389:;A:390:,A:382:;A:383:;A:385:;A:386:;A:390:
hsa_paa_fe3o4,cationic,15,2,alternative interface,A:564:,LYS,564,A,10,4,12.358286816793383,0.4,0.42190399999999995,0.64178,0.9947633689080657,A:558:;A:559:;A:561:;A:562:;A:563:;A:564:;A:565:;A:566:;A:567:;A:568:,A:562:;A:563:;A:565:;A:566:
hsa_paa_fe3o4,cationic,16,2,alternative interface,A:122:,VAL,122,A,9,3,11.09006345517144,0.3333333333333333,0.5555177777777778,0.63225,0.9905880887391874,A:118:;A:119:;A:120:;A:121:;A:122:;A:123:;A:124:;A:125:;A:126:,A:119:;A:121:;A:125:
hsa_paa_fe3o4,cationic,17,2,alternative interface,A:306:,ALA,306,A,8,3,10.147025562748038,0.375,0.4501925,0.62936,0.9947546579776738,A:304:;A:305:;A:306:;A:307:;A:308:;A:309:;A:310:;A:311:,A:304:;A:308:;A:311:
hsa_paa_fe3o4,cationic,18,2,alternative interface,A:64:,LYS,64,A,8,5,11.479167302568936,0.625,0.40494375,0.5970300000000001,0.992288967108747,A:61:;A:63:;A:64:;A:65:;A:66:;A:68:;A:69:;A:6:,A:61:;A:63:;A:65:;A:68:;A:6:
hsa_paa_fe3o4,cationic,19,2,alternative interface,A:494:,ASP,494,A,9,5,13.326563020596264,0.5555555555555556,0.4265311111111111,0.57942,0.9876160099638832,A:413:;A:414:;A:491:;A:492:;A:493:;A:494:;A:495:;A:496:;A:497:,A:492:;A:494:;A:495:;A:496:;A:497:
hsa_paa_fe3o4,cationic,20,2,alternative interface,A:517:,SER,517,A,7,4,11.313737867603365,0.5714285714285714,0.5044928571428572,0.5030899999999999,0.9934522858997558,A:515:;A:516:;A:517:;A:518:;A:519:;A:520:;A:521:,A:515:;A:517:;A:518:;A:520:
hsa_paa_fe3o4,cationic,21,2,alternative interface,A:545:,LYS,545,A,9,3,12.643105270886153,0.3333333333333333,0.5140277777777778,0.49152999999999997,0.9919052259217254,A:541:;A:542:;A:543:;A:544:;A:545:;A:546:;A:547:;A:548:;A:549:,A:542:;A:543:;A:549:
hsa_paa_fe3o4,cationic,22,2,alternative interface,A:514:,CYS,514,A,7,2,11.87414113889003,0.2857142857142857,0.4386228571428572,0.47412999999999994,0.9950504553183902,A:511:;A:512:;A:513:;A:514:;A:515:;A:516:;A:559:,A:512:;A:515:
hsa_paa_fe3o4,cationic,23,2,alternative interface,A:230:,GLU,230,A,7,4,13.109411619709586,0.5714285714285714,0.5075585714285714,0.46308,0.9853661640071751,A:227:;A:228:;A:229:;A:230:;A:232:;A:233:;A:270:,A:227:;A:230:;A:232:;A:270:
hsa_paa_fe3o4,cationic,24,2,alternative interface,A:551:,PHE,551,A,9,2,12.81515827289164,0.2222222222222222,0.5045755555555556,0.40463,0.9929861147605782,A:547:;A:548:;A:549:;A:550:;A:551:;A:552:;A:553:;A:554:;A:555:,A:549:;A:550:
hsa_paa_fe3o4,cationic,25,2,alternative interface,A:300:,ALA,300,A,5,1,9.291772646618924,0.2,0.457446,0.16663,0.9965668394675776,A:298:;A:299:;A:300:;A:301:;A:302:,A:301:
hsa_paa_fe3o4,cationic,26,2,alternative interface,A:417:,GLN,417,A,4,3,14.064792011229262,0.75,0.3422825,0.07097,0.9815964384469776,A:417:;A:419:;A:469:;A:497:,A:417:;A:419:;A:497:
hsa_paa_fe3o4,cationic,27,2,alternative interface,A:498:,VAL,498,A,5,2,12.59319760442576,0.4,0.536342,0.02556,0.990622971384583,A:496:;A:497:;A:498:;A:499:;A:500:,A:496:;A:497:
hsa_paa_fe3o4,cationic,28,3,alternative interface,A:474:,THR,474,A,9,5,14.855626391498838,0.5555555555555556,0.5529244444444444,0.6406100000000001,0.9620590948470453,A:465:;A:468:;A:471:;A:472:;A:474:;A:475:;A:477:;A:478:;A:479:,A:465:;A:471:;A:474:;A:478:;A:479:
hsa_paa_fe3o4,cationic,29,3,alternative interface,A:110:,PRO,110,A,8,5,11.052198037775137,0.625,0.36708624999999995,0.6308400000000001,0.9676881690385771,A:107:;A:108:;A:109:;A:110:;A:111:;A:112:;A:145:;A:32:,A:107:;A:108:;A:109:;A:111:;A:32:
hsa_paa_fe3o4,cationic,30,3,alternative interface,A:185:,LEU,185,A,10,5,13.073691412978866,0.5,0.401652,0.5792,0.9788720113494637,A:161:;A:181:;A:182:;A:183:;A:184:;A:185:;A:186:;A:187:;A:188:;A:189:,A:161:;A:183:;A:184:;A:187:;A:188:
hsa_paa_fe3o4,cationic,31,3,alternative interface,A:392:,CYS,392,A,10,4,11.742280724550081,0.4,0.359818,0.5686599999999999,0.9828194447737797,A:388:;A:389:;A:390:;A:391:;A:392:;A:393:;A:394:;A:395:;A:396:;A:438:,A:390:;A:391:;A:393:;A:396:
hsa_paa_fe3o4,cationic,32,3,alternative interface,A:263:,TYR,263,A,9,4,12.344278105006062,0.4444444444444444,0.3138488888888889,0.5301100000000001,0.9890289056874884,A:259:;A:260:;A:261:;A:262:;A:263:;A:264:;A:265:;A:266:;A:267:,A:259:;A:263:;A:266:;A:267:
hsa_paa_fe3o4,cationic,33,3,alternative interface,A:101:,CYS,101,A,9,4,12.976009664005861,0.4444444444444444,0.3665355555555555,0.48056,0.9875044361933765,A:100:;A:101:;A:102:;A:103:;A:104:;A:105:;A:90:;A:97:;A:99:,A:100:;A:104:;A:97:;A:99:
hsa_paa_fe3o4,cationic,34,3,alternative interface,A:316:,CYS,316,A,9,3,13.109128598180346,0.3333333333333333,0.38576000000000005,0.47540999999999994,0.9917303318527856,A:313:;A:314:;A:316:;A:317:;A:318:;A:319:;A:320:;A:361:;A:366:,A:314:;A:318:;A:319:
hsa_paa_fe3o4,cationic,35,3,alternative interface,A:510:,HIS,510,A,8,3,11.509182053309297,0.375,0.4329225,0.47476999999999997,0.9935049883788086,A:508:;A:509:;A:510:;A:511:;A:512:;A:513:;A:565:;A:568:,A:508:;A:512:;A:565:
hsa_paa_fe3o4,cationic,36,3,alternative interface,A:20:,LYS,20,A,9,5,12.931235707035132,0.5555555555555556,0.3223333333333333,0.45648000000000005,0.9848987225297208,A:16:;A:17:;A:18:;A:20:;A:21:;A:24:;A:43:;A:44:;A:47:,A:16:;A:17:;A:18:;A:44:;A:47:
hsa_paa_fe3o4,cationic,37,3,alternative interface,A:399:,GLY,399,A,8,4,11.252721292843585,0.5,0.39805625,0.45548,0.9870208995511187,A:395:;A:396:;A:397:;A:398:;A:399:;A:400:;A:401:;A:402:,A:396:;A:397:;A:400:;A:401:
hsa_paa_fe3o4,cationic,38,3,alternative interface,A:15:,GLY,15,A,8,4,11.244732084478915,0.5,0.40721625,0.45216999999999996,0.9890849644903926,A:11:;A:12:;A:13:;A:14:;A:15:;A:16:;A:17:;A:18:,A:13:;A:16:;A:17:;A:18:
hsa_paa_fe3o4,cationic,39,3,alternative interface,A:296:,ASP,296,A,9,5,13.255204678426763,0.5555555555555556,0.4481488888888889,0.42939,0.983097288807817,A:223:;A:225:;A:273:;A:274:;A:294:;A:295:;A:296:;A:297:;A:298:,A:273:;A:294:;A:295:;A:296:;A:297:
hsa_paa_fe3o4,cationic,40,3,alternative interface,A:507:,PHE,507,A,7,4,12.109747367498768,0.5714285714285714,0.4984857142857143,0.41689,0.992897470903639,A:503:;A:504:;A:505:;A:506:;A:507:;A:508:;A:509:,A:503:;A:505:;A:506:;A:508:
hsa_paa_fe3o4,cationic,41,3,alternative interface,A:171:,ALA,171,A,7,3,11.398227693079717,0.42857142857142855,0.47427714285714284,0.32809,0.9929450799568263,A:167:;A:170:;A:171:;A:172:;A:173:;A:174:;A:177:,A:167:;A:170:;A:173:
hsa_paa_fe3o4,cationic,42,3,alternative interface,A:443:,ALA,443,A,7,2,11.382055050794209,0.2857142857142857,0.50986,0.26876,0.9856646267535693,A:340:;A:440:;A:441:;A:442:;A:443:;A:444:;A:445:,A:340:;A:442:
hsa_paa_fe3o4,cationic,43,3,alternative interface,A:175:,ALA,175,A,8,1,10.331100474687217,0.125,0.35616125000000004,0.23751999999999998,0.9939430851081502,A:120:;A:173:;A:174:;A:175:;A:176:;A:177:;A:178:;A:179:,A:173:
hsa_paa_fe3o4,cationic,44,3,alternative interface,A:180:,PRO,180,A,9,2,13.183910262178594,0.2222222222222222,0.3850088888888889,0.14112,0.9946306945146123,A:176:;A:177:;A:178:;A:179:;A:180:;A:181:;A:182:;A:183:;A:184:,A:183:;A:184:
hsa_paa_fe3o4,cationic,45,3,alternative interface,A:89:,ASP,89,A,5,1,7.780403784847641,0.2,0.3526679999999999,0.12108000000000001,0.9958123113607672,A:89:;A:90:;A:91:;A:92:;A:93:,A:89:
hsa_paa_fe3o4,cationic,46,4,alternative interface,A:239:,THR,239,A,10,5,11.737980217854762,0.5,0.385445,0.5575600000000001,0.9602742840694843,A:208:;A:212:;A:235:;A:236:;A:237:;A:238:;A:239:;A:240:;A:242:;A:243:,A:208:;A:236:;A:237:;A:239:;A:243:
hsa_paa_fe3o4,cationic,47,4,alternative interface,A:480:,SER,480,A,8,4,10.345790053595616,0.5,0.37601249999999997,0.5122399999999999,0.9674117391734003,A:477:;A:478:;A:479:;A:480:;A:481:;A:482:;A:483:;A:484:,A:478:;A:479:;A:480:;A:483:
hsa_paa_fe3o4,cationic,48,4,alternative interface,A:135:,LEU,135,A,11,4,12.713898975946313,0.36363636363636365,0.33730454545454547,0.45109,0.9858314737718801,A:131:;A:132:;A:133:;A:134:;A:135:;A:136:;A:137:;A:138:;A:139:;A:158:;A:162:,A:131:;A:132:;A:133:;A:138:
hsa_paa_fe3o4,cationic,49,4,alternative interface,A:466:,LYS,466,A,6,2,9.568406830071506,0.3333333333333333,0.41788166666666665,0.42918999999999996,0.9908586793214236,A:462:;A:463:;A:465:;A:466:;A:467:;A:468:,A:465:;A:467:
hsa_paa_fe3o4,cationic,50,4,alternative interface,A:41:,LYS,41,A,8,4,12.494255127108138,0.5,0.4598625,0.40655,0.9896677702323242,A:37:;A:38:;A:40:;A:41:;A:42:;A:43:;A:44:;A:45:,A:37:;A:38:;A:44:;A:45:
hsa_paa_fe3o4,cationic,51,4,alternative interface,A:35:,PRO,35,A,6,3,11.771783234458987,0.5,0.49487666666666663,0.40596,0.9889216324605773,A:33:;A:34:;A:35:;A:36:;A:37:;A:38:,A:33:;A:37:;A:38:
hsa_paa_fe3o4,cationic,52,4,alternative interface,A:381:,VAL,381,A,7,3,10.91214926766362,0.42857142857142855,0.44663,0.37059,0.9898028870398836,A:378:;A:379:;A:380:;A:381:;A:382:;A:383:;A:385:,A:382:;A:383:;A:385:
hsa_paa_fe3o4,cationic,53,4,alternative interface,A:540:,THR,540,A,8,3,12.566476952091362,0.375,0.349175,0.36606,0.990696202041886,A:537:;A:538:;A:539:;A:540:;A:541:;A:542:;A:543:;A:544:,A:540:;A:542:;A:543:
hsa_paa_fe3o4,cationic,54,4,alternative interface,A:367:,HIS,367,A,9,3,13.188614795733486,0.3333333333333333,0.4304777777777778,0.34686,0.9928511738629683,A:310:;A:311:;A:313:;A:365:;A:366:;A:367:;A:368:;A:369:;A:371:,A:311:;A:365:;A:368:
hsa_paa_fe3o4,cationic,55,4,alternative interface,A:94:,GLN,94,A,8,4,12.008004553765106,0.5,0.346825,0.23997,0.9901014589799966,A:91:;A:92:;A:93:;A:94:;A:95:;A:96:;A:97:;A:99:,A:94:;A:95:;A:97:;A:99:
hsa_paa_fe3o4,cationic,56,5,alternative interface,A:256:,ASP,256,A,8,4,11.970664341874619,0.5,0.2461325,0.38614,0.9811333366833203,A:252:;A:254:;A:255:;A:256:;A:257:;A:258:;A:259:;A:260:,A:252:;A:255:;A:256:;A:259:
hsa_paa_fe3o4,cationic,57,5,alternative interface,A:165:,PHE,165,A,9,3,12.286032858841187,0.3333333333333333,0.3432544444444445,0.38589,0.987942543592194,A:124:;A:161:;A:162:;A:163:;A:164:;A:165:;A:166:;A:167:;A:178:,A:161:;A:166:;A:167:
hsa_paa_fe3o4,cationic,58,5,alternative interface,A:293:,VAL,293,A,8,3,12.436130655865226,0.375,0.39031875000000005,0.37953000000000003,0.9754363036634506,A:274:;A:289:;A:290:;A:291:;A:292:;A:293:;A:294:;A:295:,A:292:;A:294:;A:295:
hsa_paa_fe3o4,cationic,59,5,alternative interface,A:422:,THR,422,A,8,4,12.35894496239203,0.5,0.32623749999999996,0.36272,0.9650356236475234,A:419:;A:420:;A:421:;A:422:;A:424:;A:425:;A:426:;A:463:,A:419:;A:420:;A:422:;A:425:
hsa_paa_fe3o4,cationic,60,5,alternative interface,A:190:,LYS,190,A,9,4,12.461799964377445,0.4444444444444444,0.38917555555555555,0.34785,0.9215496415901775,A:186:;A:187:;A:188:;A:189:;A:190:;A:191:;A:192:;A:193:;A:194:,A:187:;A:188:;A:192:;A:193:
hsa_paa_fe3o4,cationic,61,5,alternative interface,A:67:,HIS,67,A,10,4,12.154804109828653,0.4,0.318801,0.29309,0.9839897095602526,A:65:;A:66:;A:67:;A:68:;A:69:;A:70:;A:71:;A:95:;A:96:;A:99:,A:65:;A:68:;A:95:;A:99:
hsa_paa_fe3o4,cationic,62,5,alternative interface,A:328:,GLY,328,A,10,2,12.547804431611391,0.2,0.325836,0.28357,0.9882256238283214,A:213:;A:216:;A:324:;A:325:;A:326:;A:327:;A:328:;A:329:;A:331:;A:332:,A:324:;A:332:
hsa_paa_fe3o4,cationic,63,5,alternative interface,A:376:,GLU,376,A,8,3,14.54239694484155,0.375,0.39856875,0.27801,0.9889418656677679,A:352:;A:372:;A:374:;A:375:;A:376:;A:378:;A:379:;A:380:,A:352:;A:375:;A:376:
hsa_paa_fe3o4,cationic,64,5,alternative interface,A:303:,PRO,303,A,6,2,13.9224106385476,0.3333333333333333,0.42450833333333343,0.20908000000000002,0.9903274415527441,A:301:;A:302:;A:303:;A:304:;A:305:;A:307:,A:301:;A:304:
hsa_paa_fe3o4,cationic,65,5,alternative interface,A:282:,PRO,282,A,7,2,11.511622771192958,0.2857142857142857,0.36903,0.16847,0.9913723504486317,A:280:;A:281:;A:282:;A:283:;A:284:;A:285:;A:286:,A:280:;A:285:
hsa_paa_fe3o4,cationic,66,5,alternative interface,A:251:,LEU,251,A,6,3,11.117647889496162,0.5,0.16993333333333335,0.12972,0.9847106551045496,A:10:;A:249:;A:251:;A:252:;A:254:;A:255:,A:249:;A:252:;A:255:
hsa_paa_fe3o4,cationic,67,5,alternative interface,A:405:,ASN,405,A,7,3,12.817647853024756,0.42857142857142855,0.2408614285714286,0.10269,0.9829701833705203,A:401:;A:402:;A:404:;A:405:;A:406:;A:407:;A:409:,A:401:;A:404:;A:405:
hsa_paa_fe3o4,cationic,68,6,alternative interface,A:73:,LYS,73,A,11,2,14.182614023053937,0.18181818181818182,0.2796454545454545,0.38032,0.9837389902249964,A:42:;A:46:;A:69:;A:70:;A:71:;A:72:;A:73:;A:74:;A:75:;A:76:;A:77:,A:72:;A:76:
hsa_paa_fe3o4,cationic,69,6,alternative interface,A:428:,ARG,428,A,7,3,12.556058148960588,0.42857142857142855,0.2768771428571429,0.31748,0.9615271196769063,A:404:;A:424:;A:425:;A:426:;A:428:;A:429:;A:432:,A:404:;A:425:;A:429:
hsa_paa_fe3o4,cationic,70,6,alternative interface,A:244:,GLU,244,A,8,4,12.383407474712032,0.5,0.28802,0.29166000000000003,0.9615258596661563,A:240:;A:242:;A:243:;A:244:;A:247:;A:248:;A:249:;A:252:,A:243:;A:244:;A:249:;A:252:
hsa_paa_fe3o4,cationic,71,6,alternative interface,A:486:,PRO,486,A,6,2,10.692377079440863,0.3333333333333333,0.33758,0.24715,0.9834233248999366,A:483:;A:484:;A:486:;A:487:;A:489:;A:490:,A:483:;A:489:
hsa_paa_fe3o4,cationic,72,6,alternative interface,A:279:,CYS,279,A,7,2,10.778866688302585,0.2857142857142857,0.22887999999999997,0.24166,0.9852462369568611,A:265:;A:276:;A:277:;A:279:;A:280:;A:281:;A:286:,A:277:;A:280:
hsa_paa_fe3o4,cationic,73,6,alternative interface,A:203:,LEU,203,A,11,4,12.260598775277609,0.36363636363636365,0.3043072727272727,0.24155000000000001,0.9522153673170805,A:199:;A:201:;A:202:;A:203:;A:204:;A:205:;A:206:;A:207:;A:208:;A:210:;A:243:,A:202:;A:204:;A:208:;A:243:
hsa_paa_fe3o4,cationic,74,6,alternative interface,A:524:,LYS,524,A,8,3,12.548615107123917,0.375,0.36014625,0.23587,0.9860658116769128,A:520:;A:521:;A:522:;A:523:;A:524:;A:525:;A:527:;A:528:,A:520:;A:522:;A:527:
hsa_paa_fe3o4,cationic,75,6,alternative interface,A:195:,LYS,195,A,4,1,12.564684336782879,0.25,0.41411,0.1109,0.5819615758402978,A:191:;A:192:;A:195:;A:199:,A:192:
hsa_paa_fe3o4,cationic,76,6,alternative interface,A:534:,LYS,534,A,9,1,12.618905708112653,0.1111111111111111,0.26818222222222216,0.07886,0.9887726739534434,A:413:;A:499:;A:500:;A:531:;A:532:;A:534:;A:535:;A:536:;A:537:,A:531:
hsa_paa_fe3o4,cationic,77,6,alternative interface,A:209:,ARG,209,A,6,1,10.216176037522805,0.16666666666666666,0.38814499999999996,0.06567,0.975160652129206,A:207:;A:208:;A:209:;A:210:;A:212:;A:213:,A:208:
hsa_paa_fe3o4,cationic,78,6,alternative interface,A:7:,VAL,7,A,8,2,13.634765144996823,0.25,0.27292875,0.047560000000000005,0.9864328604723919,A:10:;A:11:;A:65:;A:66:;A:6:;A:7:;A:8:;A:9:,A:65:;A:6:
hsa_paa_fe3o4,cationic,79,7,alternative interface,A:453:,LEU,453,A,7,3,11.253685114065428,0.42857142857142855,0.19298428571428575,0.22979,0.9427970645599258,A:433:;A:449:;A:451:;A:452:;A:453:;A:454:;A:455:,A:451:;A:452:;A:454:
hsa_paa_fe3o4,cationic,80,7,alternative interface,A:529:,LEU,529,A,8,2,12.82812300125477,0.25,0.24776,0.21658999999999998,0.984380845745666,A:409:;A:525:;A:527:;A:528:;A:529:;A:531:;A:532:;A:548:,A:527:;A:531:
hsa_paa_fe3o4,cationic,81,7,alternative interface,A:287:,SER,287,A,11,2,12.611281043148624,0.18181818181818182,0.28523818181818184,0.19297999999999998,0.9703084352130392,A:258:;A:261:;A:283:;A:284:;A:285:;A:286:;A:287:;A:288:;A:289:;A:290:;A:291:,A:285:;A:287:
hsa_paa_fe3o4,cationic,82,7,alternative interface,A:339:,PRO,339,A,9,3,14.190755805782892,0.3333333333333333,0.2900466666666667,0.17754,0.9679759037425534,A:295:;A:336:;A:337:;A:338:;A:339:;A:340:;A:341:;A:444:;A:447:,A:295:;A:340:;A:341:
hsa_paa_fe3o4,cationic,83,7,alternative interface,A:435:,SER,435,A,7,2,12.544464002277634,0.2857142857142857,0.3203142857142858,0.1588,0.9751052025955685,A:400:;A:432:;A:433:;A:435:;A:436:;A:438:;A:439:,A:400:;A:435:
hsa_paa_fe3o4,cationic,84,7,alternative interface,A:140:,TYR,140,A,10,3,12.054940142945538,0.3,0.194472,0.14364000000000002,0.978218004256115,A:136:;A:137:;A:138:;A:139:;A:140:;A:141:;A:142:;A:144:;A:24:;A:36:,A:138:;A:140:;A:141:
hsa_paa_fe3o4,cationic,85,7,alternative interface,A:31:,LEU,31,A,8,3,15.126027871226647,0.375,0.211875,0.13759,0.9837464942120995,A:144:;A:30:;A:31:;A:32:;A:33:;A:34:;A:74:;A:78:,A:30:;A:32:;A:33:
hsa_paa_fe3o4,cationic,86,7,alternative interface,A:333:,GLU,333,A,8,3,12.68115815407923,0.375,0.16532999999999998,0.10406,0.9857441644145508,A:305:;A:329:;A:331:;A:332:;A:333:;A:334:;A:336:;A:337:,A:332:;A:333:;A:334:
hsa_paa_fe3o4,cationic,87,7,alternative interface,A:410:,ARG,410,A,8,2,13.735279578293984,0.25,0.30950500000000003,0.052930000000000005,0.9786282263787041,A:406:;A:407:;A:409:;A:410:;A:411:;A:413:;A:414:;A:492:,A:411:;A:492:
hsa_paa_fe3o4,cationic,88,7,alternative interface,A:159:,LYS,159,A,8,1,12.376745491613129,0.125,0.2675425,0.043680000000000004,0.9833411150309791,A:155:;A:156:;A:158:;A:159:;A:160:;A:161:;A:162:;A:163:,A:161:
hsa_paa_fe3o4,cationic,89,7,alternative interface,A:146:,HIS,146,A,7,3,12.280786332588864,0.42857142857142855,0.23340999999999998,0.02565,0.9172759259487508,A:108:;A:142:;A:144:;A:145:;A:146:;A:148:;A:193:,A:108:;A:148:;A:193:
hsa_paa_fe3o4,cationic,90,8,alternative interface,A:459:,GLN,459,A,7,1,14.652711636645652,0.14285714285714285,0.17160714285714287,0.07871,0.6850135844608786,A:194:;A:197:;A:426:;A:455:;A:459:;A:462:;A:463:,A:459:
hsa_paa_fe3o4,cationic,91,8,alternative interface,A:350:,ALA,350,A,8,2,12.19400678875825,0.25,0.2165625,0.0611,0.9841120888114363,A:327:;A:331:;A:347:;A:348:;A:350:;A:351:;A:352:;A:354:,A:352:;A:354:
hsa_paa_fe3o4,hydrophobic,1,1,primary plausible interface,A:550:,ASP,550,A,9,7,13.033327580340693,0.7777777777777778,0.5322988888888889,0.88099,0.9931848238466386,A:546:;A:547:;A:548:;A:549:;A:550:;A:551:;A:552:;A:553:;A:554:,A:546:;A:547:;A:548:;A:551:;A:552:;A:553:;A:554:
hsa_paa_fe3o4,hydrophobic,2,1,primary plausible interface,A:326:,PHE,326,A,10,5,12.166154688229161,0.5,0.402624,0.62278,0.9936390216534179,A:318:;A:319:;A:322:;A:323:;A:324:;A:325:;A:326:;A:327:;A:328:;A:329:,A:322:;A:325:;A:326:;A:327:;A:329:
hsa_paa_fe3o4,hydrophobic,3,1,primary plausible interface,A:179:,LEU,179,A,9,6,11.866496462148977,0.6666666666666666,0.3589222222222222,0.61991,0.9951519924630433,A:175:;A:176:;A:177:;A:178:;A:179:;A:180:;A:181:;A:182:;A:183:,A:175:;A:176:;A:178:;A:179:;A:180:;A:182:
hsa_paa_fe3o4,hydrophobic,4,1,primary plausible interface,A:555:,VAL,555,A,9,5,12.058622451921106,0.5555555555555556,0.41710111111111114,0.58927,0.9946009472588533,A:551:;A:552:;A:553:;A:554:;A:555:;A:556:;A:557:;A:558:;A:559:,A:551:;A:552:;A:553:;A:554:;A:555:
hsa_paa_fe3o4,hydrophobic,5,1,primary plausible interface,A:123:,MET,123,A,9,5,11.09006345517144,0.5555555555555556,0.5555177777777778,0.56593,0.9905880887391874,A:118:;A:119:;A:120:;A:121:;A:122:;A:123:;A:124:;A:125:;A:126:,A:118:;A:120:;A:122:;A:123:;A:126:
hsa_paa_fe3o4,hydrophobic,6,1,primary plausible interface,A:363:,ALA,363,A,8,4,11.246712616658693,0.5,0.4091025,0.53232,0.996218689905697,A:359:;A:361:;A:362:;A:363:;A:364:;A:365:;A:366:;A:369:,A:362:;A:363:;A:364:;A:366:
hsa_paa_fe3o4,hydrophobic,7,1,primary plausible interface,A:117:,ARG,117,A,5,3,13.111472264325608,0.6,0.6764,0.5312899999999999,0.991669134407286,A:115:;A:116:;A:117:;A:118:;A:119:,A:115:;A:116:;A:118:
hsa_paa_fe3o4,hydrophobic,8,1,primary plausible interface,A:114:,ARG,114,A,5,4,11.909625983243362,0.8,0.502718,0.44478,0.981129498440642,A:112:;A:113:;A:114:;A:115:;A:116:,A:112:;A:113:;A:115:;A:116:
hsa_paa_fe3o4,hydrophobic,9,1,primary plausible interface,A:304:,SER,304,A,6,5,11.75423413314193,0.8333333333333334,0.3903833333333333,0.42149000000000003,0.9926916987193821,A:302:;A:303:;A:304:;A:305:;A:306:;A:307:,A:302:;A:303:;A:305:;A:306:;A:307:
hsa_paa_fe3o4,hydrophobic,10,1,primary plausible interface,A:321:,GLU,321,A,7,2,9.416358198720795,0.2857142857142857,0.4012014285714286,0.39043999999999995,0.9971101520411655,A:317:;A:318:;A:319:;A:320:;A:321:;A:322:;A:323:,A:320:;A:322:
hsa_paa_fe3o4,hydrophobic,11,1,primary plausible interface,A:368:,GLU,368,A,7,2,13.169230020131055,0.2857142857142857,0.4405671428571428,0.22142,0.9953715474480801,A:365:;A:366:;A:367:;A:368:;A:369:;A:371:;A:372:,A:366:;A:371:
hsa_paa_fe3o4,hydrophobic,12,1,primary plausible interface,A:166:,THR,166,A,7,3,12.831991547141806,0.42857142857142855,0.41582428571428576,0.20065000000000002,0.995099558480905,A:162:;A:163:;A:164:;A:165:;A:166:;A:167:;A:170:,A:163:;A:164:;A:165:
hsa_paa_fe3o4,hydrophobic,13,1,primary plausible interface,A:128:,HIS,128,A,7,1,9.99672720109831,0.14285714285714285,0.5930785714285715,0.16685,0.9923649693570658,A:124:;A:125:;A:126:;A:128:;A:129:;A:130:;A:131:,A:126:
hsa_paa_fe3o4,hydrophobic,14,1,primary plausible interface,A:60:,GLU,60,A,5,1,8.174770199143813,0.2,0.578102,0.10010999999999999,0.9966212524628907,A:58:;A:59:;A:60:;A:61:;A:63:,A:59:
hsa_paa_fe3o4,hydrophobic,15,1,primary plausible interface,A:560:,LYS,560,A,7,1,11.717879587821418,0.14285714285714285,0.46358571428571427,0.08009000000000001,0.9973182996056946,A:556:;A:557:;A:558:;A:559:;A:560:;A:561:;A:562:,A:561:
hsa_paa_fe3o4,hydrophobic,16,2,alternative interface,A:174:,LYS,174,A,11,6,12.365137824855573,0.5454545454545454,0.44123272727272733,0.72771,0.9892887947657406,A:120:;A:121:;A:170:;A:171:;A:172:;A:173:;A:174:;A:175:;A:176:;A:177:;A:178:,A:120:;A:171:;A:172:;A:175:;A:176:;A:178:
hsa_paa_fe3o4,hydrophobic,17,2,alternative interface,A:544:,LEU,544,A,10,5,12.354849464360354,0.5,0.42875300000000005,0.5943999999999999,0.9904473866688275,A:539:;A:540:;A:541:;A:542:;A:543:;A:544:;A:545:;A:546:;A:547:;A:548:,A:539:;A:544:;A:546:;A:547:;A:548:
hsa_paa_fe3o4,hydrophobic,18,2,alternative interface,A:507:,PHE,507,A,7,3,12.109747367498768,0.42857142857142855,0.4984857142857143,0.54462,0.992897470903639,A:503:;A:504:;A:505:;A:506:;A:507:;A:508:;A:509:,A:504:;A:507:;A:509:
hsa_paa_fe3o4,hydrophobic,19,2,alternative interface,A:52:,THR,52,A,8,4,13.123530437609364,0.5,0.50929375,0.50886,0.9923920872229174,A:48:;A:49:;A:51:;A:52:;A:54:;A:55:;A:56:;A:59:,A:49:;A:54:;A:55:;A:59:
hsa_paa_fe3o4,hydrophobic,20,2,alternative interface,A:299:,PRO,299,A,7,4,12.764920924171474,0.5714285714285714,0.49411,0.44468,0.9914046856237289,A:225:;A:297:;A:298:;A:299:;A:300:;A:301:;A:302:,A:298:;A:299:;A:300:;A:302:
hsa_paa_fe3o4,hydrophobic,21,2,alternative interface,A:311:,GLU,311,A,10,5,12.725613150621943,0.5,0.427475,0.35154,0.9930936502920922,A:306:;A:307:;A:308:;A:309:;A:310:;A:311:;A:312:;A:313:;A:367:;A:371:,A:306:;A:307:;A:309:;A:310:;A:371:
hsa_paa_fe3o4,hydrophobic,22,2,alternative interface,A:161:,TYR,161,A,10,6,13.032753076351797,0.6,0.24587399999999998,0.33371,0.97797649223203,A:158:;A:159:;A:160:;A:161:;A:162:;A:163:;A:164:;A:165:;A:182:;A:185:,A:158:;A:163:;A:164:;A:165:;A:182:;A:185:
hsa_paa_fe3o4,hydrophobic,23,2,alternative interface,A:568:,PHE,568,A,12,5,13.268907926081479,0.4166666666666667,0.3835066666666666,0.31734,0.9939702913686727,A:509:;A:510:;A:511:;A:554:;A:558:;A:564:;A:565:;A:566:;A:567:;A:568:;A:569:;A:570:,A:509:;A:511:;A:554:;A:568:;A:569:
hsa_paa_fe3o4,hydrophobic,24,2,alternative interface,A:502:,PHE,502,A,7,2,13.059346901837548,0.2857142857142857,0.6209242857142857,0.27064,0.9897334103889847,A:500:;A:501:;A:502:;A:503:;A:504:;A:506:;A:535:,A:502:;A:504:
hsa_paa_fe3o4,hydrophobic,25,2,alternative interface,A:469:,VAL,469,A,5,2,11.13043289442463,0.4,0.60114,0.23113,0.9772754776383944,A:417:;A:467:;A:468:;A:469:;A:471:,A:468:;A:469:
hsa_paa_fe3o4,hydrophobic,26,2,alternative interface,A:538:,LYS,538,A,5,2,8.500798863178614,0.4,0.268286,0.0637,0.9951295861037235,A:536:;A:537:;A:538:;A:539:;A:540:,A:537:;A:539:
hsa_paa_fe3o4,hydrophobic,27,3,alternative interface,A:286:,LYS,286,A,13,5,12.459443702165515,0.38461538461538464,0.2703138461538461,0.54171,0.9815458416054471,A:261:;A:279:;A:280:;A:281:;A:282:;A:283:;A:284:;A:285:;A:286:;A:287:;A:288:;A:289:;A:290:,A:261:;A:282:;A:283:;A:284:;A:290:
hsa_paa_fe3o4,hydrophobic,28,3,alternative interface,A:444:,LYS,444,A,11,4,13.611532827215909,0.36363636363636365,0.40405545454545455,0.48286,0.9760301187911704,A:339:;A:340:;A:341:;A:440:;A:441:;A:442:;A:443:;A:444:;A:445:;A:447:;A:448:,A:339:;A:441:;A:443:;A:447:
hsa_paa_fe3o4,hydrophobic,29,3,alternative interface,A:38:,ASP,38,A,8,4,11.838148970859462,0.5,0.4278075,0.42599,0.9864604916298871,A:34:;A:35:;A:36:;A:37:;A:38:;A:40:;A:41:;A:42:,A:35:;A:36:;A:40:;A:42:
hsa_paa_fe3o4,hydrophobic,30,3,alternative interface,A:228:,PHE,228,A,7,3,11.829641934555957,0.42857142857142855,0.45357857142857144,0.39990000000000003,0.9839757735212923,A:227:;A:228:;A:229:;A:230:;A:232:;A:329:;A:332:,A:228:;A:229:;A:329:
hsa_paa_fe3o4,hydrophobic,31,3,alternative interface,A:216:,VAL,216,A,11,6,13.076332809568997,0.5454545454545454,0.27444545454545455,0.39270000000000005,0.9684487632888759,A:212:;A:213:;A:214:;A:216:;A:218:;A:219:;A:232:;A:235:;A:328:;A:331:;A:332:,A:213:;A:214:;A:216:;A:219:;A:235:;A:331:
hsa_paa_fe3o4,hydrophobic,32,3,alternative interface,A:513:,ILE,513,A,10,4,13.714067005737869,0.4,0.41211000000000003,0.37988999999999995,0.9897302103870224,A:509:;A:510:;A:511:;A:512:;A:513:;A:514:;A:515:;A:516:;A:521:;A:559:,A:509:;A:511:;A:513:;A:516:
hsa_paa_fe3o4,hydrophobic,33,3,alternative interface,A:8:,ALA,8,A,10,4,12.778574674260174,0.4,0.352985,0.3682,0.9922382804406209,A:10:;A:11:;A:12:;A:51:;A:54:;A:57:;A:6:;A:7:;A:8:;A:9:,A:11:;A:54:;A:7:;A:8:
hsa_paa_fe3o4,hydrophobic,34,3,alternative interface,A:378:,LYS,378,A,8,4,12.939037714837124,0.5,0.43079125,0.35252,0.9907362848668303,A:374:;A:375:;A:376:;A:378:;A:379:;A:380:;A:381:;A:382:,A:374:;A:379:;A:380:;A:381:
hsa_paa_fe3o4,hydrophobic,35,3,alternative interface,A:520:,GLU,520,A,9,2,10.71112765140719,0.2222222222222222,0.44747222222222216,0.22657,0.9876507581606467,A:516:;A:517:;A:518:;A:519:;A:520:;A:521:;A:522:;A:523:;A:524:,A:516:;A:523:
hsa_paa_fe3o4,hydrophobic,36,3,alternative interface,A:257:,ARG,257,A,9,5,12.034843355219147,0.5555555555555556,0.2378488888888889,0.19793,0.9749866164768352,A:238:;A:254:;A:255:;A:256:;A:257:;A:258:;A:259:;A:260:;A:261:,A:238:;A:254:;A:258:;A:260:;A:261:
hsa_paa_fe3o4,hydrophobic,37,3,alternative interface,A:383:,GLU,383,A,8,4,12.395482504459917,0.5,0.4831825,0.19038,0.9830583164024913,A:379:;A:380:;A:381:;A:382:;A:383:;A:385:;A:386:;A:387:,A:379:;A:380:;A:381:;A:387:
hsa_paa_fe3o4,hydrophobic,38,3,alternative interface,A:184:,GLU,184,A,9,3,12.346957075851869,0.3333333333333333,0.4538588888888888,0.12638,0.9891989114177088,A:180:;A:181:;A:182:;A:183:;A:184:;A:185:;A:186:;A:187:;A:188:,A:180:;A:182:;A:185:
hsa_paa_fe3o4,hydrophobic,39,4,alternative interface,A:499:,PRO,499,A,9,3,12.484673867682647,0.3333333333333333,0.3997355555555555,0.35994,0.9891568889669922,A:497:;A:498:;A:499:;A:500:;A:501:;A:534:;A:535:;A:536:;A:537:,A:498:;A:499:;A:537:
hsa_paa_fe3o4,hydrophobic,40,4,alternative interface,A:424:,VAL,424,A,9,4,12.112707727998002,0.4444444444444444,0.3406277777777777,0.31155,0.9742999070097701,A:420:;A:421:;A:422:;A:424:;A:425:;A:426:;A:428:;A:523:;A:527:,A:421:;A:424:;A:426:;A:523:
hsa_paa_fe3o4,hydrophobic,41,4,alternative interface,A:491:,LEU,491,A,8,3,13.902666847002079,0.375,0.36490625,0.29936,0.9806515420662049,A:414:;A:487:;A:489:;A:490:;A:491:;A:492:;A:493:;A:494:,A:490:;A:491:;A:493:
hsa_paa_fe3o4,hydrophobic,42,4,alternative interface,A:465:,GLU,465,A,7,3,11.213765273682775,0.42857142857142855,0.42838714285714286,0.29225,0.977690774970328,A:462:;A:463:;A:465:;A:466:;A:467:;A:468:;A:474:,A:462:;A:463:;A:468:
hsa_paa_fe3o4,hydrophobic,43,4,alternative interface,A:397:,GLN,397,A,7,3,10.199708032935252,0.42857142857142855,0.4071485714285714,0.27397,0.9906522606246289,A:393:;A:394:;A:395:;A:396:;A:397:;A:398:;A:399:,A:394:;A:395:;A:398:
hsa_paa_fe3o4,hydrophobic,44,4,alternative interface,A:482:,VAL,482,A,8,4,12.53725348263222,0.5,0.23875249999999998,0.24841999999999997,0.9582052627672287,A:344:;A:347:;A:348:;A:480:;A:481:;A:482:;A:483:;A:484:,A:344:;A:347:;A:481:;A:482:
hsa_paa_fe3o4,hydrophobic,45,4,alternative interface,A:46:,VAL,46,A,10,5,13.199465873918763,0.5,0.339009,0.23411,0.9883040963191598,A:42:;A:43:;A:44:;A:45:;A:46:;A:47:;A:48:;A:49:;A:70:;A:73:,A:42:;A:43:;A:46:;A:49:;A:70:
hsa_paa_fe3o4,hydrophobic,46,4,alternative interface,A:525:,LYS,525,A,9,4,12.778998934416268,0.4444444444444444,0.3624811111111111,0.21924,0.987179745638201,A:521:;A:522:;A:523:;A:524:;A:525:;A:527:;A:528:;A:529:;A:552:,A:523:;A:528:;A:529:;A:552:
hsa_paa_fe3o4,hydrophobic,47,4,alternative interface,A:451:,ASP,451,A,9,5,11.995752012454616,0.5555555555555556,0.18658111111111111,0.14997,0.9333525571922788,A:344:;A:447:;A:448:;A:449:;A:451:;A:452:;A:453:;A:454:;A:455:,A:344:;A:447:;A:449:;A:453:;A:455:
hsa_paa_fe3o4,hydrophobic,48,4,alternative interface,A:13:,ASP,13,A,8,2,10.809397634838156,0.25,0.333005,0.10962,0.991234967266516,A:10:;A:11:;A:12:;A:13:;A:14:;A:15:;A:255:;A:9:,A:11:;A:14:
hsa_paa_fe3o4,hydrophobic,49,4,alternative interface,A:267:,ASN,267,A,8,1,11.608201514267583,0.125,0.41221625,0.02851,0.9898723700365256,A:263:;A:264:;A:265:;A:266:;A:267:;A:268:;A:269:;A:270:,A:264:
hsa_paa_fe3o4,hydrophobic,50,5,alternative interface,A:194:,ALA,194,A,6,2,12.867819455751114,0.3333333333333333,0.317305,0.31035,0.7126886418118296,A:190:;A:191:;A:192:;A:193:;A:194:;A:459:,A:191:;A:194:
hsa_paa_fe3o4,hydrophobic,51,5,alternative interface,A:392:,CYS,392,A,10,3,11.742280724550081,0.3,0.359818,0.30983,0.9828194447737797,A:388:;A:389:;A:390:;A:391:;A:392:;A:393:;A:394:;A:395:;A:396:;A:438:,A:388:;A:394:;A:395:
hsa_paa_fe3o4,hydrophobic,52,5,alternative interface,A:99:,ASN,99,A,13,3,14.332302822542637,0.23076923076923078,0.3040984615384615,0.26693,0.9832141348304573,A:100:;A:101:;A:102:;A:103:;A:67:;A:68:;A:71:;A:90:;A:94:;A:95:;A:96:;A:97:;A:99:,A:102:;A:103:;A:96:
hsa_paa_fe3o4,hydrophobic,53,5,alternative interface,A:93:,LYS,93,A,8,1,13.283136938829479,0.125,0.32472124999999996,0.25695,0.987352715182437,A:89:;A:90:;A:91:;A:92:;A:93:;A:94:;A:95:;A:97:,A:92:
hsa_paa_fe3o4,hydrophobic,54,5,alternative interface,A:406:,ALA,406,A,7,3,12.543821088226471,0.42857142857142855,0.2254114285714286,0.25504,0.9836731015468357,A:402:;A:404:;A:405:;A:406:;A:407:;A:409:;A:410:,A:406:;A:407:;A:409:
hsa_paa_fe3o4,hydrophobic,55,5,alternative interface,A:419:,SER,419,A,5,1,11.588435425877647,0.2,0.356636,0.25487,0.9853189657479655,A:417:;A:419:;A:420:;A:421:;A:422:,A:421:
hsa_paa_fe3o4,hydrophobic,56,5,alternative interface,A:75:,CYS,75,A,9,3,10.610133491345149,0.3333333333333333,0.3336977777777778,0.25209,0.9887447790290353,A:71:;A:72:;A:73:;A:74:;A:75:;A:76:;A:77:;A:78:;A:91:,A:74:;A:77:;A:78:
hsa_paa_fe3o4,hydrophobic,57,5,alternative interface,A:189:,GLY,189,A,9,2,11.83127520198132,0.2222222222222222,0.3851088888888889,0.23806000000000002,0.9473146678136473,A:185:;A:186:;A:187:;A:188:;A:189:;A:190:;A:191:;A:192:;A:193:,A:185:;A:191:
hsa_paa_fe3o4,hydrophobic,58,5,alternative interface,A:69:,LEU,69,A,10,3,13.168668186327483,0.3,0.339205,0.21106000000000003,0.9881630262766079,A:64:;A:65:;A:66:;A:67:;A:68:;A:69:;A:70:;A:71:;A:72:;A:73:,A:66:;A:69:;A:70:
hsa_paa_fe3o4,hydrophobic,59,5,alternative interface,A:210:,ALA,210,A,10,5,11.436640549153623,0.5,0.319014,0.2069,0.9561260454055105,A:202:;A:203:;A:206:;A:207:;A:208:;A:209:;A:210:;A:212:;A:213:;A:214:,A:203:;A:206:;A:210:;A:213:;A:214:
hsa_paa_fe3o4,hydrophobic,60,5,alternative interface,A:333:,GLU,333,A,8,3,12.68115815407923,0.375,0.16532999999999998,0.20485,0.9857441644145508,A:305:;A:329:;A:331:;A:332:;A:333:;A:334:;A:336:;A:337:,A:305:;A:329:;A:331:
hsa_paa_fe3o4,hydrophobic,61,5,alternative interface,A:291:,ALA,291,A,7,3,10.08579317643325,0.42857142857142855,0.27093571428571434,0.18774999999999997,0.9775857970695072,A:287:;A:288:;A:289:;A:290:;A:291:;A:292:;A:293:,A:290:;A:291:;A:293:
hsa_paa_fe3o4,hydrophobic,62,5,alternative interface,A:136:,LYS,136,A,11,5,13.399689041098135,0.45454545454545453,0.24608,0.17618999999999999,0.9812063150948899,A:132:;A:133:;A:134:;A:135:;A:136:;A:137:;A:138:;A:139:;A:140:;A:21:;A:24:,A:134:;A:135:;A:139:;A:21:;A:24:
hsa_paa_fe3o4,hydrophobic,63,5,alternative interface,A:531:,GLU,531,A,8,3,12.529443295525004,0.375,0.23033,0.16827999999999999,0.9883853800692567,A:420:;A:527:;A:528:;A:529:;A:531:;A:532:;A:534:;A:535:,A:528:;A:529:;A:532:
hsa_paa_fe3o4,hydrophobic,64,5,alternative interface,A:195:,LYS,195,A,4,1,12.564684336782879,0.25,0.41411,0.14529999999999998,0.5819615758402978,A:191:;A:192:;A:195:;A:199:,A:191:
hsa_paa_fe3o4,hydrophobic,65,5,alternative interface,A:350:,ALA,350,A,8,4,12.19400678875825,0.5,0.2165625,0.12588,0.9841120888114363,A:327:;A:331:;A:347:;A:348:;A:350:;A:351:;A:352:;A:354:,A:327:;A:331:;A:347:;A:350:
hsa_paa_fe3o4,hydrophobic,66,5,alternative interface,A:237:,ASP,237,A,8,3,11.03935642861598,0.375,0.33858625,0.11347,0.9783589810181925,A:233:;A:235:;A:236:;A:237:;A:238:;A:239:;A:240:;A:260:,A:235:;A:238:;A:260:
hsa_paa_fe3o4,hydrophobic,67,5,alternative interface,A:110:,PRO,110,A,8,2,11.052198037775137,0.25,0.36708624999999995,0.11093,0.9676881690385771,A:107:;A:108:;A:109:;A:110:;A:111:;A:112:;A:145:;A:32:,A:110:;A:112:
hsa_paa_fe3o4,hydrophobic,68,5,alternative interface,A:262:,LYS,262,A,9,4,12.4146166358306,0.4444444444444444,0.3084488888888889,0.10299,0.9875253797049682,A:258:;A:259:;A:260:;A:261:;A:262:;A:263:;A:264:;A:265:;A:266:,A:258:;A:260:;A:261:;A:264:
hsa_paa_fe3o4,hydrophobic,69,5,alternative interface,A:105:,HIS,105,A,7,2,12.548016823760232,0.2857142857142857,0.40571142857142856,0.08708,0.9718881590037962,A:101:;A:102:;A:103:;A:104:;A:105:;A:107:;A:30:,A:102:;A:103:
hsa_paa_fe3o4,hydrophobic,70,5,alternative interface,A:486:,PRO,486,A,6,2,10.692377079440863,0.3333333333333333,0.33758,0.07336999999999999,0.9834233248999366,A:483:;A:484:;A:486:;A:487:;A:489:;A:490:,A:486:;A:490:
hsa_paa_fe3o4,hydrophobic,71,5,alternative interface,A:18:,ASN,18,A,7,2,9.957836318725857,0.2857142857142857,0.3694385714285714,0.07096,0.9906322759916694,A:14:;A:15:;A:16:;A:17:;A:18:;A:20:;A:21:,A:14:;A:21:
hsa_paa_fe3o4,hydrophobic,72,5,alternative interface,A:294:,GLU,294,A,6,1,11.92976808055137,0.16666666666666666,0.377335,0.03036,0.9874924419314896,A:274:;A:292:;A:293:;A:294:;A:295:;A:296:,A:293:
hsa_paa_fe3o4,hydrophobic,73,6,alternative interface,A:413:,LYS,413,A,10,3,14.668974954611695,0.3,0.28757099999999997,0.2101,0.9825357182167239,A:409:;A:410:;A:411:;A:413:;A:414:;A:492:;A:493:;A:494:;A:534:;A:537:,A:409:;A:493:;A:537:
hsa_paa_fe3o4,hydrophobic,74,6,alternative interface,A:156:,PHE,156,A,9,4,12.621334410997902,0.4444444444444444,0.23046222222222223,0.16622,0.9641437827895531,A:153:;A:155:;A:156:;A:158:;A:159:;A:160:;A:284:;A:285:;A:288:,A:155:;A:156:;A:158:;A:284:
hsa_paa_fe3o4,hydrophobic,75,6,alternative interface,A:223:,PHE,223,A,6,2,10.612720330214614,0.3333333333333333,0.18122166666666664,0.10343999999999999,0.9827532192239097,A:219:;A:223:;A:225:;A:295:;A:296:;A:336:,A:219:;A:223:
hsa_paa_fe3o4,hydrophobic,76,6,alternative interface,A:338:,HIS,338,A,7,1,10.967182954717016,0.14285714285714285,0.23469142857142858,0.09988,0.9834566671354174,A:334:;A:336:;A:337:;A:338:;A:339:;A:340:;A:341:,A:339:
hsa_paa_fe3o4,hydrophobic,77,6,alternative interface,A:204:,GLN,204,A,7,3,8.837004278666292,0.42857142857142855,0.2885057142857143,0.09648,0.9809900756907365,A:201:;A:202:;A:203:;A:204:;A:205:;A:206:;A:207:,A:201:;A:203:;A:206:
hsa_paa_fe3o4,hydrophobic,78,6,alternative interface,A:33:,GLN,33,A,7,3,12.294905152454678,0.42857142857142855,0.25597714285714285,0.06237,0.9813480351269424,A:112:;A:144:;A:31:;A:32:;A:33:;A:34:;A:35:,A:112:;A:31:;A:35:
hsa_paa_fe3o4,hydrophobic,79,6,alternative interface,A:26:,ALA,26,A,4,2,12.01735101397673,0.5,0.09159999999999999,0.06138,0.9654651206299026,A:248:;A:24:;A:26:;A:30:,A:24:;A:26:
hsa_paa_fe3o4,hydrophobic,80,6,alternative interface,A:251:,LEU,251,A,6,2,11.117647889496162,0.3333333333333333,0.16993333333333335,0.05969,0.9847106551045496,A:10:;A:249:;A:251:;A:252:;A:254:;A:255:,A:251:;A:254:
hsa_paa_fe3o4,hydrophobic,81,7,alternative interface,A:141:,GLU,141,A,8,2,12.475024695929074,0.25,0.1964225,0.16677,0.9775838656841483,A:137:;A:138:;A:139:;A:140:;A:141:;A:142:;A:144:;A:145:,A:139:;A:142:
hsa_paa_fe3o4,hydrophobic,82,7,alternative interface,A:197:,ARG,197,A,7,2,12.03628173629419,0.2857142857142857,0.19165428571428572,0.16254000000000002,0.6076517116922214,A:148:;A:193:;A:197:;A:198:;A:199:;A:201:;A:459:,A:198:;A:201:
hsa_paa_fe3o4,hydrophobic,83,7,alternative interface,A:146:,HIS,146,A,7,1,12.280786332588864,0.14285714285714285,0.23340999999999998,0.12311,0.9172759259487508,A:108:;A:142:;A:144:;A:145:;A:146:;A:148:;A:193:,A:142:
hsa_paa_fe3o4,hydrophobic,84,7,alternative interface,A:433:,VAL,433,A,9,3,14.557282044400777,0.3333333333333333,0.246,0.06274,0.9347730931503441,A:429:;A:432:;A:433:;A:435:;A:436:;A:438:;A:449:;A:452:;A:453:,A:433:;A:449:;A:453:
hsa_paa_fe3o4,pi_carbon,1,1,primary plausible interface,A:522:,GLN,522,A,8,4,10.518070014322548,0.5,0.43411374999999996,0.87907,0.9887333075363405,A:518:;A:519:;A:520:;A:521:;A:522:;A:523:;A:524:;A:525:,A:519:;A:521:;A:524:;A:525:
hsa_paa_fe3o4,pi_carbon,2,1,primary plausible interface,A:535:,HIS,535,A,10,5,13.41720480093254,0.5,0.38180899999999995,0.79159,0.9900727292081445,A:499:;A:500:;A:501:;A:502:;A:531:;A:532:;A:534:;A:535:;A:536:;A:537:,A:500:;A:502:;A:534:;A:535:;A:536:
hsa_paa_fe3o4,pi_carbon,3,1,primary plausible interface,A:558:,CYS,558,A,13,5,13.364645623140973,0.38461538461538464,0.3802823076923077,0.6604399999999999,0.9932388103214449,A:554:;A:555:;A:556:;A:557:;A:558:;A:559:;A:560:;A:561:;A:562:;A:564:;A:565:;A:567:;A:568:,A:554:;A:557:;A:560:;A:564:;A:568:
hsa_paa_fe3o4,pi_carbon,4,1,primary plausible interface,A:371:,ALA,371,A,7,2,11.407849445374941,0.2857142857142857,0.4813757142857143,0.5761,0.9936689297090645,A:310:;A:311:;A:367:;A:368:;A:369:;A:371:;A:372:,A:367:;A:372:
hsa_paa_fe3o4,pi_carbon,5,1,primary plausible interface,A:142:,ILE,142,A,8,5,12.244517114511357,0.625,0.21490749999999997,0.5202100000000001,0.9747602537150389,A:138:;A:139:;A:140:;A:141:;A:142:;A:144:;A:145:;A:146:,A:138:;A:140:;A:144:;A:145:;A:146:
hsa_paa_fe3o4,pi_carbon,6,1,primary plausible interface,A:553:,ALA,553,A,9,3,12.384291045661506,0.3333333333333333,0.5343722222222222,0.50128,0.993936342871902,A:549:;A:550:;A:551:;A:552:;A:553:;A:554:;A:555:;A:556:;A:557:,A:551:;A:554:;A:557:
hsa_paa_fe3o4,pi_carbon,7,1,primary plausible interface,A:375:,ASP,375,A,6,3,13.096674802277809,0.5,0.43968999999999997,0.47505000000000003,0.9927798199440597,A:372:;A:374:;A:375:;A:376:;A:378:;A:379:,A:372:;A:374:;A:378:
hsa_paa_fe3o4,pi_carbon,8,1,primary plausible interface,A:472:,ARG,472,A,4,2,6.111791055382365,0.5,0.6100875,0.46433,0.9927112338430758,A:471:;A:472:;A:474:;A:475:,A:472:;A:475:
hsa_paa_fe3o4,pi_carbon,9,1,primary plausible interface,A:509:,PHE,509,A,7,4,12.268440568046556,0.5714285714285714,0.36818428571428574,0.41936,0.9911745989044612,A:507:;A:508:;A:509:;A:510:;A:511:;A:513:;A:568:,A:507:;A:509:;A:510:;A:568:
hsa_paa_fe3o4,pi_carbon,10,1,primary plausible interface,A:336:,ARG,336,A,9,6,13.037746770552147,0.6666666666666666,0.21889333333333333,0.41863999999999996,0.9758013414790466,A:223:;A:298:;A:332:;A:333:;A:334:;A:336:;A:337:;A:338:;A:339:,A:223:;A:332:;A:334:;A:336:;A:337:;A:338:
hsa_paa_fe3o4,pi_carbon,11,1,primary plausible interface,A:314:,ASP,314,A,6,2,10.391114462285556,0.3333333333333333,0.44492833333333337,0.38026000000000004,0.9942750210950183,A:312:;A:313:;A:314:;A:316:;A:317:;A:318:,A:313:;A:317:
hsa_paa_fe3o4,pi_carbon,12,1,primary plausible interface,A:566:,THR,566,A,7,2,9.488016300359524,0.2857142857142857,0.4516728571428571,0.35398,0.9965045447738955,A:564:;A:565:;A:566:;A:567:;A:568:;A:569:;A:570:,A:564:;A:568:
hsa_paa_fe3o4,pi_carbon,13,1,primary plausible interface,A:319:,TYR,319,A,10,4,12.822011002954628,0.4,0.328964,0.32243,0.9957040851457677,A:316:;A:317:;A:318:;A:319:;A:320:;A:321:;A:322:;A:323:;A:326:;A:327:,A:317:;A:319:;A:323:;A:326:
hsa_paa_fe3o4,pi_carbon,14,1,primary plausible interface,A:563:,ASP,563,A,5,1,9.373104522706225,0.2,0.514218,0.27953,0.9966385209883967,A:561:;A:562:;A:563:;A:564:;A:565:,A:564:
hsa_paa_fe3o4,pi_carbon,15,1,primary plausible interface,A:359:,LYS,359,A,7,1,13.226337475282843,0.14285714285714285,0.4419042857142857,0.1523,0.9977584715049336,A:355:;A:356:;A:358:;A:359:;A:361:;A:362:;A:363:,A:359:
hsa_paa_fe3o4,pi_carbon,16,2,alternative interface,A:11:,PHE,11,A,11,4,13.096274669814262,0.36363636363636365,0.330760909090909,0.80384,0.9881206954825142,A:10:;A:11:;A:12:;A:13:;A:14:;A:15:;A:16:;A:54:;A:7:;A:8:;A:9:,A:10:;A:11:;A:12:;A:9:
hsa_paa_fe3o4,pi_carbon,17,2,alternative interface,A:445:,ARG,445,A,12,3,13.998668785533981,0.25,0.3509125,0.80164,0.9736263301446318,A:340:;A:388:;A:438:;A:440:;A:441:;A:442:;A:443:;A:444:;A:445:;A:447:;A:448:;A:449:,A:440:;A:444:;A:445:
hsa_paa_fe3o4,pi_carbon,18,2,alternative interface,A:161:,TYR,161,A,10,5,13.032753076351797,0.5,0.24587399999999998,0.78286,0.97797649223203,A:158:;A:159:;A:160:;A:161:;A:162:;A:163:;A:164:;A:165:;A:182:;A:185:,A:159:;A:160:;A:161:;A:162:;A:165:
hsa_paa_fe3o4,pi_carbon,19,2,alternative interface,A:404:,GLN,404,A,9,4,12.407319304181668,0.4444444444444444,0.28686222222222224,0.6442700000000001,0.9799892769146014,A:400:;A:401:;A:402:;A:404:;A:405:;A:406:;A:407:;A:428:;A:432:,A:401:;A:402:;A:428:;A:432:
hsa_paa_fe3o4,pi_carbon,20,2,alternative interface,A:209:,ARG,209,A,6,2,10.216176037522805,0.3333333333333333,0.38814499999999996,0.6068,0.975160652129206,A:207:;A:208:;A:209:;A:210:;A:212:;A:213:,A:209:;A:212:
hsa_paa_fe3o4,pi_carbon,21,2,alternative interface,A:190:,LYS,190,A,9,2,12.461799964377445,0.2222222222222222,0.38917555555555555,0.60165,0.9215496415901775,A:186:;A:187:;A:188:;A:189:;A:190:;A:191:;A:192:;A:193:;A:194:,A:186:;A:190:
hsa_paa_fe3o4,pi_carbon,22,2,alternative interface,A:214:,TRP,214,A,8,3,12.948523842960887,0.375,0.28996875,0.5911,0.9452096936051072,A:210:;A:212:;A:213:;A:214:;A:216:;A:218:;A:344:;A:347:,A:212:;A:214:;A:218:
hsa_paa_fe3o4,pi_carbon,23,2,alternative interface,A:413:,LYS,413,A,10,5,14.668974954611695,0.5,0.28757099999999997,0.5791299999999999,0.9825357182167239,A:409:;A:410:;A:411:;A:413:;A:414:;A:492:;A:493:;A:494:;A:534:;A:537:,A:410:;A:411:;A:413:;A:414:;A:534:
hsa_paa_fe3o4,pi_carbon,24,2,alternative interface,A:103:,LEU,103,A,10,4,12.394132059557487,0.4,0.34470999999999996,0.5609000000000001,0.9663015477537448,A:100:;A:101:;A:102:;A:103:;A:104:;A:105:;A:247:;A:248:;A:30:;A:99:,A:102:;A:105:;A:247:;A:30:
hsa_paa_fe3o4,pi_carbon,25,2,alternative interface,A:135:,LEU,135,A,11,5,12.713898975946313,0.45454545454545453,0.33730454545454547,0.52225,0.9858314737718801,A:131:;A:132:;A:133:;A:134:;A:135:;A:136:;A:137:;A:138:;A:139:;A:158:;A:162:,A:134:;A:136:;A:137:;A:138:;A:162:
hsa_paa_fe3o4,pi_carbon,26,2,alternative interface,A:439:,LYS,439,A,6,3,12.782957699238763,0.5,0.3837383333333333,0.51505,0.9813863863462157,A:435:;A:436:;A:438:;A:439:;A:440:;A:441:,A:436:;A:439:;A:440:
hsa_paa_fe3o4,pi_carbon,27,2,alternative interface,A:195:,LYS,195,A,4,2,12.564684336782879,0.5,0.41411,0.49491999999999997,0.5819615758402978,A:191:;A:192:;A:195:;A:199:,A:195:;A:199:
hsa_paa_fe3o4,pi_carbon,28,2,alternative interface,A:392:,CYS,392,A,10,2,11.742280724550081,0.2,0.359818,0.48369,0.9828194447737797,A:388:;A:389:;A:390:;A:391:;A:392:;A:393:;A:394:;A:395:;A:396:;A:438:,A:389:;A:395:
hsa_paa_fe3o4,pi_carbon,29,2,alternative interface,A:503:,ASN,503,A,7,2,12.07243255238578,0.2857142857142857,0.5893342857142857,0.46109,0.9923230457104815,A:501:;A:502:;A:503:;A:504:;A:505:;A:506:;A:507:,A:502:;A:507:
hsa_paa_fe3o4,pi_carbon,30,2,alternative interface,A:548:,MET,548,A,10,2,12.788224351676748,0.2,0.462163,0.44704,0.9924800223645133,A:529:;A:544:;A:545:;A:546:;A:547:;A:548:;A:549:;A:550:;A:551:;A:552:,A:545:;A:551:
hsa_paa_fe3o4,pi_carbon,31,2,alternative interface,A:6:,GLU,6,A,9,3,13.124727778144525,0.3333333333333333,0.3337555555555556,0.38095999999999997,0.9876586285643151,A:10:;A:63:;A:64:;A:65:;A:66:;A:6:;A:7:;A:8:;A:9:,A:10:;A:64:;A:9:
hsa_paa_fe3o4,pi_carbon,32,2,alternative interface,A:399:,GLY,399,A,8,3,11.252721292843585,0.375,0.39805625,0.37786000000000003,0.9870208995511187,A:395:;A:396:;A:397:;A:398:;A:399:;A:400:;A:401:;A:402:,A:395:;A:401:;A:402:
hsa_paa_fe3o4,pi_carbon,33,2,alternative interface,A:539:,ALA,539,A,8,3,11.404563959523355,0.375,0.32464125,0.36573,0.9903679670065902,A:536:;A:537:;A:538:;A:539:;A:540:;A:541:;A:543:;A:544:,A:536:;A:538:;A:541:
hsa_paa_fe3o4,pi_carbon,34,2,alternative interface,A:128:,HIS,128,A,7,1,9.99672720109831,0.14285714285714285,0.5930785714285715,0.35401000000000005,0.9923649693570658,A:124:;A:125:;A:126:;A:128:;A:129:;A:130:;A:131:,A:128:
hsa_paa_fe3o4,pi_carbon,35,2,alternative interface,A:166:,THR,166,A,7,2,12.831991547141806,0.2857142857142857,0.41582428571428576,0.35186999999999996,0.995099558480905,A:162:;A:163:;A:164:;A:165:;A:166:;A:167:;A:170:,A:162:;A:165:
hsa_paa_fe3o4,pi_carbon,36,2,alternative interface,A:116:,VAL,116,A,5,2,12.759751629648004,0.4,0.5360739999999999,0.33718000000000004,0.9872659215203056,A:114:;A:115:;A:116:;A:117:;A:118:,A:114:;A:117:
hsa_paa_fe3o4,pi_carbon,37,2,alternative interface,A:366:,PRO,366,A,10,1,12.064785028414,0.1,0.444365,0.33029000000000003,0.9937819843658995,A:316:;A:361:;A:362:;A:363:;A:364:;A:365:;A:366:;A:367:;A:368:;A:369:,A:367:
hsa_paa_fe3o4,pi_carbon,38,2,alternative interface,A:341:,TYR,341,A,6,3,10.254429366208392,0.5,0.3253083333333333,0.28093,0.9847431277908719,A:338:;A:339:;A:340:;A:341:;A:444:;A:447:,A:338:;A:341:;A:444:
hsa_paa_fe3o4,pi_carbon,39,2,alternative interface,A:542:,GLU,542,A,7,2,10.15444220040673,0.2857142857142857,0.43608,0.23251000000000002,0.9947639332187781,A:540:;A:541:;A:542:;A:543:;A:544:;A:545:;A:546:,A:541:;A:545:
hsa_paa_fe3o4,pi_carbon,40,2,alternative interface,A:512:,ASP,512,A,7,1,12.41495548765991,0.14285714285714285,0.45770285714285713,0.18742999999999999,0.993015035188908,A:510:;A:511:;A:512:;A:513:;A:514:;A:515:;A:516:,A:510:
hsa_paa_fe3o4,pi_carbon,41,2,alternative interface,A:517:,SER,517,A,7,2,11.313737867603365,0.2857142857142857,0.5044928571428572,0.18408000000000002,0.9934522858997558,A:515:;A:516:;A:517:;A:518:;A:519:;A:520:;A:521:,A:519:;A:521:
hsa_paa_fe3o4,pi_carbon,42,2,alternative interface,A:61:,ASN,61,A,6,1,10.859701768453675,0.16666666666666666,0.5120966666666666,0.07939,0.9960122282220077,A:58:;A:59:;A:60:;A:61:;A:63:;A:64:,A:64:
hsa_paa_fe3o4,pi_carbon,43,2,alternative interface,A:498:,VAL,498,A,5,2,12.59319760442576,0.4,0.536342,0.057699999999999994,0.990622971384583,A:496:;A:497:;A:498:;A:499:;A:500:,A:497:;A:500:
hsa_paa_fe3o4,pi_carbon,44,2,alternative interface,A:495:,GLU,495,A,5,1,9.044161878655972,0.2,0.48637199999999997,0.038599999999999995,0.9941498077681432,A:493:;A:494:;A:495:;A:496:;A:497:,A:497:
hsa_paa_fe3o4,pi_carbon,45,3,alternative interface,A:197:,ARG,197,A,7,3,12.03628173629419,0.42857142857142855,0.19165428571428572,0.6933499999999999,0.6076517116922214,A:148:;A:193:;A:197:;A:198:;A:199:;A:201:;A:459:,A:148:;A:197:;A:199:
hsa_paa_fe3o4,pi_carbon,46,3,alternative interface,A:202:,SER,202,A,12,3,13.180265848612011,0.25,0.26596,0.5016700000000001,0.9515417129023955,A:198:;A:199:;A:201:;A:202:;A:203:;A:204:;A:205:;A:206:;A:207:;A:208:;A:210:;A:481:,A:199:;A:205:;A:206:
hsa_paa_fe3o4,pi_carbon,47,3,alternative interface,A:51:,LYS,51,A,8,2,13.390937746740157,0.25,0.47082375,0.44792000000000004,0.9920011852609433,A:47:;A:48:;A:49:;A:51:;A:52:;A:54:;A:55:;A:8:,A:49:;A:51:
hsa_paa_fe3o4,pi_carbon,48,3,alternative interface,A:244:,GLU,244,A,8,3,12.383407474712032,0.375,0.28802,0.43481000000000003,0.9615258596661563,A:240:;A:242:;A:243:;A:244:;A:247:;A:248:;A:249:;A:252:,A:240:;A:242:;A:247:
hsa_paa_fe3o4,pi_carbon,49,3,alternative interface,A:239:,THR,239,A,10,3,11.737980217854762,0.3,0.385445,0.42064999999999997,0.9602742840694843,A:208:;A:212:;A:235:;A:236:;A:237:;A:238:;A:239:;A:240:;A:242:;A:243:,A:212:;A:240:;A:242:
hsa_paa_fe3o4,pi_carbon,50,3,alternative interface,A:265:,CYS,265,A,10,3,13.284856726579454,0.3,0.272269,0.3691,0.9834274316728382,A:261:;A:262:;A:263:;A:264:;A:265:;A:266:;A:267:;A:268:;A:276:;A:279:,A:262:;A:263:;A:276:
hsa_paa_fe3o4,pi_carbon,51,3,alternative interface,A:70:,PHE,70,A,10,3,12.453468855264454,0.3,0.280603,0.36293,0.9855883641927337,A:46:;A:66:;A:67:;A:68:;A:69:;A:70:;A:71:;A:72:;A:73:;A:74:,A:67:;A:70:;A:73:
hsa_paa_fe3o4,pi_carbon,52,3,alternative interface,A:219:,LEU,219,A,5,2,12.099735548708082,0.4,0.184524,0.31053000000000003,0.9709847143272624,A:216:;A:218:;A:219:;A:223:;A:235:,A:218:;A:223:
hsa_paa_fe3o4,pi_carbon,53,3,alternative interface,A:259:,ASP,259,A,9,3,12.469538965743558,0.3333333333333333,0.25970666666666664,0.29616,0.9839725016914362,A:255:;A:256:;A:257:;A:258:;A:259:;A:260:;A:261:;A:262:;A:263:,A:257:;A:262:;A:263:
hsa_paa_fe3o4,pi_carbon,54,3,alternative interface,A:386:,ASN,386,A,8,1,11.904327180283419,0.125,0.55832125,0.26248,0.9846686497820076,A:382:;A:383:;A:385:;A:386:;A:387:;A:388:;A:389:;A:390:,A:389:
hsa_paa_fe3o4,pi_carbon,55,3,alternative interface,A:324:,ASP,324,A,7,2,9.77040886510757,0.2857142857142857,0.4074785714285714,0.20902,0.9950755245325575,A:322:;A:323:;A:324:;A:325:;A:326:;A:327:;A:328:,A:323:;A:326:
hsa_paa_fe3o4,pi_carbon,56,3,alternative interface,A:156:,PHE,156,A,9,4,12.621334410997902,0.4444444444444444,0.23046222222222223,0.18594000000000002,0.9641437827895531,A:153:;A:155:;A:156:;A:158:;A:159:;A:160:;A:284:;A:285:;A:288:,A:156:;A:159:;A:160:;A:288:
hsa_paa_fe3o4,pi_carbon,57,3,alternative interface,A:227:,GLU,227,A,6,2,11.544043497148381,0.3333333333333333,0.5109016666666667,0.1753,0.9841664443065496,A:225:;A:227:;A:228:;A:229:;A:230:;A:270:,A:225:;A:228:
hsa_paa_fe3o4,pi_carbon,58,3,alternative interface,A:299:,PRO,299,A,7,1,12.764920924171474,0.14285714285714285,0.49411,0.12352,0.9914046856237289,A:225:;A:297:;A:298:;A:299:;A:300:;A:301:;A:302:,A:225:
hsa_paa_fe3o4,pi_carbon,59,3,alternative interface,A:329:,MET,329,A,9,3,12.125857966657296,0.3333333333333333,0.2613211111111111,0.10855000000000001,0.9848172143918543,A:228:;A:325:;A:326:;A:327:;A:328:;A:329:;A:331:;A:332:;A:333:,A:228:;A:326:;A:332:
hsa_paa_fe3o4,pi_carbon,60,3,alternative interface,A:150:,TYR,150,A,4,2,11.159332906998271,0.5,0.1372425,0.10346,0.8875148074858593,A:148:;A:150:;A:153:;A:193:,A:148:;A:150:
hsa_paa_fe3o4,pi_carbon,61,3,alternative interface,A:306:,ALA,306,A,8,1,10.147025562748038,0.125,0.4501925,0.060039999999999996,0.9947546579776738,A:304:;A:305:;A:306:;A:307:;A:308:;A:309:;A:310:;A:311:,A:309:
hsa_paa_fe3o4,pi_carbon,62,3,alternative interface,A:171:,ALA,171,A,7,1,11.398227693079717,0.14285714285714285,0.47427714285714284,0.0405,0.9929450799568263,A:167:;A:170:;A:171:;A:172:;A:173:;A:174:;A:177:,A:174:
hsa_paa_fe3o4,pi_carbon,63,4,alternative interface,A:478:,THR,478,A,7,1,11.741957014520763,0.14285714285714285,0.46067285714285716,0.44783,0.9741967711029255,A:474:;A:475:;A:477:;A:478:;A:479:;A:480:;A:481:,A:475:
hsa_paa_fe3o4,pi_carbon,64,4,alternative interface,A:433:,VAL,433,A,9,3,14.557282044400777,0.3333333333333333,0.246,0.39181,0.9347730931503441,A:429:;A:432:;A:433:;A:435:;A:436:;A:438:;A:449:;A:452:;A:453:,A:432:;A:436:;A:452:
hsa_paa_fe3o4,pi_carbon,65,4,alternative interface,A:183:,ASP,183,A,9,2,12.591479549084616,0.2222222222222222,0.45698,0.38140999999999997,0.9913864914196755,A:179:;A:180:;A:181:;A:182:;A:183:;A:184:;A:185:;A:186:;A:187:,A:181:;A:186:
hsa_paa_fe3o4,pi_carbon,66,4,alternative interface,A:232:,SER,232,A,8,2,12.034135495761362,0.25,0.36743375,0.33758000000000005,0.9861344630507035,A:216:;A:228:;A:229:;A:230:;A:232:;A:233:;A:235:;A:236:,A:228:;A:233:
hsa_paa_fe3o4,pi_carbon,67,4,alternative interface,A:38:,ASP,38,A,8,2,11.838148970859462,0.25,0.4278075,0.31323,0.9864604916298871,A:34:;A:35:;A:36:;A:37:;A:38:;A:40:;A:41:;A:42:,A:36:;A:41:
hsa_paa_fe3o4,pi_carbon,68,4,alternative interface,A:178:,LEU,178,A,12,3,12.7674652341487,0.25,0.2685591666666667,0.19908,0.9868031320966218,A:120:;A:164:;A:165:;A:174:;A:175:;A:176:;A:177:;A:178:;A:179:;A:180:;A:181:;A:182:,A:165:;A:174:;A:181:
hsa_paa_fe3o4,pi_carbon,69,4,alternative interface,A:32:,GLN,32,A,9,3,13.079727747930821,0.3333333333333333,0.24884777777777772,0.15176,0.9692395225356266,A:107:;A:110:;A:144:;A:145:;A:30:;A:31:;A:32:;A:33:;A:34:,A:144:;A:145:;A:30:
hsa_paa_fe3o4,pi_carbon,70,4,alternative interface,A:92:,ALA,92,A,6,1,11.16591708470822,0.16666666666666666,0.35688499999999995,0.05833,0.9925635597058079,A:89:;A:90:;A:91:;A:92:;A:93:;A:94:,A:93:
hsa_paa_fe3o4,pi_carbon,71,4,alternative interface,A:97:,GLU,97,A,8,1,10.168471636619184,0.125,0.35040375,0.05833,0.9940428320712277,A:100:;A:101:;A:93:;A:94:;A:95:;A:96:;A:97:;A:99:,A:93:
hsa_paa_fe3o4,pi_carbon,72,5,alternative interface,A:527:,THR,527,A,10,2,12.476521708788242,0.2,0.29794,0.30136,0.982599408601716,A:420:;A:421:;A:424:;A:523:;A:524:;A:525:;A:527:;A:528:;A:529:;A:531:,A:524:;A:525:
hsa_paa_fe3o4,pi_carbon,73,5,alternative interface,A:44:,ASN,44,A,10,2,11.943622639647316,0.2,0.35440299999999997,0.27853,0.9899402000468682,A:20:;A:40:;A:41:;A:42:;A:43:;A:44:;A:45:;A:46:;A:47:;A:48:,A:20:;A:41:
hsa_paa_fe3o4,pi_carbon,74,5,alternative interface,A:274:,LYS,274,A,8,2,13.7530634924278,0.25,0.39314125,0.27136,0.9809902833441225,A:273:;A:274:;A:276:;A:277:;A:293:;A:294:;A:295:;A:296:,A:274:;A:276:
hsa_paa_fe3o4,pi_carbon,75,5,alternative interface,A:354:,GLU,354,A,8,1,12.512543515360194,0.125,0.3798775,0.24705,0.9895449024724599,A:327:;A:350:;A:351:;A:352:;A:354:;A:355:;A:356:;A:358:,A:351:
hsa_paa_fe3o4,pi_carbon,76,5,alternative interface,A:381:,VAL,381,A,7,1,10.91214926766362,0.14285714285714285,0.44663,0.17745,0.9898028870398836,A:378:;A:379:;A:380:;A:381:;A:382:;A:383:;A:385:,A:378:
hsa_paa_fe3o4,pi_carbon,77,5,alternative interface,A:113:,PRO,113,A,5,1,11.707779543991938,0.2,0.43302399999999996,0.13011,0.9783345302166505,A:111:;A:112:;A:113:;A:114:;A:115:,A:114:
hsa_paa_fe3o4,pi_carbon,78,5,alternative interface,A:281:,LYS,281,A,8,2,12.669683412137037,0.25,0.36565375,0.10207000000000001,0.9859901882257709,A:277:;A:279:;A:280:;A:281:;A:282:;A:283:;A:285:;A:286:,A:281:;A:286:
hsa_paa_fe3o4,pi_carbon,79,6,alternative interface,A:287:,SER,287,A,11,2,12.611281043148624,0.18181818181818182,0.28523818181818184,0.21678999999999998,0.9703084352130392,A:258:;A:261:;A:283:;A:284:;A:285:;A:286:;A:287:;A:288:;A:289:;A:290:;A:291:,A:286:;A:288:
hsa_paa_fe3o4,pi_carbon,80,6,alternative interface,A:348:,ARG,348,A,9,2,12.547452072787545,0.2222222222222222,0.2580688888888889,0.19893999999999998,0.9777907353573461,A:344:;A:347:;A:348:;A:350:;A:351:;A:352:;A:380:;A:482:;A:483:,A:348:;A:351:
hsa_paa_fe3o4,pi_carbon,81,6,alternative interface,A:75:,CYS,75,A,9,1,10.610133491345149,0.1111111111111111,0.3336977777777778,0.17986999999999997,0.9887447790290353,A:71:;A:72:;A:73:;A:74:;A:75:;A:76:;A:77:;A:78:;A:91:,A:73:
hsa_paa_fe3o4,pi_carbon,82,6,alternative interface,A:425:,GLU,425,A,7,1,12.41088747667095,0.14285714285714285,0.33366428571428564,0.14148,0.9652636954509441,A:421:;A:422:;A:424:;A:425:;A:426:;A:428:;A:429:,A:428:
hsa_paa_fe3o4,pi_carbon,83,6,alternative interface,A:463:,LEU,463,A,9,1,13.267880773506883,0.1111111111111111,0.4140944444444445,0.11016999999999999,0.9379226155756084,A:108:;A:109:;A:422:;A:459:;A:462:;A:463:;A:465:;A:466:;A:467:,A:466:
hsa_paa_fe3o4,pi_carbon,84,6,alternative interface,A:21:,ALA,21,A,8,2,12.990697401434131,0.25,0.2478475,0.10172,0.9750340413245575,A:136:;A:139:;A:155:;A:17:;A:18:;A:20:;A:21:;A:24:,A:136:;A:20:
hsa_paa_fe3o4,pi_carbon,85,6,alternative interface,A:491:,LEU,491,A,8,1,13.902666847002079,0.125,0.36490625,0.07558,0.9806515420662049,A:414:;A:487:;A:489:;A:490:;A:491:;A:492:;A:493:;A:494:,A:414:
hsa_paa_fe3o4,pi_carbon,86,6,alternative interface,A:254:,ALA,254,A,7,1,10.84961856103867,0.14285714285714285,0.17279285714285714,0.046959999999999995,0.9808987932931696,A:251:;A:252:;A:254:;A:255:;A:256:;A:257:;A:258:,A:257:
hsa_paa_fe3o4,pi_carbon,87,7,alternative interface,A:455:,VAL,455,A,7,1,13.25592185624583,0.14285714285714285,0.24669000000000002,0.18366,0.7852003330795086,A:198:;A:451:;A:452:;A:453:;A:454:;A:455:;A:459:,A:452:
hsa_paa_fe3o4,pi_carbon,88,7,alternative interface,A:484:,ARG,484,A,10,1,13.895517741068147,0.1,0.29420999999999997,0.04671,0.9586519105808254,A:454:;A:477:;A:479:;A:480:;A:481:;A:482:;A:483:;A:484:;A:486:;A:487:,A:484:
hsa_paa_fe3o4,hbond_donor,1,1,primary plausible interface,A:130:,ASN,130,A,8,5,10.436118166165713,0.625,0.583805,0.9625,0.9928237607486038,A:126:;A:128:;A:129:;A:130:;A:131:;A:132:;A:133:;A:134:,A:129:;A:130:;A:131:;A:132:;A:133:
hsa_paa_fe3o4,hbond_donor,2,1,primary plausible interface,A:268:,GLN,268,A,9,6,12.376024923523358,0.6666666666666666,0.4298855555555556,0.77455,0.9840000907722656,A:264:;A:265:;A:266:;A:267:;A:268:;A:269:;A:270:;A:273:;A:276:,A:266:;A:267:;A:268:;A:269:;A:270:;A:273:
hsa_paa_fe3o4,hbond_donor,3,1,primary plausible interface,A:312:,SER,312,A,8,4,10.99501552767358,0.5,0.49902499999999994,0.6759999999999999,0.9955427031521759,A:307:;A:308:;A:309:;A:310:;A:311:;A:312:;A:313:;A:314:,A:308:;A:311:;A:312:;A:314:
hsa_paa_fe3o4,hbond_donor,4,1,primary plausible interface,A:48:,GLU,48,A,8,5,12.734740849922904,0.625,0.47524875,0.6250800000000001,0.993488932221206,A:44:;A:45:;A:46:;A:47:;A:48:;A:49:;A:51:;A:52:,A:44:;A:45:;A:47:;A:48:;A:52:
hsa_paa_fe3o4,hbond_donor,5,1,primary plausible interface,A:58:,SER,58,A,7,6,10.734225140585403,0.8571428571428571,0.5749757142857144,0.58899,0.9944441030964106,A:56:;A:57:;A:58:;A:59:;A:60:;A:61:;A:63:,A:56:;A:57:;A:58:;A:60:;A:61:;A:63:
hsa_paa_fe3o4,hbond_donor,6,1,primary plausible interface,A:355:,THR,355,A,7,5,12.726634973911464,0.7142857142857143,0.43336428571428565,0.51378,0.9963706814580728,A:351:;A:352:;A:354:;A:355:;A:356:;A:358:;A:359:,A:352:;A:354:;A:355:;A:356:;A:358:
hsa_paa_fe3o4,hbond_donor,7,1,primary plausible interface,A:322:,ALA,322,A,9,4,10.28549977185053,0.4444444444444444,0.4665455555555556,0.45109,0.9962347537905698,A:318:;A:319:;A:320:;A:321:;A:322:;A:323:;A:324:;A:325:;A:326:,A:318:;A:319:;A:321:;A:324:
hsa_paa_fe3o4,hbond_donor,8,1,primary plausible interface,A:502:,PHE,502,A,7,3,13.059346901837548,0.42857142857142855,0.6209242857142857,0.41372,0.9897334103889847,A:500:;A:501:;A:502:;A:503:;A:504:;A:506:;A:535:,A:501:;A:503:;A:506:
hsa_paa_fe3o4,hbond_donor,9,1,primary plausible interface,A:569:,ALA,569,A,6,3,9.284740409383028,0.5,0.45547833333333326,0.37201,0.9972690496033968,A:565:;A:566:;A:567:;A:568:;A:569:;A:570:,A:565:;A:566:;A:570:
hsa_paa_fe3o4,hbond_donor,10,1,primary plausible interface,A:560:,LYS,560,A,7,2,11.717879587821418,0.2857142857142857,0.46358571428571427,0.28754,0.9973182996056946,A:556:;A:557:;A:558:;A:559:;A:560:;A:561:;A:562:,A:556:;A:562:
hsa_paa_fe3o4,hbond_donor,11,1,primary plausible interface,A:54:,VAL,54,A,8,3,13.523973740608957,0.375,0.47254375,0.26533999999999996,0.9957115221323113,A:11:;A:51:;A:52:;A:54:;A:55:;A:56:;A:57:;A:8:,A:52:;A:56:;A:57:
hsa_paa_fe3o4,hbond_donor,12,1,primary plausible interface,A:364:,ALA,364,A,5,1,8.577842309178038,0.2,0.48925599999999997,0.11567999999999999,0.9975276653713164,A:362:;A:363:;A:364:;A:365:;A:366:,A:365:
hsa_paa_fe3o4,hbond_donor,13,1,primary plausible interface,A:150:,TYR,150,A,4,4,11.159332906998271,1.0,0.1372425,0.07714,0.8875148074858593,A:148:;A:150:;A:153:;A:193:,A:148:;A:150:;A:153:;A:193:
hsa_paa_fe3o4,hbond_donor,14,2,alternative interface,A:386:,ASN,386,A,8,5,11.904327180283419,0.625,0.55832125,0.78549,0.9846686497820076,A:382:;A:383:;A:385:;A:386:;A:387:;A:388:;A:389:;A:390:,A:382:;A:383:;A:385:;A:386:;A:390:
hsa_paa_fe3o4,hbond_donor,15,2,alternative interface,A:564:,LYS,564,A,10,4,12.358286816793383,0.4,0.42190399999999995,0.64217,0.9947633689080657,A:558:;A:559:;A:561:;A:562:;A:563:;A:564:;A:565:;A:566:;A:567:;A:568:,A:562:;A:563:;A:565:;A:566:
hsa_paa_fe3o4,hbond_donor,16,2,alternative interface,A:122:,VAL,122,A,9,3,11.09006345517144,0.3333333333333333,0.5555177777777778,0.63314,0.9905880887391874,A:118:;A:119:;A:120:;A:121:;A:122:;A:123:;A:124:;A:125:;A:126:,A:119:;A:121:;A:125:
hsa_paa_fe3o4,hbond_donor,17,2,alternative interface,A:306:,ALA,306,A,8,3,10.147025562748038,0.375,0.4501925,0.6299199999999999,0.9947546579776738,A:304:;A:305:;A:306:;A:307:;A:308:;A:309:;A:310:;A:311:,A:304:;A:308:;A:311:
hsa_paa_fe3o4,hbond_donor,18,2,alternative interface,A:64:,LYS,64,A,8,5,11.479167302568936,0.625,0.40494375,0.5963499999999999,0.992288967108747,A:61:;A:63:;A:64:;A:65:;A:66:;A:68:;A:69:;A:6:,A:61:;A:63:;A:65:;A:68:;A:6:
hsa_paa_fe3o4,hbond_donor,19,2,alternative interface,A:494:,ASP,494,A,9,5,13.326563020596264,0.5555555555555556,0.4265311111111111,0.57909,0.9876160099638832,A:413:;A:414:;A:491:;A:492:;A:493:;A:494:;A:495:;A:496:;A:497:,A:492:;A:494:;A:495:;A:496:;A:497:
hsa_paa_fe3o4,hbond_donor,20,2,alternative interface,A:517:,SER,517,A,7,4,11.313737867603365,0.5714285714285714,0.5044928571428572,0.50335,0.9934522858997558,A:515:;A:516:;A:517:;A:518:;A:519:;A:520:;A:521:,A:515:;A:517:;A:518:;A:520:
hsa_paa_fe3o4,hbond_donor,21,2,alternative interface,A:545:,LYS,545,A,9,3,12.643105270886153,0.3333333333333333,0.5140277777777778,0.49073999999999995,0.9919052259217254,A:541:;A:542:;A:543:;A:544:;A:545:;A:546:;A:547:;A:548:;A:549:,A:542:;A:543:;A:549:
hsa_paa_fe3o4,hbond_donor,22,2,alternative interface,A:514:,CYS,514,A,7,2,11.87414113889003,0.2857142857142857,0.4386228571428572,0.47325,0.9950504553183902,A:511:;A:512:;A:513:;A:514:;A:515:;A:516:;A:559:,A:512:;A:515:
hsa_paa_fe3o4,hbond_donor,23,2,alternative interface,A:230:,GLU,230,A,7,4,13.109411619709586,0.5714285714285714,0.5075585714285714,0.46369,0.9853661640071751,A:227:;A:228:;A:229:;A:230:;A:232:;A:233:;A:270:,A:227:;A:230:;A:232:;A:270:
hsa_paa_fe3o4,hbond_donor,24,2,alternative interface,A:551:,PHE,551,A,9,2,12.81515827289164,0.2222222222222222,0.5045755555555556,0.40482999999999997,0.9929861147605782,A:547:;A:548:;A:549:;A:550:;A:551:;A:552:;A:553:;A:554:;A:555:,A:549:;A:550:
hsa_paa_fe3o4,hbond_donor,25,2,alternative interface,A:300:,ALA,300,A,5,1,9.291772646618924,0.2,0.457446,0.16671,0.9965668394675776,A:298:;A:299:;A:300:;A:301:;A:302:,A:301:
hsa_paa_fe3o4,hbond_donor,26,2,alternative interface,A:417:,GLN,417,A,4,3,14.064792011229262,0.75,0.3422825,0.07065,0.9815964384469776,A:417:;A:419:;A:469:;A:497:,A:417:;A:419:;A:497:
hsa_paa_fe3o4,hbond_donor,27,2,alternative interface,A:498:,VAL,498,A,5,2,12.59319760442576,0.4,0.536342,0.02545,0.990622971384583,A:496:;A:497:;A:498:;A:499:;A:500:,A:496:;A:497:
hsa_paa_fe3o4,hbond_donor,28,3,alternative interface,A:474:,THR,474,A,9,5,14.855626391498838,0.5555555555555556,0.5529244444444444,0.63917,0.9620590948470453,A:465:;A:468:;A:471:;A:472:;A:474:;A:475:;A:477:;A:478:;A:479:,A:465:;A:471:;A:474:;A:478:;A:479:
hsa_paa_fe3o4,hbond_donor,29,3,alternative interface,A:110:,PRO,110,A,8,5,11.052198037775137,0.625,0.36708624999999995,0.62987,0.9676881690385771,A:107:;A:108:;A:109:;A:110:;A:111:;A:112:;A:145:;A:32:,A:107:;A:108:;A:109:;A:111:;A:32:
hsa_paa_fe3o4,hbond_donor,30,3,alternative interface,A:185:,LEU,185,A,10,5,13.073691412978866,0.5,0.401652,0.58076,0.9788720113494637,A:161:;A:181:;A:182:;A:183:;A:184:;A:185:;A:186:;A:187:;A:188:;A:189:,A:161:;A:183:;A:184:;A:187:;A:188:
hsa_paa_fe3o4,hbond_donor,31,3,alternative interface,A:392:,CYS,392,A,10,4,11.742280724550081,0.4,0.359818,0.56755,0.9828194447737797,A:388:;A:389:;A:390:;A:391:;A:392:;A:393:;A:394:;A:395:;A:396:;A:438:,A:390:;A:391:;A:393:;A:396:
hsa_paa_fe3o4,hbond_donor,32,3,alternative interface,A:263:,TYR,263,A,9,4,12.344278105006062,0.4444444444444444,0.3138488888888889,0.5305,0.9890289056874884,A:259:;A:260:;A:261:;A:262:;A:263:;A:264:;A:265:;A:266:;A:267:,A:259:;A:263:;A:266:;A:267:
hsa_paa_fe3o4,hbond_donor,33,3,alternative interface,A:101:,CYS,101,A,9,4,12.976009664005861,0.4444444444444444,0.3665355555555555,0.48,0.9875044361933765,A:100:;A:101:;A:102:;A:103:;A:104:;A:105:;A:90:;A:97:;A:99:,A:100:;A:104:;A:97:;A:99:
hsa_paa_fe3o4,hbond_donor,34,3,alternative interface,A:316:,CYS,316,A,9,3,13.109128598180346,0.3333333333333333,0.38576000000000005,0.47462000000000004,0.9917303318527856,A:313:;A:314:;A:316:;A:317:;A:318:;A:319:;A:320:;A:361:;A:366:,A:314:;A:318:;A:319:
hsa_paa_fe3o4,hbond_donor,35,3,alternative interface,A:510:,HIS,510,A,8,3,11.509182053309297,0.375,0.4329225,0.47387999999999997,0.9935049883788086,A:508:;A:509:;A:510:;A:511:;A:512:;A:513:;A:565:;A:568:,A:508:;A:512:;A:565:
hsa_paa_fe3o4,hbond_donor,36,3,alternative interface,A:20:,LYS,20,A,9,5,12.931235707035132,0.5555555555555556,0.3223333333333333,0.45715000000000006,0.9848987225297208,A:16:;A:17:;A:18:;A:20:;A:21:;A:24:;A:43:;A:44:;A:47:,A:16:;A:17:;A:18:;A:44:;A:47:
hsa_paa_fe3o4,hbond_donor,37,3,alternative interface,A:399:,GLY,399,A,8,4,11.252721292843585,0.5,0.39805625,0.45525,0.9870208995511187,A:395:;A:396:;A:397:;A:398:;A:399:;A:400:;A:401:;A:402:,A:396:;A:397:;A:400:;A:401:
hsa_paa_fe3o4,hbond_donor,38,3,alternative interface,A:15:,GLY,15,A,8,4,11.244732084478915,0.5,0.40721625,0.45336,0.9890849644903926,A:11:;A:12:;A:13:;A:14:;A:15:;A:16:;A:17:;A:18:,A:13:;A:16:;A:17:;A:18:
hsa_paa_fe3o4,hbond_donor,39,3,alternative interface,A:296:,ASP,296,A,9,5,13.255204678426763,0.5555555555555556,0.4481488888888889,0.42984,0.983097288807817,A:223:;A:225:;A:273:;A:274:;A:294:;A:295:;A:296:;A:297:;A:298:,A:273:;A:294:;A:295:;A:296:;A:297:
hsa_paa_fe3o4,hbond_donor,40,3,alternative interface,A:507:,PHE,507,A,7,4,12.109747367498768,0.5714285714285714,0.4984857142857143,0.41579,0.992897470903639,A:503:;A:504:;A:505:;A:506:;A:507:;A:508:;A:509:,A:503:;A:505:;A:506:;A:508:
hsa_paa_fe3o4,hbond_donor,41,3,alternative interface,A:171:,ALA,171,A,7,3,11.398227693079717,0.42857142857142855,0.47427714285714284,0.32780000000000004,0.9929450799568263,A:167:;A:170:;A:171:;A:172:;A:173:;A:174:;A:177:,A:167:;A:170:;A:173:
hsa_paa_fe3o4,hbond_donor,42,3,alternative interface,A:443:,ALA,443,A,7,2,11.382055050794209,0.2857142857142857,0.50986,0.2695,0.9856646267535693,A:340:;A:440:;A:441:;A:442:;A:443:;A:444:;A:445:,A:340:;A:442:
hsa_paa_fe3o4,hbond_donor,43,3,alternative interface,A:175:,ALA,175,A,8,1,10.331100474687217,0.125,0.35616125000000004,0.23764,0.9939430851081502,A:120:;A:173:;A:174:;A:175:;A:176:;A:177:;A:178:;A:179:,A:173:
hsa_paa_fe3o4,hbond_donor,44,3,alternative interface,A:180:,PRO,180,A,9,2,13.183910262178594,0.2222222222222222,0.3850088888888889,0.14119,0.9946306945146123,A:176:;A:177:;A:178:;A:179:;A:180:;A:181:;A:182:;A:183:;A:184:,A:183:;A:184:
hsa_paa_fe3o4,hbond_donor,45,3,alternative interface,A:89:,ASP,89,A,5,1,7.780403784847641,0.2,0.3526679999999999,0.12131,0.9958123113607672,A:89:;A:90:;A:91:;A:92:;A:93:,A:89:
hsa_paa_fe3o4,hbond_donor,46,4,alternative interface,A:239:,THR,239,A,10,5,11.737980217854762,0.5,0.385445,0.55728,0.9602742840694843,A:208:;A:212:;A:235:;A:236:;A:237:;A:238:;A:239:;A:240:;A:242:;A:243:,A:208:;A:236:;A:237:;A:239:;A:243:
hsa_paa_fe3o4,hbond_donor,47,4,alternative interface,A:480:,SER,480,A,8,4,10.345790053595616,0.5,0.37601249999999997,0.5117499999999999,0.9674117391734003,A:477:;A:478:;A:479:;A:480:;A:481:;A:482:;A:483:;A:484:,A:478:;A:479:;A:480:;A:483:
hsa_paa_fe3o4,hbond_donor,48,4,alternative interface,A:135:,LEU,135,A,11,4,12.713898975946313,0.36363636363636365,0.33730454545454547,0.45094999999999996,0.9858314737718801,A:131:;A:132:;A:133:;A:134:;A:135:;A:136:;A:137:;A:138:;A:139:;A:158:;A:162:,A:131:;A:132:;A:133:;A:138:
hsa_paa_fe3o4,hbond_donor,49,4,alternative interface,A:466:,LYS,466,A,6,2,9.568406830071506,0.3333333333333333,0.41788166666666665,0.42866,0.9908586793214236,A:462:;A:463:;A:465:;A:466:;A:467:;A:468:,A:465:;A:467:
hsa_paa_fe3o4,hbond_donor,50,4,alternative interface,A:35:,PRO,35,A,6,3,11.771783234458987,0.5,0.49487666666666663,0.40680999999999995,0.9889216324605773,A:33:;A:34:;A:35:;A:36:;A:37:;A:38:,A:33:;A:37:;A:38:
hsa_paa_fe3o4,hbond_donor,51,4,alternative interface,A:381:,VAL,381,A,7,3,10.91214926766362,0.42857142857142855,0.44663,0.37186,0.9898028870398836,A:378:;A:379:;A:380:;A:381:;A:382:;A:383:;A:385:,A:382:;A:383:;A:385:
hsa_paa_fe3o4,hbond_donor,52,4,alternative interface,A:540:,THR,540,A,8,3,12.566476952091362,0.375,0.349175,0.36558999999999997,0.990696202041886,A:537:;A:538:;A:539:;A:540:;A:541:;A:542:;A:543:;A:544:,A:540:;A:542:;A:543:
hsa_paa_fe3o4,hbond_donor,53,4,alternative interface,A:367:,HIS,367,A,9,3,13.188614795733486,0.3333333333333333,0.4304777777777778,0.34771,0.9928511738629683,A:310:;A:311:;A:313:;A:365:;A:366:;A:367:;A:368:;A:369:;A:371:,A:311:;A:365:;A:368:
hsa_paa_fe3o4,hbond_donor,54,4,alternative interface,A:94:,GLN,94,A,8,4,12.008004553765106,0.5,0.346825,0.23992999999999998,0.9901014589799966,A:91:;A:92:;A:93:;A:94:;A:95:;A:96:;A:97:;A:99:,A:94:;A:95:;A:97:;A:99:
hsa_paa_fe3o4,hbond_donor,55,5,alternative interface,A:40:,VAL,40,A,9,3,12.547002049964455,0.3333333333333333,0.38817,0.40680999999999995,0.9878811608236571,A:24:;A:36:;A:37:;A:38:;A:40:;A:41:;A:42:;A:43:;A:44:,A:37:;A:38:;A:44:
hsa_paa_fe3o4,hbond_donor,56,5,alternative interface,A:256:,ASP,256,A,8,4,11.970664341874619,0.5,0.2461325,0.38647,0.9811333366833203,A:252:;A:254:;A:255:;A:256:;A:257:;A:258:;A:259:;A:260:,A:252:;A:255:;A:256:;A:259:
hsa_paa_fe3o4,hbond_donor,57,5,alternative interface,A:165:,PHE,165,A,9,3,12.286032858841187,0.3333333333333333,0.3432544444444445,0.38594,0.987942543592194,A:124:;A:161:;A:162:;A:163:;A:164:;A:165:;A:166:;A:167:;A:178:,A:161:;A:166:;A:167:
hsa_paa_fe3o4,hbond_donor,58,5,alternative interface,A:293:,VAL,293,A,8,3,12.436130655865226,0.375,0.39031875000000005,0.38083,0.9754363036634506,A:274:;A:289:;A:290:;A:291:;A:292:;A:293:;A:294:;A:295:,A:292:;A:294:;A:295:
hsa_paa_fe3o4,hbond_donor,59,5,alternative interface,A:422:,THR,422,A,8,4,12.35894496239203,0.5,0.32623749999999996,0.36292,0.9650356236475234,A:419:;A:420:;A:421:;A:422:;A:424:;A:425:;A:426:;A:463:,A:419:;A:420:;A:422:;A:425:
hsa_paa_fe3o4,hbond_donor,60,5,alternative interface,A:190:,LYS,190,A,9,4,12.461799964377445,0.4444444444444444,0.38917555555555555,0.34829,0.9215496415901775,A:186:;A:187:;A:188:;A:189:;A:190:;A:191:;A:192:;A:193:;A:194:,A:187:;A:188:;A:192:;A:193:
hsa_paa_fe3o4,hbond_donor,61,5,alternative interface,A:67:,HIS,67,A,10,4,12.154804109828653,0.4,0.318801,0.29178,0.9839897095602526,A:65:;A:66:;A:67:;A:68:;A:69:;A:70:;A:71:;A:95:;A:96:;A:99:,A:65:;A:68:;A:95:;A:99:
hsa_paa_fe3o4,hbond_donor,62,5,alternative interface,A:328:,GLY,328,A,10,2,12.547804431611391,0.2,0.325836,0.28371999999999997,0.9882256238283214,A:213:;A:216:;A:324:;A:325:;A:326:;A:327:;A:328:;A:329:;A:331:;A:332:,A:324:;A:332:
hsa_paa_fe3o4,hbond_donor,63,5,alternative interface,A:376:,GLU,376,A,8,3,14.54239694484155,0.375,0.39856875,0.27871,0.9889418656677679,A:352:;A:372:;A:374:;A:375:;A:376:;A:378:;A:379:;A:380:,A:352:;A:375:;A:376:
hsa_paa_fe3o4,hbond_donor,64,5,alternative interface,A:303:,PRO,303,A,6,2,13.9224106385476,0.3333333333333333,0.42450833333333343,0.20814,0.9903274415527441,A:301:;A:302:;A:303:;A:304:;A:305:;A:307:,A:301:;A:304:
hsa_paa_fe3o4,hbond_donor,65,5,alternative interface,A:282:,PRO,282,A,7,2,11.511622771192958,0.2857142857142857,0.36903,0.16905,0.9913723504486317,A:280:;A:281:;A:282:;A:283:;A:284:;A:285:;A:286:,A:280:;A:285:
hsa_paa_fe3o4,hbond_donor,66,5,alternative interface,A:251:,LEU,251,A,6,3,11.117647889496162,0.5,0.16993333333333335,0.12992,0.9847106551045496,A:10:;A:249:;A:251:;A:252:;A:254:;A:255:,A:249:;A:252:;A:255:
hsa_paa_fe3o4,hbond_donor,67,5,alternative interface,A:405:,ASN,405,A,7,3,12.817647853024756,0.42857142857142855,0.2408614285714286,0.10223,0.9829701833705203,A:401:;A:402:;A:404:;A:405:;A:406:;A:407:;A:409:,A:401:;A:404:;A:405:
hsa_paa_fe3o4,hbond_donor,68,6,alternative interface,A:73:,LYS,73,A,11,2,14.182614023053937,0.18181818181818182,0.2796454545454545,0.37978,0.9837389902249964,A:42:;A:46:;A:69:;A:70:;A:71:;A:72:;A:73:;A:74:;A:75:;A:76:;A:77:,A:72:;A:76:
hsa_paa_fe3o4,hbond_donor,69,6,alternative interface,A:428:,ARG,428,A,7,3,12.556058148960588,0.42857142857142855,0.2768771428571429,0.31778,0.9615271196769063,A:404:;A:424:;A:425:;A:426:;A:428:;A:429:;A:432:,A:404:;A:425:;A:429:
hsa_paa_fe3o4,hbond_donor,70,6,alternative interface,A:244:,GLU,244,A,8,4,12.383407474712032,0.5,0.28802,0.29163,0.9615258596661563,A:240:;A:242:;A:243:;A:244:;A:247:;A:248:;A:249:;A:252:,A:243:;A:244:;A:249:;A:252:
hsa_paa_fe3o4,hbond_donor,71,6,alternative interface,A:486:,PRO,486,A,6,2,10.692377079440863,0.3333333333333333,0.33758,0.24605,0.9834233248999366,A:483:;A:484:;A:486:;A:487:;A:489:;A:490:,A:483:;A:489:
hsa_paa_fe3o4,hbond_donor,72,6,alternative interface,A:279:,CYS,279,A,7,2,10.778866688302585,0.2857142857142857,0.22887999999999997,0.24248999999999998,0.9852462369568611,A:265:;A:276:;A:277:;A:279:;A:280:;A:281:;A:286:,A:277:;A:280:
hsa_paa_fe3o4,hbond_donor,73,6,alternative interface,A:203:,LEU,203,A,11,4,12.260598775277609,0.36363636363636365,0.3043072727272727,0.24112999999999998,0.9522153673170805,A:199:;A:201:;A:202:;A:203:;A:204:;A:205:;A:206:;A:207:;A:208:;A:210:;A:243:,A:202:;A:204:;A:208:;A:243:
hsa_paa_fe3o4,hbond_donor,74,6,alternative interface,A:524:,LYS,524,A,8,3,12.548615107123917,0.375,0.36014625,0.23546,0.9860658116769128,A:520:;A:521:;A:522:;A:523:;A:524:;A:525:;A:527:;A:528:,A:520:;A:522:;A:527:
hsa_paa_fe3o4,hbond_donor,75,6,alternative interface,A:195:,LYS,195,A,4,1,12.564684336782879,0.25,0.41411,0.1104,0.5819615758402978,A:191:;A:192:;A:195:;A:199:,A:192:
hsa_paa_fe3o4,hbond_donor,76,6,alternative interface,A:534:,LYS,534,A,9,1,12.618905708112653,0.1111111111111111,0.26818222222222216,0.07913,0.9887726739534434,A:413:;A:499:;A:500:;A:531:;A:532:;A:534:;A:535:;A:536:;A:537:,A:531:
hsa_paa_fe3o4,hbond_donor,77,6,alternative interface,A:209:,ARG,209,A,6,1,10.216176037522805,0.16666666666666666,0.38814499999999996,0.06598,0.975160652129206,A:207:;A:208:;A:209:;A:210:;A:212:;A:213:,A:208:
hsa_paa_fe3o4,hbond_donor,78,6,alternative interface,A:7:,VAL,7,A,8,2,13.634765144996823,0.25,0.27292875,0.047720000000000005,0.9864328604723919,A:10:;A:11:;A:65:;A:66:;A:6:;A:7:;A:8:;A:9:,A:65:;A:6:
hsa_paa_fe3o4,hbond_donor,79,7,alternative interface,A:453:,LEU,453,A,7,3,11.253685114065428,0.42857142857142855,0.19298428571428575,0.22917,0.9427970645599258,A:433:;A:449:;A:451:;A:452:;A:453:;A:454:;A:455:,A:451:;A:452:;A:454:
hsa_paa_fe3o4,hbond_donor,80,7,alternative interface,A:529:,LEU,529,A,8,2,12.82812300125477,0.25,0.24776,0.21624,0.984380845745666,A:409:;A:525:;A:527:;A:528:;A:529:;A:531:;A:532:;A:548:,A:527:;A:531:
hsa_paa_fe3o4,hbond_donor,81,7,alternative interface,A:287:,SER,287,A,11,2,12.611281043148624,0.18181818181818182,0.28523818181818184,0.19344999999999998,0.9703084352130392,A:258:;A:261:;A:283:;A:284:;A:285:;A:286:;A:287:;A:288:;A:289:;A:290:;A:291:,A:285:;A:287:
hsa_paa_fe3o4,hbond_donor,82,7,alternative interface,A:339:,PRO,339,A,9,3,14.190755805782892,0.3333333333333333,0.2900466666666667,0.17744,0.9679759037425534,A:295:;A:336:;A:337:;A:338:;A:339:;A:340:;A:341:;A:444:;A:447:,A:295:;A:340:;A:341:
hsa_paa_fe3o4,hbond_donor,83,7,alternative interface,A:435:,SER,435,A,7,2,12.544464002277634,0.2857142857142857,0.3203142857142858,0.15808,0.9751052025955685,A:400:;A:432:;A:433:;A:435:;A:436:;A:438:;A:439:,A:400:;A:435:
hsa_paa_fe3o4,hbond_donor,84,7,alternative interface,A:140:,TYR,140,A,10,3,12.054940142945538,0.3,0.194472,0.14374,0.978218004256115,A:136:;A:137:;A:138:;A:139:;A:140:;A:141:;A:142:;A:144:;A:24:;A:36:,A:138:;A:140:;A:141:
hsa_paa_fe3o4,hbond_donor,85,7,alternative interface,A:31:,LEU,31,A,8,3,15.126027871226647,0.375,0.211875,0.13716,0.9837464942120995,A:144:;A:30:;A:31:;A:32:;A:33:;A:34:;A:74:;A:78:,A:30:;A:32:;A:33:
hsa_paa_fe3o4,hbond_donor,86,7,alternative interface,A:333:,GLU,333,A,8,3,12.68115815407923,0.375,0.16532999999999998,0.10429000000000001,0.9857441644145508,A:305:;A:329:;A:331:;A:332:;A:333:;A:334:;A:336:;A:337:,A:332:;A:333:;A:334:
hsa_paa_fe3o4,hbond_donor,87,7,alternative interface,A:410:,ARG,410,A,8,2,13.735279578293984,0.25,0.30950500000000003,0.05269,0.9786282263787041,A:406:;A:407:;A:409:;A:410:;A:411:;A:413:;A:414:;A:492:,A:411:;A:492:
hsa_paa_fe3o4,hbond_donor,88,7,alternative interface,A:159:,LYS,159,A,8,1,12.376745491613129,0.125,0.2675425,0.04354,0.9833411150309791,A:155:;A:156:;A:158:;A:159:;A:160:;A:161:;A:162:;A:163:,A:161:
hsa_paa_fe3o4,hbond_donor,89,7,alternative interface,A:146:,HIS,146,A,7,3,12.280786332588864,0.42857142857142855,0.23340999999999998,0.02553,0.9172759259487508,A:108:;A:142:;A:144:;A:145:;A:146:;A:148:;A:193:,A:108:;A:148:;A:193:
hsa_paa_fe3o4,hbond_donor,90,8,alternative interface,A:459:,GLN,459,A,7,1,14.652711636645652,0.14285714285714285,0.17160714285714287,0.07846,0.6850135844608786,A:194:;A:197:;A:426:;A:455:;A:459:;A:462:;A:463:,A:459:
hsa_paa_fe3o4,hbond_donor,91,8,alternative interface,A:350:,ALA,350,A,8,2,12.19400678875825,0.25,0.2165625,0.06082,0.9841120888114363,A:327:;A:331:;A:347:;A:348:;A:350:;A:351:;A:352:;A:354:,A:352:;A:354:
hsa_paa_fe3o4,hbond_acceptor,1,1,primary plausible interface,A:478:,THR,478,A,7,4,11.741957014520763,0.5714285714285714,0.46067285714285716,1.0,0.9741967711029255,A:474:;A:475:;A:477:;A:478:;A:479:;A:480:;A:481:,A:474:;A:475:;A:478:;A:480:
hsa_paa_fe3o4,hbond_acceptor,2,1,primary plausible interface,A:524:,LYS,524,A,8,4,12.548615107123917,0.5,0.36014625,0.68282,0.9860658116769128,A:520:;A:521:;A:522:;A:523:;A:524:;A:525:;A:527:;A:528:,A:521:;A:524:;A:525:;A:527:
hsa_paa_fe3o4,hbond_acceptor,3,1,primary plausible interface,A:354:,GLU,354,A,8,4,12.512543515360194,0.5,0.3798775,0.6665800000000001,0.9895449024724599,A:327:;A:350:;A:351:;A:352:;A:354:;A:355:;A:356:;A:358:,A:351:;A:352:;A:355:;A:356:
hsa_paa_fe3o4,hbond_acceptor,4,1,primary plausible interface,A:519:,LYS,519,A,8,3,10.310251614203262,0.375,0.44766999999999996,0.64724,0.989747283826347,A:516:;A:517:;A:518:;A:519:;A:520:;A:521:;A:522:;A:523:,A:517:;A:519:;A:521:
hsa_paa_fe3o4,hbond_acceptor,5,1,primary plausible interface,A:567:,CYS,567,A,9,2,13.226307866623126,0.2222222222222222,0.3966144444444445,0.60072,0.9943354313459103,A:558:;A:561:;A:564:;A:565:;A:566:;A:567:;A:568:;A:569:;A:570:,A:564:;A:566:
hsa_paa_fe3o4,hbond_acceptor,6,1,primary plausible interface,A:472:,ARG,472,A,4,3,6.111791055382365,0.75,0.6100875,0.52844,0.9927112338430758,A:471:;A:472:;A:474:;A:475:,A:472:;A:474:;A:475:
hsa_paa_fe3o4,hbond_acceptor,7,1,primary plausible interface,A:54:,VAL,54,A,8,2,13.523973740608957,0.25,0.47254375,0.46353,0.9957115221323113,A:11:;A:51:;A:52:;A:54:;A:55:;A:56:;A:57:;A:8:,A:51:;A:52:
hsa_paa_fe3o4,hbond_acceptor,8,1,primary plausible interface,A:49:,PHE,49,A,7,3,11.322670543819218,0.42857142857142855,0.4328328571428572,0.42746,0.9945800491903919,A:45:;A:46:;A:47:;A:48:;A:49:;A:51:;A:52:,A:47:;A:51:;A:52:
hsa_paa_fe3o4,hbond_acceptor,9,1,primary plausible interface,A:59:,ALA,59,A,7,2,10.734225140585403,0.2857142857142857,0.5332971428571428,0.3987,0.9934239257882824,A:52:;A:56:;A:57:;A:58:;A:59:;A:60:;A:61:,A:52:;A:58:
hsa_paa_fe3o4,hbond_acceptor,10,1,primary plausible interface,A:542:,GLU,542,A,7,3,10.15444220040673,0.42857142857142855,0.43608,0.38927999999999996,0.9947639332187781,A:540:;A:541:;A:542:;A:543:;A:544:;A:545:;A:546:,A:540:;A:541:;A:545:
hsa_paa_fe3o4,hbond_acceptor,11,1,primary plausible interface,A:560:,LYS,560,A,7,2,11.717879587821418,0.2857142857142857,0.46358571428571427,0.32414000000000004,0.9973182996056946,A:556:;A:557:;A:558:;A:559:;A:560:;A:561:;A:562:,A:557:;A:560:
hsa_paa_fe3o4,hbond_acceptor,12,1,primary plausible interface,A:314:,ASP,314,A,6,3,10.391114462285556,0.5,0.44492833333333337,0.30140999999999996,0.9942750210950183,A:312:;A:313:;A:314:;A:316:;A:317:;A:318:,A:312:;A:313:;A:317:
hsa_paa_fe3o4,hbond_acceptor,13,1,primary plausible interface,A:129:,ASP,129,A,6,1,9.659359376402087,0.16666666666666666,0.66106,0.28550000000000003,0.9940181935504332,A:125:;A:126:;A:128:;A:129:;A:130:;A:131:,A:125:
hsa_paa_fe3o4,hbond_acceptor,14,1,primary plausible interface,A:359:,LYS,359,A,7,3,13.226337475282843,0.42857142857142855,0.4419042857142857,0.20582999999999999,0.9977584715049336,A:355:;A:356:;A:358:;A:359:;A:361:;A:362:;A:363:,A:355:;A:356:;A:359:
hsa_paa_fe3o4,hbond_acceptor,15,1,primary plausible interface,A:563:,ASP,563,A,5,1,9.373104522706225,0.2,0.514218,0.18705,0.9966385209883967,A:561:;A:562:;A:563:;A:564:;A:565:,A:564:
hsa_paa_fe3o4,hbond_acceptor,16,1,primary plausible interface,A:63:,ASP,63,A,8,3,13.180368915295439,0.375,0.54041875,0.07941,0.9934764733274074,A:57:;A:58:;A:60:;A:61:;A:63:;A:64:;A:65:;A:6:,A:58:;A:64:;A:65:
hsa_paa_fe3o4,hbond_acceptor,17,2,alternative interface,A:239:,THR,239,A,10,5,11.737980217854762,0.5,0.385445,0.86929,0.9602742840694843,A:208:;A:212:;A:235:;A:236:;A:237:;A:238:;A:239:;A:240:;A:242:;A:243:,A:212:;A:236:;A:239:;A:240:;A:243:
hsa_paa_fe3o4,hbond_acceptor,18,2,alternative interface,A:190:,LYS,190,A,9,4,12.461799964377445,0.4444444444444444,0.38917555555555555,0.57007,0.9215496415901775,A:186:;A:187:;A:188:;A:189:;A:190:;A:191:;A:192:;A:193:;A:194:,A:186:;A:190:;A:192:;A:193:
hsa_paa_fe3o4,hbond_acceptor,19,2,alternative interface,A:162:,LYS,162,A,10,4,12.009728166244376,0.4,0.290404,0.53054,0.9852048944769377,A:135:;A:158:;A:159:;A:160:;A:161:;A:162:;A:163:;A:164:;A:165:;A:166:,A:159:;A:160:;A:162:;A:166:
hsa_paa_fe3o4,hbond_acceptor,20,2,alternative interface,A:195:,LYS,195,A,4,3,12.564684336782879,0.75,0.41411,0.49865000000000004,0.5819615758402978,A:191:;A:192:;A:195:;A:199:,A:192:;A:195:;A:199:
hsa_paa_fe3o4,hbond_acceptor,21,2,alternative interface,A:465:,GLU,465,A,7,3,11.213765273682775,0.42857142857142855,0.42838714285714286,0.49079,0.977690774970328,A:462:;A:463:;A:465:;A:466:;A:467:;A:468:;A:474:,A:466:;A:467:;A:474:
hsa_paa_fe3o4,hbond_acceptor,22,2,alternative interface,A:233:,LYS,233,A,7,3,12.696973046333326,0.42857142857142855,0.44264428571428566,0.48469999999999996,0.9875700624401913,A:229:;A:230:;A:232:;A:233:;A:235:;A:236:;A:237:,A:232:;A:233:;A:236:
hsa_paa_fe3o4,hbond_acceptor,23,2,alternative interface,A:539:,ALA,539,A,8,4,11.404563959523355,0.5,0.32464125,0.47842,0.9903679670065902,A:536:;A:537:;A:538:;A:539:;A:540:;A:541:;A:543:;A:544:,A:536:;A:538:;A:540:;A:541:
hsa_paa_fe3o4,hbond_acceptor,24,2,alternative interface,A:273:,SER,273,A,6,3,11.609515699972995,0.5,0.3837716666666666,0.43926000000000004,0.9836887735482598,A:268:;A:269:;A:273:;A:274:;A:276:;A:296:,A:273:;A:274:;A:276:
hsa_paa_fe3o4,hbond_acceptor,25,2,alternative interface,A:494:,ASP,494,A,9,3,13.326563020596264,0.3333333333333333,0.4265311111111111,0.43349,0.9876160099638832,A:413:;A:414:;A:491:;A:492:;A:493:;A:494:;A:495:;A:496:;A:497:,A:413:;A:414:;A:496:
hsa_paa_fe3o4,hbond_acceptor,26,2,alternative interface,A:420:,THR,420,A,7,4,12.202006459943961,0.5714285714285714,0.3406757142857143,0.38006999999999996,0.987234275303827,A:419:;A:420:;A:421:;A:422:;A:424:;A:527:;A:531:,A:419:;A:420:;A:422:;A:527:
hsa_paa_fe3o4,hbond_acceptor,27,2,alternative interface,A:507:,PHE,507,A,7,2,12.109747367498768,0.2857142857142857,0.4984857142857143,0.37525,0.992897470903639,A:503:;A:504:;A:505:;A:506:;A:507:;A:508:;A:509:,A:506:;A:508:
hsa_paa_fe3o4,hbond_acceptor,28,2,alternative interface,A:134:,PHE,134,A,10,3,12.82747140800106,0.3,0.400122,0.35613,0.9926778576856242,A:126:;A:130:;A:131:;A:132:;A:133:;A:134:;A:135:;A:136:;A:137:;A:138:,A:133:;A:136:;A:137:
hsa_paa_fe3o4,hbond_acceptor,29,2,alternative interface,A:510:,HIS,510,A,8,1,11.509182053309297,0.125,0.4329225,0.34085,0.9935049883788086,A:508:;A:509:;A:510:;A:511:;A:512:;A:513:;A:565:;A:568:,A:508:
hsa_paa_fe3o4,hbond_acceptor,30,2,alternative interface,A:514:,CYS,514,A,7,1,11.87414113889003,0.14285714285714285,0.4386228571428572,0.33988999999999997,0.9950504553183902,A:511:;A:512:;A:513:;A:514:;A:515:;A:516:;A:559:,A:515:
hsa_paa_fe3o4,hbond_acceptor,31,2,alternative interface,A:442:,GLU,442,A,6,2,7.7573867024104075,0.3333333333333333,0.5139866666666667,0.32467,0.9917344658321144,A:440:;A:441:;A:442:;A:443:;A:444:;A:445:,A:444:;A:445:
hsa_paa_fe3o4,hbond_acceptor,32,2,alternative interface,A:306:,ALA,306,A,8,1,10.147025562748038,0.125,0.4501925,0.31575,0.9947546579776738,A:304:;A:305:;A:306:;A:307:;A:308:;A:309:;A:310:;A:311:,A:304:
hsa_paa_fe3o4,hbond_acceptor,33,2,alternative interface,A:375:,ASP,375,A,6,2,13.096674802277809,0.3333333333333333,0.43968999999999997,0.25233,0.9927798199440597,A:372:;A:374:;A:375:;A:376:;A:378:;A:379:,A:372:;A:378:
hsa_paa_fe3o4,hbond_acceptor,34,2,alternative interface,A:116:,VAL,116,A,5,2,12.759751629648004,0.4,0.5360739999999999,0.22562000000000001,0.9872659215203056,A:114:;A:115:;A:116:;A:117:;A:118:,A:114:;A:117:
hsa_paa_fe3o4,hbond_acceptor,35,2,alternative interface,A:319:,TYR,319,A,10,2,12.822011002954628,0.2,0.328964,0.19050999999999998,0.9957040851457677,A:316:;A:317:;A:318:;A:319:;A:320:;A:321:;A:322:;A:323:;A:326:;A:327:,A:317:;A:323:
hsa_paa_fe3o4,hbond_acceptor,36,2,alternative interface,A:371:,ALA,371,A,7,1,11.407849445374941,0.14285714285714285,0.4813757142857143,0.15897,0.9936689297090645,A:310:;A:311:;A:367:;A:368:;A:369:;A:371:;A:372:,A:372:
hsa_paa_fe3o4,hbond_acceptor,37,2,alternative interface,A:547:,VAL,547,A,9,1,13.09239458176554,0.1111111111111111,0.5305977777777778,0.10472,0.9925314852219862,A:543:;A:544:;A:545:;A:546:;A:547:;A:548:;A:549:;A:550:;A:551:,A:545:
hsa_paa_fe3o4,hbond_acceptor,38,2,alternative interface,A:324:,ASP,324,A,7,1,9.77040886510757,0.14285714285714285,0.4074785714285714,0.10218999999999999,0.9950755245325575,A:322:;A:323:;A:324:;A:325:;A:326:;A:327:;A:328:,A:323:
hsa_paa_fe3o4,hbond_acceptor,39,2,alternative interface,A:172:,ALA,172,A,5,1,8.930233946704933,0.2,0.45765,0.03154,0.9953692798275842,A:170:;A:171:;A:172:;A:173:;A:174:,A:174:
hsa_paa_fe3o4,hbond_acceptor,40,3,alternative interface,A:432:,LYS,432,A,8,4,12.976542383020362,0.5,0.31180125,0.50628,0.9577094811137081,A:400:;A:404:;A:428:;A:429:;A:432:;A:433:;A:435:;A:436:,A:428:;A:432:;A:435:;A:436:
hsa_paa_fe3o4,hbond_acceptor,41,3,alternative interface,A:68:,THR,68,A,11,3,13.92490078957848,0.2727272727272727,0.3077763636363636,0.44262,0.9859241310542198,A:64:;A:65:;A:66:;A:67:;A:68:;A:69:;A:70:;A:71:;A:72:;A:95:;A:99:,A:64:;A:65:;A:68:
hsa_paa_fe3o4,hbond_acceptor,42,3,alternative interface,A:210:,ALA,210,A,10,4,11.436640549153623,0.4,0.319014,0.40604,0.9561260454055105,A:202:;A:203:;A:206:;A:207:;A:208:;A:209:;A:210:;A:212:;A:213:;A:214:,A:202:;A:209:;A:212:;A:214:
hsa_paa_fe3o4,hbond_acceptor,43,3,alternative interface,A:438:,CYS,438,A,9,4,14.26858742385755,0.4444444444444444,0.31467666666666666,0.37271,0.9707830026298943,A:392:;A:433:;A:435:;A:436:;A:438:;A:439:;A:440:;A:441:;A:445:,A:435:;A:436:;A:439:;A:445:
hsa_paa_fe3o4,hbond_acceptor,44,3,alternative interface,A:124:,CYS,124,A,9,1,12.214114044287335,0.1111111111111111,0.46328666666666657,0.36674999999999996,0.9893018982361921,A:120:;A:121:;A:122:;A:123:;A:124:;A:125:;A:126:;A:128:;A:165:,A:125:
hsa_paa_fe3o4,hbond_acceptor,45,3,alternative interface,A:535:,HIS,535,A,10,3,13.41720480093254,0.3,0.38180899999999995,0.33126,0.9900727292081445,A:499:;A:500:;A:501:;A:502:;A:531:;A:532:;A:534:;A:535:;A:536:;A:537:,A:500:;A:534:;A:536:
hsa_paa_fe3o4,hbond_acceptor,46,3,alternative interface,A:183:,ASP,183,A,9,2,12.591479549084616,0.2222222222222222,0.45698,0.297,0.9913864914196755,A:179:;A:180:;A:181:;A:182:;A:183:;A:184:;A:185:;A:186:;A:187:,A:181:;A:186:
hsa_paa_fe3o4,hbond_acceptor,47,3,alternative interface,A:270:,SER,270,A,7,2,12.577365956535198,0.2857142857142857,0.4724528571428572,0.28185,0.9794717490898023,A:225:;A:227:;A:230:;A:267:;A:268:;A:269:;A:270:,A:225:;A:270:
hsa_paa_fe3o4,hbond_acceptor,48,3,alternative interface,A:43:,VAL,43,A,10,3,11.731940953184653,0.3,0.27843399999999996,0.26322,0.9906841424528706,A:20:;A:24:;A:40:;A:41:;A:42:;A:43:;A:44:;A:45:;A:46:;A:47:,A:20:;A:41:;A:47:
hsa_paa_fe3o4,hbond_acceptor,49,3,alternative interface,A:167:,GLU,167,A,7,1,12.552282201654517,0.14285714285714285,0.37650428571428574,0.24289000000000002,0.9950130990578657,A:163:;A:164:;A:165:;A:166:;A:167:;A:170:;A:171:,A:166:
hsa_paa_fe3o4,hbond_acceptor,50,3,alternative interface,A:411:,TYR,411,A,6,3,10.40678682397129,0.5,0.21410666666666667,0.23944,0.9867310610520275,A:407:;A:409:;A:410:;A:411:;A:413:;A:414:,A:410:;A:413:;A:414:
hsa_paa_fe3o4,hbond_acceptor,51,3,alternative interface,A:279:,CYS,279,A,7,3,10.778866688302585,0.42857142857142855,0.22887999999999997,0.22204000000000002,0.9852462369568611,A:265:;A:276:;A:277:;A:279:;A:280:;A:281:;A:286:,A:276:;A:281:;A:286:
hsa_paa_fe3o4,hbond_acceptor,52,3,alternative interface,A:555:,VAL,555,A,9,1,12.058622451921106,0.1111111111111111,0.41710111111111114,0.19611,0.9946009472588533,A:551:;A:552:;A:553:;A:554:;A:555:;A:556:;A:557:;A:558:;A:559:,A:557:
hsa_paa_fe3o4,hbond_acceptor,53,3,alternative interface,A:380:,LEU,380,A,8,2,12.638684111227436,0.25,0.4111725,0.11958,0.9857456656033461,A:348:;A:376:;A:378:;A:379:;A:380:;A:381:;A:382:;A:383:,A:348:;A:378:
hsa_paa_fe3o4,hbond_acceptor,54,3,alternative interface,A:282:,PRO,282,A,7,2,11.511622771192958,0.2857142857142857,0.36903,0.10210000000000001,0.9913723504486317,A:280:;A:281:;A:282:;A:283:;A:284:;A:285:;A:286:,A:281:;A:286:
hsa_paa_fe3o4,hbond_acceptor,55,3,alternative interface,A:299:,PRO,299,A,7,1,12.764920924171474,0.14285714285714285,0.49411,0.08265,0.9914046856237289,A:225:;A:297:;A:298:;A:299:;A:300:;A:301:;A:302:,A:225:
hsa_paa_fe3o4,hbond_acceptor,56,4,alternative interface,A:244:,GLU,244,A,8,2,12.383407474712032,0.25,0.28802,0.43551,0.9615258596661563,A:240:;A:242:;A:243:;A:244:;A:247:;A:248:;A:249:;A:252:,A:240:;A:243:
hsa_paa_fe3o4,hbond_acceptor,57,4,alternative interface,A:198:,LEU,198,A,6,3,11.023863212992062,0.5,0.17737,0.42548,0.7861587339683921,A:197:;A:198:;A:199:;A:201:;A:202:;A:455:,A:197:;A:199:;A:202:
hsa_paa_fe3o4,hbond_acceptor,58,4,alternative interface,A:216:,VAL,216,A,11,4,13.076332809568997,0.36363636363636365,0.27444545454545455,0.35095,0.9684487632888759,A:212:;A:213:;A:214:;A:216:;A:218:;A:219:;A:232:;A:235:;A:328:;A:331:;A:332:,A:212:;A:214:;A:218:;A:232:
hsa_paa_fe3o4,hbond_acceptor,59,4,alternative interface,A:73:,LYS,73,A,11,2,14.182614023053937,0.18181818181818182,0.2796454545454545,0.34192999999999996,0.9837389902249964,A:42:;A:46:;A:69:;A:70:;A:71:;A:72:;A:73:;A:74:;A:75:;A:76:;A:77:,A:73:;A:76:
hsa_paa_fe3o4,hbond_acceptor,60,4,alternative interface,A:204:,GLN,204,A,7,2,8.837004278666292,0.2857142857142857,0.2885057142857143,0.31674,0.9809900756907365,A:201:;A:202:;A:203:;A:204:;A:205:;A:206:;A:207:,A:202:;A:205:
hsa_paa_fe3o4,hbond_acceptor,61,4,alternative interface,A:388:,ILE,388,A,10,2,12.197193181405192,0.2,0.40356000000000003,0.26256,0.9799616083390129,A:385:;A:386:;A:387:;A:388:;A:389:;A:390:;A:391:;A:392:;A:445:;A:449:,A:389:;A:445:
hsa_paa_fe3o4,hbond_acceptor,62,4,alternative interface,A:303:,PRO,303,A,6,1,13.9224106385476,0.16666666666666666,0.42450833333333343,0.24579,0.9903274415527441,A:301:;A:302:;A:303:;A:304:;A:305:;A:307:,A:304:
hsa_paa_fe3o4,hbond_acceptor,63,4,alternative interface,A:482:,VAL,482,A,8,3,12.53725348263222,0.375,0.23875249999999998,0.21364,0.9582052627672287,A:344:;A:347:;A:348:;A:480:;A:481:;A:482:;A:483:;A:484:,A:348:;A:480:;A:484:
hsa_paa_fe3o4,hbond_acceptor,64,4,alternative interface,A:529:,LEU,529,A,8,2,12.82812300125477,0.25,0.24776,0.20800000000000002,0.984380845745666,A:409:;A:525:;A:527:;A:528:;A:529:;A:531:;A:532:;A:548:,A:525:;A:527:
hsa_paa_fe3o4,hbond_acceptor,65,4,alternative interface,A:340:,ASP,340,A,8,2,12.405978558258804,0.25,0.36151875,0.20745000000000002,0.9796841852577158,A:338:;A:339:;A:340:;A:341:;A:443:;A:444:;A:445:;A:447:,A:444:;A:445:
hsa_paa_fe3o4,hbond_acceptor,66,4,alternative interface,A:425:,GLU,425,A,7,2,12.41088747667095,0.2857142857142857,0.33366428571428564,0.19832,0.9652636954509441,A:421:;A:422:;A:424:;A:425:;A:426:;A:428:;A:429:,A:422:;A:428:
hsa_paa_fe3o4,hbond_acceptor,67,4,alternative interface,A:228:,PHE,228,A,7,1,11.829641934555957,0.14285714285714285,0.45357857142857144,0.18671,0.9839757735212923,A:227:;A:228:;A:229:;A:230:;A:232:;A:329:;A:332:,A:232:
hsa_paa_fe3o4,hbond_acceptor,68,4,alternative interface,A:487:,CYS,487,A,7,2,12.852957452703516,0.2857142857142857,0.3114157142857143,0.18098,0.9804646234930955,A:483:;A:484:;A:486:;A:487:;A:489:;A:490:;A:491:,A:484:;A:489:
hsa_paa_fe3o4,hbond_acceptor,69,4,alternative interface,A:146:,HIS,146,A,7,3,12.280786332588864,0.42857142857142855,0.23340999999999998,0.15601,0.9172759259487508,A:108:;A:142:;A:144:;A:145:;A:146:;A:148:;A:193:,A:144:;A:145:;A:193:
hsa_paa_fe3o4,hbond_acceptor,70,4,alternative interface,A:38:,ASP,38,A,8,1,11.838148970859462,0.125,0.4278075,0.14509,0.9864604916298871,A:34:;A:35:;A:36:;A:37:;A:38:;A:40:;A:41:;A:42:,A:41:
hsa_paa_fe3o4,hbond_acceptor,71,4,alternative interface,A:448:,CYS,448,A,8,3,12.391593487481655,0.375,0.24741875000000002,0.11721,0.9625603442961203,A:436:;A:444:;A:445:;A:447:;A:448:;A:449:;A:451:;A:452:,A:436:;A:444:;A:445:
hsa_paa_fe3o4,hbond_acceptor,72,4,alternative interface,A:113:,PRO,113,A,5,1,11.707779543991938,0.2,0.43302399999999996,0.10131,0.9783345302166505,A:111:;A:112:;A:113:;A:114:;A:115:,A:114:
hsa_paa_fe3o4,hbond_acceptor,73,5,alternative interface,A:139:,LEU,139,A,11,2,12.873404132839765,0.18181818181818182,0.1791018181818182,0.20489000000000002,0.9701411579284385,A:135:;A:136:;A:137:;A:138:;A:139:;A:140:;A:141:;A:142:;A:158:;A:21:;A:24:,A:136:;A:137:
hsa_paa_fe3o4,hbond_acceptor,74,5,alternative interface,A:10:,ARG,10,A,12,2,13.017416865730091,0.16666666666666666,0.22290916666666669,0.17753,0.988768928471872,A:10:;A:11:;A:12:;A:13:;A:14:;A:251:;A:252:;A:255:;A:6:;A:7:;A:8:;A:9:,A:10:;A:12:
hsa_paa_fe3o4,hbond_acceptor,75,5,alternative interface,A:178:,LEU,178,A,12,2,12.7674652341487,0.16666666666666666,0.2685591666666667,0.13626,0.9868031320966218,A:120:;A:164:;A:165:;A:174:;A:175:;A:176:;A:177:;A:178:;A:179:;A:180:;A:181:;A:182:,A:174:;A:181:
hsa_paa_fe3o4,hbond_acceptor,76,5,alternative interface,A:260:,LEU,260,A,11,2,12.8182426676281,0.18181818181818182,0.2865081818181818,0.13602999999999998,0.9753318170619657,A:237:;A:238:;A:256:;A:257:;A:258:;A:259:;A:260:;A:261:;A:262:;A:263:;A:264:,A:257:;A:262:
hsa_paa_fe3o4,hbond_acceptor,77,5,alternative interface,A:15:,GLY,15,A,8,1,11.244732084478915,0.125,0.40721625,0.12317,0.9890849644903926,A:11:;A:12:;A:13:;A:14:;A:15:;A:16:;A:17:;A:18:,A:12:
hsa_paa_fe3o4,hbond_acceptor,78,5,alternative interface,A:336:,ARG,336,A,9,2,13.037746770552147,0.2222222222222222,0.21889333333333333,0.10935,0.9758013414790466,A:223:;A:298:;A:332:;A:333:;A:334:;A:336:;A:337:;A:338:;A:339:,A:336:;A:337:
hsa_paa_fe3o4,hbond_acceptor,79,5,alternative interface,A:454:,SER,454,A,6,2,12.423395288691522,0.3333333333333333,0.20694833333333337,0.10066000000000001,0.9399873733992743,A:451:;A:452:;A:453:;A:454:;A:455:;A:484:,A:454:;A:484:
hsa_paa_fe3o4,hbond_acceptor,80,5,alternative interface,A:156:,PHE,156,A,9,2,12.621334410997902,0.2222222222222222,0.23046222222222223,0.08103999999999999,0.9641437827895531,A:153:;A:155:;A:156:;A:158:;A:159:;A:160:;A:284:;A:285:;A:288:,A:159:;A:160:
hsa_paa_fe3o4,hbond_acceptor,81,5,alternative interface,A:94:,GLN,94,A,8,1,12.008004553765106,0.125,0.346825,0.05835,0.9901014589799966,A:91:;A:92:;A:93:;A:94:;A:95:;A:96:;A:97:;A:99:,A:93:
hsa_paa_fe3o4,hbond_acceptor,82,5,alternative interface,A:32:,GLN,32,A,9,2,13.079727747930821,0.2222222222222222,0.24884777777777772,0.0525,0.9692395225356266,A:107:;A:110:;A:144:;A:145:;A:30:;A:31:;A:32:;A:33:;A:34:,A:144:;A:145:
hsa_paa_fe3o4,hbond_acceptor,83,6,alternative interface,A:287:,SER,287,A,11,2,12.611281043148624,0.18181818181818182,0.28523818181818184,0.08726,0.9703084352130392,A:258:;A:261:;A:283:;A:284:;A:285:;A:286:;A:287:;A:288:;A:289:;A:290:;A:291:,A:286:;A:287:
hsa_paa_fe3o4,hbond_acceptor,84,6,alternative interface,A:405:,ASN,405,A,7,1,12.817647853024756,0.14285714285714285,0.2408614285714286,0.07941,0.9829701833705203,A:401:;A:402:;A:404:;A:405:;A:406:;A:407:;A:409:,A:402:
hsa_paa_fe3o4,hbond_acceptor,85,6,alternative interface,A:399:,GLY,399,A,8,1,11.252721292843585,0.125,0.39805625,0.07941,0.9870208995511187,A:395:;A:396:;A:397:;A:398:;A:399:;A:400:;A:401:;A:402:,A:402:
hsa_paa_fe3o4,hbond_acceptor,86,7,alternative interface,A:254:,ALA,254,A,7,1,10.84961856103867,0.14285714285714285,0.17279285714285714,0.03657,0.9808987932931696,A:251:;A:252:;A:254:;A:255:;A:256:;A:257:;A:258:,A:257:
hsa_paa_fe3o4,oxide,1,1,primary plausible interface,A:312:,SER,312,A,8,3,10.99501552767358,0.375,0.49902499999999994,0.72978,0.9955427031521759,A:307:;A:308:;A:309:;A:310:;A:311:;A:312:;A:313:;A:314:,A:308:;A:311:;A:314:
hsa_paa_fe3o4,oxide,2,1,primary plausible interface,A:185:,LEU,185,A,10,4,13.073691412978866,0.4,0.401652,0.64437,0.9788720113494637,A:161:;A:181:;A:182:;A:183:;A:184:;A:185:;A:186:;A:187:;A:188:;A:189:,A:183:;A:184:;A:187:;A:188:
hsa_paa_fe3o4,oxide,3,1,primary plausible interface,A:130:,ASN,130,A,8,3,10.436118166165713,0.375,0.583805,0.62027,0.9928237607486038,A:126:;A:128:;A:129:;A:130:;A:131:;A:132:;A:133:;A:134:,A:129:;A:131:;A:132:
hsa_paa_fe3o4,oxide,4,1,primary plausible interface,A:119:,GLU,119,A,7,2,10.872228490360447,0.2857142857142857,0.5792628571428572,0.53457,0.9935739379815197,A:117:;A:118:;A:119:;A:120:;A:121:;A:122:;A:123:,A:119:;A:121:
hsa_paa_fe3o4,oxide,5,1,primary plausible interface,A:256:,ASP,256,A,8,4,11.970664341874619,0.5,0.2461325,0.4928,0.9811333366833203,A:252:;A:254:;A:255:;A:256:;A:257:;A:258:;A:259:;A:260:,A:252:;A:255:;A:256:;A:259:
hsa_paa_fe3o4,oxide,6,1,primary plausible interface,A:58:,SER,58,A,7,4,10.734225140585403,0.5714285714285714,0.5749757142857144,0.41529000000000005,0.9944441030964106,A:56:;A:57:;A:58:;A:59:;A:60:;A:61:;A:63:,A:56:;A:57:;A:60:;A:63:
hsa_paa_fe3o4,oxide,7,1,primary plausible interface,A:322:,ALA,322,A,9,2,10.28549977185053,0.2222222222222222,0.4665455555555556,0.3994,0.9962347537905698,A:318:;A:319:;A:320:;A:321:;A:322:;A:323:;A:324:;A:325:;A:326:,A:321:;A:324:
hsa_paa_fe3o4,oxide,8,1,primary plausible interface,A:560:,LYS,560,A,7,2,11.717879587821418,0.2857142857142857,0.46358571428571427,0.36679,0.9973182996056946,A:556:;A:557:;A:558:;A:559:;A:560:;A:561:;A:562:,A:556:;A:562:
hsa_paa_fe3o4,oxide,9,1,primary plausible interface,A:496:,THR,496,A,5,2,9.25993973559264,0.4,0.5752459999999999,0.27969,0.9946495579466967,A:494:;A:495:;A:496:;A:497:;A:498:,A:494:;A:495:
hsa_paa_fe3o4,oxide,10,1,primary plausible interface,A:374:,PHE,374,A,5,2,11.072866140658457,0.4,0.42568799999999996,0.27760999999999997,0.9951870829602182,A:372:;A:374:;A:375:;A:376:;A:378:,A:375:;A:376:
hsa_paa_fe3o4,oxide,11,1,primary plausible interface,A:54:,VAL,54,A,8,2,13.523973740608957,0.25,0.47254375,0.1519,0.9957115221323113,A:11:;A:51:;A:52:;A:54:;A:55:;A:56:;A:57:;A:8:,A:56:;A:57:
hsa_paa_fe3o4,oxide,12,1,primary plausible interface,A:364:,ALA,364,A,5,1,8.577842309178038,0.2,0.48925599999999997,0.14756,0.9975276653713164,A:362:;A:363:;A:364:;A:365:;A:366:,A:365:
hsa_paa_fe3o4,oxide,13,1,primary plausible interface,A:569:,ALA,569,A,6,2,9.284740409383028,0.3333333333333333,0.45547833333333326,0.12632,0.9972690496033968,A:565:;A:566:;A:567:;A:568:;A:569:;A:570:,A:565:;A:570:
hsa_paa_fe3o4,oxide,14,1,primary plausible interface,A:503:,ASN,503,A,7,2,12.07243255238578,0.2857142857142857,0.5893342857142857,0.12468,0.9923230457104815,A:501:;A:502:;A:503:;A:504:;A:505:;A:506:;A:507:,A:501:;A:505:
hsa_paa_fe3o4,oxide,15,2,alternative interface,A:40:,VAL,40,A,9,2,12.547002049964455,0.2222222222222222,0.38817,0.5181,0.9878811608236571,A:24:;A:36:;A:37:;A:38:;A:40:;A:41:;A:42:;A:43:;A:44:,A:37:;A:38:
hsa_paa_fe3o4,oxide,16,2,alternative interface,A:564:,LYS,564,A,10,3,12.358286816793383,0.3,0.42190399999999995,0.5171,0.9947633689080657,A:558:;A:559:;A:561:;A:562:;A:563:;A:564:;A:565:;A:566:;A:567:;A:568:,A:562:;A:563:;A:565:
hsa_paa_fe3o4,oxide,17,2,alternative interface,A:551:,PHE,551,A,9,2,12.81515827289164,0.2222222222222222,0.5045755555555556,0.5164,0.9929861147605782,A:547:;A:548:;A:549:;A:550:;A:551:;A:552:;A:553:;A:554:;A:555:,A:549:;A:550:
hsa_paa_fe3o4,oxide,18,2,alternative interface,A:306:,ALA,306,A,8,2,10.147025562748038,0.25,0.4501925,0.48068,0.9947546579776738,A:304:;A:305:;A:306:;A:307:;A:308:;A:309:;A:310:;A:311:,A:308:;A:311:
hsa_paa_fe3o4,oxide,19,2,alternative interface,A:380:,LEU,380,A,8,3,12.638684111227436,0.375,0.4111725,0.47296,0.9857456656033461,A:348:;A:376:;A:378:;A:379:;A:380:;A:381:;A:382:;A:383:,A:376:;A:382:;A:383:
hsa_paa_fe3o4,oxide,20,2,alternative interface,A:385:,GLN,385,A,8,2,12.959069753931027,0.25,0.466585,0.47296,0.9818652058299312,A:381:;A:382:;A:383:;A:385:;A:386:;A:387:;A:388:;A:389:,A:382:;A:383:
hsa_paa_fe3o4,oxide,21,2,alternative interface,A:367:,HIS,367,A,9,3,13.188614795733486,0.3333333333333333,0.4304777777777778,0.44267,0.9928511738629683,A:310:;A:311:;A:313:;A:365:;A:366:;A:367:;A:368:;A:369:;A:371:,A:311:;A:365:;A:368:
hsa_paa_fe3o4,oxide,22,2,alternative interface,A:15:,GLY,15,A,8,3,11.244732084478915,0.375,0.40721625,0.43898000000000004,0.9890849644903926,A:11:;A:12:;A:13:;A:14:;A:15:;A:16:;A:17:;A:18:,A:13:;A:16:;A:17:
hsa_paa_fe3o4,oxide,23,2,alternative interface,A:228:,PHE,228,A,7,2,11.829641934555957,0.2857142857142857,0.45357857142857144,0.39942999999999995,0.9839757735212923,A:227:;A:228:;A:229:;A:230:;A:232:;A:329:;A:332:,A:227:;A:230:
hsa_paa_fe3o4,oxide,24,2,alternative interface,A:296:,ASP,296,A,9,3,13.255204678426763,0.3333333333333333,0.4481488888888889,0.39765999999999996,0.983097288807817,A:223:;A:225:;A:273:;A:274:;A:294:;A:295:;A:296:;A:297:;A:298:,A:294:;A:296:;A:297:
hsa_paa_fe3o4,oxide,25,2,alternative interface,A:493:,VAL,493,A,7,3,10.582971779670187,0.42857142857142855,0.4103442857142857,0.38497,0.991140894276788,A:413:;A:414:;A:491:;A:492:;A:493:;A:494:;A:495:,A:492:;A:494:;A:495:
hsa_paa_fe3o4,oxide,26,2,alternative interface,A:35:,PRO,35,A,6,2,11.771783234458987,0.3333333333333333,0.49487666666666663,0.37810000000000005,0.9889216324605773,A:33:;A:34:;A:35:;A:36:;A:37:;A:38:,A:37:;A:38:
hsa_paa_fe3o4,oxide,27,2,alternative interface,A:474:,THR,474,A,9,3,14.855626391498838,0.3333333333333333,0.5529244444444444,0.36679,0.9620590948470453,A:465:;A:468:;A:471:;A:472:;A:474:;A:475:;A:477:;A:478:;A:479:,A:465:;A:471:;A:479:
hsa_paa_fe3o4,oxide,28,2,alternative interface,A:545:,LYS,545,A,9,2,12.643105270886153,0.2222222222222222,0.5140277777777778,0.36233,0.9919052259217254,A:541:;A:542:;A:543:;A:544:;A:545:;A:546:;A:547:;A:548:;A:549:,A:542:;A:549:
hsa_paa_fe3o4,oxide,29,2,alternative interface,A:514:,CYS,514,A,7,1,11.87414113889003,0.14285714285714285,0.4386228571428572,0.31787,0.9950504553183902,A:511:;A:512:;A:513:;A:514:;A:515:;A:516:;A:559:,A:512:
hsa_paa_fe3o4,oxide,30,2,alternative interface,A:97:,GLU,97,A,8,3,10.168471636619184,0.375,0.35040375,0.30963999999999997,0.9940428320712277,A:100:;A:101:;A:93:;A:94:;A:95:;A:96:;A:97:;A:99:,A:100:;A:95:;A:97:
hsa_paa_fe3o4,oxide,31,2,alternative interface,A:355:,THR,355,A,7,2,12.726634973911464,0.2857142857142857,0.43336428571428565,0.30855,0.9963706814580728,A:351:;A:352:;A:354:;A:355:;A:356:;A:358:;A:359:,A:354:;A:358:
hsa_paa_fe3o4,oxide,32,2,alternative interface,A:171:,ALA,171,A,7,2,11.398227693079717,0.2857142857142857,0.47427714285714284,0.30314,0.9929450799568263,A:167:;A:170:;A:171:;A:172:;A:173:;A:174:;A:177:,A:167:;A:173:
hsa_paa_fe3o4,oxide,33,2,alternative interface,A:517:,SER,517,A,7,2,11.313737867603365,0.2857142857142857,0.5044928571428572,0.29616,0.9934522858997558,A:515:;A:516:;A:517:;A:518:;A:519:;A:520:;A:521:,A:518:;A:520:
hsa_paa_fe3o4,oxide,34,2,alternative interface,A:443:,ALA,443,A,7,2,11.382055050794209,0.2857142857142857,0.50986,0.28788,0.9856646267535693,A:340:;A:440:;A:441:;A:442:;A:443:;A:444:;A:445:,A:340:;A:442:
hsa_paa_fe3o4,oxide,35,2,alternative interface,A:300:,ALA,300,A,5,1,9.291772646618924,0.2,0.457446,0.21266,0.9965668394675776,A:298:;A:299:;A:300:;A:301:;A:302:,A:301:
hsa_paa_fe3o4,oxide,36,2,alternative interface,A:251:,LEU,251,A,6,3,11.117647889496162,0.5,0.16993333333333335,0.16555,0.9847106551045496,A:10:;A:249:;A:251:;A:252:;A:254:;A:255:,A:249:;A:252:;A:255:
hsa_paa_fe3o4,oxide,37,3,alternative interface,A:47:,THR,47,A,9,2,12.54134975732008,0.2222222222222222,0.3932588888888888,0.45186,0.9926814325361887,A:20:;A:43:;A:44:;A:45:;A:46:;A:47:;A:48:;A:49:;A:51:,A:45:;A:48:
hsa_paa_fe3o4,oxide,38,3,alternative interface,A:124:,CYS,124,A,9,1,12.214114044287335,0.1111111111111111,0.46328666666666657,0.36679,0.9893018982361921,A:120:;A:121:;A:122:;A:123:;A:124:;A:125:;A:126:;A:128:;A:165:,A:121:
hsa_paa_fe3o4,oxide,39,3,alternative interface,A:268:,GLN,268,A,9,2,12.376024923523358,0.2222222222222222,0.4298855555555556,0.36137,0.9840000907722656,A:264:;A:265:;A:266:;A:267:;A:268:;A:269:;A:270:;A:273:;A:276:,A:266:;A:269:
hsa_paa_fe3o4,oxide,40,3,alternative interface,A:510:,HIS,510,A,8,2,11.509182053309297,0.25,0.4329225,0.31787,0.9935049883788086,A:508:;A:509:;A:510:;A:511:;A:512:;A:513:;A:565:;A:568:,A:512:;A:565:
hsa_paa_fe3o4,oxide,41,3,alternative interface,A:500:,LYS,500,A,8,1,12.981593769799932,0.125,0.510655,0.31702,0.9911904529874798,A:498:;A:499:;A:500:;A:501:;A:502:;A:534:;A:535:;A:536:,A:501:
hsa_paa_fe3o4,oxide,42,3,alternative interface,A:279:,CYS,279,A,7,2,10.778866688302585,0.2857142857142857,0.22887999999999997,0.30841999999999997,0.9852462369568611,A:265:;A:276:;A:277:;A:279:;A:280:;A:281:;A:286:,A:277:;A:280:
hsa_paa_fe3o4,oxide,43,3,alternative interface,A:175:,ALA,175,A,8,1,10.331100474687217,0.125,0.35616125000000004,0.30314,0.9939430851081502,A:120:;A:173:;A:174:;A:175:;A:176:;A:177:;A:178:;A:179:,A:173:
hsa_paa_fe3o4,oxide,44,3,alternative interface,A:107:,ASP,107,A,6,2,11.48667040734131,0.3333333333333333,0.45444,0.24143,0.9636621768309166,A:105:;A:107:;A:108:;A:109:;A:110:;A:32:,A:107:;A:108:
hsa_paa_fe3o4,oxide,45,3,alternative interface,A:395:,PHE,395,A,10,3,11.952010338248659,0.3,0.38825,0.23295000000000002,0.9836918147030652,A:391:;A:392:;A:393:;A:394:;A:395:;A:396:;A:397:;A:398:;A:399:;A:400:,A:393:;A:396:;A:400:
hsa_paa_fe3o4,oxide,46,3,alternative interface,A:282:,PRO,282,A,7,2,11.511622771192958,0.2857142857142857,0.36903,0.21501,0.9913723504486317,A:280:;A:281:;A:282:;A:283:;A:284:;A:285:;A:286:,A:280:;A:285:
hsa_paa_fe3o4,oxide,47,3,alternative interface,A:180:,PRO,180,A,9,2,13.183910262178594,0.2222222222222222,0.3850088888888889,0.1801,0.9946306945146123,A:176:;A:177:;A:178:;A:179:;A:180:;A:181:;A:182:;A:183:;A:184:,A:183:;A:184:
hsa_paa_fe3o4,oxide,48,4,alternative interface,A:289:,CYS,289,A,9,2,11.86706540923089,0.2222222222222222,0.2888488888888889,0.41668,0.9736772862273526,A:285:;A:286:;A:287:;A:288:;A:289:;A:290:;A:291:;A:292:;A:293:,A:285:;A:292:
hsa_paa_fe3o4,oxide,49,4,alternative interface,A:263:,TYR,263,A,9,2,12.344278105006062,0.2222222222222222,0.3138488888888889,0.39597,0.9890289056874884,A:259:;A:260:;A:261:;A:262:;A:263:;A:264:;A:265:;A:266:;A:267:,A:259:;A:266:
hsa_paa_fe3o4,oxide,50,4,alternative interface,A:327:,LEU,327,A,11,2,13.329041527585234,0.18181818181818182,0.3396618181818182,0.36191,0.9842771575714059,A:319:;A:323:;A:324:;A:325:;A:326:;A:327:;A:328:;A:329:;A:331:;A:350:;A:354:,A:324:;A:354:
hsa_paa_fe3o4,oxide,51,4,alternative interface,A:316:,CYS,316,A,9,1,13.109128598180346,0.1111111111111111,0.38576000000000005,0.34134,0.9917303318527856,A:313:;A:314:;A:316:;A:317:;A:318:;A:319:;A:320:;A:361:;A:366:,A:314:
hsa_paa_fe3o4,oxide,52,4,alternative interface,A:190:,LYS,190,A,9,2,12.461799964377445,0.2222222222222222,0.38917555555555555,0.31526,0.9215496415901775,A:186:;A:187:;A:188:;A:189:;A:190:;A:191:;A:192:;A:193:;A:194:,A:187:;A:188:
hsa_paa_fe3o4,oxide,53,4,alternative interface,A:135:,LEU,135,A,11,2,12.713898975946313,0.18181818181818182,0.33730454545454547,0.30419,0.9858314737718801,A:131:;A:132:;A:133:;A:134:;A:135:;A:136:;A:137:;A:138:;A:139:;A:158:;A:162:,A:131:;A:132:
hsa_paa_fe3o4,oxide,54,4,alternative interface,A:240:,LYS,240,A,8,2,12.407945323872681,0.25,0.39106375,0.27588,0.9726616492676615,A:236:;A:237:;A:238:;A:239:;A:240:;A:242:;A:243:;A:244:,A:237:;A:244:
hsa_paa_fe3o4,oxide,55,4,alternative interface,A:64:,LYS,64,A,8,2,11.479167302568936,0.25,0.40494375,0.25854,0.992288967108747,A:61:;A:63:;A:64:;A:65:;A:66:;A:68:;A:69:;A:6:,A:63:;A:6:
hsa_paa_fe3o4,oxide,56,4,alternative interface,A:466:,LYS,466,A,6,1,9.568406830071506,0.16666666666666666,0.41788166666666665,0.22612,0.9908586793214236,A:462:;A:463:;A:465:;A:466:;A:467:;A:468:,A:465:
hsa_paa_fe3o4,oxide,57,4,alternative interface,A:90:,CYS,90,A,8,1,11.691660307135908,0.125,0.27828375,0.19963999999999998,0.9932944868770908,A:101:;A:102:;A:89:;A:90:;A:91:;A:92:;A:93:;A:99:,A:89:
hsa_paa_fe3o4,oxide,58,4,alternative interface,A:390:,GLN,390,A,9,1,12.239848790895985,0.1111111111111111,0.44271000000000005,0.08739000000000001,0.9852252675852617,A:386:;A:387:;A:388:;A:389:;A:390:;A:391:;A:392:;A:393:;A:394:,A:393:
hsa_paa_fe3o4,oxide,59,5,alternative interface,A:73:,LYS,73,A,11,1,14.182614023053937,0.09090909090909091,0.2796454545454545,0.29813,0.9837389902249964,A:42:;A:46:;A:69:;A:70:;A:71:;A:72:;A:73:;A:74:;A:75:;A:76:;A:77:,A:72:
hsa_paa_fe3o4,oxide,60,5,alternative interface,A:235:,VAL,235,A,10,1,12.28291658618655,0.1,0.337185,0.21905999999999998,0.9664687549320248,A:212:;A:216:;A:219:;A:232:;A:233:;A:235:;A:236:;A:237:;A:238:;A:239:,A:237:
hsa_paa_fe3o4,oxide,61,5,alternative interface,A:164:,ALA,164,A,11,1,12.75302937589124,0.09090909090909091,0.34319636363636363,0.20961,0.9828649373714191,A:160:;A:161:;A:162:;A:163:;A:164:;A:165:;A:166:;A:167:;A:178:;A:181:;A:182:,A:167:
hsa_paa_fe3o4,oxide,62,5,alternative interface,A:428:,ARG,428,A,7,1,12.556058148960588,0.14285714285714285,0.2768771428571429,0.20204,0.9615271196769063,A:404:;A:424:;A:425:;A:426:;A:428:;A:429:;A:432:,A:425:
hsa_paa_fe3o4,oxide,63,5,alternative interface,A:422:,THR,422,A,8,1,12.35894496239203,0.125,0.32623749999999996,0.20204,0.9650356236475234,A:419:;A:420:;A:421:;A:422:;A:424:;A:425:;A:426:;A:463:,A:425:
hsa_paa_fe3o4,oxide,64,5,alternative interface,A:103:,LEU,103,A,10,1,12.394132059557487,0.1,0.34470999999999996,0.18780999999999998,0.9663015477537448,A:100:;A:101:;A:102:;A:103:;A:104:;A:105:;A:247:;A:248:;A:30:;A:99:,A:100:
hsa_paa_fe3o4,oxide,65,5,alternative interface,A:338:,HIS,338,A,7,1,10.967182954717016,0.14285714285714285,0.23469142857142858,0.17793,0.9834566671354174,A:334:;A:336:;A:337:;A:338:;A:339:;A:340:;A:341:,A:340:
hsa_paa_fe3o4,oxide,66,5,alternative interface,A:480:,SER,480,A,8,1,10.345790053595616,0.125,0.37601249999999997,0.16923,0.9674117391734003,A:477:;A:478:;A:479:;A:480:;A:481:;A:482:;A:483:;A:484:,A:479:
hsa_paa_fe3o4,oxide,67,5,alternative interface,A:401:,TYR,401,A,7,1,10.199406286472184,0.14285714285714285,0.3895971428571429,0.13111,0.9877244777548257,A:398:;A:399:;A:400:;A:401:;A:402:;A:404:;A:405:,A:400:
hsa_paa_fe3o4,oxide,68,5,alternative interface,A:447:,PRO,447,A,10,2,14.929814006664843,0.2,0.27235699999999996,0.10433999999999999,0.9695069834748026,A:339:;A:340:;A:341:;A:444:;A:445:;A:447:;A:448:;A:449:;A:451:;A:452:,A:340:;A:451:
hsa_paa_fe3o4,oxide,69,5,alternative interface,A:540:,THR,540,A,8,1,12.566476952091362,0.125,0.349175,0.10296,0.990696202041886,A:537:;A:538:;A:539:;A:540:;A:541:;A:542:;A:543:;A:544:,A:542:
hsa_paa_fe3o4,oxide,70,5,alternative interface,A:209:,ARG,209,A,6,1,10.216176037522805,0.16666666666666666,0.38814499999999996,0.07901,0.975160652129206,A:207:;A:208:;A:209:;A:210:;A:212:;A:213:,A:208:
hsa_paa_fe3o4,oxide,71,5,alternative interface,A:156:,PHE,156,A,9,2,12.621334410997902,0.2222222222222222,0.23046222222222223,0.040060000000000005,0.9641437827895531,A:153:;A:155:;A:156:;A:158:;A:159:;A:160:;A:284:;A:285:;A:288:,A:153:;A:285:
hsa_paa_fe3o4,oxide,72,5,alternative interface,A:150:,TYR,150,A,4,1,11.159332906998271,0.25,0.1372425,0.02924,0.8875148074858593,A:148:;A:150:;A:153:;A:193:,A:153:
hsa_paa_fe3o4,oxide,73,6,alternative interface,A:333:,GLU,333,A,8,1,12.68115815407923,0.125,0.16532999999999998,0.08327,0.9857441644145508,A:305:;A:329:;A:331:;A:332:;A:333:;A:334:;A:336:;A:337:,A:333:
hsa_paa_fe3o4,oxide,74,6,alternative interface,A:140:,TYR,140,A,10,1,12.054940142945538,0.1,0.194472,0.08263999999999999,0.978218004256115,A:136:;A:137:;A:138:;A:139:;A:140:;A:141:;A:142:;A:144:;A:24:;A:36:,A:141:
hsa_paa_fe3o4,oxide,75,6,alternative interface,A:203:,LEU,203,A,11,1,12.260598775277609,0.09090909090909091,0.3043072727272727,0.07901,0.9522153673170805,A:199:;A:201:;A:202:;A:203:;A:204:;A:205:;A:206:;A:207:;A:208:;A:210:;A:243:,A:208:
hsa_paa_fe3o4,oxide,76,6,alternative interface,A:453:,LEU,453,A,7,1,11.253685114065428,0.14285714285714285,0.19298428571428575,0.07615,0.9427970645599258,A:433:;A:449:;A:451:;A:452:;A:453:;A:454:;A:455:,A:451:
hsa_paa_fe3o4,oxide,77,6,alternative interface,A:528:,ALA,528,A,7,1,12.29330066299512,0.14285714285714285,0.269,0.07344,0.98739391978512,A:524:;A:525:;A:527:;A:528:;A:529:;A:531:;A:532:,A:531:
hsa_paa_fe3o4,oxide,78,6,alternative interface,A:523:,ILE,523,A,9,1,12.82829698447502,0.1111111111111111,0.34658222222222224,0.06726,0.9818893522565956,A:424:;A:519:;A:520:;A:521:;A:522:;A:523:;A:524:;A:525:;A:527:,A:520:
hsa_paa_fe3o4,oxide,79,6,alternative interface,A:7:,VAL,7,A,8,1,13.634765144996823,0.125,0.27292875,0.060700000000000004,0.9864328604723919,A:10:;A:11:;A:65:;A:66:;A:6:;A:7:;A:8:;A:9:,A:6:
hsa_paa_fe3o4,calcium_phosphate,1,1,primary plausible interface,A:185:,LEU,185,A,10,6,13.073691412978866,0.6,0.401652,0.81035,0.9788720113494637,A:161:;A:181:;A:182:;A:183:;A:184:;A:185:;A:186:;A:187:;A:188:;A:189:,A:181:;A:183:;A:184:;A:186:;A:187:;A:188:
hsa_paa_fe3o4,calcium_phosphate,2,1,primary plausible interface,A:312:,SER,312,A,8,4,10.99501552767358,0.5,0.49902499999999994,0.69,0.9955427031521759,A:307:;A:308:;A:309:;A:310:;A:311:;A:312:;A:313:;A:314:,A:308:;A:311:;A:313:;A:314:
hsa_paa_fe3o4,calcium_phosphate,3,1,primary plausible interface,A:474:,THR,474,A,9,5,14.855626391498838,0.5555555555555556,0.5529244444444444,0.58582,0.9620590948470453,A:465:;A:468:;A:471:;A:472:;A:474:;A:475:;A:477:;A:478:;A:479:,A:465:;A:471:;A:472:;A:475:;A:479:
hsa_paa_fe3o4,calcium_phosphate,4,1,primary plausible interface,A:553:,ALA,553,A,9,4,12.384291045661506,0.4444444444444444,0.5343722222222222,0.54254,0.993936342871902,A:549:;A:550:;A:551:;A:552:;A:553:;A:554:;A:555:;A:556:;A:557:,A:549:;A:550:;A:556:;A:557:
hsa_paa_fe3o4,calcium_phosphate,5,1,primary plausible interface,A:521:,ARG,521,A,11,6,12.428795658382656,0.5454545454545454,0.4166681818181818,0.53894,0.9854411104567048,A:513:;A:516:;A:517:;A:518:;A:519:;A:520:;A:521:;A:522:;A:523:;A:524:;A:525:,A:518:;A:519:;A:520:;A:521:;A:524:;A:525:
hsa_paa_fe3o4,calcium_phosphate,6,1,primary plausible interface,A:560:,LYS,560,A,7,4,11.717879587821418,0.5714285714285714,0.46358571428571427,0.52381,0.9973182996056946,A:556:;A:557:;A:558:;A:559:;A:560:;A:561:;A:562:,A:556:;A:557:;A:560:;A:562:
hsa_paa_fe3o4,calcium_phosphate,7,1,primary plausible interface,A:371:,ALA,371,A,7,4,11.407849445374941,0.5714285714285714,0.4813757142857143,0.48406999999999994,0.9936689297090645,A:310:;A:311:;A:367:;A:368:;A:369:;A:371:;A:372:,A:311:;A:367:;A:368:;A:372:
hsa_paa_fe3o4,calcium_phosphate,8,1,primary plausible interface,A:380:,LEU,380,A,8,5,12.638684111227436,0.625,0.4111725,0.46365,0.9857456656033461,A:348:;A:376:;A:378:;A:379:;A:380:;A:381:;A:382:;A:383:,A:348:;A:376:;A:378:;A:382:;A:383:
hsa_paa_fe3o4,calcium_phosphate,9,1,primary plausible interface,A:500:,LYS,500,A,8,5,12.981593769799932,0.625,0.510655,0.45834,0.9911904529874798,A:498:;A:499:;A:500:;A:501:;A:502:;A:534:;A:535:;A:536:,A:500:;A:501:;A:534:;A:535:;A:536:
hsa_paa_fe3o4,calcium_phosphate,10,1,primary plausible interface,A:322:,ALA,322,A,9,3,10.28549977185053,0.3333333333333333,0.4665455555555556,0.41842,0.9962347537905698,A:318:;A:319:;A:320:;A:321:;A:322:;A:323:;A:324:;A:325:;A:326:,A:321:;A:323:;A:324:
hsa_paa_fe3o4,calcium_phosphate,11,1,primary plausible interface,A:493:,VAL,493,A,7,5,10.582971779670187,0.7142857142857143,0.4103442857142857,0.41461,0.991140894276788,A:413:;A:414:;A:491:;A:492:;A:493:;A:494:;A:495:,A:413:;A:414:;A:492:;A:494:;A:495:
hsa_paa_fe3o4,calcium_phosphate,12,1,primary plausible interface,A:125:,THR,125,A,8,3,12.096897972409407,0.375,0.6064,0.40195000000000003,0.9918905145994984,A:121:;A:122:;A:123:;A:124:;A:125:;A:126:;A:128:;A:129:,A:121:;A:128:;A:129:
hsa_paa_fe3o4,calcium_phosphate,13,1,primary plausible interface,A:375:,ASP,375,A,6,4,13.096674802277809,0.6666666666666666,0.43968999999999997,0.36306,0.9927798199440597,A:372:;A:374:;A:375:;A:376:;A:378:;A:379:,A:372:;A:375:;A:376:;A:378:
hsa_paa_fe3o4,calcium_phosphate,14,1,primary plausible interface,A:58:,SER,58,A,7,4,10.734225140585403,0.5714285714285714,0.5749757142857144,0.33951,0.9944441030964106,A:56:;A:57:;A:58:;A:59:;A:60:;A:61:;A:63:,A:56:;A:57:;A:60:;A:63:
hsa_paa_fe3o4,calcium_phosphate,15,1,primary plausible interface,A:244:,GLU,244,A,8,6,12.383407474712032,0.75,0.28802,0.29893000000000003,0.9615258596661563,A:240:;A:242:;A:243:;A:244:;A:247:;A:248:;A:249:;A:252:,A:240:;A:242:;A:244:;A:247:;A:249:;A:252:
hsa_paa_fe3o4,calcium_phosphate,16,1,primary plausible interface,A:54:,VAL,54,A,8,3,13.523973740608957,0.375,0.47254375,0.29719,0.9957115221323113,A:11:;A:51:;A:52:;A:54:;A:55:;A:56:;A:57:;A:8:,A:51:;A:56:;A:57:
hsa_paa_fe3o4,calcium_phosphate,17,1,primary plausible interface,A:496:,THR,496,A,5,2,9.25993973559264,0.4,0.5752459999999999,0.21265,0.9946495579466967,A:494:;A:495:;A:496:;A:497:;A:498:,A:494:;A:495:
hsa_paa_fe3o4,calcium_phosphate,18,1,primary plausible interface,A:117:,ARG,117,A,5,2,13.111472264325608,0.4,0.6764,0.15588,0.991669134407286,A:115:;A:116:;A:117:;A:118:;A:119:,A:117:;A:119:
hsa_paa_fe3o4,calcium_phosphate,19,1,primary plausible interface,A:503:,ASN,503,A,7,2,12.07243255238578,0.2857142857142857,0.5893342857142857,0.10192999999999999,0.9923230457104815,A:501:;A:502:;A:503:;A:504:;A:505:;A:506:;A:507:,A:501:;A:505:
hsa_paa_fe3o4,calcium_phosphate,20,2,alternative interface,A:134:,PHE,134,A,10,4,12.82747140800106,0.4,0.400122,0.56077,0.9926778576856242,A:126:;A:130:;A:131:;A:132:;A:133:;A:134:;A:135:;A:136:;A:137:;A:138:,A:131:;A:132:;A:136:;A:137:
hsa_paa_fe3o4,calcium_phosphate,21,2,alternative interface,A:190:,LYS,190,A,9,4,12.461799964377445,0.4444444444444444,0.38917555555555555,0.5464,0.9215496415901775,A:186:;A:187:;A:188:;A:189:;A:190:;A:191:;A:192:;A:193:;A:194:,A:186:;A:187:;A:188:;A:190:
hsa_paa_fe3o4,calcium_phosphate,22,2,alternative interface,A:564:,LYS,564,A,10,4,12.358286816793383,0.4,0.42190399999999995,0.5409,0.9947633689080657,A:558:;A:559:;A:561:;A:562:;A:563:;A:564:;A:565:;A:566:;A:567:;A:568:,A:562:;A:563:;A:564:;A:565:
hsa_paa_fe3o4,calcium_phosphate,23,2,alternative interface,A:120:,VAL,120,A,10,3,13.13864230289971,0.3,0.44330600000000003,0.53123,0.9852532744554385,A:118:;A:119:;A:120:;A:121:;A:122:;A:123:;A:124:;A:174:;A:175:;A:178:,A:119:;A:121:;A:174:
hsa_paa_fe3o4,calcium_phosphate,24,2,alternative interface,A:445:,ARG,445,A,12,5,13.998668785533981,0.4166666666666667,0.3509125,0.4988,0.9736263301446318,A:340:;A:388:;A:438:;A:440:;A:441:;A:442:;A:443:;A:444:;A:445:;A:447:;A:448:;A:449:,A:340:;A:440:;A:442:;A:444:;A:445:
hsa_paa_fe3o4,calcium_phosphate,25,2,alternative interface,A:15:,GLY,15,A,8,4,11.244732084478915,0.5,0.40721625,0.47261000000000003,0.9890849644903926,A:11:;A:12:;A:13:;A:14:;A:15:;A:16:;A:17:;A:18:,A:12:;A:13:;A:16:;A:17:
hsa_paa_fe3o4,calcium_phosphate,26,2,alternative interface,A:366:,PRO,366,A,10,3,12.064785028414,0.3,0.444365,0.4522,0.9937819843658995,A:316:;A:361:;A:362:;A:363:;A:364:;A:365:;A:366:;A:367:;A:368:;A:369:,A:365:;A:367:;A:368:
hsa_paa_fe3o4,calcium_phosphate,27,2,alternative interface,A:256:,ASP,256,A,8,5,11.970664341874619,0.625,0.2461325,0.43534,0.9811333366833203,A:252:;A:254:;A:255:;A:256:;A:257:;A:258:;A:259:;A:260:,A:252:;A:255:;A:256:;A:257:;A:259:
hsa_paa_fe3o4,calcium_phosphate,28,2,alternative interface,A:49:,PHE,49,A,7,3,11.322670543819218,0.42857142857142855,0.4328328571428572,0.41680999999999996,0.9945800491903919,A:45:;A:46:;A:47:;A:48:;A:49:;A:51:;A:52:,A:45:;A:48:;A:51:
hsa_paa_fe3o4,calcium_phosphate,29,2,alternative interface,A:279:,CYS,279,A,7,5,10.778866688302585,0.7142857142857143,0.22887999999999997,0.40554,0.9852462369568611,A:265:;A:276:;A:277:;A:279:;A:280:;A:281:;A:286:,A:276:;A:277:;A:280:;A:281:;A:286:
hsa_paa_fe3o4,calcium_phosphate,30,2,alternative interface,A:548:,MET,548,A,10,3,12.788224351676748,0.3,0.462163,0.39976,0.9924800223645133,A:529:;A:544:;A:545:;A:546:;A:547:;A:548:;A:549:;A:550:;A:551:;A:552:,A:545:;A:549:;A:550:
hsa_paa_fe3o4,calcium_phosphate,31,2,alternative interface,A:385:,GLN,385,A,8,3,12.959069753931027,0.375,0.466585,0.38665999999999995,0.9818652058299312,A:381:;A:382:;A:383:;A:385:;A:386:;A:387:;A:388:;A:389:,A:382:;A:383:;A:389:
hsa_paa_fe3o4,calcium_phosphate,32,2,alternative interface,A:356:,THR,356,A,6,3,11.207972756202283,0.5,0.4424233333333332,0.38354,0.9959490009514169,A:352:;A:354:;A:355:;A:356:;A:358:;A:359:,A:354:;A:358:;A:359:
hsa_paa_fe3o4,calcium_phosphate,33,2,alternative interface,A:10:,ARG,10,A,12,7,13.017416865730091,0.5833333333333334,0.22290916666666669,0.37967,0.988768928471872,A:10:;A:11:;A:12:;A:13:;A:14:;A:251:;A:252:;A:255:;A:6:;A:7:;A:8:;A:9:,A:10:;A:12:;A:13:;A:252:;A:255:;A:6:;A:9:
hsa_paa_fe3o4,calcium_phosphate,34,2,alternative interface,A:306:,ALA,306,A,8,2,10.147025562748038,0.25,0.4501925,0.36546,0.9947546579776738,A:304:;A:305:;A:306:;A:307:;A:308:;A:309:;A:310:;A:311:,A:308:;A:311:
hsa_paa_fe3o4,calcium_phosphate,35,2,alternative interface,A:317:,LYS,317,A,7,3,10.799753546005203,0.42857142857142855,0.4645785714285714,0.35743,0.9954673544883776,A:314:;A:316:;A:317:;A:318:;A:319:;A:320:;A:321:,A:314:;A:317:;A:321:
hsa_paa_fe3o4,calcium_phosphate,36,2,alternative interface,A:296:,ASP,296,A,9,5,13.255204678426763,0.5555555555555556,0.4481488888888889,0.3251,0.983097288807817,A:223:;A:225:;A:273:;A:274:;A:294:;A:295:;A:296:;A:297:;A:298:,A:225:;A:274:;A:294:;A:296:;A:297:
hsa_paa_fe3o4,calcium_phosphate,37,2,alternative interface,A:35:,PRO,35,A,6,2,11.771783234458987,0.3333333333333333,0.49487666666666663,0.28747,0.9889216324605773,A:33:;A:34:;A:35:;A:36:;A:37:;A:38:,A:37:;A:38:
hsa_paa_fe3o4,calcium_phosphate,38,2,alternative interface,A:171:,ALA,171,A,7,3,11.398227693079717,0.42857142857142855,0.47427714285714284,0.27582,0.9929450799568263,A:167:;A:170:;A:171:;A:172:;A:173:;A:174:;A:177:,A:167:;A:173:;A:174:
hsa_paa_fe3o4,calcium_phosphate,39,2,alternative interface,A:107:,ASP,107,A,6,3,11.48667040734131,0.5,0.45444,0.27046,0.9636621768309166,A:105:;A:107:;A:108:;A:109:;A:110:;A:32:,A:105:;A:107:;A:108:
hsa_paa_fe3o4,calcium_phosphate,40,2,alternative interface,A:338:,HIS,338,A,7,4,10.967182954717016,0.5714285714285714,0.23469142857142858,0.25405,0.9834566671354174,A:334:;A:336:;A:337:;A:338:;A:339:;A:340:;A:341:,A:336:;A:337:;A:338:;A:340:
hsa_paa_fe3o4,calcium_phosphate,41,2,alternative interface,A:282:,PRO,282,A,7,4,11.511622771192958,0.5714285714285714,0.36903,0.23726,0.9913723504486317,A:280:;A:281:;A:282:;A:283:;A:284:;A:285:;A:286:,A:280:;A:281:;A:285:;A:286:
hsa_paa_fe3o4,calcium_phosphate,42,2,alternative interface,A:300:,ALA,300,A,5,1,9.291772646618924,0.2,0.457446,0.17386,0.9965668394675776,A:298:;A:299:;A:300:;A:301:;A:302:,A:301:
hsa_paa_fe3o4,calcium_phosphate,43,2,alternative interface,A:569:,ALA,569,A,6,2,9.284740409383028,0.3333333333333333,0.45547833333333326,0.10327,0.9972690496033968,A:565:;A:566:;A:567:;A:568:;A:569:;A:570:,A:565:;A:570:
hsa_paa_fe3o4,calcium_phosphate,44,3,alternative interface,A:40:,VAL,40,A,9,3,12.547002049964455,0.3333333333333333,0.38817,0.53681,0.9878811608236571,A:24:;A:36:;A:37:;A:38:;A:40:;A:41:;A:42:;A:43:;A:44:,A:37:;A:38:;A:41:
hsa_paa_fe3o4,calcium_phosphate,45,3,alternative interface,A:289:,CYS,289,A,9,4,11.86706540923089,0.4444444444444444,0.2888488888888889,0.40973,0.9736772862273526,A:285:;A:286:;A:287:;A:288:;A:289:;A:290:;A:291:;A:292:;A:293:,A:285:;A:286:;A:288:;A:292:
hsa_paa_fe3o4,calcium_phosphate,46,3,alternative interface,A:268:,GLN,268,A,9,3,12.376024923523358,0.3333333333333333,0.4298855555555556,0.40203000000000005,0.9840000907722656,A:264:;A:265:;A:266:;A:267:;A:268:;A:269:;A:270:;A:273:;A:276:,A:266:;A:269:;A:276:
hsa_paa_fe3o4,calcium_phosphate,47,3,alternative interface,A:164:,ALA,164,A,11,4,12.75302937589124,0.36363636363636365,0.34319636363636363,0.38084,0.9828649373714191,A:160:;A:161:;A:162:;A:163:;A:164:;A:165:;A:166:;A:167:;A:178:;A:181:;A:182:,A:160:;A:162:;A:167:;A:181:
hsa_paa_fe3o4,calcium_phosphate,48,3,alternative interface,A:239:,THR,239,A,10,5,11.737980217854762,0.5,0.385445,0.36712000000000006,0.9602742840694843,A:208:;A:212:;A:235:;A:236:;A:237:;A:238:;A:239:;A:240:;A:242:;A:243:,A:208:;A:212:;A:237:;A:240:;A:242:
hsa_paa_fe3o4,calcium_phosphate,49,3,alternative interface,A:228:,PHE,228,A,7,2,11.829641934555957,0.2857142857142857,0.45357857142857144,0.35417000000000004,0.9839757735212923,A:227:;A:228:;A:229:;A:230:;A:232:;A:329:;A:332:,A:227:;A:230:
hsa_paa_fe3o4,calcium_phosphate,50,3,alternative interface,A:263:,TYR,263,A,9,3,12.344278105006062,0.3333333333333333,0.3138488888888889,0.34362000000000004,0.9890289056874884,A:259:;A:260:;A:261:;A:262:;A:263:;A:264:;A:265:;A:266:;A:267:,A:259:;A:262:;A:266:
hsa_paa_fe3o4,calcium_phosphate,51,3,alternative interface,A:511:,ALA,511,A,9,3,12.560088903115364,0.3333333333333333,0.34595333333333333,0.31759,0.9929515571436508,A:509:;A:510:;A:511:;A:512:;A:513:;A:514:;A:559:;A:565:;A:568:,A:510:;A:512:;A:565:
hsa_paa_fe3o4,calcium_phosphate,52,3,alternative interface,A:64:,LYS,64,A,8,3,11.479167302568936,0.375,0.40494375,0.2815,0.992288967108747,A:61:;A:63:;A:64:;A:65:;A:66:;A:68:;A:69:;A:6:,A:63:;A:64:;A:6:
hsa_paa_fe3o4,calcium_phosphate,53,3,alternative interface,A:466:,LYS,466,A,6,2,9.568406830071506,0.3333333333333333,0.41788166666666665,0.261,0.9908586793214236,A:462:;A:463:;A:465:;A:466:;A:467:;A:468:,A:465:;A:466:
hsa_paa_fe3o4,calcium_phosphate,54,3,alternative interface,A:209:,ARG,209,A,6,3,10.216176037522805,0.5,0.38814499999999996,0.25047,0.975160652129206,A:207:;A:208:;A:209:;A:210:;A:212:;A:213:,A:208:;A:209:;A:212:
hsa_paa_fe3o4,calcium_phosphate,55,3,alternative interface,A:180:,PRO,180,A,9,3,13.183910262178594,0.3333333333333333,0.3850088888888889,0.24018,0.9946306945146123,A:176:;A:177:;A:178:;A:179:;A:180:;A:181:;A:182:;A:183:;A:184:,A:181:;A:183:;A:184:
hsa_paa_fe3o4,calcium_phosphate,56,3,alternative interface,A:537:,PRO,537,A,9,5,14.42382194805905,0.5555555555555556,0.27844,0.23403,0.9897223639932807,A:413:;A:499:;A:534:;A:535:;A:536:;A:537:;A:538:;A:539:;A:540:,A:413:;A:534:;A:535:;A:536:;A:538:
hsa_paa_fe3o4,calcium_phosphate,57,3,alternative interface,A:195:,LYS,195,A,4,2,12.564684336782879,0.5,0.41411,0.22881,0.5819615758402978,A:191:;A:192:;A:195:;A:199:,A:195:;A:199:
hsa_paa_fe3o4,calcium_phosphate,58,3,alternative interface,A:543:,GLN,543,A,9,3,11.181139610328614,0.3333333333333333,0.44699333333333335,0.21431,0.9918445241493696,A:539:;A:540:;A:541:;A:542:;A:543:;A:544:;A:545:;A:546:;A:547:,A:541:;A:542:;A:545:
hsa_paa_fe3o4,calcium_phosphate,59,3,alternative interface,A:351:,LYS,351,A,7,3,12.067374406098764,0.42857142857142855,0.3277771428571428,0.19125,0.9932974939816018,A:347:;A:348:;A:350:;A:351:;A:352:;A:354:;A:355:,A:348:;A:351:;A:354:
hsa_paa_fe3o4,calcium_phosphate,60,3,alternative interface,A:439:,LYS,439,A,6,3,12.782957699238763,0.5,0.3837383333333333,0.18927,0.9813863863462157,A:435:;A:436:;A:438:;A:439:;A:440:;A:441:,A:436:;A:439:;A:440:
hsa_paa_fe3o4,calcium_phosphate,61,3,alternative interface,A:532:,LEU,532,A,7,4,12.199285269895949,0.5714285714285714,0.20927714285714286,0.17815999999999999,0.9898777971701539,A:528:;A:529:;A:531:;A:532:;A:534:;A:535:;A:536:,A:531:;A:534:;A:535:;A:536:
hsa_paa_fe3o4,calcium_phosphate,62,3,alternative interface,A:104:,GLN,104,A,6,2,8.700899279441884,0.3333333333333333,0.46935833333333327,0.14685,0.9895060578949527,A:100:;A:101:;A:102:;A:103:;A:104:;A:105:,A:100:;A:105:
hsa_paa_fe3o4,calcium_phosphate,63,3,alternative interface,A:233:,LYS,233,A,7,3,12.696973046333326,0.42857142857142855,0.44264428571428566,0.14659,0.9875700624401913,A:229:;A:230:;A:232:;A:233:;A:235:;A:236:;A:237:,A:230:;A:233:;A:237:
hsa_paa_fe3o4,calcium_phosphate,64,3,alternative interface,A:508:,THR,508,A,7,2,12.308485176317822,0.2857142857142857,0.4509971428571428,0.05772,0.9912120945597745,A:504:;A:505:;A:506:;A:507:;A:508:;A:509:;A:510:,A:505:;A:510:
hsa_paa_fe3o4,calcium_phosphate,65,4,alternative interface,A:73:,LYS,73,A,11,2,14.182614023053937,0.18181818181818182,0.2796454545454545,0.32688,0.9837389902249964,A:42:;A:46:;A:69:;A:70:;A:71:;A:72:;A:73:;A:74:;A:75:;A:76:;A:77:,A:72:;A:73:
hsa_paa_fe3o4,calcium_phosphate,66,4,alternative interface,A:392:,CYS,392,A,10,3,11.742280724550081,0.3,0.359818,0.31468,0.9828194447737797,A:388:;A:389:;A:390:;A:391:;A:392:;A:393:;A:394:;A:395:;A:396:;A:438:,A:389:;A:393:;A:396:
hsa_paa_fe3o4,calcium_phosphate,67,4,alternative interface,A:99:,ASN,99,A,13,4,14.332302822542637,0.3076923076923077,0.3040984615384615,0.31047,0.9832141348304573,A:100:;A:101:;A:102:;A:103:;A:67:;A:68:;A:71:;A:90:;A:94:;A:95:;A:96:;A:97:;A:99:,A:100:;A:67:;A:95:;A:97:
hsa_paa_fe3o4,calcium_phosphate,68,4,alternative interface,A:327:,LEU,327,A,11,3,13.329041527585234,0.2727272727272727,0.3396618181818182,0.29587,0.9842771575714059,A:319:;A:323:;A:324:;A:325:;A:326:;A:327:;A:328:;A:329:;A:331:;A:350:;A:354:,A:323:;A:324:;A:354:
hsa_paa_fe3o4,calcium_phosphate,69,4,alternative interface,A:428:,ARG,428,A,7,3,12.556058148960588,0.42857142857142855,0.2768771428571429,0.29369,0.9615271196769063,A:404:;A:424:;A:425:;A:426:;A:428:;A:429:;A:432:,A:425:;A:428:;A:432:
hsa_paa_fe3o4,calcium_phosphate,70,4,alternative interface,A:20:,LYS,20,A,9,3,12.931235707035132,0.3333333333333333,0.3223333333333333,0.27526,0.9848987225297208,A:16:;A:17:;A:18:;A:20:;A:21:;A:24:;A:43:;A:44:;A:47:,A:16:;A:17:;A:20:
hsa_paa_fe3o4,calcium_phosphate,71,4,alternative interface,A:142:,ILE,142,A,8,4,12.244517114511357,0.5,0.21490749999999997,0.23084,0.9747602537150389,A:138:;A:139:;A:140:;A:141:;A:142:;A:144:;A:145:;A:146:,A:141:;A:144:;A:145:;A:146:
hsa_paa_fe3o4,calcium_phosphate,72,4,alternative interface,A:411:,TYR,411,A,6,3,10.40678682397129,0.5,0.21410666666666667,0.21251,0.9867310610520275,A:407:;A:409:;A:410:;A:411:;A:413:;A:414:,A:410:;A:413:;A:414:
hsa_paa_fe3o4,calcium_phosphate,73,4,alternative interface,A:159:,LYS,159,A,8,3,12.376745491613129,0.375,0.2675425,0.20568,0.9833411150309791,A:155:;A:156:;A:158:;A:159:;A:160:;A:161:;A:162:;A:163:,A:159:;A:160:;A:162:
hsa_paa_fe3o4,calcium_phosphate,74,4,alternative interface,A:91:,CYS,91,A,10,3,14.476472973008681,0.3,0.368356,0.20353000000000002,0.9821373679012373,A:71:;A:72:;A:75:;A:78:;A:89:;A:90:;A:91:;A:92:;A:93:;A:94:,A:72:;A:89:;A:93:
hsa_paa_fe3o4,calcium_phosphate,75,4,alternative interface,A:400:,GLU,400,A,9,3,12.678217518023878,0.3333333333333333,0.39577555555555555,0.20174,0.9828966116741104,A:395:;A:398:;A:399:;A:400:;A:401:;A:402:;A:404:;A:432:;A:435:,A:400:;A:402:;A:432:
hsa_paa_fe3o4,calcium_phosphate,76,4,alternative interface,A:397:,GLN,397,A,7,2,10.199708032935252,0.2857142857142857,0.4071485714285714,0.09254,0.9906522606246289,A:393:;A:394:;A:395:;A:396:;A:397:;A:398:;A:399:,A:393:;A:396:
hsa_paa_fe3o4,calcium_phosphate,77,4,alternative interface,A:113:,PRO,113,A,5,1,11.707779543991938,0.2,0.43302399999999996,0.06103,0.9783345302166505,A:111:;A:112:;A:113:;A:114:;A:115:,A:114:
hsa_paa_fe3o4,calcium_phosphate,78,5,alternative interface,A:203:,LEU,203,A,11,3,12.260598775277609,0.2727272727272727,0.3043072727272727,0.25286000000000003,0.9522153673170805,A:199:;A:201:;A:202:;A:203:;A:204:;A:205:;A:206:;A:207:;A:208:;A:210:;A:243:,A:199:;A:205:;A:208:
hsa_paa_fe3o4,calcium_phosphate,79,5,alternative interface,A:197:,ARG,197,A,7,2,12.03628173629419,0.2857142857142857,0.19165428571428572,0.24952000000000002,0.6076517116922214,A:148:;A:193:;A:197:;A:198:;A:199:;A:201:;A:459:,A:197:;A:199:
hsa_paa_fe3o4,calcium_phosphate,80,5,alternative interface,A:527:,THR,527,A,10,3,12.476521708788242,0.3,0.29794,0.19719,0.982599408601716,A:420:;A:421:;A:424:;A:523:;A:524:;A:525:;A:527:;A:528:;A:529:;A:531:,A:524:;A:525:;A:531:
hsa_paa_fe3o4,calcium_phosphate,81,5,alternative interface,A:480:,SER,480,A,8,2,10.345790053595616,0.25,0.37601249999999997,0.18957999999999997,0.9674117391734003,A:477:;A:478:;A:479:;A:480:;A:481:;A:482:;A:483:;A:484:,A:479:;A:484:
hsa_paa_fe3o4,calcium_phosphate,82,5,alternative interface,A:333:,GLU,333,A,8,3,12.68115815407923,0.375,0.16532999999999998,0.12783,0.9857441644145508,A:305:;A:329:;A:331:;A:332:;A:333:;A:334:;A:336:;A:337:,A:333:;A:336:;A:337:
hsa_paa_fe3o4,calcium_phosphate,83,5,alternative interface,A:454:,SER,454,A,6,2,12.423395288691522,0.3333333333333333,0.20694833333333337,0.07980000000000001,0.9399873733992743,A:451:;A:452:;A:453:;A:454:;A:455:;A:484:,A:451:;A:484:
hsa_paa_fe3o4,calcium_phosphate,84,5,alternative interface,A:405:,ASN,405,A,7,1,12.817647853024756,0.14285714285714285,0.2408614285714286,0.05487,0.9829701833705203,A:401:;A:402:;A:404:;A:405:;A:406:;A:407:;A:409:,A:402:
hsa_paa_fe3o4,calcium_phosphate,85,5,alternative interface,A:487:,CYS,487,A,7,1,12.852957452703516,0.14285714285714285,0.3114157142857143,0.03228,0.9804646234930955,A:483:;A:484:;A:486:;A:487:;A:489:;A:490:;A:491:,A:484:
hsa_paa_fe3o4,calcium_phosphate,86,6,alternative interface,A:214:,TRP,214,A,8,2,12.948523842960887,0.25,0.28996875,0.15883,0.9452096936051072,A:210:;A:212:;A:213:;A:214:;A:216:;A:218:;A:344:;A:347:,A:212:;A:218:
hsa_paa_fe3o4,calcium_phosphate,87,6,alternative interface,A:422:,THR,422,A,8,1,12.35894496239203,0.125,0.32623749999999996,0.15361,0.9650356236475234,A:419:;A:420:;A:421:;A:422:;A:424:;A:425:;A:426:;A:463:,A:425:
hsa_paa_fe3o4,calcium_phosphate,88,6,alternative interface,A:219:,LEU,219,A,5,1,12.099735548708082,0.2,0.184524,0.11033,0.9709847143272624,A:216:;A:218:;A:219:;A:223:;A:235:,A:218:
hsa_paa_fe3o4,calcium_phosphate,89,7,alternative interface,A:433:,VAL,433,A,9,2,14.557282044400777,0.2222222222222222,0.246,0.12615,0.9347730931503441,A:429:;A:432:;A:433:;A:435:;A:436:;A:438:;A:449:;A:452:;A:453:,A:432:;A:436:
hsa_paa_fe3o4,calcium_phosphate,90,7,alternative interface,A:150:,TYR,150,A,4,1,11.159332906998271,0.25,0.1372425,0.03275,0.8875148074858593,A:148:;A:150:;A:153:;A:193:,A:153:
hsa_paa_fe3o4,metal_coord,1,1,primary plausible interface,A:312:,SER,312,A,8,3,10.99501552767358,0.375,0.49902499999999994,0.7029000000000001,0.9955427031521759,A:307:;A:308:;A:309:;A:310:;A:311:;A:312:;A:313:;A:314:,A:308:;A:311:;A:314:
hsa_paa_fe3o4,metal_coord,2,1,primary plausible interface,A:367:,HIS,367,A,9,5,13.188614795733486,0.5555555555555556,0.4304777777777778,0.69597,0.9928511738629683,A:310:;A:311:;A:313:;A:365:;A:366:;A:367:;A:368:;A:369:;A:371:,A:311:;A:365:;A:367:;A:368:;A:369:
hsa_paa_fe3o4,metal_coord,3,1,primary plausible interface,A:126:,ALA,126,A,10,5,13.03388277263075,0.5,0.5146200000000001,0.64925,0.9891397640141866,A:122:;A:123:;A:124:;A:125:;A:126:;A:128:;A:129:;A:130:;A:131:;A:134:,A:123:;A:124:;A:128:;A:129:;A:131:
hsa_paa_fe3o4,metal_coord,4,1,primary plausible interface,A:551:,PHE,551,A,9,3,12.81515827289164,0.3333333333333333,0.5045755555555556,0.56726,0.9929861147605782,A:547:;A:548:;A:549:;A:550:;A:551:;A:552:;A:553:;A:554:;A:555:,A:548:;A:549:;A:550:
hsa_paa_fe3o4,metal_coord,5,1,primary plausible interface,A:564:,LYS,564,A,10,6,12.358286816793383,0.6,0.42190399999999995,0.54747,0.9947633689080657,A:558:;A:559:;A:561:;A:562:;A:563:;A:564:;A:565:;A:566:;A:567:;A:568:,A:558:;A:559:;A:562:;A:563:;A:565:;A:567:
hsa_paa_fe3o4,metal_coord,6,1,primary plausible interface,A:121:,ASP,121,A,8,4,11.759621822489358,0.5,0.5202374999999999,0.51143,0.9900682813873944,A:119:;A:120:;A:121:;A:122:;A:123:;A:124:;A:125:;A:174:,A:119:;A:121:;A:123:;A:124:
hsa_paa_fe3o4,metal_coord,7,1,primary plausible interface,A:560:,LYS,560,A,7,4,11.717879587821418,0.5714285714285714,0.46358571428571427,0.46226999999999996,0.9973182996056946,A:556:;A:557:;A:558:;A:559:;A:560:;A:561:;A:562:,A:556:;A:558:;A:559:;A:562:
hsa_paa_fe3o4,metal_coord,8,1,primary plausible interface,A:545:,LYS,545,A,9,3,12.643105270886153,0.3333333333333333,0.5140277777777778,0.42798,0.9919052259217254,A:541:;A:542:;A:543:;A:544:;A:545:;A:546:;A:547:;A:548:;A:549:,A:542:;A:548:;A:549:
hsa_paa_fe3o4,metal_coord,9,1,primary plausible interface,A:58:,SER,58,A,7,4,10.734225140585403,0.5714285714285714,0.5749757142857144,0.38649,0.9944441030964106,A:56:;A:57:;A:58:;A:59:;A:60:;A:61:;A:63:,A:56:;A:57:;A:60:;A:63:
hsa_paa_fe3o4,metal_coord,10,1,primary plausible interface,A:249:,ASP,249,A,6,4,11.036491240948731,0.6666666666666666,0.1854366666666667,0.28495000000000004,0.9744330323111905,A:244:;A:247:;A:248:;A:249:;A:251:;A:252:,A:244:;A:247:;A:249:;A:252:
hsa_paa_fe3o4,metal_coord,11,1,primary plausible interface,A:496:,THR,496,A,5,2,9.25993973559264,0.4,0.5752459999999999,0.22699000000000003,0.9946495579466967,A:494:;A:495:;A:496:;A:497:;A:498:,A:494:;A:495:
hsa_paa_fe3o4,metal_coord,12,1,primary plausible interface,A:54:,VAL,54,A,8,2,13.523973740608957,0.25,0.47254375,0.14137,0.9957115221323113,A:11:;A:51:;A:52:;A:54:;A:55:;A:56:;A:57:;A:8:,A:56:;A:57:
hsa_paa_fe3o4,metal_coord,13,1,primary plausible interface,A:503:,ASN,503,A,7,2,12.07243255238578,0.2857142857142857,0.5893342857142857,0.11603,0.9923230457104815,A:501:;A:502:;A:503:;A:504:;A:505:;A:506:;A:507:,A:501:;A:505:
hsa_paa_fe3o4,metal_coord,14,2,alternative interface,A:185:,LEU,185,A,10,4,13.073691412978866,0.4,0.401652,0.52296,0.9788720113494637,A:161:;A:181:;A:182:;A:183:;A:184:;A:185:;A:186:;A:187:;A:188:;A:189:,A:183:;A:184:;A:187:;A:188:
hsa_paa_fe3o4,metal_coord,15,2,alternative interface,A:289:,CYS,289,A,9,4,11.86706540923089,0.4444444444444444,0.2888488888888889,0.49829999999999997,0.9736772862273526,A:285:;A:286:;A:287:;A:288:;A:289:;A:290:;A:291:;A:292:;A:293:,A:285:;A:288:;A:289:;A:292:
hsa_paa_fe3o4,metal_coord,16,2,alternative interface,A:99:,ASN,99,A,13,6,14.332302822542637,0.46153846153846156,0.3040984615384615,0.475,0.9832141348304573,A:100:;A:101:;A:102:;A:103:;A:67:;A:68:;A:71:;A:90:;A:94:;A:95:;A:96:;A:97:;A:99:,A:100:;A:101:;A:67:;A:90:;A:95:;A:97:
hsa_paa_fe3o4,metal_coord,17,2,alternative interface,A:36:,PHE,36,A,8,3,13.087965990495121,0.375,0.39923999999999993,0.45193,0.9839339669250577,A:137:;A:140:;A:34:;A:35:;A:36:;A:37:;A:38:;A:40:,A:34:;A:37:;A:38:
hsa_paa_fe3o4,metal_coord,18,2,alternative interface,A:316:,CYS,316,A,9,3,13.109128598180346,0.3333333333333333,0.38576000000000005,0.44206,0.9917303318527856,A:313:;A:314:;A:316:;A:317:;A:318:;A:319:;A:320:;A:361:;A:366:,A:314:;A:316:;A:361:
hsa_paa_fe3o4,metal_coord,19,2,alternative interface,A:326:,PHE,326,A,10,2,12.166154688229161,0.2,0.402624,0.42324,0.9936390216534179,A:318:;A:319:;A:322:;A:323:;A:324:;A:325:;A:326:;A:327:;A:328:;A:329:,A:324:;A:329:
hsa_paa_fe3o4,metal_coord,20,2,alternative interface,A:256:,ASP,256,A,8,4,11.970664341874619,0.5,0.2461325,0.42162,0.9811333366833203,A:252:;A:254:;A:255:;A:256:;A:257:;A:258:;A:259:;A:260:,A:252:;A:255:;A:256:;A:259:
hsa_paa_fe3o4,metal_coord,21,2,alternative interface,A:380:,LEU,380,A,8,3,12.638684111227436,0.375,0.4111725,0.41802999999999996,0.9857456656033461,A:348:;A:376:;A:378:;A:379:;A:380:;A:381:;A:382:;A:383:,A:376:;A:382:;A:383:
hsa_paa_fe3o4,metal_coord,22,2,alternative interface,A:385:,GLN,385,A,8,2,12.959069753931027,0.25,0.466585,0.40838,0.9818652058299312,A:381:;A:382:;A:383:;A:385:;A:386:;A:387:;A:388:;A:389:,A:382:;A:383:
hsa_paa_fe3o4,metal_coord,23,2,alternative interface,A:445:,ARG,445,A,12,5,13.998668785533981,0.4166666666666667,0.3509125,0.40493,0.9736263301446318,A:340:;A:388:;A:438:;A:440:;A:441:;A:442:;A:443:;A:444:;A:445:;A:447:;A:448:;A:449:,A:340:;A:438:;A:440:;A:442:;A:448:
hsa_paa_fe3o4,metal_coord,24,2,alternative interface,A:228:,PHE,228,A,7,3,11.829641934555957,0.42857142857142855,0.45357857142857144,0.40318,0.9839757735212923,A:227:;A:228:;A:229:;A:230:;A:232:;A:329:;A:332:,A:227:;A:230:;A:329:
hsa_paa_fe3o4,metal_coord,25,2,alternative interface,A:91:,CYS,91,A,10,5,14.476472973008681,0.5,0.368356,0.40052,0.9821373679012373,A:71:;A:72:;A:75:;A:78:;A:89:;A:90:;A:91:;A:92:;A:93:;A:94:,A:72:;A:75:;A:89:;A:90:;A:91:
hsa_paa_fe3o4,metal_coord,26,2,alternative interface,A:511:,ALA,511,A,9,5,12.560088903115364,0.5555555555555556,0.34595333333333333,0.39447000000000004,0.9929515571436508,A:509:;A:510:;A:511:;A:512:;A:513:;A:514:;A:559:;A:565:;A:568:,A:510:;A:512:;A:514:;A:559:;A:565:
hsa_paa_fe3o4,metal_coord,27,2,alternative interface,A:306:,ALA,306,A,8,2,10.147025562748038,0.25,0.4501925,0.39011,0.9947546579776738,A:304:;A:305:;A:306:;A:307:;A:308:;A:309:;A:310:;A:311:,A:308:;A:311:
hsa_paa_fe3o4,metal_coord,28,2,alternative interface,A:279:,CYS,279,A,7,4,10.778866688302585,0.5714285714285714,0.22887999999999997,0.37272,0.9852462369568611,A:265:;A:276:;A:277:;A:279:;A:280:;A:281:;A:286:,A:265:;A:277:;A:279:;A:280:
hsa_paa_fe3o4,metal_coord,29,2,alternative interface,A:474:,THR,474,A,9,4,14.855626391498838,0.4444444444444444,0.5529244444444444,0.37149,0.9620590948470453,A:465:;A:468:;A:471:;A:472:;A:474:;A:475:;A:477:;A:478:;A:479:,A:465:;A:471:;A:477:;A:479:
hsa_paa_fe3o4,metal_coord,30,2,alternative interface,A:296:,ASP,296,A,9,4,13.255204678426763,0.4444444444444444,0.4481488888888889,0.37008,0.983097288807817,A:223:;A:225:;A:273:;A:274:;A:294:;A:295:;A:296:;A:297:;A:298:,A:294:;A:296:;A:297:;A:298:
hsa_paa_fe3o4,metal_coord,31,2,alternative interface,A:493:,VAL,493,A,7,3,10.582971779670187,0.42857142857142855,0.4103442857142857,0.35827,0.991140894276788,A:413:;A:414:;A:491:;A:492:;A:493:;A:494:;A:495:,A:492:;A:494:;A:495:
hsa_paa_fe3o4,metal_coord,32,2,alternative interface,A:500:,LYS,500,A,8,2,12.981593769799932,0.25,0.510655,0.35661000000000004,0.9911904529874798,A:498:;A:499:;A:500:;A:501:;A:502:;A:534:;A:535:;A:536:,A:501:;A:535:
hsa_paa_fe3o4,metal_coord,33,2,alternative interface,A:356:,THR,356,A,6,2,11.207972756202283,0.3333333333333333,0.4424233333333332,0.35461,0.9959490009514169,A:352:;A:354:;A:355:;A:356:;A:358:;A:359:,A:354:;A:358:
hsa_paa_fe3o4,metal_coord,34,2,alternative interface,A:104:,GLN,104,A,6,3,8.700899279441884,0.5,0.46935833333333327,0.34043999999999996,0.9895060578949527,A:100:;A:101:;A:102:;A:103:;A:104:;A:105:,A:100:;A:101:;A:105:
hsa_paa_fe3o4,metal_coord,35,2,alternative interface,A:118:,PRO,118,A,7,2,12.745253046797872,0.2857142857142857,0.5641242857142857,0.34036,0.989614729977692,A:116:;A:117:;A:118:;A:119:;A:120:;A:122:;A:123:,A:119:;A:123:
hsa_paa_fe3o4,metal_coord,36,2,alternative interface,A:517:,SER,517,A,7,2,11.313737867603365,0.2857142857142857,0.5044928571428572,0.30097999999999997,0.9934522858997558,A:515:;A:516:;A:517:;A:518:;A:519:;A:520:;A:521:,A:518:;A:520:
hsa_paa_fe3o4,metal_coord,37,2,alternative interface,A:132:,GLU,132,A,7,2,10.414754100578277,0.2857142857142857,0.45358714285714286,0.30079999999999996,0.9960402821579006,A:130:;A:131:;A:132:;A:133:;A:134:;A:135:;A:136:,A:131:;A:132:
hsa_paa_fe3o4,metal_coord,38,2,alternative interface,A:171:,ALA,171,A,7,3,11.398227693079717,0.42857142857142855,0.47427714285714284,0.28212,0.9929450799568263,A:167:;A:170:;A:171:;A:172:;A:173:;A:174:;A:177:,A:167:;A:173:;A:177:
hsa_paa_fe3o4,metal_coord,39,2,alternative interface,A:374:,PHE,374,A,5,2,11.072866140658457,0.4,0.42568799999999996,0.2253,0.9951870829602182,A:372:;A:374:;A:375:;A:376:;A:378:,A:375:;A:376:
hsa_paa_fe3o4,metal_coord,40,2,alternative interface,A:300:,ALA,300,A,5,2,9.291772646618924,0.4,0.457446,0.19791,0.9965668394675776,A:298:;A:299:;A:300:;A:301:;A:302:,A:298:;A:301:
hsa_paa_fe3o4,metal_coord,41,2,alternative interface,A:569:,ALA,569,A,6,3,9.284740409383028,0.5,0.45547833333333326,0.19746,0.9972690496033968,A:565:;A:566:;A:567:;A:568:;A:569:;A:570:,A:565:;A:567:;A:570:
hsa_paa_fe3o4,metal_coord,42,3,alternative interface,A:47:,THR,47,A,9,2,12.54134975732008,0.2222222222222222,0.3932588888888888,0.36672,0.9926814325361887,A:20:;A:43:;A:44:;A:45:;A:46:;A:47:;A:48:;A:49:;A:51:,A:45:;A:48:
hsa_paa_fe3o4,metal_coord,43,3,alternative interface,A:175:,ALA,175,A,8,2,10.331100474687217,0.25,0.35616125000000004,0.36662,0.9939430851081502,A:120:;A:173:;A:174:;A:175:;A:176:;A:177:;A:178:;A:179:,A:173:;A:177:
hsa_paa_fe3o4,metal_coord,44,3,alternative interface,A:15:,GLY,15,A,8,3,11.244732084478915,0.375,0.40721625,0.35627000000000003,0.9890849644903926,A:11:;A:12:;A:13:;A:14:;A:15:;A:16:;A:17:;A:18:,A:13:;A:16:;A:17:
hsa_paa_fe3o4,metal_coord,45,3,alternative interface,A:268:,GLN,268,A,9,3,12.376024923523358,0.3333333333333333,0.4298855555555556,0.34781999999999996,0.9840000907722656,A:264:;A:265:;A:266:;A:267:;A:268:;A:269:;A:270:;A:273:;A:276:,A:265:;A:266:;A:269:
hsa_paa_fe3o4,metal_coord,46,3,alternative interface,A:10:,ARG,10,A,12,5,13.017416865730091,0.4166666666666667,0.22290916666666669,0.33372999999999997,0.988768928471872,A:10:;A:11:;A:12:;A:13:;A:14:;A:251:;A:252:;A:255:;A:6:;A:7:;A:8:;A:9:,A:13:;A:252:;A:255:;A:6:;A:9:
hsa_paa_fe3o4,metal_coord,47,3,alternative interface,A:107:,ASP,107,A,6,3,11.48667040734131,0.5,0.45444,0.30789,0.9636621768309166,A:105:;A:107:;A:108:;A:109:;A:110:;A:32:,A:105:;A:107:;A:108:
hsa_paa_fe3o4,metal_coord,48,3,alternative interface,A:64:,LYS,64,A,8,2,11.479167302568936,0.25,0.40494375,0.27322,0.992288967108747,A:61:;A:63:;A:64:;A:65:;A:66:;A:68:;A:69:;A:6:,A:63:;A:6:
hsa_paa_fe3o4,metal_coord,49,3,alternative interface,A:395:,PHE,395,A,10,4,11.952010338248659,0.4,0.38825,0.25005,0.9836918147030652,A:391:;A:392:;A:393:;A:394:;A:395:;A:396:;A:397:;A:398:;A:399:;A:400:,A:392:;A:393:;A:396:;A:400:
hsa_paa_fe3o4,metal_coord,50,3,alternative interface,A:41:,LYS,41,A,8,3,12.494255127108138,0.375,0.4598625,0.21797999999999998,0.9896677702323242,A:37:;A:38:;A:40:;A:41:;A:42:;A:43:;A:44:;A:45:,A:37:;A:38:;A:45:
hsa_paa_fe3o4,metal_coord,51,3,alternative interface,A:532:,LEU,532,A,7,2,12.199285269895949,0.2857142857142857,0.20927714285714286,0.21669,0.9898777971701539,A:528:;A:529:;A:531:;A:532:;A:534:;A:535:;A:536:,A:531:;A:535:
hsa_paa_fe3o4,metal_coord,52,3,alternative interface,A:466:,LYS,466,A,6,1,9.568406830071506,0.16666666666666666,0.41788166666666665,0.21044000000000002,0.9908586793214236,A:462:;A:463:;A:465:;A:466:;A:467:;A:468:,A:465:
hsa_paa_fe3o4,metal_coord,53,3,alternative interface,A:363:,ALA,363,A,8,3,11.246712616658693,0.375,0.4091025,0.19088999999999998,0.996218689905697,A:359:;A:361:;A:362:;A:363:;A:364:;A:365:;A:366:;A:369:,A:361:;A:365:;A:369:
hsa_paa_fe3o4,metal_coord,54,3,alternative interface,A:321:,GLU,321,A,7,1,9.416358198720795,0.14285714285714285,0.4012014285714286,0.15488,0.9971101520411655,A:317:;A:318:;A:319:;A:320:;A:321:;A:322:;A:323:,A:321:
hsa_paa_fe3o4,metal_coord,55,3,alternative interface,A:508:,THR,508,A,7,2,12.308485176317822,0.2857142857142857,0.4509971428571428,0.09864,0.9912120945597745,A:504:;A:505:;A:506:;A:507:;A:508:;A:509:;A:510:,A:505:;A:510:
hsa_paa_fe3o4,metal_coord,56,4,alternative interface,A:263:,TYR,263,A,9,3,12.344278105006062,0.3333333333333333,0.3138488888888889,0.35,0.9890289056874884,A:259:;A:260:;A:261:;A:262:;A:263:;A:264:;A:265:;A:266:;A:267:,A:259:;A:265:;A:266:
hsa_paa_fe3o4,metal_coord,57,4,alternative interface,A:165:,PHE,165,A,9,2,12.286032858841187,0.2222222222222222,0.3432544444444445,0.26731,0.987942543592194,A:124:;A:161:;A:162:;A:163:;A:164:;A:165:;A:166:;A:167:;A:178:,A:124:;A:167:
hsa_paa_fe3o4,metal_coord,58,4,alternative interface,A:190:,LYS,190,A,9,2,12.461799964377445,0.2222222222222222,0.38917555555555555,0.25586,0.9215496415901775,A:186:;A:187:;A:188:;A:189:;A:190:;A:191:;A:192:;A:193:;A:194:,A:187:;A:188:
hsa_paa_fe3o4,metal_coord,59,4,alternative interface,A:240:,LYS,240,A,8,3,12.407945323872681,0.375,0.39106375,0.23897,0.9726616492676615,A:236:;A:237:;A:238:;A:239:;A:240:;A:242:;A:243:;A:244:,A:237:;A:242:;A:244:
hsa_paa_fe3o4,metal_coord,60,4,alternative interface,A:180:,PRO,180,A,9,3,13.183910262178594,0.3333333333333333,0.3850088888888889,0.16760999999999998,0.9946306945146123,A:176:;A:177:;A:178:;A:179:;A:180:;A:181:;A:182:;A:183:;A:184:,A:177:;A:183:;A:184:
hsa_paa_fe3o4,metal_coord,61,4,alternative interface,A:401:,TYR,401,A,7,1,10.199406286472184,0.14285714285714285,0.3895971428571429,0.10641,0.9877244777548257,A:398:;A:399:;A:400:;A:401:;A:402:;A:404:;A:405:,A:400:
hsa_paa_fe3o4,metal_coord,62,4,alternative interface,A:390:,GLN,390,A,9,2,12.239848790895985,0.2222222222222222,0.44271000000000005,0.09208999999999999,0.9852252675852617,A:386:;A:387:;A:388:;A:389:;A:390:;A:391:;A:392:;A:393:;A:394:,A:392:;A:393:
hsa_paa_fe3o4,metal_coord,63,4,alternative interface,A:489:,SER,489,A,6,2,12.00123389061819,0.3333333333333333,0.40765333333333337,0.08334,0.9867091403429895,A:486:;A:487:;A:489:;A:490:;A:491:;A:492:,A:487:;A:492:
hsa_paa_fe3o4,metal_coord,64,5,alternative interface,A:73:,LYS,73,A,11,2,14.182614023053937,0.18181818181818182,0.2796454545454545,0.33818,0.9837389902249964,A:42:;A:46:;A:69:;A:70:;A:71:;A:72:;A:73:;A:74:;A:75:;A:76:;A:77:,A:72:;A:75:
hsa_paa_fe3o4,metal_coord,65,5,alternative interface,A:338:,HIS,338,A,7,2,10.967182954717016,0.2857142857142857,0.23469142857142858,0.23824,0.9834566671354174,A:334:;A:336:;A:337:;A:338:;A:339:;A:340:;A:341:,A:338:;A:340:
hsa_paa_fe3o4,metal_coord,66,5,alternative interface,A:333:,GLU,333,A,8,2,12.68115815407923,0.25,0.16532999999999998,0.23196000000000003,0.9857441644145508,A:305:;A:329:;A:331:;A:332:;A:333:;A:334:;A:336:;A:337:,A:329:;A:333:
hsa_paa_fe3o4,metal_coord,67,5,alternative interface,A:480:,SER,480,A,8,2,10.345790053595616,0.25,0.37601249999999997,0.20956,0.9674117391734003,A:477:;A:478:;A:479:;A:480:;A:481:;A:482:;A:483:;A:484:,A:477:;A:479:
hsa_paa_fe3o4,metal_coord,68,5,alternative interface,A:284:,LEU,284,A,10,3,13.589952223277173,0.3,0.273741,0.20010000000000003,0.9751367922372876,A:153:;A:155:;A:156:;A:282:;A:283:;A:284:;A:285:;A:286:;A:287:;A:288:,A:153:;A:285:;A:288:
hsa_paa_fe3o4,metal_coord,69,5,alternative interface,A:439:,LYS,439,A,6,2,12.782957699238763,0.3333333333333333,0.3837383333333333,0.15241,0.9813863863462157,A:435:;A:436:;A:438:;A:439:;A:440:;A:441:,A:438:;A:440:
hsa_paa_fe3o4,metal_coord,70,5,alternative interface,A:31:,LEU,31,A,8,1,15.126027871226647,0.125,0.211875,0.12257,0.9837464942120995,A:144:;A:30:;A:31:;A:32:;A:33:;A:34:;A:74:;A:78:,A:34:
hsa_paa_fe3o4,metal_coord,71,5,alternative interface,A:351:,LYS,351,A,7,1,12.067374406098764,0.14285714285714285,0.3277771428571428,0.10454000000000001,0.9932974939816018,A:347:;A:348:;A:350:;A:351:;A:352:;A:354:;A:355:,A:354:
hsa_paa_fe3o4,metal_coord,72,5,alternative interface,A:540:,THR,540,A,8,1,12.566476952091362,0.125,0.349175,0.08356,0.990696202041886,A:537:;A:538:;A:539:;A:540:;A:541:;A:542:;A:543:;A:544:,A:542:
hsa_paa_fe3o4,metal_coord,73,5,alternative interface,A:209:,ARG,209,A,6,1,10.216176037522805,0.16666666666666666,0.38814499999999996,0.06413,0.975160652129206,A:207:;A:208:;A:209:;A:210:;A:212:;A:213:,A:208:
hsa_paa_fe3o4,metal_coord,74,6,alternative interface,A:235:,VAL,235,A,10,1,12.28291658618655,0.1,0.337185,0.18159,0.9664687549320248,A:212:;A:216:;A:219:;A:232:;A:233:;A:235:;A:236:;A:237:;A:238:;A:239:,A:237:
hsa_paa_fe3o4,metal_coord,75,6,alternative interface,A:428:,ARG,428,A,7,1,12.556058148960588,0.14285714285714285,0.2768771428571429,0.16396999999999998,0.9615271196769063,A:404:;A:424:;A:425:;A:426:;A:428:;A:429:;A:432:,A:425:
hsa_paa_fe3o4,metal_coord,76,6,alternative interface,A:422:,THR,422,A,8,1,12.35894496239203,0.125,0.32623749999999996,0.16396999999999998,0.9650356236475234,A:419:;A:420:;A:421:;A:422:;A:424:;A:425:;A:426:;A:463:,A:425:
hsa_paa_fe3o4,metal_coord,77,6,alternative interface,A:142:,ILE,142,A,8,2,12.244517114511357,0.25,0.21490749999999997,0.14722,0.9747602537150389,A:138:;A:139:;A:140:;A:141:;A:142:;A:144:;A:145:;A:146:,A:141:;A:146:
hsa_paa_fe3o4,metal_coord,78,6,alternative interface,A:523:,ILE,523,A,9,1,12.82829698447502,0.1111111111111111,0.34658222222222224,0.0626,0.9818893522565956,A:424:;A:519:;A:520:;A:521:;A:522:;A:523:;A:524:;A:525:;A:527:,A:520:
hsa_paa_fe3o4,metal_coord,79,7,alternative interface,A:148:,TYR,148,A,5,1,9.190553597077878,0.2,0.197834,0.12594,0.837016405129035,A:146:;A:148:;A:150:;A:193:;A:197:,A:146:
hsa_paa_fe3o4,metal_coord,80,7,alternative interface,A:451:,ASP,451,A,9,2,11.995752012454616,0.2222222222222222,0.18658111111111111,0.0971,0.9333525571922788,A:344:;A:447:;A:448:;A:449:;A:451:;A:452:;A:453:;A:454:;A:455:,A:448:;A:451:
hsa_paa_fe3o4,metal_coord,81,7,alternative interface,A:203:,LEU,203,A,11,1,12.260598775277609,0.09090909090909091,0.3043072727272727,0.0781,0.9522153673170805,A:199:;A:201:;A:202:;A:203:;A:204:;A:205:;A:206:;A:207:;A:208:;A:210:;A:243:,A:208:
hsa_paa_fe3o4,soft_metal_sulfur,1,1,primary plausible interface,A:90:,CYS,90,A,8,3,11.691660307135908,0.375,0.27828375,0.9019199999999999,0.9932944868770908,A:101:;A:102:;A:89:;A:90:;A:91:;A:92:;A:93:;A:99:,A:101:;A:90:;A:91:
hsa_paa_fe3o4,soft_metal_sulfur,2,1,primary plausible interface,A:366:,PRO,366,A,10,3,12.064785028414,0.3,0.444365,0.69544,0.9937819843658995,A:316:;A:361:;A:362:;A:363:;A:364:;A:365:;A:366:;A:367:;A:368:;A:369:,A:316:;A:361:;A:369:
hsa_paa_fe3o4,soft_metal_sulfur,3,1,primary plausible interface,A:297:,GLU,297,A,5,1,11.57183652208914,0.2,0.438776,0.52616,0.9951908980383083,A:295:;A:296:;A:297:;A:298:;A:299:,A:298:
hsa_paa_fe3o4,soft_metal_sulfur,4,1,primary plausible interface,A:512:,ASP,512,A,7,1,12.41495548765991,0.14285714285714285,0.45770285714285713,0.41159999999999997,0.993015035188908,A:510:;A:511:;A:512:;A:513:;A:514:;A:515:;A:516:,A:514:
hsa_paa_fe3o4,soft_metal_sulfur,5,1,primary plausible interface,A:35:,PRO,35,A,6,1,11.771783234458987,0.16666666666666666,0.49487666666666663,0.36339,0.9889216324605773,A:33:;A:34:;A:35:;A:36:;A:37:;A:38:,A:34:
hsa_paa_fe3o4,soft_metal_sulfur,6,1,primary plausible interface,A:122:,VAL,122,A,9,2,11.09006345517144,0.2222222222222222,0.5555177777777778,0.36142,0.9905880887391874,A:118:;A:119:;A:120:;A:121:;A:122:;A:123:;A:124:;A:125:;A:126:,A:123:;A:124:
hsa_paa_fe3o4,soft_metal_sulfur,7,1,primary plausible interface,A:566:,THR,566,A,7,1,9.488016300359524,0.14285714285714285,0.4516728571428571,0.34527,0.9965045447738955,A:564:;A:565:;A:566:;A:567:;A:568:;A:569:;A:570:,A:567:
hsa_paa_fe3o4,soft_metal_sulfur,8,1,primary plausible interface,A:371:,ALA,371,A,7,1,11.407849445374941,0.14285714285714285,0.4813757142857143,0.32663,0.9936689297090645,A:310:;A:311:;A:367:;A:368:;A:369:;A:371:;A:372:,A:369:
hsa_paa_fe3o4,soft_metal_sulfur,9,1,primary plausible interface,A:317:,LYS,317,A,7,1,10.799753546005203,0.14285714285714285,0.4645785714285714,0.30612,0.9954673544883776,A:314:;A:316:;A:317:;A:318:;A:319:;A:320:;A:321:,A:316:
hsa_paa_fe3o4,soft_metal_sulfur,10,1,primary plausible interface,A:128:,HIS,128,A,7,1,9.99672720109831,0.14285714285714285,0.5930785714285715,0.27454,0.9923649693570658,A:124:;A:125:;A:126:;A:128:;A:129:;A:130:;A:131:,A:124:
hsa_paa_fe3o4,soft_metal_sulfur,11,1,primary plausible interface,A:550:,ASP,550,A,9,1,13.033327580340693,0.1111111111111111,0.5322988888888889,0.26911,0.9931848238466386,A:546:;A:547:;A:548:;A:549:;A:550:;A:551:;A:552:;A:553:;A:554:,A:548:
hsa_paa_fe3o4,soft_metal_sulfur,12,1,primary plausible interface,A:359:,LYS,359,A,7,1,13.226337475282843,0.14285714285714285,0.4419042857142857,0.23145,0.9977584715049336,A:355:;A:356:;A:358:;A:359:;A:361:;A:362:;A:363:,A:361:
hsa_paa_fe3o4,soft_metal_sulfur,13,2,alternative interface,A:75:,CYS,75,A,9,2,10.610133491345149,0.2222222222222222,0.3336977777777778,0.63661,0.9887447790290353,A:71:;A:72:;A:73:;A:74:;A:75:;A:76:;A:77:;A:78:;A:91:,A:75:;A:91:
hsa_paa_fe3o4,soft_metal_sulfur,14,2,alternative interface,A:558:,CYS,558,A,13,3,13.364645623140973,0.23076923076923078,0.3802823076923077,0.59538,0.9932388103214449,A:554:;A:555:;A:556:;A:557:;A:558:;A:559:;A:560:;A:561:;A:562:;A:564:;A:565:;A:567:;A:568:,A:558:;A:559:;A:567:
hsa_paa_fe3o4,soft_metal_sulfur,15,2,alternative interface,A:326:,PHE,326,A,10,1,12.166154688229161,0.1,0.402624,0.46165,0.9936390216534179,A:318:;A:319:;A:322:;A:323:;A:324:;A:325:;A:326:;A:327:;A:328:;A:329:,A:329:
hsa_paa_fe3o4,soft_metal_sulfur,16,2,alternative interface,A:100:,GLU,100,A,8,1,12.762005677495754,0.125,0.40191125000000005,0.38671,0.9889639817400974,A:100:;A:101:;A:102:;A:103:;A:104:;A:96:;A:97:;A:99:,A:101:
hsa_paa_fe3o4,soft_metal_sulfur,17,2,alternative interface,A:279:,CYS,279,A,7,2,10.778866688302585,0.2857142857142857,0.22887999999999997,0.37031,0.9852462369568611,A:265:;A:276:;A:277:;A:279:;A:280:;A:281:;A:286:,A:265:;A:279:
hsa_paa_fe3o4,soft_metal_sulfur,18,2,alternative interface,A:174:,LYS,174,A,11,1,12.365137824855573,0.09090909090909091,0.44123272727272733,0.36515000000000003,0.9892887947657406,A:120:;A:121:;A:170:;A:171:;A:172:;A:173:;A:174:;A:175:;A:176:;A:177:;A:178:,A:177:
hsa_paa_fe3o4,soft_metal_sulfur,19,2,alternative interface,A:545:,LYS,545,A,9,1,12.643105270886153,0.1111111111111111,0.5140277777777778,0.26911,0.9919052259217254,A:541:;A:542:;A:543:;A:544:;A:545:;A:546:;A:547:;A:548:;A:549:,A:548:
hsa_paa_fe3o4,soft_metal_sulfur,20,2,alternative interface,A:489:,SER,489,A,6,1,12.00123389061819,0.16666666666666666,0.40765333333333337,0.24708,0.9867091403429895,A:486:;A:487:;A:489:;A:490:;A:491:;A:492:,A:487:
hsa_paa_fe3o4,soft_metal_sulfur,21,2,alternative interface,A:475:,LYS,475,A,7,1,11.323675209401644,0.14285714285714285,0.55625,0.13022,0.981316277401459,A:471:;A:472:;A:474:;A:475:;A:477:;A:478:;A:479:,A:477:
hsa_paa_fe3o4,soft_metal_sulfur,22,3,alternative interface,A:290:,ILE,290,A,9,1,12.685182246006969,0.1111111111111111,0.23031,0.47729999999999995,0.9721407562804704,A:261:;A:286:;A:287:;A:288:;A:289:;A:290:;A:291:;A:292:;A:293:,A:289:
hsa_paa_fe3o4,soft_metal_sulfur,23,3,alternative interface,A:331:,LEU,331,A,11,1,12.621960015659146,0.09090909090909091,0.2128472727272727,0.46165,0.9787050340895426,A:213:;A:216:;A:327:;A:328:;A:329:;A:331:;A:332:;A:333:;A:334:;A:347:;A:350:,A:329:
hsa_paa_fe3o4,soft_metal_sulfur,24,3,alternative interface,A:31:,LEU,31,A,8,1,15.126027871226647,0.125,0.211875,0.36339,0.9837464942120995,A:144:;A:30:;A:31:;A:32:;A:33:;A:34:;A:74:;A:78:,A:34:
hsa_paa_fe3o4,soft_metal_sulfur,25,3,alternative interface,A:484:,ARG,484,A,10,2,13.895517741068147,0.2,0.29420999999999997,0.33643,0.9586519105808254,A:454:;A:477:;A:479:;A:480:;A:481:;A:482:;A:483:;A:484:;A:486:;A:487:,A:477:;A:487:
hsa_paa_fe3o4,soft_metal_sulfur,26,3,alternative interface,A:285:,GLU,285,A,10,1,12.556973222638096,0.1,0.29614799999999997,0.32746000000000003,0.9831074199826196,A:156:;A:281:;A:282:;A:283:;A:284:;A:285:;A:286:;A:287:;A:288:;A:289:,A:289:
hsa_paa_fe3o4,soft_metal_sulfur,27,3,alternative interface,A:438:,CYS,438,A,9,2,14.26858742385755,0.2222222222222222,0.31467666666666666,0.31522,0.9707830026298943,A:392:;A:433:;A:435:;A:436:;A:438:;A:439:;A:440:;A:441:;A:445:,A:392:;A:438:
hsa_paa_fe3o4,soft_metal_sulfur,28,3,alternative interface,A:262:,LYS,262,A,9,1,12.4146166358306,0.1111111111111111,0.3084488888888889,0.19441,0.9875253797049682,A:258:;A:259:;A:260:;A:261:;A:262:;A:263:;A:264:;A:265:;A:266:,A:265:
hsa_paa_fe3o4,soft_metal_sulfur,29,3,alternative interface,A:268:,GLN,268,A,9,1,12.376024923523358,0.1111111111111111,0.4298855555555556,0.19441,0.9840000907722656,A:264:;A:265:;A:266:;A:267:;A:268:;A:269:;A:270:;A:273:;A:276:,A:265:
hsa_paa_fe3o4,soft_metal_sulfur,30,3,alternative interface,A:393:,GLU,393,A,9,1,12.582802600155599,0.1111111111111111,0.40770222222222224,0.14373,0.9864622275385369,A:389:;A:390:;A:391:;A:392:;A:393:;A:394:;A:395:;A:396:;A:397:,A:392:
hsa_paa_fe3o4,soft_metal_sulfur,31,4,alternative interface,A:448:,CYS,448,A,8,1,12.391593487481655,0.125,0.24741875000000002,0.27196000000000004,0.9625603442961203,A:436:;A:444:;A:445:;A:447:;A:448:;A:449:;A:451:;A:452:,A:448:
hsa_paa_fe3o4,soft_metal_sulfur,32,4,alternative interface,A:388:,ILE,388,A,10,1,12.197193181405192,0.1,0.40356000000000003,0.14373,0.9799616083390129,A:385:;A:386:;A:387:;A:388:;A:389:;A:390:;A:391:;A:392:;A:445:;A:449:,A:392:
hsa_paa_fe3o4,phosphate,1,1,primary plausible interface,A:520:,GLU,520,A,9,4,10.71112765140719,0.4444444444444444,0.44747222222222216,0.94363,0.9876507581606467,A:516:;A:517:;A:518:;A:519:;A:520:;A:521:;A:522:;A:523:;A:524:,A:517:;A:519:;A:521:;A:524:
hsa_paa_fe3o4,phosphate,2,1,primary plausible interface,A:438:,CYS,438,A,9,5,14.26858742385755,0.5555555555555556,0.31467666666666666,0.76778,0.9707830026298943,A:392:;A:433:;A:435:;A:436:;A:438:;A:439:;A:440:;A:441:;A:445:,A:435:;A:436:;A:439:;A:440:;A:445:
hsa_paa_fe3o4,phosphate,3,1,primary plausible interface,A:195:,LYS,195,A,4,3,12.564684336782879,0.75,0.41411,0.7445499999999999,0.5819615758402978,A:191:;A:192:;A:195:;A:199:,A:192:;A:195:;A:199:
hsa_paa_fe3o4,phosphate,4,1,primary plausible interface,A:478:,THR,478,A,7,2,11.741957014520763,0.2857142857142857,0.46067285714285716,0.6972700000000001,0.9741967711029255,A:474:;A:475:;A:477:;A:478:;A:479:;A:480:;A:481:,A:475:;A:480:
hsa_paa_fe3o4,phosphate,5,1,primary plausible interface,A:273:,SER,273,A,6,3,11.609515699972995,0.5,0.3837716666666666,0.65644,0.9836887735482598,A:268:;A:269:;A:273:;A:274:;A:276:;A:296:,A:273:;A:274:;A:276:
hsa_paa_fe3o4,phosphate,6,1,primary plausible interface,A:535:,HIS,535,A,10,4,13.41720480093254,0.4,0.38180899999999995,0.6221800000000001,0.9900727292081445,A:499:;A:500:;A:501:;A:502:;A:531:;A:532:;A:534:;A:535:;A:536:;A:537:,A:500:;A:534:;A:535:;A:536:
hsa_paa_fe3o4,phosphate,7,1,primary plausible interface,A:314:,ASP,314,A,6,3,10.391114462285556,0.5,0.44492833333333337,0.53157,0.9942750210950183,A:312:;A:313:;A:314:;A:316:;A:317:;A:318:,A:312:;A:313:;A:317:
hsa_paa_fe3o4,phosphate,8,1,primary plausible interface,A:442:,GLU,442,A,6,3,7.7573867024104075,0.5,0.5139866666666667,0.48519,0.9917344658321144,A:440:;A:441:;A:442:;A:443:;A:444:;A:445:,A:440:;A:444:;A:445:
hsa_paa_fe3o4,phosphate,9,1,primary plausible interface,A:472:,ARG,472,A,4,2,6.111791055382365,0.5,0.6100875,0.462,0.9927112338430758,A:471:;A:472:;A:474:;A:475:,A:472:;A:475:
hsa_paa_fe3o4,phosphate,10,1,primary plausible interface,A:306:,ALA,306,A,8,1,10.147025562748038,0.125,0.4501925,0.4461,0.9947546579776738,A:304:;A:305:;A:306:;A:307:;A:308:;A:309:;A:310:;A:311:,A:304:
hsa_paa_fe3o4,phosphate,11,1,primary plausible interface,A:56:,ASP,56,A,7,1,9.462496174659265,0.14285714285714285,0.575427142857143,0.39658,0.9948535186191768,A:52:;A:54:;A:55:;A:56:;A:57:;A:58:;A:59:,A:58:
hsa_paa_fe3o4,phosphate,12,1,primary plausible interface,A:146:,HIS,146,A,7,4,12.280786332588864,0.5714285714285714,0.23340999999999998,0.39255,0.9172759259487508,A:108:;A:142:;A:144:;A:145:;A:146:;A:148:;A:193:,A:144:;A:145:;A:146:;A:193:
hsa_paa_fe3o4,phosphate,13,1,primary plausible interface,A:538:,LYS,538,A,5,2,8.500798863178614,0.4,0.268286,0.36573,0.9951295861037235,A:536:;A:537:;A:538:;A:539:;A:540:,A:536:;A:538:
hsa_paa_fe3o4,phosphate,14,1,primary plausible interface,A:371:,ALA,371,A,7,2,11.407849445374941,0.2857142857142857,0.4813757142857143,0.34956000000000004,0.9936689297090645,A:310:;A:311:;A:367:;A:368:;A:369:;A:371:;A:372:,A:367:;A:372:
hsa_paa_fe3o4,phosphate,15,1,primary plausible interface,A:166:,THR,166,A,7,1,12.831991547141806,0.14285714285714285,0.41582428571428576,0.31585,0.995099558480905,A:162:;A:163:;A:164:;A:165:;A:166:;A:167:;A:170:,A:162:
hsa_paa_fe3o4,phosphate,16,1,primary plausible interface,A:563:,ASP,563,A,5,1,9.373104522706225,0.2,0.514218,0.27953,0.9966385209883967,A:561:;A:562:;A:563:;A:564:;A:565:,A:564:
hsa_paa_fe3o4,phosphate,17,1,primary plausible interface,A:129:,ASP,129,A,6,1,9.659359376402087,0.16666666666666666,0.66106,0.17607,0.9940181935504332,A:125:;A:126:;A:128:;A:129:;A:130:;A:131:,A:128:
hsa_paa_fe3o4,phosphate,18,1,primary plausible interface,A:61:,ASN,61,A,6,2,10.859701768453675,0.3333333333333333,0.5120966666666666,0.11868000000000001,0.9960122282220077,A:58:;A:59:;A:60:;A:61:;A:63:;A:64:,A:58:;A:64:
hsa_paa_fe3o4,phosphate,19,2,alternative interface,A:190:,LYS,190,A,9,4,12.461799964377445,0.4444444444444444,0.38917555555555555,0.8172,0.9215496415901775,A:186:;A:187:;A:188:;A:189:;A:190:;A:191:;A:192:;A:193:;A:194:,A:186:;A:190:;A:192:;A:193:
hsa_paa_fe3o4,phosphate,20,2,alternative interface,A:432:,LYS,432,A,8,4,12.976542383020362,0.5,0.31180125,0.6469,0.9577094811137081,A:400:;A:404:;A:428:;A:429:;A:432:;A:433:;A:435:;A:436:,A:428:;A:432:;A:435:;A:436:
hsa_paa_fe3o4,phosphate,21,2,alternative interface,A:11:,PHE,11,A,11,3,13.096274669814262,0.2727272727272727,0.330760909090909,0.5945900000000001,0.9881206954825142,A:10:;A:11:;A:12:;A:13:;A:14:;A:15:;A:16:;A:54:;A:7:;A:8:;A:9:,A:10:;A:12:;A:9:
hsa_paa_fe3o4,phosphate,22,2,alternative interface,A:161:,TYR,161,A,10,3,13.032753076351797,0.3,0.24587399999999998,0.5700999999999999,0.97797649223203,A:158:;A:159:;A:160:;A:161:;A:162:;A:163:;A:164:;A:165:;A:182:;A:185:,A:159:;A:160:;A:162:
hsa_paa_fe3o4,phosphate,23,2,alternative interface,A:558:,CYS,558,A,13,3,13.364645623140973,0.23076923076923078,0.3802823076923077,0.50847,0.9932388103214449,A:554:;A:555:;A:556:;A:557:;A:558:;A:559:;A:560:;A:561:;A:562:;A:564:;A:565:;A:567:;A:568:,A:557:;A:560:;A:564:
hsa_paa_fe3o4,phosphate,24,2,alternative interface,A:413:,LYS,413,A,10,4,14.668974954611695,0.4,0.28757099999999997,0.45966999999999997,0.9825357182167239,A:409:;A:410:;A:411:;A:413:;A:414:;A:492:;A:493:;A:494:;A:534:;A:537:,A:410:;A:413:;A:414:;A:534:
hsa_paa_fe3o4,phosphate,25,2,alternative interface,A:525:,LYS,525,A,9,3,12.778998934416268,0.3333333333333333,0.3624811111111111,0.45049999999999996,0.987179745638201,A:521:;A:522:;A:523:;A:524:;A:525:;A:527:;A:528:;A:529:;A:552:,A:521:;A:524:;A:525:
hsa_paa_fe3o4,phosphate,26,2,alternative interface,A:230:,GLU,230,A,7,3,13.109411619709586,0.42857142857142855,0.5075585714285714,0.4413,0.9853661640071751,A:227:;A:228:;A:229:;A:230:;A:232:;A:233:;A:270:,A:232:;A:233:;A:270:
hsa_paa_fe3o4,phosphate,27,2,alternative interface,A:183:,ASP,183,A,9,2,12.591479549084616,0.2222222222222222,0.45698,0.37949,0.9913864914196755,A:179:;A:180:;A:181:;A:182:;A:183:;A:184:;A:185:;A:186:;A:187:,A:181:;A:186:
hsa_paa_fe3o4,phosphate,28,2,alternative interface,A:116:,VAL,116,A,5,2,12.759751629648004,0.4,0.5360739999999999,0.33718000000000004,0.9872659215203056,A:114:;A:115:;A:116:;A:117:;A:118:,A:114:;A:117:
hsa_paa_fe3o4,phosphate,29,2,alternative interface,A:375:,ASP,375,A,6,2,13.096674802277809,0.3333333333333333,0.43968999999999997,0.32242,0.9927798199440597,A:372:;A:374:;A:375:;A:376:;A:378:;A:379:,A:372:;A:378:
hsa_paa_fe3o4,phosphate,30,2,alternative interface,A:566:,THR,566,A,7,1,9.488016300359524,0.14285714285714285,0.4516728571428571,0.26915,0.9965045447738955,A:564:;A:565:;A:566:;A:567:;A:568:;A:569:;A:570:,A:564:
hsa_paa_fe3o4,phosphate,31,2,alternative interface,A:6:,GLU,6,A,9,4,13.124727778144525,0.4444444444444444,0.3337555555555556,0.25377,0.9876586285643151,A:10:;A:63:;A:64:;A:65:;A:66:;A:6:;A:7:;A:8:;A:9:,A:10:;A:64:;A:65:;A:9:
hsa_paa_fe3o4,phosphate,32,2,alternative interface,A:48:,GLU,48,A,8,1,12.734740849922904,0.125,0.47524875,0.24907,0.993488932221206,A:44:;A:45:;A:46:;A:47:;A:48:;A:49:;A:51:;A:52:,A:51:
hsa_paa_fe3o4,phosphate,33,2,alternative interface,A:319:,TYR,319,A,10,2,12.822011002954628,0.2,0.328964,0.24342,0.9957040851457677,A:316:;A:317:;A:318:;A:319:;A:320:;A:321:;A:322:;A:323:;A:326:;A:327:,A:317:;A:323:
hsa_paa_fe3o4,phosphate,34,2,alternative interface,A:553:,ALA,553,A,9,1,12.384291045661506,0.1111111111111111,0.5343722222222222,0.19506,0.993936342871902,A:549:;A:550:;A:551:;A:552:;A:553:;A:554:;A:555:;A:556:;A:557:,A:557:
hsa_paa_fe3o4,phosphate,35,2,alternative interface,A:365:,ASP,365,A,7,1,9.242255604172442,0.14285714285714285,0.48582,0.14644000000000001,0.9962847030063017,A:363:;A:364:;A:365:;A:366:;A:367:;A:368:;A:369:,A:367:
hsa_paa_fe3o4,phosphate,36,3,alternative interface,A:197:,ARG,197,A,7,3,12.03628173629419,0.42857142857142855,0.19165428571428572,0.6358400000000001,0.6076517116922214,A:148:;A:193:;A:197:;A:198:;A:199:;A:201:;A:459:,A:193:;A:197:;A:199:
hsa_paa_fe3o4,phosphate,37,3,alternative interface,A:212:,LYS,212,A,10,2,12.37998358392298,0.2,0.322042,0.5895900000000001,0.9544004998437622,A:208:;A:209:;A:210:;A:212:;A:213:;A:214:;A:216:;A:235:;A:236:;A:239:,A:209:;A:212:
hsa_paa_fe3o4,phosphate,38,3,alternative interface,A:68:,THR,68,A,11,3,13.92490078957848,0.2727272727272727,0.3077763636363636,0.56025,0.9859241310542198,A:64:;A:65:;A:66:;A:67:;A:68:;A:69:;A:70:;A:71:;A:72:;A:95:;A:99:,A:64:;A:65:;A:67:
hsa_paa_fe3o4,phosphate,39,3,alternative interface,A:340:,ASP,340,A,8,3,12.405978558258804,0.375,0.36151875,0.43985,0.9796841852577158,A:338:;A:339:;A:340:;A:341:;A:443:;A:444:;A:445:;A:447:,A:338:;A:444:;A:445:
hsa_paa_fe3o4,phosphate,40,3,alternative interface,A:242:,HIS,242,A,7,3,11.955374721782208,0.42857142857142855,0.28528571428571425,0.40671999999999997,0.9684851558723708,A:199:;A:238:;A:239:;A:240:;A:242:;A:243:;A:244:,A:199:;A:240:;A:242:
hsa_paa_fe3o4,phosphate,41,3,alternative interface,A:388:,ILE,388,A,10,2,12.197193181405192,0.2,0.40356000000000003,0.37775,0.9799616083390129,A:385:;A:386:;A:387:;A:388:;A:389:;A:390:;A:391:;A:392:;A:445:;A:449:,A:389:;A:445:
hsa_paa_fe3o4,phosphate,42,3,alternative interface,A:544:,LEU,544,A,10,2,12.354849464360354,0.2,0.42875300000000005,0.37077,0.9904473866688275,A:539:;A:540:;A:541:;A:542:;A:543:;A:544:;A:545:;A:546:;A:547:;A:548:,A:541:;A:545:
hsa_paa_fe3o4,phosphate,43,3,alternative interface,A:279:,CYS,279,A,7,3,10.778866688302585,0.42857142857142855,0.22887999999999997,0.33182,0.9852462369568611,A:265:;A:276:;A:277:;A:279:;A:280:;A:281:;A:286:,A:276:;A:281:;A:286:
hsa_paa_fe3o4,phosphate,44,3,alternative interface,A:135:,LEU,135,A,11,3,12.713898975946313,0.2727272727272727,0.33730454545454547,0.31487,0.9858314737718801,A:131:;A:132:;A:133:;A:134:;A:135:;A:136:;A:137:;A:138:;A:139:;A:158:;A:162:,A:136:;A:137:;A:162:
hsa_paa_fe3o4,phosphate,45,3,alternative interface,A:43:,VAL,43,A,10,2,11.731940953184653,0.2,0.27843399999999996,0.27853,0.9906841424528706,A:20:;A:24:;A:40:;A:41:;A:42:;A:43:;A:44:;A:45:;A:46:;A:47:,A:20:;A:41:
hsa_paa_fe3o4,phosphate,46,3,alternative interface,A:491:,LEU,491,A,8,2,13.902666847002079,0.25,0.36490625,0.27622,0.9806515420662049,A:414:;A:487:;A:489:;A:490:;A:491:;A:492:;A:493:;A:494:,A:414:;A:489:
hsa_paa_fe3o4,phosphate,47,3,alternative interface,A:361:,CYS,361,A,7,1,10.459547035292626,0.14285714285714285,0.3727785714285714,0.22766999999999998,0.995314283841651,A:316:;A:358:;A:359:;A:361:;A:362:;A:363:;A:366:,A:359:
hsa_paa_fe3o4,phosphate,48,3,alternative interface,A:124:,CYS,124,A,9,1,12.214114044287335,0.1111111111111111,0.46328666666666657,0.21637,0.9893018982361921,A:120:;A:121:;A:122:;A:123:;A:124:;A:125:;A:126:;A:128:;A:165:,A:128:
hsa_paa_fe3o4,phosphate,49,3,alternative interface,A:486:,PRO,486,A,6,2,10.692377079440863,0.3333333333333333,0.33758,0.18001999999999999,0.9834233248999366,A:483:;A:484:;A:486:;A:487:;A:489:;A:490:,A:484:;A:489:
hsa_paa_fe3o4,phosphate,50,3,alternative interface,A:380:,LEU,380,A,8,2,12.638684111227436,0.25,0.4111725,0.1528,0.9857456656033461,A:348:;A:376:;A:378:;A:379:;A:380:;A:381:;A:382:;A:383:,A:348:;A:378:
hsa_paa_fe3o4,phosphate,51,3,alternative interface,A:282:,PRO,282,A,7,2,11.511622771192958,0.2857142857142857,0.36903,0.13838,0.9913723504486317,A:280:;A:281:;A:282:;A:283:;A:284:;A:285:;A:286:,A:281:;A:286:
hsa_paa_fe3o4,phosphate,52,3,alternative interface,A:324:,ASP,324,A,7,1,9.77040886510757,0.14285714285714285,0.4074785714285714,0.13058,0.9950755245325575,A:322:;A:323:;A:324:;A:325:;A:326:;A:327:;A:328:,A:323:
hsa_paa_fe3o4,phosphate,53,3,alternative interface,A:113:,PRO,113,A,5,1,11.707779543991938,0.2,0.43302399999999996,0.12945,0.9783345302166505,A:111:;A:112:;A:113:;A:114:;A:115:,A:114:
hsa_paa_fe3o4,phosphate,54,3,alternative interface,A:225:,LYS,225,A,7,2,14.050399889461444,0.2857142857142857,0.3766314285714286,0.12352,0.9808639819983688,A:223:;A:225:;A:227:;A:270:;A:296:;A:298:;A:299:,A:225:;A:270:
hsa_paa_fe3o4,phosphate,55,3,alternative interface,A:508:,THR,508,A,7,1,12.308485176317822,0.14285714285714285,0.4509971428571428,0.08310000000000001,0.9912120945597745,A:504:;A:505:;A:506:;A:507:;A:508:;A:509:;A:510:,A:510:
hsa_paa_fe3o4,phosphate,56,3,alternative interface,A:171:,ALA,171,A,7,1,11.398227693079717,0.14285714285714285,0.47427714285714284,0.0403,0.9929450799568263,A:167:;A:170:;A:171:;A:172:;A:173:;A:174:;A:177:,A:174:
hsa_paa_fe3o4,phosphate,57,4,alternative interface,A:202:,SER,202,A,12,3,13.180265848612011,0.25,0.26596,0.48808999999999997,0.9515417129023955,A:198:;A:199:;A:201:;A:202:;A:203:;A:204:;A:205:;A:206:;A:207:;A:208:;A:210:;A:481:,A:199:;A:202:;A:205:
hsa_paa_fe3o4,phosphate,58,4,alternative interface,A:237:,ASP,237,A,8,2,11.03935642861598,0.25,0.33858625,0.37892000000000003,0.9783589810181925,A:233:;A:235:;A:236:;A:237:;A:238:;A:239:;A:240:;A:260:,A:233:;A:240:
hsa_paa_fe3o4,phosphate,59,4,alternative interface,A:267:,ASN,267,A,8,1,11.608201514267583,0.125,0.41221625,0.37061999999999995,0.9898723700365256,A:263:;A:264:;A:265:;A:266:;A:267:;A:268:;A:269:;A:270:,A:270:
hsa_paa_fe3o4,phosphate,60,4,alternative interface,A:482:,VAL,482,A,8,3,12.53725348263222,0.375,0.23875249999999998,0.31927,0.9582052627672287,A:344:;A:347:;A:348:;A:480:;A:481:;A:482:;A:483:;A:484:,A:348:;A:480:;A:484:
hsa_paa_fe3o4,phosphate,61,4,alternative interface,A:303:,PRO,303,A,6,1,13.9224106385476,0.16666666666666666,0.42450833333333343,0.31406,0.9903274415527441,A:301:;A:302:;A:303:;A:304:;A:305:;A:307:,A:304:
hsa_paa_fe3o4,phosphate,62,4,alternative interface,A:103:,LEU,103,A,10,2,12.394132059557487,0.2,0.34470999999999996,0.31311,0.9663015477537448,A:100:;A:101:;A:102:;A:103:;A:104:;A:105:;A:247:;A:248:;A:30:;A:99:,A:105:;A:247:
hsa_paa_fe3o4,phosphate,63,4,alternative interface,A:336:,ARG,336,A,9,3,13.037746770552147,0.3333333333333333,0.21889333333333333,0.29325,0.9758013414790466,A:223:;A:298:;A:332:;A:333:;A:334:;A:336:;A:337:;A:338:;A:339:,A:336:;A:337:;A:338:
hsa_paa_fe3o4,phosphate,64,4,alternative interface,A:218:,ARG,218,A,4,1,8.484652460132969,0.25,0.298155,0.23404,0.9790921198009839,A:214:;A:216:;A:218:;A:219:,A:218:
hsa_paa_fe3o4,phosphate,65,4,alternative interface,A:287:,SER,287,A,11,3,12.611281043148624,0.2727272727272727,0.28523818181818184,0.22479,0.9703084352130392,A:258:;A:261:;A:283:;A:284:;A:285:;A:286:;A:287:;A:288:;A:289:;A:290:;A:291:,A:286:;A:287:;A:288:
hsa_paa_fe3o4,phosphate,66,4,alternative interface,A:38:,ASP,38,A,8,1,11.838148970859462,0.125,0.4278075,0.18539000000000003,0.9864604916298871,A:34:;A:35:;A:36:;A:37:;A:38:;A:40:;A:41:;A:42:,A:41:
hsa_paa_fe3o4,phosphate,67,4,alternative interface,A:448:,CYS,448,A,8,3,12.391593487481655,0.375,0.24741875000000002,0.17517,0.9625603442961203,A:436:;A:444:;A:445:;A:447:;A:448:;A:449:;A:451:;A:452:,A:436:;A:444:;A:445:
hsa_paa_fe3o4,phosphate,68,4,alternative interface,A:140:,TYR,140,A,10,3,12.054940142945538,0.3,0.194472,0.1429,0.978218004256115,A:136:;A:137:;A:138:;A:139:;A:140:;A:141:;A:142:;A:144:;A:24:;A:36:,A:136:;A:137:;A:144:
hsa_paa_fe3o4,phosphate,69,4,alternative interface,A:259:,ASP,259,A,9,2,12.469538965743558,0.2222222222222222,0.25970666666666664,0.13699999999999998,0.9839725016914362,A:255:;A:256:;A:257:;A:258:;A:259:;A:260:;A:261:;A:262:;A:263:,A:257:;A:262:
hsa_paa_fe3o4,phosphate,70,4,alternative interface,A:511:,ALA,511,A,9,1,12.560088903115364,0.1111111111111111,0.34595333333333333,0.12484999999999999,0.9929515571436508,A:509:;A:510:;A:511:;A:512:;A:513:;A:514:;A:559:;A:565:;A:568:,A:510:
hsa_paa_fe3o4,phosphate,71,4,alternative interface,A:156:,PHE,156,A,9,3,12.621334410997902,0.3333333333333333,0.23046222222222223,0.1211,0.9641437827895531,A:153:;A:155:;A:156:;A:158:;A:159:;A:160:;A:284:;A:285:;A:288:,A:159:;A:160:;A:288:
hsa_paa_fe3o4,phosphate,72,4,alternative interface,A:97:,GLU,97,A,8,1,10.168471636619184,0.125,0.35040375,0.05804,0.9940428320712277,A:100:;A:101:;A:93:;A:94:;A:95:;A:96:;A:97:;A:99:,A:93:
hsa_paa_fe3o4,phosphate,73,5,alternative interface,A:420:,THR,420,A,7,1,12.202006459943961,0.14285714285714285,0.3406757142857143,0.31117,0.987234275303827,A:419:;A:420:;A:421:;A:422:;A:424:;A:527:;A:531:,A:419:
hsa_paa_fe3o4,phosphate,74,5,alternative interface,A:354:,GLU,354,A,8,1,12.512543515360194,0.125,0.3798775,0.24705,0.9895449024724599,A:327:;A:350:;A:351:;A:352:;A:354:;A:355:;A:356:;A:358:,A:351:
hsa_paa_fe3o4,phosphate,75,5,alternative interface,A:178:,LEU,178,A,12,2,12.7674652341487,0.16666666666666666,0.2685591666666667,0.1741,0.9868031320966218,A:120:;A:164:;A:165:;A:174:;A:175:;A:176:;A:177:;A:178:;A:179:;A:180:;A:181:;A:182:,A:174:;A:181:
hsa_paa_fe3o4,phosphate,76,5,alternative interface,A:399:,GLY,399,A,8,1,11.252721292843585,0.125,0.39805625,0.11868000000000001,0.9870208995511187,A:395:;A:396:;A:397:;A:398:;A:399:;A:400:;A:401:;A:402:,A:402:
hsa_paa_fe3o4,phosphate,77,5,alternative interface,A:463:,LEU,463,A,9,1,13.267880773506883,0.1111111111111111,0.4140944444444445,0.10962,0.9379226155756084,A:108:;A:109:;A:422:;A:459:;A:462:;A:463:;A:465:;A:466:;A:467:,A:466:
hsa_paa_fe3o4,phosphate,78,5,alternative interface,A:21:,ALA,21,A,8,2,12.990697401434131,0.25,0.2478475,0.10172,0.9750340413245575,A:136:;A:139:;A:155:;A:17:;A:18:;A:20:;A:21:;A:24:,A:136:;A:20:
hsa_paa_fe3o4,phosphate,79,5,alternative interface,A:32:,GLN,32,A,9,2,13.079727747930821,0.2222222222222222,0.24884777777777772,0.07846,0.9692395225356266,A:107:;A:110:;A:144:;A:145:;A:30:;A:31:;A:32:;A:33:;A:34:,A:144:;A:145:
hsa_paa_fe3o4,phosphate,80,6,alternative interface,A:407:,LEU,407,A,7,1,10.371418406643766,0.14285714285714285,0.22558142857142857,0.24361,0.9832530432378024,A:404:;A:405:;A:406:;A:407:;A:409:;A:410:;A:411:,A:410:
hsa_paa_fe3o4,phosphate,81,6,alternative interface,A:249:,ASP,249,A,6,1,11.036491240948731,0.16666666666666666,0.1854366666666667,0.15278,0.9744330323111905,A:244:;A:247:;A:248:;A:249:;A:251:;A:252:,A:247:
hsa_paa_fe3o4,phosphate,82,6,alternative interface,A:455:,VAL,455,A,7,1,13.25592185624583,0.14285714285714285,0.24669000000000002,0.15044000000000002,0.7852003330795086,A:198:;A:451:;A:452:;A:453:;A:454:;A:455:;A:459:,A:454:
hsa_paa_fe3o4,phosphate,83,6,alternative interface,A:425:,GLU,425,A,7,1,12.41088747667095,0.14285714285714285,0.33366428571428564,0.14076,0.9652636954509441,A:421:;A:422:;A:424:;A:425:;A:426:;A:428:;A:429:,A:428:
hsa_paa_fe3o4,phosphate,84,6,alternative interface,A:73:,LYS,73,A,11,1,14.182614023053937,0.09090909090909091,0.2796454545454545,0.11971,0.9837389902249964,A:42:;A:46:;A:69:;A:70:;A:71:;A:72:;A:73:;A:74:;A:75:;A:76:;A:77:,A:73:
hsa_paa_fe3o4,phosphate,85,6,alternative interface,A:91:,CYS,91,A,10,1,14.476472973008681,0.1,0.368356,0.05804,0.9821373679012373,A:71:;A:72:;A:75:;A:78:;A:89:;A:90:;A:91:;A:92:;A:93:;A:94:,A:93:
hsa_paa_fe3o4,phosphate,86,7,alternative interface,A:254:,ALA,254,A,7,1,10.84961856103867,0.14285714285714285,0.17279285714285714,0.04672,0.9808987932931696,A:251:;A:252:;A:254:;A:255:;A:256:;A:257:;A:258:,A:257:
