case_id,map_key,display_rank,pareto_front,classification,center_key,center_res_name,center_res_seq,center_chain,n_members,n_chemistry_seeds,diameter_A,chemistry_support,mean_accessibility,patch_coherence,orientation_coherence,members,seed_members
transferrin_ps,anionic,1,1,primary plausible interface,C:36:,SER,36,C,8,5,14.276929831208298,0.625,0.48920499999999995,0.7550199999999999,0.985838901495567,C:23:;C:27:;C:34:;C:36:;C:38:;C:3:;C:4:;C:5:,C:23:;C:27:;C:36:;C:4:;C:5:
transferrin_ps,anionic,2,1,primary plausible interface,E:416:,ASP,416,E,6,4,9.517755984396109,0.6666666666666666,0.5400566666666667,0.7083400000000001,0.9942892693008177,E:414:;E:415:;E:416:;E:417:;E:418:;E:419:,E:414:;E:415:;E:418:;E:419:
transferrin_ps,anionic,3,1,primary plausible interface,E:663:,SER,663,E,5,4,10.505688551783264,0.8,0.42945399999999995,0.67781,0.9682634297392606,E:659:;E:660:;E:661:;E:663:;E:664:,E:660:;E:661:;E:663:;E:664:
transferrin_ps,anionic,4,1,primary plausible interface,E:541:,GLY,541,E,7,3,9.946374852822736,0.42857142857142855,0.5317871428571428,0.64798,0.9953107984108578,E:540:;E:541:;E:542:;E:544:;E:549:;E:550:;E:551:,E:542:;E:544:;E:549:
transferrin_ps,anionic,5,1,primary plausible interface,E:611:,ASP,611,E,6,3,9.401154405017172,0.5,0.6427483333333334,0.6334000000000001,0.9960632448928425,E:610:;E:611:;E:612:;E:613:;E:614:;E:615:,E:613:;E:614:;E:615:
transferrin_ps,anionic,6,1,primary plausible interface,E:622:,LYS,622,E,5,5,11.226593869411436,1.0,0.500896,0.49565,0.9880537514428984,E:354:;E:620:;E:622:;E:623:;E:624:,E:354:;E:620:;E:622:;E:623:;E:624:
transferrin_ps,anionic,7,1,primary plausible interface,C:196:,LYS,196,C,5,2,8.617010683270731,0.4,0.40210799999999997,0.36294,0.99649387639105,C:193:;C:196:;C:197:;C:198:;C:199:,C:193:;C:196:
transferrin_ps,anionic,8,1,primary plausible interface,C:166:,ASP,166,C,6,1,7.484058725115682,0.16666666666666666,0.51255,0.35202,0.9971008164837616,C:163:;C:164:;C:165:;C:166:;C:167:;C:168:,C:165:
transferrin_ps,anionic,9,1,primary plausible interface,E:545:,GLU,545,E,5,2,8.097856018225999,0.4,0.558366,0.3394,0.9969215787031941,E:544:;E:545:;E:546:;E:547:;E:549:,E:544:;E:549:
transferrin_ps,anionic,10,1,primary plausible interface,E:338:,GLU,338,E,5,1,10.620365591115965,0.2,0.64634,0.26806,0.9922001338696267,E:336:;E:337:;E:338:;E:339:;E:340:,E:340:
transferrin_ps,anionic,11,1,primary plausible interface,E:651:,ASP,651,E,6,1,10.20801278836847,0.16666666666666666,0.6684116666666666,0.19565000000000002,0.9870705345047158,E:649:;E:650:;E:651:;E:653:;E:654:;E:655:,E:654:
transferrin_ps,anionic,12,1,primary plausible interface,C:229:,ASP,229,C,4,1,7.173245192396055,0.25,0.5121425000000001,0.13513999999999998,0.998352154340438,C:228:;C:229:;C:230:;C:231:,C:231:
transferrin_ps,anionic,13,2,alternative interface,E:657:,SER,657,E,8,3,10.428529032773879,0.375,0.4013875,0.62753,0.9801700664615821,E:653:;E:654:;E:655:;E:656:;E:657:;E:658:;E:659:;E:660:,E:654:;E:657:;E:660:
transferrin_ps,anionic,14,2,alternative interface,E:641:,LYS,641,E,8,4,12.872122362453268,0.5,0.46045375000000005,0.53143,0.9914593605825587,E:639:;E:640:;E:641:;E:642:;E:643:;E:644:;E:646:;E:647:,E:639:;E:641:;E:643:;E:646:
transferrin_ps,anionic,15,2,alternative interface,C:25:,HIS,25,C,9,5,12.896609415069488,0.5555555555555556,0.4393988888888889,0.4982,0.9893063431265766,C:21:;C:23:;C:24:;C:25:;C:27:;C:281:;C:282:;C:28:;C:29:,C:21:;C:23:;C:25:;C:27:;C:28:
transferrin_ps,anionic,16,2,alternative interface,E:555:,ASP,555,E,9,4,13.148558539461934,0.4444444444444444,0.48985333333333336,0.48183,0.9924264588666787,E:432:;E:433:;E:434:;E:551:;E:552:;E:553:;E:554:;E:555:;E:557:,E:432:;E:433:;E:434:;E:552:
transferrin_ps,anionic,17,2,alternative interface,C:145:,PRO,145,C,7,3,10.642882571565364,0.42857142857142855,0.4387928571428571,0.47505000000000003,0.9930894474210542,C:142:;C:143:;C:144:;C:145:;C:146:;C:147:;C:148:,C:143:;C:144:;C:148:
transferrin_ps,anionic,18,2,alternative interface,C:279:,SER,279,C,11,5,11.999553768612355,0.45454545454545453,0.4117700000000001,0.45683999999999997,0.9939723785691224,C:273:;C:274:;C:275:;C:276:;C:277:;C:278:;C:279:;C:280:;C:281:;C:282:;C:283:,C:273:;C:276:;C:278:;C:279:;C:280:
transferrin_ps,anionic,19,2,alternative interface,E:447:,LYS,447,E,7,4,14.189458563881548,0.5714285714285714,0.37425428571428565,0.43829,0.9893342953702244,E:445:;E:446:;E:447:;E:480:;E:481:;E:524:;E:526:,E:446:;E:447:;E:480:;E:524:
transferrin_ps,anionic,20,2,alternative interface,C:102:,LYS,102,C,8,3,13.230619243859113,0.375,0.4642325,0.42545,0.9929279420695541,C:102:;C:103:;C:104:;C:105:;C:201:;C:222:;C:223:;C:224:,C:102:;C:103:;C:105:
transferrin_ps,anionic,21,2,alternative interface,C:329:,GLY,329,C,7,3,12.697883493276073,0.42857142857142855,0.49797142857142856,0.41625999999999996,0.9857553545363242,C:324:;C:325:;C:327:;C:328:;C:329:;C:330:;C:331:,C:324:;C:327:;C:330:
transferrin_ps,anionic,22,2,alternative interface,C:115:,LYS,115,C,6,4,11.152119894408061,0.6666666666666666,0.4638366666666667,0.41144,0.9931490552752528,C:113:;C:114:;C:115:;C:116:;C:155:;C:201:,C:113:;C:115:;C:116:;C:155:
transferrin_ps,anionic,23,2,alternative interface,C:31:,PRO,31,C,7,3,12.315380433798552,0.42857142857142855,0.5328085714285714,0.38274,0.9923595411403857,C:27:;C:28:;C:29:;C:31:;C:32:;C:33:;C:34:,C:27:;C:28:;C:32:
transferrin_ps,anionic,24,2,alternative interface,E:435:,ASN,435,E,7,3,10.727007710993838,0.42857142857142855,0.5033214285714286,0.37484,0.996056482733069,E:432:;E:433:;E:434:;E:435:;E:436:;E:437:;E:526:,E:432:;E:433:;E:434:
transferrin_ps,anionic,25,2,alternative interface,C:307:,PRO,307,C,3,1,6.469833386377702,0.3333333333333333,0.5894766666666666,0.33264000000000005,0.9762845558300296,C:306:;C:307:;C:308:,C:308:
transferrin_ps,anionic,26,2,alternative interface,E:571:,ALA,571,E,9,4,14.627576620726646,0.4444444444444444,0.4225144444444444,0.29292,0.9950267758592058,E:426:;E:532:;E:567:;E:569:;E:570:;E:571:;E:572:;E:573:;E:575:,E:532:;E:569:;E:572:;E:575:
transferrin_ps,anionic,27,2,alternative interface,E:608:,THR,608,E,6,1,12.563581145055206,0.16666666666666666,0.5839383333333333,0.28344,0.9937439507011769,E:603:;E:604:;E:605:;E:607:;E:608:;E:610:,E:608:
transferrin_ps,anionic,28,2,alternative interface,C:255:,SER,255,C,6,3,12.600256915524092,0.5,0.585665,0.28343,0.9832086107981176,C:254:;C:255:;C:256:;C:257:;C:76:;C:78:,C:254:;C:255:;C:78:
transferrin_ps,anionic,29,2,alternative interface,C:297:,ASP,297,C,5,3,9.477088129025065,0.6,0.283404,0.26795,0.9932374358368002,C:286:;C:291:;C:292:;C:297:;C:298:,C:286:;C:291:;C:298:
transferrin_ps,anionic,30,2,alternative interface,C:217:,LYS,217,C,8,2,11.139415615367954,0.25,0.56676125,0.21465,0.9950627428533478,C:214:;C:215:;C:216:;C:217:;C:218:;C:219:;C:220:;C:221:,C:217:;C:220:
transferrin_ps,anionic,31,2,alternative interface,C:290:,GLY,290,C,7,4,12.027723243051371,0.5714285714285714,0.46863714285714286,0.20372,0.9938949316516992,C:14:;C:286:;C:288:;C:289:;C:290:;C:291:;C:292:,C:14:;C:286:;C:289:;C:291:
transferrin_ps,anionic,32,2,alternative interface,E:359:,SER,359,E,9,2,11.746775020114585,0.2222222222222222,0.6076266666666668,0.19618,0.9912037695018571,E:356:;E:357:;E:359:;E:360:;E:361:;E:363:;E:364:;E:365:;E:367:,E:359:;E:361:
transferrin_ps,anionic,33,2,alternative interface,E:523:,GLU,523,E,4,2,8.279012306365873,0.5,0.317785,0.16856000000000002,0.9960010746976856,E:519:;E:522:;E:523:;E:524:,E:519:;E:524:
transferrin_ps,anionic,34,2,alternative interface,C:211:,PHE,211,C,7,2,11.97319173936245,0.2857142857142857,0.2965542857142857,0.10093999999999999,0.9960983954306495,C:208:;C:211:;C:212:;C:213:;C:214:;C:215:;C:220:,C:208:;C:220:
transferrin_ps,anionic,35,2,alternative interface,C:141:,GLU,141,C,5,2,9.811781656729975,0.4,0.551692,0.07248,0.9952765866544293,C:140:;C:141:;C:142:;C:143:;C:144:,C:143:;C:144:
transferrin_ps,anionic,36,3,alternative interface,E:645:,GLU,645,E,8,2,12.087614041987699,0.25,0.43766125,0.39769,0.9779638573057752,E:643:;E:644:;E:645:;E:646:;E:647:;E:649:;E:650:;E:653:,E:643:;E:646:
transferrin_ps,anionic,37,3,alternative interface,C:11:,VAL,11,C,12,6,13.663511165309552,0.5,0.3208358333333334,0.39098,0.9895674870931259,C:11:;C:12:;C:13:;C:14:;C:15:;C:16:;C:180:;C:41:;C:42:;C:43:;C:44:;C:45:,C:12:;C:14:;C:180:;C:41:;C:42:;C:44:
transferrin_ps,anionic,38,3,alternative interface,E:590:,LYS,590,E,7,3,11.250317784732454,0.42857142857142855,0.4248342857142857,0.37082,0.9810724413701808,E:387:;E:587:;E:588:;E:589:;E:590:;E:591:;E:592:,E:587:;E:588:;E:590:
transferrin_ps,anionic,39,3,alternative interface,E:633:,LYS,633,E,9,3,13.905495987643487,0.3333333333333333,0.35186555555555554,0.35590000000000005,0.9864027191846251,E:412:;E:413:;E:414:;E:415:;E:417:;E:607:;E:619:;E:631:;E:633:,E:414:;E:415:;E:633:
transferrin_ps,anionic,40,3,alternative interface,E:341:,ALA,341,E,7,2,11.83249517326564,0.2857142857142857,0.46655142857142856,0.33873,0.9879474533029314,E:339:;E:340:;E:341:;E:343:;E:364:;E:365:;E:367:,E:340:;E:343:
transferrin_ps,anionic,41,3,alternative interface,C:20:,GLN,20,C,8,3,12.497694409438644,0.375,0.40461749999999996,0.32637,0.9898603890317406,C:16:;C:17:;C:20:;C:21:;C:23:;C:24:;C:38:;C:39:,C:17:;C:21:;C:23:
transferrin_ps,anionic,42,3,alternative interface,C:310:,ASP,310,C,6,3,12.641387764438718,0.5,0.4301333333333334,0.32027,0.9408987970836384,C:308:;C:310:;C:312:;C:313:;C:71:;C:78:,C:308:;C:312:;C:78:
transferrin_ps,anionic,43,3,alternative interface,C:47:,ASP,47,C,7,3,11.645559797297988,0.42857142857142855,0.45704285714285714,0.29438,0.9921898192713259,C:42:;C:43:;C:44:;C:45:;C:46:;C:47:;C:50:,C:42:;C:44:;C:50:
transferrin_ps,anionic,44,3,alternative interface,E:476:,ASP,476,E,9,4,12.010282428649457,0.4444444444444444,0.3336811111111111,0.29164,0.9868706444793058,E:474:;E:475:;E:476:;E:477:;E:480:;E:481:;E:491:;E:492:;E:493:,E:474:;E:480:;E:491:;E:492:
transferrin_ps,anionic,45,3,alternative interface,E:560:,CYS,560,E,10,4,13.093156291637625,0.4,0.2956329999999999,0.2667,0.9928980012305868,E:439:;E:440:;E:560:;E:561:;E:562:;E:563:;E:564:;E:565:;E:566:;E:575:,E:564:;E:565:;E:566:;E:575:
transferrin_ps,anionic,46,3,alternative interface,C:111:,GLN,111,C,6,1,10.3462162162567,0.16666666666666666,0.34808,0.2288,0.9942616694627792,C:107:;C:108:;C:109:;C:110:;C:111:;C:113:,C:113:
transferrin_ps,anionic,47,3,alternative interface,C:190:,GLY,190,C,9,2,12.038346504440977,0.2222222222222222,0.22331333333333336,0.2275,0.9944170006137073,C:183:;C:184:;C:185:;C:186:;C:187:;C:188:;C:189:;C:190:;C:193:,C:189:;C:193:
transferrin_ps,anionic,48,3,alternative interface,E:674:,HIS,674,E,9,5,14.33003041078174,0.5555555555555556,0.24129000000000003,0.22565000000000002,0.8487058338147963,C:316:;C:93:;C:94:;E:671:;E:672:;E:673:;E:674:;E:675:;E:676:,C:93:;E:672:;E:674:;E:675:;E:676:
transferrin_ps,anionic,49,3,alternative interface,E:616:,PHE,616,E,9,4,13.524185617527742,0.4444444444444444,0.3993088888888889,0.19253,0.9910723835562787,E:357:;E:361:;E:605:;E:612:;E:613:;E:614:;E:615:;E:616:;E:617:,E:361:;E:613:;E:614:;E:615:
transferrin_ps,anionic,50,3,alternative interface,E:369:,GLU,369,E,6,3,15.38530359491011,0.5,0.4343916666666667,0.15571,0.9712653992936046,E:343:;E:352:;E:367:;E:369:;E:370:;E:385:,E:343:;E:352:;E:370:
transferrin_ps,anionic,51,3,alternative interface,E:625:,ASP,625,E,5,3,9.350317530870363,0.6,0.40606800000000004,0.14225,0.9920374650364734,E:620:;E:623:;E:624:;E:625:;E:630:,E:620:;E:623:;E:624:
transferrin_ps,anionic,52,3,alternative interface,E:516:,GLY,516,E,6,2,9.884033015688193,0.3333333333333333,0.23525333333333331,0.13953,0.9941840421984467,E:510:;E:512:;E:513:;E:515:;E:516:;E:519:,E:515:;E:519:
transferrin_ps,anionic,53,3,alternative interface,E:444:,GLU,444,E,6,2,15.207660026706744,0.3333333333333333,0.5031783333333334,0.13902,0.9895098929161796,E:441:;E:442:;E:444:;E:445:;E:446:;E:480:,E:446:;E:480:
transferrin_ps,anionic,54,3,alternative interface,E:353:,LEU,353,E,8,4,12.565226430290789,0.5,0.45169750000000003,0.13682,0.9898297028054472,E:349:;E:350:;E:351:;E:352:;E:353:;E:354:;E:356:;E:357:,E:349:;E:350:;E:352:;E:354:
transferrin_ps,anionic,55,3,alternative interface,C:262:,LEU,262,C,9,3,12.501593827814824,0.3333333333333333,0.4900788888888889,0.13367,0.9910337346555705,C:259:;C:260:;C:261:;C:262:;C:264:;C:265:;C:3:;C:4:;C:5:,C:259:;C:4:;C:5:
transferrin_ps,anionic,56,3,alternative interface,C:106:,GLY,106,C,6,2,11.591122309018827,0.3333333333333333,0.4825683333333333,0.10093999999999999,0.994827655650146,C:103:;C:104:;C:105:;C:106:;C:107:;C:108:,C:103:;C:105:
transferrin_ps,anionic,57,3,alternative interface,C:300:,HIS,300,C,8,5,13.466213198881448,0.625,0.2658025,0.01222,0.9822429992747416,C:275:;C:276:;C:298:;C:300:;C:84:;C:86:;C:87:;C:88:,C:276:;C:298:;C:300:;C:87:;C:88:
transferrin_ps,anionic,58,4,alternative interface,E:669:,GLU,669,E,7,2,11.01220187677978,0.2857142857142857,0.23449142857142857,0.35725999999999997,0.6659336148821751,E:666:;E:667:;E:669:;E:670:;E:671:;E:672:;E:673:,E:666:;E:672:
transferrin_ps,anionic,59,4,alternative interface,E:347:,LEU,347,E,12,5,14.092005542745978,0.4166666666666667,0.2940916666666667,0.2939,0.9808752774201048,E:347:;E:348:;E:349:;E:350:;E:351:;E:352:;E:370:;E:372:;E:373:;E:374:;E:506:;E:507:,E:349:;E:350:;E:352:;E:370:;E:373:
transferrin_ps,anionic,60,4,alternative interface,E:488:,GLN,488,E,7,3,11.131068860090432,0.42857142857142855,0.44035857142857143,0.29016,0.9863588382844749,E:486:;E:487:;E:488:;E:489:;E:490:;E:491:;E:493:,E:487:;E:489:;E:491:
transferrin_ps,anionic,61,4,alternative interface,C:238:,TYR,238,C,10,4,14.733044053065894,0.4,0.432036,0.28504,0.9891745330488901,C:207:;C:233:;C:234:;C:236:;C:237:;C:238:;C:239:;C:240:;C:242:;C:96:,C:207:;C:233:;C:239:;C:242:
transferrin_ps,anionic,62,4,alternative interface,E:420:,ALA,420,E,7,3,11.678616139598828,0.42857142857142855,0.45383,0.24364,0.9894764094461508,E:418:;E:419:;E:420:;E:421:;E:422:;E:637:;E:639:,E:418:;E:419:;E:639:
transferrin_ps,anionic,63,4,alternative interface,E:595:,LYS,595,E,6,2,12.188044201317224,0.3333333333333333,0.45535,0.17565999999999998,0.9918696224636535,E:591:;E:592:;E:595:;E:596:;E:597:;E:599:,E:595:;E:597:
transferrin_ps,anionic,64,4,alternative interface,E:577:,ALA,577,E,5,2,10.546728486303637,0.4,0.27653999999999995,0.12608,0.9926255339178857,E:426:;E:461:;E:575:;E:577:;E:578:,E:575:;E:578:
transferrin_ps,anionic,65,4,alternative interface,E:470:,ILE,470,E,6,2,8.577743594317065,0.3333333333333333,0.37830500000000006,0.0786,0.9935154003713388,E:467:;E:468:;E:469:;E:470:;E:471:;E:472:,E:469:;E:472:
transferrin_ps,anionic,66,4,alternative interface,E:600:,ASP,600,E,8,1,13.371360499288128,0.125,0.44904875,0.06462,0.9932858215644494,E:596:;E:597:;E:599:;E:600:;E:601:;E:602:;E:603:;E:604:,E:597:
transferrin_ps,anionic,67,4,alternative interface,C:249:,HIS,249,C,2,1,6.238080347504644,0.5,0.085885,0.00386,0.9829561165685154,C:249:;C:82:,C:249:
transferrin_ps,anionic,68,4,alternative interface,E:582:,HIS,582,E,2,1,6.527833149123939,0.5,0.089085,0.0025800000000000003,0.990629351380457,E:580:;E:582:,E:582:
transferrin_ps,anionic,69,5,alternative interface,C:91:,PRO,91,C,9,3,12.670115597455261,0.3333333333333333,0.43982666666666664,0.25887,0.9862342051963753,C:84:;C:86:;C:87:;C:88:;C:89:;C:90:;C:91:;C:92:;C:93:,C:87:;C:88:;C:93:
transferrin_ps,anionic,70,5,alternative interface,E:473:,CYS,473,E,7,3,12.622959216531298,0.42857142857142855,0.4325800000000001,0.24678,0.9835842469159806,E:467:;E:471:;E:472:;E:473:;E:474:;E:475:;E:661:,E:472:;E:474:;E:661:
transferrin_ps,anionic,71,5,alternative interface,C:232:,ARG,232,C,7,3,13.654272470048268,0.42857142857142855,0.33483285714285715,0.23724,0.9867617596957782,C:108:;C:224:;C:230:;C:231:;C:232:;C:233:;C:234:,C:231:;C:232:;C:233:
transferrin_ps,anionic,72,5,alternative interface,C:53:,ALA,53,C,8,2,14.998217883825584,0.25,0.45265,0.23283,0.9885547103840526,C:254:;C:50:;C:53:;C:54:;C:55:;C:56:;C:75:;C:76:,C:254:;C:50:
transferrin_ps,anionic,73,5,alternative interface,C:40:,VAL,40,C,7,3,13.28904699593262,0.42857142857142855,0.30953285714285717,0.19579000000000002,0.9882711167913418,C:16:;C:38:;C:39:;C:40:;C:41:;C:42:;C:7:,C:41:;C:42:;C:7:
transferrin_ps,anionic,74,5,alternative interface,C:181:,THR,181,C,12,4,14.59818351482023,0.3333333333333333,0.3041191666666667,0.14104,0.9884073304968923,C:12:;C:14:;C:178:;C:179:;C:180:;C:181:;C:182:;C:183:;C:184:;C:185:;C:186:;C:187:,C:12:;C:14:;C:180:;C:181:
transferrin_ps,anionic,75,5,alternative interface,E:495:,GLU,495,E,7,2,11.090883910222276,0.2857142857142857,0.32484428571428575,0.059219999999999995,0.9896331740691033,E:481:;E:490:;E:491:;E:492:;E:493:;E:495:;E:496:,E:491:;E:492:
transferrin_ps,anionic,76,5,alternative interface,C:122:,LEU,122,C,5,1,11.372643640949773,0.2,0.15791000000000005,0.03955,0.9920384130853203,C:122:;C:123:;C:124:;C:128:;C:161:,C:124:
transferrin_ps,anionic,77,5,alternative interface,E:533:,GLN,533,E,5,1,14.07834171328755,0.2,0.34127799999999997,0.038079999999999996,0.9906821484989973,E:426:;E:532:;E:533:;E:536:;E:537:,E:532:
transferrin_ps,anionic,78,5,alternative interface,C:271:,GLN,271,C,8,2,13.054948557496074,0.25,0.32078125,0.01641,0.9897120548504235,C:268:;C:269:;C:271:;C:272:;C:273:;C:274:;C:275:;C:276:,C:273:;C:276:
transferrin_ps,anionic,79,6,alternative interface,C:322:,ALA,322,C,8,2,12.44481080841579,0.25,0.3796425,0.24501,0.9711251708128521,C:129:;C:133:;C:318:;C:319:;C:321:;C:322:;C:324:;C:325:,C:321:;C:324:
transferrin_ps,anionic,80,6,alternative interface,E:405:,VAL,405,E,8,3,13.095946950077611,0.375,0.4171475,0.21370999999999998,0.960992595111402,E:403:;E:405:;E:587:;E:588:;E:591:;E:642:;E:643:;E:644:,E:587:;E:588:;E:643:
transferrin_ps,anionic,81,6,alternative interface,E:508:,ARG,508,E,11,2,13.36433336261186,0.18181818181818182,0.2876581818181818,0.20387,0.9821439328200285,E:348:;E:499:;E:500:;E:501:;E:502:;E:504:;E:506:;E:507:;E:508:;E:510:;E:512:,E:501:;E:508:
transferrin_ps,anionic,82,6,alternative interface,C:303:,LEU,303,C,4,1,10.373774785414117,0.25,0.3192475,0.1727,0.9714700538044752,C:303:;C:304:;C:82:;C:84:,C:304:
transferrin_ps,anionic,83,6,alternative interface,E:425:,TYR,425,E,7,2,14.889023715545928,0.2857142857142857,0.28257714285714286,0.15679,0.9849413386843878,E:422:;E:423:;E:425:;E:426:;E:532:;E:578:;E:580:,E:532:;E:578:
transferrin_ps,anionic,84,7,alternative interface,E:375:,GLU,375,E,6,1,11.057414426614018,0.16666666666666666,0.3329116666666666,0.13819,0.9355865358833801,E:373:;E:374:;E:375:;E:376:;E:379:;E:667:,E:373:
transferrin_ps,anionic,85,7,alternative interface,C:317:,TYR,317,C,9,2,12.610929968490163,0.2222222222222222,0.3239522222222222,0.12853,0.7929057117593539,C:312:;C:313:;C:316:;C:317:;C:318:;C:319:;C:321:;E:382:;E:383:,C:312:;C:321:
transferrin_ps,anionic,86,7,alternative interface,E:380:,LYS,380,E,8,1,12.761407384041592,0.125,0.35638375,0.10451,0.9396936286360607,E:376:;E:379:;E:380:;E:382:;E:383:;E:384:;E:385:;E:387:,E:380:
transferrin_ps,anionic,87,7,alternative interface,E:454:,ASP,454,E,6,1,11.174841479542053,0.16666666666666666,0.14068166666666668,0.0407,0.9782071304327183,E:395:;E:453:;E:454:;E:455:;E:459:;E:460:,E:455:
transferrin_ps,anionic,88,7,alternative interface,C:244:,ALA,244,C,5,1,10.458419639386177,0.2,0.185784,0.010329999999999999,0.9794476027781609,C:130:;C:242:;C:244:;C:245:;C:96:,C:242:
transferrin_ps,cationic,1,1,primary plausible interface,C:34:,GLY,34,C,7,4,11.361667161474076,0.5714285714285714,0.6041542857142856,0.79133,0.9940632889180003,C:31:;C:32:;C:33:;C:34:;C:36:;C:3:;C:4:,C:32:;C:33:;C:36:;C:3:
transferrin_ps,cationic,2,1,primary plausible interface,E:491:,SER,491,E,9,7,11.924305196526985,0.7777777777777778,0.4513455555555555,0.77531,0.9876617121194151,E:476:;E:487:;E:488:;E:489:;E:490:;E:491:;E:492:;E:493:;E:495:,E:476:;E:487:;E:488:;E:490:;E:491:;E:492:;E:495:
transferrin_ps,cationic,3,1,primary plausible interface,E:442:,ASN,442,E,6,4,11.946613497946272,0.6666666666666666,0.41239000000000003,0.71513,0.9915215163938401,E:439:;E:440:;E:441:;E:442:;E:444:;E:445:,E:439:;E:441:;E:442:;E:444:
transferrin_ps,cationic,4,1,primary plausible interface,E:611:,ASP,611,E,6,3,9.401154405017172,0.5,0.6427483333333334,0.70804,0.9960632448928425,E:610:;E:611:;E:612:;E:613:;E:614:;E:615:,E:611:;E:613:;E:614:
transferrin_ps,cationic,5,1,primary plausible interface,C:230:,ASN,230,C,8,5,11.739497612723046,0.625,0.37551750000000006,0.69317,0.9920997722580118,C:108:;C:109:;C:110:;C:228:;C:229:;C:230:;C:231:;C:232:,C:108:;C:110:;C:229:;C:230:;C:231:
transferrin_ps,cationic,6,1,primary plausible interface,E:335:,LEU,335,E,6,3,12.381421266334854,0.5,0.7199683333333332,0.68729,0.9887728436496489,E:332:;E:333:;E:334:;E:335:;E:336:;E:337:,E:333:;E:336:;E:337:
transferrin_ps,cationic,7,1,primary plausible interface,E:552:,LYS,552,E,7,4,11.45387184794258,0.5714285714285714,0.60089,0.6716500000000001,0.9945142100924461,E:540:;E:550:;E:551:;E:552:;E:553:;E:554:;E:555:,E:550:;E:553:;E:554:;E:555:
transferrin_ps,cationic,8,1,primary plausible interface,E:433:,LYS,433,E,8,5,14.14426556834829,0.625,0.50585125,0.63969,0.9937645271418875,E:432:;E:433:;E:434:;E:435:;E:436:;E:554:;E:555:;E:557:,E:434:;E:435:;E:554:;E:555:;E:557:
transferrin_ps,cationic,9,1,primary plausible interface,E:415:,THR,415,E,7,5,12.211357809748042,0.7142857142857143,0.4933528571428572,0.62372,0.9914142994054292,E:413:;E:414:;E:415:;E:416:;E:417:;E:607:;E:633:,E:413:;E:414:;E:415:;E:416:;E:607:
transferrin_ps,cationic,10,1,primary plausible interface,E:359:,SER,359,E,9,5,11.746775020114585,0.5555555555555556,0.6076266666666668,0.61633,0.9912037695018571,E:356:;E:357:;E:359:;E:360:;E:361:;E:363:;E:364:;E:365:;E:367:,E:356:;E:357:;E:359:;E:361:;E:367:
transferrin_ps,cationic,11,1,primary plausible interface,C:269:,GLN,269,C,6,5,12.484964336710373,0.8333333333333334,0.44182666666666676,0.54137,0.9906683924805626,C:265:;C:268:;C:269:;C:271:;C:272:;C:273:,C:265:;C:268:;C:269:;C:271:;C:272:
transferrin_ps,cationic,12,1,primary plausible interface,C:15:,GLU,15,C,7,4,10.083379035726217,0.5714285714285714,0.31330142857142856,0.51595,0.9958231650439094,C:11:;C:12:;C:13:;C:14:;C:15:;C:16:;C:17:,C:12:;C:13:;C:15:;C:17:
transferrin_ps,cationic,13,1,primary plausible interface,E:437:,ASP,437,E,4,3,9.812889094181529,0.75,0.5418099999999999,0.47654,0.9966729880826998,E:435:;E:436:;E:437:;E:439:,E:435:;E:437:;E:439:
transferrin_ps,cationic,14,1,primary plausible interface,C:104:,ASP,104,C,5,2,8.846882331382588,0.4,0.595502,0.45279,0.9964053729205886,C:102:;C:103:;C:104:;C:105:;C:106:,C:104:;C:105:
transferrin_ps,cationic,15,1,primary plausible interface,E:338:,GLU,338,E,5,3,10.620365591115965,0.6,0.64634,0.4081,0.9922001338696267,E:336:;E:337:;E:338:;E:339:;E:340:,E:336:;E:337:;E:338:
transferrin_ps,cationic,16,1,primary plausible interface,E:640:,GLY,640,E,4,1,7.507261244361089,0.25,0.62491,0.27984000000000003,0.9979834175159726,E:639:;E:640:;E:641:;E:642:,E:642:
transferrin_ps,cationic,17,2,alternative interface,C:222:,GLN,222,C,9,5,13.047275901071089,0.5555555555555556,0.4657877777777778,0.74901,0.9936494221430455,C:102:;C:103:;C:218:;C:219:;C:220:;C:221:;C:222:;C:223:;C:224:,C:219:;C:221:;C:222:;C:223:;C:224:
transferrin_ps,cationic,18,2,alternative interface,C:164:,GLY,164,C,9,4,12.80681962572335,0.4444444444444444,0.5611900000000001,0.71774,0.9920961401318105,C:163:;C:164:;C:165:;C:166:;C:167:;C:168:;C:169:;C:175:;C:176:,C:163:;C:165:;C:166:;C:169:
transferrin_ps,cationic,19,2,alternative interface,C:262:,LEU,262,C,9,5,12.501593827814824,0.5555555555555556,0.4900788888888889,0.6528,0.9910337346555705,C:259:;C:260:;C:261:;C:262:;C:264:;C:265:;C:3:;C:4:;C:5:,C:260:;C:261:;C:265:;C:3:;C:5:
transferrin_ps,cationic,20,2,alternative interface,E:563:,GLY,563,E,9,4,11.355843537651364,0.4444444444444444,0.3292377777777778,0.59955,0.9945077768432405,E:439:;E:440:;E:441:;E:560:;E:561:;E:562:;E:563:;E:564:;E:565:,E:439:;E:441:;E:562:;E:564:
transferrin_ps,cationic,21,2,alternative interface,C:321:,THR,321,C,8,6,12.176100937079084,0.75,0.4107,0.58049,0.9479353133427694,C:317:;C:318:;C:319:;C:321:;C:322:;C:324:;C:325:;E:383:,C:317:;C:318:;C:319:;C:321:;C:325:;E:383:
transferrin_ps,cationic,22,2,alternative interface,E:571:,ALA,571,E,9,4,14.627576620726646,0.4444444444444444,0.4225144444444444,0.57729,0.9950267758592058,E:426:;E:532:;E:567:;E:569:;E:570:;E:571:;E:572:;E:573:;E:575:,E:532:;E:569:;E:570:;E:573:
transferrin_ps,cationic,23,2,alternative interface,E:549:,LYS,549,E,10,3,12.420882446516641,0.3,0.5154380000000001,0.57101,0.9931077887858161,E:540:;E:541:;E:542:;E:544:;E:545:;E:546:;E:547:;E:549:;E:550:;E:551:,E:544:;E:545:;E:550:
transferrin_ps,cationic,24,2,alternative interface,C:217:,LYS,217,C,8,3,11.139415615367954,0.375,0.56676125,0.5199199999999999,0.9950627428533478,C:214:;C:215:;C:216:;C:217:;C:218:;C:219:;C:220:;C:221:,C:216:;C:219:;C:221:
transferrin_ps,cationic,25,2,alternative interface,C:71:,TYR,71,C,9,6,12.869162322566636,0.6666666666666666,0.3750966666666667,0.49058999999999997,0.9664765746947136,C:310:;C:68:;C:69:;C:71:;C:72:;C:73:;C:75:;C:76:;C:78:,C:310:;C:68:;C:69:;C:71:;C:75:;C:76:
transferrin_ps,cationic,26,2,alternative interface,E:654:,LYS,654,E,8,3,12.301086676459065,0.375,0.5708975000000001,0.4855,0.9823387730717434,E:650:;E:651:;E:653:;E:654:;E:655:;E:656:;E:657:;E:658:,E:651:;E:657:;E:658:
transferrin_ps,cationic,27,2,alternative interface,E:643:,THR,643,E,8,5,10.179322622468403,0.625,0.41424249999999996,0.46354999999999996,0.9844145037770912,E:405:;E:641:;E:642:;E:643:;E:644:;E:645:;E:646:;E:647:,E:642:;E:643:;E:644:;E:645:;E:647:
transferrin_ps,cationic,28,2,alternative interface,E:649:,GLY,649,E,8,4,12.496647027981998,0.5,0.519095,0.4412,0.9797288073571606,E:644:;E:645:;E:646:;E:647:;E:649:;E:650:;E:651:;E:653:,E:644:;E:645:;E:647:;E:651:
transferrin_ps,cationic,29,2,alternative interface,C:111:,GLN,111,C,6,3,10.3462162162567,0.5,0.34808,0.41648,0.9942616694627792,C:107:;C:108:;C:109:;C:110:;C:111:;C:113:,C:108:;C:110:;C:111:
transferrin_ps,cationic,30,2,alternative interface,E:608:,THR,608,E,6,3,12.563581145055206,0.5,0.5839383333333333,0.40486,0.9937439507011769,E:603:;E:604:;E:605:;E:607:;E:608:;E:610:,E:604:;E:607:;E:608:
transferrin_ps,cationic,31,2,alternative interface,C:182:,LEU,182,C,10,6,13.832758959499941,0.6,0.354063,0.40157,0.9899219401358541,C:12:;C:13:;C:178:;C:179:;C:180:;C:181:;C:182:;C:183:;C:184:;C:186:,C:12:;C:13:;C:180:;C:181:;C:183:;C:184:
transferrin_ps,cationic,32,2,alternative interface,E:422:,GLU,422,E,8,5,14.146487582226708,0.625,0.33555999999999997,0.38208,0.9855349447858137,E:412:;E:413:;E:420:;E:421:;E:422:;E:423:;E:425:;E:580:,E:412:;E:413:;E:422:;E:423:;E:425:
transferrin_ps,cationic,33,2,alternative interface,E:536:,LEU,536,E,6,3,12.97473469676095,0.5,0.4818733333333333,0.37866,0.9944054008369736,E:533:;E:536:;E:537:;E:540:;E:542:;E:553:,E:533:;E:537:;E:553:
transferrin_ps,cationic,34,2,alternative interface,C:286:,SER,286,C,7,4,12.06819997525254,0.5714285714285714,0.42313142857142855,0.32911999999999997,0.9916415984313254,C:283:;C:286:;C:288:;C:290:;C:291:;C:292:;C:297:,C:283:;C:286:;C:292:;C:297:
transferrin_ps,cationic,35,2,alternative interface,C:280:,LYS,280,C,7,4,10.41233084017692,0.5714285714285714,0.5397628571428571,0.3195,0.9947645156143403,C:277:;C:278:;C:279:;C:280:;C:281:;C:282:;C:283:,C:277:;C:279:;C:281:;C:283:
transferrin_ps,cationic,36,2,alternative interface,E:664:,THR,664,E,3,2,8.486708030662767,0.6666666666666666,0.4793266666666667,0.30286,0.9701613254046421,E:663:;E:664:;E:666:,E:663:;E:664:
transferrin_ps,cationic,37,2,alternative interface,E:624:,LYS,624,E,6,4,13.497011905271272,0.6666666666666666,0.41993499999999995,0.28581,0.9871973355827146,E:515:;E:622:;E:623:;E:624:;E:625:;E:630:,E:515:;E:623:;E:625:;E:630:
transferrin_ps,cationic,38,2,alternative interface,C:211:,PHE,211,C,7,3,11.97319173936245,0.42857142857142855,0.2965542857142857,0.24378,0.9960983954306495,C:208:;C:211:;C:212:;C:213:;C:214:;C:215:;C:220:,C:208:;C:212:;C:213:
transferrin_ps,cationic,39,2,alternative interface,C:196:,LYS,196,C,5,1,8.617010683270731,0.2,0.40210799999999997,0.13891,0.99649387639105,C:193:;C:196:;C:197:;C:198:;C:199:,C:197:
transferrin_ps,cationic,40,2,alternative interface,E:513:,GLY,513,E,6,4,12.22439045661328,0.6666666666666666,0.14305500000000002,0.11093,0.9899979693850486,E:506:;E:507:;E:512:;E:513:;E:515:;E:516:,E:506:;E:507:;E:512:;E:515:
transferrin_ps,cationic,41,3,alternative interface,C:329:,GLY,329,C,7,3,12.697883493276073,0.42857142857142855,0.49797142857142856,0.6259,0.9857553545363242,C:324:;C:325:;C:327:;C:328:;C:329:;C:330:;C:331:,C:325:;C:328:;C:330:
transferrin_ps,cationic,42,3,alternative interface,C:91:,PRO,91,C,9,5,12.670115597455261,0.5555555555555556,0.43982666666666664,0.60772,0.9862342051963753,C:84:;C:86:;C:87:;C:88:;C:89:;C:90:;C:91:;C:92:;C:93:,C:87:;C:89:;C:90:;C:92:;C:93:
transferrin_ps,cationic,43,3,alternative interface,E:602:,GLN,602,E,8,4,12.92964307833709,0.5,0.40214125,0.5979800000000001,0.9923561793990364,E:599:;E:600:;E:601:;E:602:;E:603:;E:604:;E:605:;E:607:,E:600:;E:602:;E:604:;E:607:
transferrin_ps,cationic,44,3,alternative interface,C:238:,TYR,238,C,10,5,14.733044053065894,0.5,0.432036,0.57179,0.9891745330488901,C:207:;C:233:;C:234:;C:236:;C:237:;C:238:;C:239:;C:240:;C:242:;C:96:,C:236:;C:237:;C:238:;C:240:;C:96:
transferrin_ps,cationic,45,3,alternative interface,C:20:,GLN,20,C,8,4,12.497694409438644,0.5,0.40461749999999996,0.54338,0.9898603890317406,C:16:;C:17:;C:20:;C:21:;C:23:;C:24:;C:38:;C:39:,C:17:;C:20:;C:21:;C:24:
transferrin_ps,cationic,46,3,alternative interface,C:25:,HIS,25,C,9,4,12.896609415069488,0.4444444444444444,0.4393988888888889,0.43,0.9893063431265766,C:21:;C:23:;C:24:;C:25:;C:27:;C:281:;C:282:;C:28:;C:29:,C:21:;C:24:;C:281:;C:28:
transferrin_ps,cationic,47,3,alternative interface,E:354:,LYS,354,E,8,3,13.010069273826721,0.375,0.48033250000000005,0.42009,0.9899075715445053,E:350:;E:351:;E:352:;E:353:;E:354:;E:356:;E:357:;E:622:,E:351:;E:356:;E:357:
transferrin_ps,cationic,48,3,alternative interface,E:477:,GLU,477,E,6,3,11.002231879137574,0.5,0.40997666666666666,0.40374000000000004,0.9909416892004772,E:474:;E:475:;E:476:;E:477:;E:480:;E:492:,E:476:;E:477:;E:492:
transferrin_ps,cationic,49,3,alternative interface,C:54:,ALA,54,C,5,2,8.63280382310218,0.4,0.553928,0.38943,0.9935171645618521,C:50:;C:53:;C:54:;C:55:;C:56:,C:55:;C:56:
transferrin_ps,cationic,50,3,alternative interface,C:190:,GLY,190,C,9,5,12.038346504440977,0.5555555555555556,0.22331333333333336,0.31516,0.9944170006137073,C:183:;C:184:;C:185:;C:186:;C:187:;C:188:;C:189:;C:190:;C:193:,C:183:;C:184:;C:185:;C:188:;C:189:
transferrin_ps,cationic,51,3,alternative interface,C:140:,PRO,140,C,7,3,13.167189781471548,0.42857142857142855,0.5045628571428571,0.30747,0.9891678385313449,C:137:;C:138:;C:140:;C:141:;C:142:;C:143:;C:152:,C:138:;C:141:;C:152:
transferrin_ps,cationic,52,3,alternative interface,C:172:,GLN,172,C,5,2,9.89780670662303,0.4,0.4316,0.30435,0.9938358677872942,C:168:;C:169:;C:172:;C:173:;C:175:,C:169:;C:172:
transferrin_ps,cationic,53,3,alternative interface,E:343:,LYS,343,E,5,3,12.472649897309793,0.6,0.3029339999999999,0.25875,0.9847216937866442,E:341:;E:343:;E:367:;E:369:;E:387:,E:367:;E:369:;E:387:
transferrin_ps,cationic,54,3,alternative interface,E:446:,LYS,446,E,7,3,11.354465059452487,0.42857142857142855,0.41364285714285715,0.25837,0.9910232815581436,E:444:;E:445:;E:446:;E:447:;E:480:;E:481:;E:526:,E:444:;E:481:;E:526:
transferrin_ps,cationic,55,3,alternative interface,E:631:,ASP,631,E,5,3,10.793124751238542,0.6,0.201024,0.17824,0.9898786411249825,E:412:;E:619:;E:630:;E:631:;E:633:,E:412:;E:630:;E:631:
transferrin_ps,cationic,56,3,alternative interface,C:298:,SER,298,C,6,4,15.644276681824183,0.6666666666666666,0.22241333333333335,0.10047,0.9730097501534685,C:208:;C:292:;C:297:;C:298:;C:300:;C:86:,C:208:;C:292:;C:297:;C:298:
transferrin_ps,cationic,57,3,alternative interface,E:566:,LYS,566,E,7,3,12.00095052439686,0.42857142857142855,0.3292657142857142,0.09106,0.9933709206482397,E:557:;E:560:;E:564:;E:565:;E:566:;E:567:;E:570:,E:557:;E:564:;E:570:
transferrin_ps,cationic,58,3,alternative interface,E:349:,HIS,349,E,7,1,10.049493268964062,0.14285714285714285,0.3535785714285714,0.0599,0.9941197202795407,E:347:;E:348:;E:349:;E:350:;E:351:;E:352:;E:353:,E:351:
transferrin_ps,cationic,59,4,alternative interface,E:373:,THR,373,E,10,5,12.660820494203731,0.5,0.263836,0.55476,0.9775422211769127,E:347:;E:348:;E:372:;E:373:;E:374:;E:375:;E:376:;E:504:;E:505:;E:506:,E:372:;E:373:;E:375:;E:376:;E:506:
transferrin_ps,cationic,60,4,alternative interface,C:274:,PHE,274,C,11,5,11.919468847789366,0.45454545454545453,0.3403681818181818,0.55298,0.9921838299630217,C:271:;C:272:;C:273:;C:274:;C:275:;C:276:;C:277:;C:278:;C:279:;C:282:;C:283:,C:271:;C:272:;C:277:;C:279:;C:283:
transferrin_ps,cationic,61,4,alternative interface,E:660:,ARG,660,E,7,3,10.197001955754903,0.42857142857142855,0.38436142857142863,0.44154000000000004,0.9738772800182747,E:656:;E:657:;E:658:;E:659:;E:660:;E:661:;E:663:,E:657:;E:658:;E:663:
transferrin_ps,cationic,62,4,alternative interface,E:597:,LYS,597,E,7,2,12.650347614039806,0.2857142857142857,0.39998714285714293,0.35142,0.9881537210965324,E:365:;E:595:;E:596:;E:597:;E:599:;E:600:;E:601:,E:596:;E:600:
transferrin_ps,cationic,63,4,alternative interface,E:380:,LYS,380,E,8,4,12.761407384041592,0.5,0.35638375,0.32427999999999996,0.9396936286360607,E:376:;E:379:;E:380:;E:382:;E:383:;E:384:;E:385:;E:387:,E:376:;E:383:;E:385:;E:387:
transferrin_ps,cationic,64,4,alternative interface,E:370:,SER,370,E,6,3,10.72009551353111,0.5,0.32476,0.30956,0.9787500931538143,E:347:;E:348:;E:352:;E:369:;E:370:;E:372:,E:369:;E:370:;E:372:
transferrin_ps,cationic,65,4,alternative interface,C:44:,SER,44,C,10,5,12.066743165087365,0.5,0.311583,0.29175999999999996,0.9903674550850989,C:11:;C:12:;C:179:;C:180:;C:42:;C:43:;C:44:;C:45:;C:46:;C:47:,C:12:;C:180:;C:44:;C:45:;C:47:
transferrin_ps,cationic,66,4,alternative interface,C:74:,PRO,74,C,5,2,6.145545394008536,0.4,0.49939599999999995,0.25586,0.9933266915713315,C:72:;C:73:;C:74:;C:75:;C:76:,C:75:;C:76:
transferrin_ps,cationic,67,4,alternative interface,C:147:,GLU,147,C,6,1,12.59945482003128,0.16666666666666666,0.41770333333333337,0.12298,0.9934657024316323,C:144:;C:145:;C:146:;C:147:;C:148:;C:167:,C:147:
transferrin_ps,cationic,68,4,alternative interface,E:401:,GLN,401,E,5,3,12.314890448299009,0.6,0.28041599999999994,0.09946999999999999,0.8631366365060449,E:397:;E:401:;E:403:;E:671:;E:672:,E:397:;E:401:;E:672:
transferrin_ps,cationic,69,5,alternative interface,E:467:,TYR,467,E,10,3,12.303697606986187,0.3,0.313266,0.51954,0.9863972709239265,E:464:;E:465:;E:467:;E:468:;E:469:;E:470:;E:471:;E:472:;E:473:;E:659:,E:467:;E:468:;E:471:
transferrin_ps,cationic,70,5,alternative interface,C:316:,GLY,316,C,8,3,12.067102433184582,0.375,0.31637875,0.42477,0.7260712514463944,C:312:;C:313:;C:316:;C:317:;C:318:;C:319:;E:673:;E:674:,C:317:;C:318:;C:319:
transferrin_ps,cationic,71,5,alternative interface,E:590:,LYS,590,E,7,2,11.250317784732454,0.2857142857142857,0.4248342857142857,0.23532,0.9810724413701808,E:387:;E:587:;E:588:;E:589:;E:590:;E:591:;E:592:,E:387:;E:589:
transferrin_ps,cationic,72,5,alternative interface,E:419:,LYS,419,E,7,2,10.921764574444412,0.2857142857142857,0.4471428571428571,0.2345,0.9931223294922753,E:414:;E:416:;E:417:;E:418:;E:419:;E:420:;E:421:,E:414:;E:416:
transferrin_ps,cationic,73,5,alternative interface,E:496:,LEU,496,E,6,2,13.463232309115709,0.3333333333333333,0.29986999999999997,0.22797,0.9871933713850456,E:481:;E:493:;E:495:;E:496:;E:498:;E:524:,E:481:;E:495:
transferrin_ps,cationic,74,5,alternative interface,C:254:,ARG,254,C,8,2,14.801044074573996,0.25,0.49873375,0.22175,0.9773406408942902,C:254:;C:255:;C:256:;C:257:;C:259:;C:53:;C:76:;C:78:,C:255:;C:76:
transferrin_ps,cationic,75,5,alternative interface,C:116:,LYS,116,C,6,2,13.724169405807583,0.3333333333333333,0.39834166666666665,0.212,0.9915225700627549,C:114:;C:115:;C:116:;C:155:;C:199:;C:201:,C:155:;C:201:
transferrin_ps,cationic,76,5,alternative interface,C:66:,LEU,66,C,5,2,10.316690830479674,0.4,0.20709399999999997,0.20023,0.9791352089316793,C:123:;C:124:;C:66:;C:68:;C:69:,C:68:;C:69:
transferrin_ps,cationic,77,5,alternative interface,C:94:,PHE,94,C,9,4,14.202582346856152,0.4444444444444444,0.24217888888888892,0.15677,0.9513429323222411,C:245:;C:84:;C:92:;C:93:;C:94:;C:96:;E:674:;E:675:;E:676:,C:245:;C:92:;C:93:;C:96:
transferrin_ps,cationic,78,5,alternative interface,E:508:,ARG,508,E,11,4,13.36433336261186,0.36363636363636365,0.2876581818181818,0.13716,0.9821439328200285,E:348:;E:499:;E:500:;E:501:;E:502:;E:504:;E:506:;E:507:;E:508:;E:510:;E:512:,E:501:;E:506:;E:507:;E:512:
transferrin_ps,cationic,79,5,alternative interface,E:454:,ASP,454,E,6,3,11.174841479542053,0.5,0.14068166666666668,0.13385999999999998,0.9782071304327183,E:395:;E:453:;E:454:;E:455:;E:459:;E:460:,E:395:;E:454:;E:460:
transferrin_ps,cationic,80,5,alternative interface,E:637:,ASP,637,E,5,1,10.129824225622107,0.2,0.480162,0.11138999999999999,0.9916257235862489,E:418:;E:420:;E:421:;E:637:;E:639:,E:637:
transferrin_ps,cationic,81,5,alternative interface,C:244:,ALA,244,C,5,2,10.458419639386177,0.4,0.185784,0.07112,0.9794476027781609,C:130:;C:242:;C:244:;C:245:;C:96:,C:245:;C:96:
transferrin_ps,cationic,82,6,alternative interface,E:669:,GLU,669,E,7,2,11.01220187677978,0.2857142857142857,0.23449142857142857,0.21657,0.6659336148821751,E:666:;E:667:;E:669:;E:670:;E:671:;E:672:;E:673:,E:669:;E:672:
transferrin_ps,cationic,83,6,alternative interface,C:136:,TYR,136,C,7,2,13.537983369136061,0.2857142857142857,0.33563,0.18431,0.9846769401069526,C:133:;C:134:;C:136:;C:137:;C:138:;C:143:;C:331:,C:136:;C:138:
transferrin_ps,cationic,84,6,alternative interface,E:522:,VAL,522,E,6,1,14.558738984059378,0.16666666666666666,0.26791000000000004,0.1222,0.9906487950707611,E:432:;E:519:;E:522:;E:523:;E:524:;E:547:,E:523:
transferrin_ps,cationic,85,6,alternative interface,E:620:,HIS,620,E,7,2,14.73844158577785,0.2857142857142857,0.3611585714285714,0.10428000000000001,0.9901669988655732,E:612:;E:617:;E:619:;E:620:;E:622:;E:625:;E:630:,E:625:;E:630:
transferrin_ps,cationic,86,6,alternative interface,E:486:,GLY,486,E,6,2,10.763394163201186,0.3333333333333333,0.2906066666666666,0.053079999999999995,0.9699342102143209,E:453:;E:486:;E:487:;E:488:;E:504:;E:505:,E:487:;E:488:
transferrin_ps,cationic,87,7,alternative interface,E:578:,LYS,578,E,7,2,14.55594892914257,0.2857142857142857,0.32403,0.024380000000000002,0.986798819024282,E:423:;E:425:;E:426:;E:575:;E:577:;E:578:;E:580:,E:423:;E:425:
transferrin_ps,cationic,88,8,alternative interface,E:461:,ILE,461,E,7,1,11.954944435832962,0.14285714285714285,0.2606785714285714,0.01734,0.9826166841114911,E:459:;E:460:;E:461:;E:464:;E:465:;E:577:;E:655:,E:460:
transferrin_ps,cationic,89,9,alternative interface,C:128:,TRP,128,C,7,1,12.427583407495211,0.14285714285714285,0.17555714285714288,0.013859999999999999,0.978641597601,C:122:;C:123:;C:124:;C:128:;C:129:;C:130:;C:133:,C:129:
transferrin_ps,hydrophobic,1,1,primary plausible interface,C:75:,ASN,75,C,8,4,11.454580654084968,0.5,0.44372625,0.93876,0.9876565030207589,C:50:;C:53:;C:71:;C:72:;C:73:;C:74:;C:75:;C:76:,C:53:;C:72:;C:73:;C:74:
transferrin_ps,hydrophobic,2,1,primary plausible interface,C:216:,ASN,216,C,7,3,9.05878078412851,0.42857142857142855,0.57157,0.8268000000000001,0.9961074408132647,C:214:;C:215:;C:216:;C:217:;C:218:;C:219:;C:220:,C:214:;C:215:;C:218:
transferrin_ps,hydrophobic,3,1,primary plausible interface,E:333:,ASP,333,E,4,3,6.288707444782206,0.75,0.7332974999999999,0.8063899999999999,0.9969483635262439,E:332:;E:333:;E:334:;E:335:,E:332:;E:334:;E:335:
transferrin_ps,hydrophobic,4,1,primary plausible interface,C:236:,ASP,236,C,5,1,10.687136604893833,0.2,0.5104460000000001,0.1732,0.9974743955095545,C:234:;C:236:;C:237:;C:238:;C:239:,C:234:
transferrin_ps,hydrophobic,5,1,primary plausible interface,E:573:,ASN,573,E,5,1,8.420301562333828,0.2,0.472854,0.06265,0.9977678937159898,E:570:;E:571:;E:572:;E:573:;E:575:,E:571:
transferrin_ps,hydrophobic,6,1,primary plausible interface,C:60:,VAL,60,C,1,1,0.0,1.0,0.0529,0.021110000000000004,0.9999999999999999,C:60:,C:60:
transferrin_ps,hydrophobic,7,2,alternative interface,E:653:,ILE,653,E,10,4,12.642039893877175,0.4,0.528605,0.68963,0.9715965034412989,E:397:;E:645:;E:649:;E:650:;E:651:;E:653:;E:654:;E:655:;E:656:;E:657:,E:650:;E:653:;E:655:;E:656:
transferrin_ps,hydrophobic,8,2,alternative interface,E:502:,VAL,502,E,8,4,14.112273969457833,0.5,0.40508,0.6707299999999999,0.9855179352434194,E:489:;E:498:;E:499:;E:500:;E:501:;E:502:;E:504:;E:508:,E:498:;E:500:;E:502:;E:504:
transferrin_ps,hydrophobic,9,2,alternative interface,C:143:,ARG,143,C,9,4,12.042703430040143,0.4444444444444444,0.45297555555555546,0.61663,0.9893261665779968,C:136:;C:140:;C:141:;C:142:;C:143:;C:144:;C:145:;C:146:;C:148:,C:140:;C:142:;C:145:;C:146:
transferrin_ps,hydrophobic,10,2,alternative interface,E:601:,LEU,601,E,8,4,11.81670272309947,0.5,0.37384875,0.57818,0.9938347672749869,E:597:;E:599:;E:600:;E:601:;E:602:;E:603:;E:604:;E:605:,E:599:;E:601:;E:603:;E:605:
transferrin_ps,hydrophobic,11,2,alternative interface,E:363:,GLY,363,E,6,2,8.804154670987623,0.3333333333333333,0.5945950000000001,0.52164,0.9949607107667815,E:359:;E:360:;E:361:;E:363:;E:364:;E:365:,E:360:;E:365:
transferrin_ps,hydrophobic,12,2,alternative interface,E:357:,GLU,357,E,8,3,12.60678189048084,0.375,0.4482225,0.43459000000000003,0.9894780280022113,E:353:;E:354:;E:356:;E:357:;E:359:;E:360:;E:361:;E:616:,E:353:;E:360:;E:616:
transferrin_ps,hydrophobic,13,2,alternative interface,E:547:,TRP,547,E,8,4,12.643573671823637,0.5,0.45288125,0.42361,0.9935676173922872,E:519:;E:522:;E:545:;E:546:;E:547:;E:549:;E:550:;E:551:,E:522:;E:546:;E:547:;E:551:
transferrin_ps,hydrophobic,14,2,alternative interface,C:306:,PRO,306,C,5,3,11.180346897633367,0.6,0.489276,0.41441,0.9513209955126196,C:304:;C:306:;C:307:;C:308:;C:80:,C:306:;C:307:;C:80:
transferrin_ps,hydrophobic,15,2,alternative interface,E:608:,THR,608,E,6,3,12.563581145055206,0.5,0.5839383333333333,0.40574,0.9937439507011769,E:603:;E:604:;E:605:;E:607:;E:608:;E:610:,E:603:;E:605:;E:610:
transferrin_ps,hydrophobic,16,2,alternative interface,C:172:,GLN,172,C,5,3,9.89780670662303,0.6,0.4316,0.3715,0.9938358677872942,C:168:;C:169:;C:172:;C:173:;C:175:,C:168:;C:173:;C:175:
transferrin_ps,hydrophobic,17,2,alternative interface,E:611:,ASP,611,E,6,1,9.401154405017172,0.16666666666666666,0.6427483333333334,0.35218000000000005,0.9960632448928425,E:610:;E:611:;E:612:;E:613:;E:614:;E:615:,E:610:
transferrin_ps,hydrophobic,18,2,alternative interface,E:569:,SER,569,E,5,2,10.618345685028933,0.4,0.514984,0.33243,0.9965466487269892,E:567:;E:569:;E:570:;E:571:;E:572:,E:567:;E:571:
transferrin_ps,hydrophobic,19,2,alternative interface,E:336:,GLN,336,E,5,2,12.556205764283082,0.4,0.683442,0.3057,0.9904096466912075,E:334:;E:335:;E:336:;E:337:;E:338:,E:334:;E:335:
transferrin_ps,hydrophobic,20,2,alternative interface,C:303:,LEU,303,C,4,3,10.373774785414117,0.75,0.3192475,0.2873,0.9714700538044752,C:303:;C:304:;C:82:;C:84:,C:303:;C:82:;C:84:
transferrin_ps,hydrophobic,21,2,alternative interface,C:288:,PRO,288,C,4,1,8.489489379656012,0.25,0.55845,0.2316,0.9963056038948058,C:286:;C:288:;C:289:;C:290:,C:288:
transferrin_ps,hydrophobic,22,2,alternative interface,C:211:,PHE,211,C,7,3,11.97319173936245,0.42857142857142855,0.2965542857142857,0.2311,0.9960983954306495,C:208:;C:211:;C:212:;C:213:;C:214:;C:215:;C:220:,C:211:;C:214:;C:215:
transferrin_ps,hydrophobic,23,3,alternative interface,C:44:,SER,44,C,10,3,12.066743165087365,0.3,0.311583,0.53586,0.9903674550850989,C:11:;C:12:;C:179:;C:180:;C:42:;C:43:;C:44:;C:45:;C:46:;C:47:,C:11:;C:43:;C:46:
transferrin_ps,hydrophobic,24,3,alternative interface,E:591:,ALA,591,E,8,3,11.83620377717708,0.375,0.42287125000000003,0.50652,0.9822209523395374,E:405:;E:587:;E:588:;E:589:;E:590:;E:591:;E:592:;E:595:,E:405:;E:591:;E:592:
transferrin_ps,hydrophobic,25,3,alternative interface,C:254:,ARG,254,C,8,2,14.801044074573996,0.25,0.49873375,0.44676000000000005,0.9773406408942902,C:254:;C:255:;C:256:;C:257:;C:259:;C:53:;C:76:;C:78:,C:256:;C:53:
transferrin_ps,hydrophobic,26,3,alternative interface,C:221:,ASP,221,C,10,2,13.535471724002894,0.2,0.48779199999999995,0.41869,0.9928519734857875,C:103:;C:217:;C:218:;C:219:;C:220:;C:221:;C:222:;C:223:;C:224:;C:234:,C:218:;C:234:
transferrin_ps,hydrophobic,27,3,alternative interface,E:658:,ASN,658,E,9,3,12.94428323261458,0.3333333333333333,0.4474699999999999,0.35790999999999995,0.9759953612516461,E:464:;E:654:;E:655:;E:656:;E:657:;E:658:;E:659:;E:660:;E:661:,E:655:;E:656:;E:659:
transferrin_ps,hydrophobic,28,3,alternative interface,C:164:,GLY,164,C,9,3,12.80681962572335,0.3333333333333333,0.5611900000000001,0.34752000000000005,0.9920961401318105,C:163:;C:164:;C:165:;C:166:;C:167:;C:168:;C:169:;C:175:;C:176:,C:167:;C:168:;C:175:
transferrin_ps,hydrophobic,29,3,alternative interface,C:39:,CYS,39,C,8,3,13.455833422986402,0.375,0.34652875000000005,0.34332999999999997,0.9884339509556874,C:16:;C:20:;C:23:;C:38:;C:39:;C:40:;C:41:;C:7:,C:16:;C:38:;C:40:
transferrin_ps,hydrophobic,30,3,alternative interface,C:147:,GLU,147,C,6,3,12.59945482003128,0.5,0.41770333333333337,0.32443,0.9934657024316323,C:144:;C:145:;C:146:;C:147:;C:148:;C:167:,C:145:;C:146:;C:167:
transferrin_ps,hydrophobic,31,3,alternative interface,C:54:,ALA,54,C,5,2,8.63280382310218,0.4,0.553928,0.26453,0.9935171645618521,C:50:;C:53:;C:54:;C:55:;C:56:,C:53:;C:54:
transferrin_ps,hydrophobic,32,3,alternative interface,C:133:,GLY,133,C,7,4,11.594037169078437,0.5714285714285714,0.22222000000000003,0.24342,0.9817184138155737,C:128:;C:129:;C:130:;C:133:;C:134:;C:136:;C:322:,C:128:;C:130:;C:134:;C:322:
transferrin_ps,hydrophobic,33,3,alternative interface,E:435:,ASN,435,E,7,1,10.727007710993838,0.14285714285714285,0.5033214285714286,0.22556,0.996056482733069,E:432:;E:433:;E:434:;E:435:;E:436:;E:437:;E:526:,E:436:
transferrin_ps,hydrophobic,34,3,alternative interface,E:563:,GLY,563,E,9,2,11.355843537651364,0.2222222222222222,0.3292377777777778,0.19577999999999998,0.9945077768432405,E:439:;E:440:;E:441:;E:560:;E:561:;E:562:;E:563:;E:564:;E:565:,E:440:;E:561:
transferrin_ps,hydrophobic,35,3,alternative interface,C:15:,GLU,15,C,7,2,10.083379035726217,0.2857142857142857,0.31330142857142856,0.15098,0.9958231650439094,C:11:;C:12:;C:13:;C:14:;C:15:;C:16:;C:17:,C:11:;C:16:
transferrin_ps,hydrophobic,36,3,alternative interface,E:523:,GLU,523,E,4,1,8.279012306365873,0.25,0.317785,0.07854,0.9960010746976856,E:519:;E:522:;E:523:;E:524:,E:522:
transferrin_ps,hydrophobic,37,3,alternative interface,E:552:,LYS,552,E,7,1,11.45387184794258,0.14285714285714285,0.60089,0.07218,0.9945142100924461,E:540:;E:550:;E:551:;E:552:;E:553:;E:554:;E:555:,E:551:
transferrin_ps,hydrophobic,38,3,alternative interface,C:111:,GLN,111,C,6,2,10.3462162162567,0.3333333333333333,0.34808,0.06197,0.9942616694627792,C:107:;C:108:;C:109:;C:110:;C:111:;C:113:,C:107:;C:109:
transferrin_ps,hydrophobic,39,3,alternative interface,C:279:,SER,279,C,11,2,11.999553768612355,0.18181818181818182,0.4117700000000001,0.054400000000000004,0.9939723785691224,C:273:;C:274:;C:275:;C:276:;C:277:;C:278:;C:279:;C:280:;C:281:;C:282:;C:283:,C:274:;C:282:
transferrin_ps,hydrophobic,40,3,alternative interface,C:106:,GLY,106,C,6,1,11.591122309018827,0.16666666666666666,0.4825683333333333,0.026459999999999997,0.994827655650146,C:103:;C:104:;C:105:;C:106:;C:107:;C:108:,C:107:
transferrin_ps,hydrophobic,41,4,alternative interface,C:183:,ASN,183,C,10,2,11.295919847643065,0.2,0.30332899999999996,0.38325000000000004,0.9921367360442559,C:178:;C:179:;C:180:;C:181:;C:182:;C:183:;C:184:;C:185:;C:186:;C:190:,C:182:;C:186:
transferrin_ps,hydrophobic,42,4,alternative interface,E:379:,ALA,379,E,7,3,12.886345464064972,0.42857142857142855,0.32175000000000004,0.27858,0.829226036766533,E:375:;E:376:;E:379:;E:380:;E:382:;E:383:;E:667:,E:379:;E:382:;E:667:
transferrin_ps,hydrophobic,43,4,alternative interface,E:351:,GLU,351,E,8,2,10.674216433038708,0.25,0.319135,0.27391,0.9928122160002415,E:347:;E:348:;E:349:;E:350:;E:351:;E:352:;E:353:;E:354:,E:347:;E:353:
transferrin_ps,hydrophobic,44,4,alternative interface,E:421:,PRO,421,E,6,2,13.803174405952888,0.3333333333333333,0.44519666666666663,0.26722,0.9878012095578942,E:419:;E:420:;E:421:;E:422:;E:423:;E:637:,E:420:;E:421:
transferrin_ps,hydrophobic,45,4,alternative interface,E:578:,LYS,578,E,7,3,14.55594892914257,0.42857142857142855,0.32403,0.26614,0.986798819024282,E:423:;E:425:;E:426:;E:575:;E:577:;E:578:;E:580:,E:426:;E:577:;E:580:
transferrin_ps,hydrophobic,46,4,alternative interface,E:566:,LYS,566,E,7,1,12.00095052439686,0.14285714285714285,0.3292657142857142,0.25474,0.9933709206482397,E:557:;E:560:;E:564:;E:565:;E:566:;E:567:;E:570:,E:567:
transferrin_ps,hydrophobic,47,4,alternative interface,C:230:,ASN,230,C,8,2,11.739497612723046,0.25,0.37551750000000006,0.24344000000000002,0.9920997722580118,C:108:;C:109:;C:110:;C:228:;C:229:;C:230:;C:231:;C:232:,C:109:;C:228:
transferrin_ps,hydrophobic,48,4,alternative interface,E:341:,ALA,341,E,7,2,11.83249517326564,0.2857142857142857,0.46655142857142856,0.21644,0.9879474533029314,E:339:;E:340:;E:341:;E:343:;E:364:;E:365:;E:367:,E:341:;E:365:
transferrin_ps,hydrophobic,49,4,alternative interface,C:264:,TRP,264,C,8,3,12.337969773129233,0.375,0.4203950000000001,0.21582,0.9829551873555269,C:260:;C:261:;C:262:;C:264:;C:265:;C:268:;C:304:;C:80:,C:262:;C:264:;C:80:
transferrin_ps,hydrophobic,50,4,alternative interface,E:670:,ALA,670,E,8,4,11.01220187677978,0.5,0.22855,0.21312,0.5499333781543537,C:313:;E:666:;E:667:;E:669:;E:670:;E:671:;E:672:;E:673:,C:313:;E:667:;E:670:;E:673:
transferrin_ps,hydrophobic,51,4,alternative interface,C:31:,PRO,31,C,7,2,12.315380433798552,0.2857142857142857,0.5328085714285714,0.20979,0.9923595411403857,C:27:;C:28:;C:29:;C:31:;C:32:;C:33:;C:34:,C:29:;C:31:
transferrin_ps,hydrophobic,52,4,alternative interface,E:486:,GLY,486,E,6,3,10.763394163201186,0.5,0.2906066666666666,0.19882000000000002,0.9699342102143209,E:453:;E:486:;E:487:;E:488:;E:504:;E:505:,E:453:;E:504:;E:505:
transferrin_ps,hydrophobic,53,4,alternative interface,E:533:,GLN,533,E,5,2,14.07834171328755,0.4,0.34127799999999997,0.18045000000000003,0.9906821484989973,E:426:;E:532:;E:533:;E:536:;E:537:,E:426:;E:536:
transferrin_ps,hydrophobic,54,4,alternative interface,E:596:,GLN,596,E,6,2,12.21489977016606,0.3333333333333333,0.52403,0.16346,0.9925571419918894,E:592:;E:595:;E:596:;E:597:;E:599:;E:600:,E:592:;E:599:
transferrin_ps,hydrophobic,55,4,alternative interface,C:124:,ARG,124,C,6,3,10.813066151589165,0.5,0.1389316666666667,0.13516999999999998,0.9842278124392156,C:122:;C:123:;C:124:;C:128:;C:129:;C:66:,C:122:;C:128:;C:66:
transferrin_ps,hydrophobic,56,4,alternative interface,E:617:,CYS,617,E,8,3,12.107090798748352,0.375,0.25416625,0.07792,0.9923003862539405,E:605:;E:607:;E:612:;E:615:;E:616:;E:617:;E:619:;E:620:,E:605:;E:616:;E:619:
transferrin_ps,hydrophobic,57,5,alternative interface,C:69:,ASP,69,C,5,2,10.225402394805274,0.4,0.274844,0.2505,0.977860072242063,C:66:;C:68:;C:69:;C:71:;C:72:,C:66:;C:72:
transferrin_ps,hydrophobic,58,5,alternative interface,E:467:,TYR,467,E,10,3,12.303697606986187,0.3,0.313266,0.23007000000000002,0.9863972709239265,E:464:;E:465:;E:467:;E:468:;E:469:;E:470:;E:471:;E:472:;E:473:;E:659:,E:465:;E:470:;E:659:
transferrin_ps,hydrophobic,59,5,alternative interface,C:92:,GLN,92,C,9,3,14.739369174407917,0.3333333333333333,0.34665333333333337,0.21416000000000002,0.9761949617546689,C:84:;C:86:;C:87:;C:90:;C:91:;C:92:;C:93:;C:94:;E:675:,C:84:;C:91:;C:94:
transferrin_ps,hydrophobic,60,5,alternative interface,C:319:,TYR,319,C,6,1,10.302908039556803,0.16666666666666666,0.37357999999999997,0.19492,0.9717388448328638,C:316:;C:317:;C:318:;C:319:;C:321:;C:322:,C:322:
transferrin_ps,hydrophobic,61,5,alternative interface,C:324:,ARG,324,C,7,1,10.755330522087515,0.14285714285714285,0.44737,0.19492,0.989707800263524,C:321:;C:322:;C:324:;C:325:;C:327:;C:328:;C:329:,C:322:
transferrin_ps,hydrophobic,62,5,alternative interface,C:233:,LYS,233,C,7,1,12.505733415848718,0.14285714285714285,0.35121857142857144,0.1732,0.9904203786418069,C:224:;C:231:;C:232:;C:233:;C:234:;C:237:;C:238:,C:234:
transferrin_ps,hydrophobic,63,5,alternative interface,C:88:,LYS,88,C,7,1,10.377561745012825,0.14285714285714285,0.5293171428571429,0.15984,0.987191048410822,C:300:;C:86:;C:87:;C:88:;C:89:;C:90:;C:91:,C:91:
transferrin_ps,hydrophobic,64,5,alternative interface,E:510:,GLY,510,E,8,2,13.069046708391554,0.25,0.32154625,0.15708,0.9853940743200658,E:498:;E:499:;E:500:;E:507:;E:508:;E:510:;E:512:;E:516:,E:498:;E:500:
transferrin_ps,hydrophobic,65,5,alternative interface,E:459:,TRP,459,E,7,3,11.855882882182973,0.42857142857142855,0.14783142857142859,0.15615,0.9801497239668154,E:453:;E:454:;E:455:;E:459:;E:460:;E:461:;E:464:,E:453:;E:459:;E:461:
transferrin_ps,hydrophobic,66,5,alternative interface,C:242:,HIS,242,C,8,2,13.294544869995564,0.25,0.38514875000000004,0.12949,0.9822357234014412,C:228:;C:238:;C:239:;C:240:;C:242:;C:244:;C:245:;C:96:,C:228:;C:244:
transferrin_ps,hydrophobic,67,5,alternative interface,C:161:,CYS,161,C,5,1,10.762630549483056,0.2,0.379388,0.11039,0.9923633534575809,C:122:;C:161:;C:163:;C:178:;C:179:,C:122:
transferrin_ps,hydrophobic,68,5,alternative interface,C:199:,ALA,199,C,7,2,12.590803503560723,0.2857142857142857,0.35461714285714285,0.09928000000000001,0.9906273578075175,C:116:;C:173:;C:196:;C:197:;C:198:;C:199:;C:201:,C:173:;C:199:
transferrin_ps,hydrophobic,69,5,alternative interface,E:442:,ASN,442,E,6,1,11.946613497946272,0.16666666666666666,0.41239000000000003,0.02973,0.9915215163938401,E:439:;E:440:;E:441:;E:442:;E:444:;E:445:,E:440:
transferrin_ps,hydrophobic,70,5,alternative interface,E:389:,MET,389,E,2,1,7.301008623094947,0.5,0.07432,0.02161,0.9789269286761145,E:387:;E:389:,E:389:
transferrin_ps,hydrophobic,71,6,alternative interface,E:506:,ASN,506,E,12,4,14.600362824607108,0.3333333333333333,0.21942416666666667,0.17849,0.9757533910526586,E:347:;E:348:;E:372:;E:373:;E:374:;E:504:;E:505:;E:506:;E:507:;E:508:;E:512:;E:513:,E:347:;E:374:;E:504:;E:505:
transferrin_ps,hydrophobic,72,6,alternative interface,C:312:,LYS,312,C,6,1,12.152428677044044,0.16666666666666666,0.32862166666666665,0.09253,0.8487485795825874,C:310:;C:312:;C:313:;C:316:;C:317:;C:68:,C:313:
transferrin_ps,hydrophobic,73,6,alternative interface,C:187:,GLY,187,C,8,1,12.049889219945255,0.125,0.14614125,0.08821,0.9910029762530691,C:180:;C:181:;C:185:;C:186:;C:187:;C:188:;C:189:;C:190:,C:186:
transferrin_ps,hydrophobic,74,6,alternative interface,E:674:,HIS,674,E,9,2,14.33003041078174,0.2222222222222222,0.24129000000000003,0.08204,0.8487058338147963,C:316:;C:93:;C:94:;E:671:;E:672:;E:673:;E:674:;E:675:;E:676:,C:94:;E:673:
transferrin_ps,hydrophobic,75,6,alternative interface,E:495:,GLU,495,E,7,2,11.090883910222276,0.2857142857142857,0.32484428571428575,0.05944,0.9896331740691033,E:481:;E:490:;E:491:;E:492:;E:493:;E:495:;E:496:,E:493:;E:496:
transferrin_ps,hydrophobic,76,6,alternative interface,E:476:,ASP,476,E,9,2,12.010282428649457,0.2222222222222222,0.3336811111111111,0.04407,0.9868706444793058,E:474:;E:475:;E:476:;E:477:;E:480:;E:481:;E:491:;E:492:;E:493:,E:475:;E:493:
transferrin_ps,hydrophobic,77,6,alternative interface,E:643:,THR,643,E,8,1,10.179322622468403,0.125,0.41424249999999996,0.04011,0.9844145037770912,E:405:;E:641:;E:642:;E:643:;E:644:;E:645:;E:646:;E:647:,E:405:
transferrin_ps,hydrophobic,78,6,alternative interface,E:630:,ASP,630,E,6,1,10.166207076352324,0.16666666666666666,0.29906166666666667,0.024990000000000002,0.9905523002326984,E:619:;E:620:;E:624:;E:625:;E:630:;E:631:,E:619:
transferrin_ps,hydrophobic,79,6,alternative interface,C:271:,GLN,271,C,8,1,13.054948557496074,0.125,0.32078125,0.020579999999999998,0.9897120548504235,C:268:;C:269:;C:271:;C:272:;C:273:;C:274:;C:275:;C:276:,C:274:
transferrin_ps,hydrophobic,80,7,alternative interface,E:384:,GLY,384,E,6,1,9.049959820345746,0.16666666666666666,0.2783116666666666,0.058440000000000006,0.9738949206422072,E:380:;E:382:;E:383:;E:384:;E:385:;E:387:,E:382:
transferrin_ps,hydrophobic,81,7,alternative interface,E:370:,SER,370,E,6,1,10.72009551353111,0.16666666666666666,0.32476,0.053070000000000006,0.9787500931538143,E:347:;E:348:;E:352:;E:369:;E:370:;E:372:,E:347:
transferrin_ps,pi_carbon,1,1,primary plausible interface,E:350:,HIS,350,E,10,4,13.160283831756175,0.4,0.327952,0.8281499999999999,0.9865085154567818,E:347:;E:348:;E:349:;E:350:;E:351:;E:352:;E:353:;E:354:;E:507:;E:623:,E:349:;E:350:;E:352:;E:354:
transferrin_ps,pi_carbon,2,1,primary plausible interface,C:279:,SER,279,C,11,6,11.999553768612355,0.5454545454545454,0.4117700000000001,0.7198300000000001,0.9939723785691224,C:273:;C:274:;C:275:;C:276:;C:277:;C:278:;C:279:;C:280:;C:281:;C:282:;C:283:,C:273:;C:274:;C:276:;C:278:;C:280:;C:282:
transferrin_ps,pi_carbon,3,1,primary plausible interface,C:146:,LEU,146,C,7,4,13.07352100920367,0.5714285714285714,0.4124842857142857,0.6719700000000001,0.9941141854259019,C:143:;C:144:;C:145:;C:146:;C:147:;C:148:;C:327:,C:143:;C:144:;C:148:;C:327:
transferrin_ps,pi_carbon,4,1,primary plausible interface,E:641:,LYS,641,E,8,5,12.872122362453268,0.625,0.46045375000000005,0.65777,0.9914593605825587,E:639:;E:640:;E:641:;E:642:;E:643:;E:644:;E:646:;E:647:,E:639:;E:641:;E:644:;E:646:;E:647:
transferrin_ps,pi_carbon,5,1,primary plausible interface,E:416:,ASP,416,E,6,2,9.517755984396109,0.3333333333333333,0.5400566666666667,0.5951,0.9942892693008177,E:414:;E:415:;E:416:;E:417:;E:418:;E:419:,E:418:;E:419:
transferrin_ps,pi_carbon,6,1,primary plausible interface,E:473:,CYS,473,E,7,5,12.622959216531298,0.7142857142857143,0.4325800000000001,0.51483,0.9835842469159806,E:467:;E:471:;E:472:;E:473:;E:474:;E:475:;E:661:,E:467:;E:472:;E:474:;E:475:;E:661:
transferrin_ps,pi_carbon,7,1,primary plausible interface,E:622:,LYS,622,E,5,4,11.226593869411436,0.8,0.500896,0.51286,0.9880537514428984,E:354:;E:620:;E:622:;E:623:;E:624:,E:354:;E:620:;E:622:;E:624:
transferrin_ps,pi_carbon,8,1,primary plausible interface,C:142:,PRO,142,C,6,2,11.228435702185585,0.3333333333333333,0.5446933333333334,0.49475,0.9929456185003668,C:140:;C:141:;C:142:;C:143:;C:144:;C:145:,C:143:;C:144:
transferrin_ps,pi_carbon,9,1,primary plausible interface,E:571:,ALA,571,E,9,2,14.627576620726646,0.2222222222222222,0.4225144444444444,0.49146999999999996,0.9950267758592058,E:426:;E:532:;E:567:;E:569:;E:570:;E:571:;E:572:;E:573:;E:575:,E:572:;E:575:
transferrin_ps,pi_carbon,10,1,primary plausible interface,C:196:,LYS,196,C,5,2,8.617010683270731,0.4,0.40210799999999997,0.4806,0.99649387639105,C:193:;C:196:;C:197:;C:198:;C:199:,C:193:;C:196:
transferrin_ps,pi_carbon,11,1,primary plausible interface,C:307:,PRO,307,C,3,1,6.469833386377702,0.3333333333333333,0.5894766666666666,0.44478,0.9762845558300296,C:306:;C:307:;C:308:,C:308:
transferrin_ps,pi_carbon,12,1,primary plausible interface,C:290:,GLY,290,C,7,3,12.027723243051371,0.42857142857142855,0.46863714285714286,0.4443,0.9938949316516992,C:14:;C:286:;C:288:;C:289:;C:290:;C:291:;C:292:,C:14:;C:289:;C:291:
transferrin_ps,pi_carbon,13,1,primary plausible interface,E:617:,CYS,617,E,8,5,12.107090798748352,0.625,0.25416625,0.43265,0.9923003862539405,E:605:;E:607:;E:612:;E:615:;E:616:;E:617:;E:619:;E:620:,E:605:;E:615:;E:616:;E:619:;E:620:
transferrin_ps,pi_carbon,14,1,primary plausible interface,C:220:,ARG,220,C,11,4,13.063927071402285,0.36363636363636365,0.5174009090909091,0.42008,0.9927277416920026,C:211:;C:214:;C:215:;C:216:;C:217:;C:218:;C:219:;C:220:;C:221:;C:222:;C:223:,C:211:;C:217:;C:220:;C:223:
transferrin_ps,pi_carbon,15,1,primary plausible interface,C:115:,LYS,115,C,6,3,11.152119894408061,0.5,0.4638366666666667,0.41914999999999997,0.9931490552752528,C:113:;C:114:;C:115:;C:116:;C:155:;C:201:,C:113:;C:115:;C:116:
transferrin_ps,pi_carbon,16,1,primary plausible interface,E:338:,GLU,338,E,5,1,10.620365591115965,0.2,0.64634,0.35497,0.9922001338696267,E:336:;E:337:;E:338:;E:339:;E:340:,E:340:
transferrin_ps,pi_carbon,17,1,primary plausible interface,C:105:,SER,105,C,7,3,11.261916776629318,0.42857142857142855,0.5087014285714286,0.3102,0.9928367824816084,C:102:;C:103:;C:104:;C:105:;C:106:;C:107:;C:201:,C:102:;C:103:;C:107:
transferrin_ps,pi_carbon,18,1,primary plausible interface,E:544:,SER,544,E,6,2,11.692689817142911,0.3333333333333333,0.5662250000000001,0.28311,0.9948847553261775,E:541:;E:542:;E:544:;E:545:;E:546:;E:549:,E:542:;E:549:
transferrin_ps,pi_carbon,19,1,primary plausible interface,C:190:,GLY,190,C,9,4,12.038346504440977,0.4444444444444444,0.22331333333333336,0.27792,0.9944170006137073,C:183:;C:184:;C:185:;C:186:;C:187:;C:188:;C:189:;C:190:;C:193:,C:185:;C:186:;C:188:;C:193:
transferrin_ps,pi_carbon,20,1,primary plausible interface,E:651:,ASP,651,E,6,1,10.20801278836847,0.16666666666666666,0.6684116666666666,0.25908000000000003,0.9870705345047158,E:649:;E:650:;E:651:;E:653:;E:654:;E:655:,E:654:
transferrin_ps,pi_carbon,21,1,primary plausible interface,E:435:,ASN,435,E,7,2,10.727007710993838,0.2857142857142857,0.5033214285714286,0.25564,0.996056482733069,E:432:;E:433:;E:434:;E:435:;E:436:;E:437:;E:526:,E:432:;E:433:
transferrin_ps,pi_carbon,22,1,primary plausible interface,E:523:,GLU,523,E,4,2,8.279012306365873,0.5,0.317785,0.22539,0.9960010746976856,E:519:;E:522:;E:523:;E:524:,E:519:;E:524:
transferrin_ps,pi_carbon,23,1,primary plausible interface,E:613:,SER,613,E,6,2,8.575617055730593,0.3333333333333333,0.516545,0.17657,0.9973399397531707,E:611:;E:612:;E:613:;E:614:;E:615:;E:616:,E:615:;E:616:
transferrin_ps,pi_carbon,24,1,primary plausible interface,C:257:,GLY,257,C,5,2,9.294464941659886,0.4,0.598588,0.14233,0.9884296570623577,C:254:;C:255:;C:256:;C:257:;C:259:,C:254:;C:259:
transferrin_ps,pi_carbon,25,1,primary plausible interface,C:138:,ASP,138,C,4,1,8.589500777308245,0.25,0.4213675,0.07088,0.9973764433870925,C:136:;C:137:;C:138:;C:140:,C:136:
transferrin_ps,pi_carbon,26,2,alternative interface,E:657:,SER,657,E,8,2,10.428529032773879,0.25,0.4013875,0.65544,0.9801700664615821,E:653:;E:654:;E:655:;E:656:;E:657:;E:658:;E:659:;E:660:,E:654:;E:660:
transferrin_ps,pi_carbon,27,2,alternative interface,E:663:,SER,663,E,5,2,10.505688551783264,0.4,0.42945399999999995,0.6285799999999999,0.9682634297392606,E:659:;E:660:;E:661:;E:663:;E:664:,E:660:;E:661:
transferrin_ps,pi_carbon,28,2,alternative interface,C:238:,TYR,238,C,10,6,14.733044053065894,0.6,0.432036,0.61851,0.9891745330488901,C:207:;C:233:;C:234:;C:236:;C:237:;C:238:;C:239:;C:240:;C:242:;C:96:,C:207:;C:233:;C:238:;C:239:;C:242:;C:96:
transferrin_ps,pi_carbon,29,2,alternative interface,E:447:,LYS,447,E,7,4,14.189458563881548,0.5714285714285714,0.37425428571428565,0.58038,0.9893342953702244,E:445:;E:446:;E:447:;E:480:;E:481:;E:524:;E:526:,E:446:;E:447:;E:480:;E:524:
transferrin_ps,pi_carbon,30,2,alternative interface,E:540:,GLY,540,E,9,3,12.475787529269306,0.3333333333333333,0.4815344444444445,0.58003,0.9934290169777861,E:536:;E:540:;E:541:;E:542:;E:549:;E:550:;E:551:;E:552:;E:553:,E:542:;E:549:;E:552:
transferrin_ps,pi_carbon,31,2,alternative interface,C:224:,GLU,224,C,9,5,12.585792956988268,0.5555555555555556,0.38264444444444445,0.54645,0.9925390003526706,C:102:;C:103:;C:221:;C:222:;C:223:;C:224:;C:232:;C:233:;C:234:,C:102:;C:103:;C:223:;C:232:;C:233:
transferrin_ps,pi_carbon,32,2,alternative interface,C:25:,HIS,25,C,9,4,12.896609415069488,0.4444444444444444,0.4393988888888889,0.48082,0.9893063431265766,C:21:;C:23:;C:24:;C:25:;C:27:;C:281:;C:282:;C:28:;C:29:,C:23:;C:25:;C:27:;C:282:
transferrin_ps,pi_carbon,33,2,alternative interface,E:555:,ASP,555,E,9,3,13.148558539461934,0.3333333333333333,0.48985333333333336,0.47847,0.9924264588666787,E:432:;E:433:;E:434:;E:551:;E:552:;E:553:;E:554:;E:555:;E:557:,E:432:;E:433:;E:552:
transferrin_ps,pi_carbon,34,2,alternative interface,C:36:,SER,36,C,8,3,14.276929831208298,0.375,0.48920499999999995,0.44738,0.985838901495567,C:23:;C:27:;C:34:;C:36:;C:38:;C:3:;C:4:;C:5:,C:23:;C:27:;C:4:
transferrin_ps,pi_carbon,35,2,alternative interface,C:310:,ASP,310,C,6,4,12.641387764438718,0.6666666666666666,0.4301333333333334,0.42825,0.9408987970836384,C:308:;C:310:;C:312:;C:313:;C:71:;C:78:,C:308:;C:312:;C:71:;C:78:
transferrin_ps,pi_carbon,36,2,alternative interface,C:47:,ASP,47,C,7,3,11.645559797297988,0.42857142857142855,0.45704285714285714,0.39064,0.9921898192713259,C:42:;C:43:;C:44:;C:45:;C:46:;C:47:;C:50:,C:42:;C:45:;C:50:
transferrin_ps,pi_carbon,37,2,alternative interface,C:111:,GLN,111,C,6,2,10.3462162162567,0.3333333333333333,0.34808,0.32488999999999996,0.9942616694627792,C:107:;C:108:;C:109:;C:110:;C:111:;C:113:,C:107:;C:113:
transferrin_ps,pi_carbon,38,2,alternative interface,C:262:,LEU,262,C,9,3,12.501593827814824,0.3333333333333333,0.4900788888888889,0.32081000000000004,0.9910337346555705,C:259:;C:260:;C:261:;C:262:;C:264:;C:265:;C:3:;C:4:;C:5:,C:259:;C:264:;C:4:
transferrin_ps,pi_carbon,39,2,alternative interface,E:577:,ALA,577,E,5,2,10.546728486303637,0.4,0.27653999999999995,0.26592,0.9926255339178857,E:426:;E:461:;E:575:;E:577:;E:578:,E:575:;E:578:
transferrin_ps,pi_carbon,40,2,alternative interface,E:470:,ILE,470,E,6,3,8.577743594317065,0.5,0.37830500000000006,0.25509,0.9935154003713388,E:467:;E:468:;E:469:;E:470:;E:471:;E:472:,E:467:;E:469:;E:472:
transferrin_ps,pi_carbon,41,2,alternative interface,E:444:,GLU,444,E,6,2,15.207660026706744,0.3333333333333333,0.5031783333333334,0.18588000000000002,0.9895098929161796,E:441:;E:442:;E:444:;E:445:;E:446:;E:480:,E:446:;E:480:
transferrin_ps,pi_carbon,42,2,alternative interface,C:166:,ASP,166,C,6,1,7.484058725115682,0.16666666666666666,0.51255,0.11063,0.9971008164837616,C:163:;C:164:;C:165:;C:166:;C:167:;C:168:,C:167:
transferrin_ps,pi_carbon,43,2,alternative interface,E:547:,TRP,547,E,8,3,12.643573671823637,0.375,0.45288125,0.03752,0.9935676173922872,E:519:;E:522:;E:545:;E:546:;E:547:;E:549:;E:550:;E:551:,E:519:;E:547:;E:549:
transferrin_ps,pi_carbon,44,3,alternative interface,E:675:,LYS,675,E,9,5,14.326278224004321,0.5555555555555556,0.2627777777777778,0.50352,0.9339790540976206,C:245:;C:92:;C:93:;C:94:;E:672:;E:673:;E:674:;E:675:;E:676:,C:94:;E:673:;E:674:;E:675:;E:676:
transferrin_ps,pi_carbon,45,3,alternative interface,E:590:,LYS,590,E,7,3,11.250317784732454,0.42857142857142855,0.4248342857142857,0.49104,0.9810724413701808,E:387:;E:587:;E:588:;E:589:;E:590:;E:591:;E:592:,E:587:;E:588:;E:590:
transferrin_ps,pi_carbon,46,3,alternative interface,C:11:,VAL,11,C,12,4,13.663511165309552,0.3333333333333333,0.3208358333333334,0.46553,0.9895674870931259,C:11:;C:12:;C:13:;C:14:;C:15:;C:16:;C:180:;C:41:;C:42:;C:43:;C:44:;C:45:,C:14:;C:41:;C:42:;C:45:
transferrin_ps,pi_carbon,47,3,alternative interface,E:645:,GLU,645,E,8,3,12.087614041987699,0.375,0.43766125,0.45588,0.9779638573057752,E:643:;E:644:;E:645:;E:646:;E:647:;E:649:;E:650:;E:653:,E:644:;E:646:;E:647:
transferrin_ps,pi_carbon,48,3,alternative interface,E:341:,ALA,341,E,7,2,11.83249517326564,0.2857142857142857,0.46655142857142856,0.44854999999999995,0.9879474533029314,E:339:;E:340:;E:341:;E:343:;E:364:;E:365:;E:367:,E:340:;E:343:
transferrin_ps,pi_carbon,49,3,alternative interface,E:630:,ASP,630,E,6,3,10.166207076352324,0.5,0.29906166666666667,0.38472,0.9905523002326984,E:619:;E:620:;E:624:;E:625:;E:630:;E:631:,E:619:;E:620:;E:624:
transferrin_ps,pi_carbon,50,3,alternative interface,E:476:,ASP,476,E,9,3,12.010282428649457,0.3333333333333333,0.3336811111111111,0.34295000000000003,0.9868706444793058,E:474:;E:475:;E:476:;E:477:;E:480:;E:481:;E:491:;E:492:;E:493:,E:474:;E:475:;E:480:
transferrin_ps,pi_carbon,51,3,alternative interface,E:420:,ALA,420,E,7,3,11.678616139598828,0.42857142857142855,0.45383,0.32578,0.9894764094461508,E:418:;E:419:;E:420:;E:421:;E:422:;E:637:;E:639:,E:418:;E:419:;E:639:
transferrin_ps,pi_carbon,52,3,alternative interface,C:303:,LEU,303,C,4,2,10.373774785414117,0.5,0.3192475,0.3161,0.9714700538044752,C:303:;C:304:;C:82:;C:84:,C:304:;C:84:
transferrin_ps,pi_carbon,53,3,alternative interface,C:68:,TYR,68,C,6,3,11.973785223155279,0.5,0.32452,0.28464,0.9792283341202923,C:312:;C:66:;C:68:;C:69:;C:71:;C:72:,C:312:;C:68:;C:71:
transferrin_ps,pi_carbon,54,3,alternative interface,C:324:,ARG,324,C,7,2,10.755330522087515,0.2857142857142857,0.44737,0.25007999999999997,0.989707800263524,C:321:;C:322:;C:324:;C:325:;C:327:;C:328:;C:329:,C:324:;C:327:
transferrin_ps,pi_carbon,55,3,alternative interface,C:17:,THR,17,C,8,2,12.51322949745554,0.25,0.43299374999999996,0.23995999999999998,0.9910463414747718,C:13:;C:14:;C:15:;C:16:;C:17:;C:20:;C:21:;C:289:,C:14:;C:289:
transferrin_ps,pi_carbon,56,3,alternative interface,E:595:,LYS,595,E,6,2,12.188044201317224,0.3333333333333333,0.45535,0.23260999999999998,0.9918696224636535,E:591:;E:592:;E:595:;E:596:;E:597:;E:599:,E:595:;E:597:
transferrin_ps,pi_carbon,57,3,alternative interface,C:316:,GLY,316,C,8,5,12.067102433184582,0.625,0.31637875,0.23163,0.7260712514463944,C:312:;C:313:;C:316:;C:317:;C:318:;C:319:;E:673:;E:674:,C:312:;C:317:;C:319:;E:673:;E:674:
transferrin_ps,pi_carbon,58,3,alternative interface,C:271:,GLN,271,C,8,3,13.054948557496074,0.375,0.32078125,0.22441,0.9897120548504235,C:268:;C:269:;C:271:;C:272:;C:273:;C:274:;C:275:;C:276:,C:273:;C:274:;C:276:
transferrin_ps,pi_carbon,59,3,alternative interface,C:208:,SER,208,C,5,2,10.18039547285931,0.4,0.204738,0.19255,0.9907997144092252,C:207:;C:208:;C:211:;C:212:;C:298:,C:207:;C:211:
transferrin_ps,pi_carbon,60,3,alternative interface,E:565:,ARG,565,E,8,2,13.69119772418056,0.25,0.2809325,0.18481999999999998,0.9921440944683312,E:439:;E:557:;E:560:;E:563:;E:564:;E:565:;E:566:;E:567:,E:565:;E:566:
transferrin_ps,pi_carbon,61,3,alternative interface,C:213:,ASN,213,C,6,1,13.60065165961764,0.16666666666666666,0.30485999999999996,0.17299,0.9932341466830129,C:189:;C:211:;C:212:;C:213:;C:214:;C:215:,C:211:
transferrin_ps,pi_carbon,62,3,alternative interface,E:516:,GLY,516,E,6,2,9.884033015688193,0.3333333333333333,0.23525333333333331,0.15606,0.9941840421984467,E:510:;E:512:;E:513:;E:515:;E:516:;E:519:,E:512:;E:519:
transferrin_ps,pi_carbon,63,3,alternative interface,E:397:,TYR,397,E,5,3,12.04747158357007,0.6,0.164188,0.09039,0.9497174715024829,E:395:;E:397:;E:401:;E:644:;E:653:,E:395:;E:397:;E:644:
transferrin_ps,pi_carbon,64,3,alternative interface,E:600:,ASP,600,E,8,1,13.371360499288128,0.125,0.44904875,0.0864,0.9932858215644494,E:596:;E:597:;E:599:;E:600:;E:601:;E:602:;E:603:;E:604:,E:597:
transferrin_ps,pi_carbon,65,3,alternative interface,C:122:,LEU,122,C,5,2,11.372643640949773,0.4,0.15791000000000005,0.06892000000000001,0.9920384130853203,C:122:;C:123:;C:124:;C:128:;C:161:,C:124:;C:128:
transferrin_ps,pi_carbon,66,3,alternative interface,E:440:,TRP,440,E,9,1,11.727722186759115,0.1111111111111111,0.36110444444444445,0.040670000000000005,0.9933382284192647,E:439:;E:440:;E:441:;E:442:;E:560:;E:561:;E:562:;E:563:;E:564:,E:440:
transferrin_ps,pi_carbon,67,3,alternative interface,E:582:,HIS,582,E,2,1,6.527833149123939,0.5,0.089085,0.030539999999999998,0.990629351380457,E:580:;E:582:,E:582:
transferrin_ps,pi_carbon,68,4,alternative interface,C:91:,PRO,91,C,9,2,12.670115597455261,0.2222222222222222,0.43982666666666664,0.3099,0.9862342051963753,C:84:;C:86:;C:87:;C:88:;C:89:;C:90:;C:91:;C:92:;C:93:,C:84:;C:88:
transferrin_ps,pi_carbon,69,4,alternative interface,C:40:,VAL,40,C,7,3,13.28904699593262,0.42857142857142855,0.30953285714285717,0.2618,0.9882711167913418,C:16:;C:38:;C:39:;C:40:;C:41:;C:42:;C:7:,C:41:;C:42:;C:7:
transferrin_ps,pi_carbon,70,4,alternative interface,E:488:,GLN,488,E,7,1,11.131068860090432,0.14285714285714285,0.44035857142857143,0.23961,0.9863588382844749,E:486:;E:487:;E:488:;E:489:;E:490:;E:491:;E:493:,E:489:
transferrin_ps,pi_carbon,71,4,alternative interface,C:53:,ALA,53,C,8,2,14.998217883825584,0.25,0.45265,0.22261,0.9885547103840526,C:254:;C:50:;C:53:;C:54:;C:55:;C:56:;C:75:;C:76:,C:254:;C:50:
transferrin_ps,pi_carbon,72,4,alternative interface,C:300:,HIS,300,C,8,4,13.466213198881448,0.5,0.2658025,0.20247,0.9822429992747416,C:275:;C:276:;C:298:;C:300:;C:84:;C:86:;C:87:;C:88:,C:276:;C:300:;C:84:;C:88:
transferrin_ps,pi_carbon,73,4,alternative interface,E:412:,TYR,412,E,6,2,13.628064790985567,0.3333333333333333,0.3398366666666666,0.17587,0.9891463094198072,E:412:;E:413:;E:414:;E:422:;E:631:;E:633:,E:412:;E:633:
transferrin_ps,pi_carbon,74,4,alternative interface,E:382:,MET,382,E,9,3,14.957870967804972,0.3333333333333333,0.3648711111111111,0.13974999999999999,0.8765809772331955,C:317:;E:379:;E:380:;E:382:;E:383:;E:384:;E:385:;E:403:;E:587:,C:317:;E:380:;E:587:
transferrin_ps,pi_carbon,75,4,alternative interface,C:169:,GLN,169,C,6,1,14.783490101966466,0.16666666666666666,0.372215,0.11063,0.9907382717914186,C:155:;C:164:;C:167:;C:168:;C:169:;C:172:,C:167:
transferrin_ps,pi_carbon,76,4,alternative interface,E:405:,VAL,405,E,8,3,13.095946950077611,0.375,0.4171475,0.09547,0.960992595111402,E:403:;E:405:;E:587:;E:588:;E:591:;E:642:;E:643:;E:644:,E:587:;E:588:;E:644:
transferrin_ps,pi_carbon,77,4,alternative interface,C:249:,HIS,249,C,2,1,6.238080347504644,0.5,0.085885,0.04616,0.9829561165685154,C:249:;C:82:,C:249:
transferrin_ps,pi_carbon,78,4,alternative interface,E:357:,GLU,357,E,8,2,12.60678189048084,0.25,0.4482225,0.04257,0.9894780280022113,E:353:;E:354:;E:356:;E:357:;E:359:;E:360:;E:361:;E:616:,E:354:;E:616:
transferrin_ps,pi_carbon,79,4,alternative interface,C:231:,THR,231,C,8,2,12.193803017392042,0.25,0.36051750000000005,0.04231,0.9906351912139418,C:108:;C:109:;C:228:;C:229:;C:230:;C:231:;C:232:;C:233:,C:232:;C:233:
transferrin_ps,pi_carbon,80,5,alternative interface,E:508:,ARG,508,E,11,2,13.36433336261186,0.18181818181818182,0.2876581818181818,0.26808,0.9821439328200285,E:348:;E:499:;E:500:;E:501:;E:502:;E:504:;E:506:;E:507:;E:508:;E:510:;E:512:,E:508:;E:512:
transferrin_ps,pi_carbon,81,5,alternative interface,E:669:,GLU,669,E,7,2,11.01220187677978,0.2857142857142857,0.23449142857142857,0.26119,0.6659336148821751,E:666:;E:667:;E:669:;E:670:;E:671:;E:672:;E:673:,E:666:;E:673:
transferrin_ps,pi_carbon,82,5,alternative interface,E:425:,TYR,425,E,7,2,14.889023715545928,0.2857142857142857,0.28257714285714286,0.20466,0.9849413386843878,E:422:;E:423:;E:425:;E:426:;E:532:;E:578:;E:580:,E:425:;E:578:
transferrin_ps,pi_carbon,83,5,alternative interface,C:244:,ALA,244,C,5,2,10.458419639386177,0.4,0.185784,0.19330999999999998,0.9794476027781609,C:130:;C:242:;C:244:;C:245:;C:96:,C:242:;C:96:
transferrin_ps,pi_carbon,84,5,alternative interface,C:181:,THR,181,C,12,3,14.59818351482023,0.25,0.3041191666666667,0.12069,0.9884073304968923,C:12:;C:14:;C:178:;C:179:;C:180:;C:181:;C:182:;C:183:;C:184:;C:185:;C:186:;C:187:,C:14:;C:185:;C:186:
transferrin_ps,pi_carbon,85,5,alternative interface,E:454:,ASP,454,E,6,3,11.174841479542053,0.5,0.14068166666666668,0.11561,0.9782071304327183,E:395:;E:453:;E:454:;E:455:;E:459:;E:460:,E:395:;E:455:;E:459:
transferrin_ps,pi_carbon,86,6,alternative interface,E:464:,GLY,464,E,11,2,13.53260943146893,0.18181818181818182,0.27354999999999996,0.09675,0.9770761315993076,E:459:;E:460:;E:461:;E:464:;E:465:;E:467:;E:468:;E:655:;E:656:;E:658:;E:659:,E:459:;E:467:
transferrin_ps,pi_carbon,87,6,alternative interface,C:129:,ASN,129,C,7,2,12.45271770254421,0.2857142857142857,0.21346571428571431,0.06892000000000001,0.9727060576112282,C:123:;C:124:;C:128:;C:129:;C:130:;C:133:;C:322:,C:124:;C:128:
transferrin_ps,pi_carbon,88,6,alternative interface,C:134:,LEU,134,C,5,1,13.217598237640509,0.2,0.296036,0.04292,0.987231774984797,C:130:;C:133:;C:134:;C:136:;C:137:,C:136:
transferrin_ps,hbond_donor,1,1,primary plausible interface,C:34:,GLY,34,C,7,4,11.361667161474076,0.5714285714285714,0.6041542857142856,0.79135,0.9940632889180003,C:31:;C:32:;C:33:;C:34:;C:36:;C:3:;C:4:,C:32:;C:33:;C:36:;C:3:
transferrin_ps,hbond_donor,2,1,primary plausible interface,E:491:,SER,491,E,9,7,11.924305196526985,0.7777777777777778,0.4513455555555555,0.77521,0.9876617121194151,E:476:;E:487:;E:488:;E:489:;E:490:;E:491:;E:492:;E:493:;E:495:,E:476:;E:487:;E:488:;E:490:;E:491:;E:492:;E:495:
transferrin_ps,hbond_donor,3,1,primary plausible interface,E:442:,ASN,442,E,6,4,11.946613497946272,0.6666666666666666,0.41239000000000003,0.71516,0.9915215163938401,E:439:;E:440:;E:441:;E:442:;E:444:;E:445:,E:439:;E:441:;E:442:;E:444:
transferrin_ps,hbond_donor,4,1,primary plausible interface,E:611:,ASP,611,E,6,3,9.401154405017172,0.5,0.6427483333333334,0.70797,0.9960632448928425,E:610:;E:611:;E:612:;E:613:;E:614:;E:615:,E:611:;E:613:;E:614:
transferrin_ps,hbond_donor,5,1,primary plausible interface,C:230:,ASN,230,C,8,5,11.739497612723046,0.625,0.37551750000000006,0.6931,0.9920997722580118,C:108:;C:109:;C:110:;C:228:;C:229:;C:230:;C:231:;C:232:,C:108:;C:110:;C:229:;C:230:;C:231:
transferrin_ps,hbond_donor,6,1,primary plausible interface,E:335:,LEU,335,E,6,3,12.381421266334854,0.5,0.7199683333333332,0.6873,0.9887728436496489,E:332:;E:333:;E:334:;E:335:;E:336:;E:337:,E:333:;E:336:;E:337:
transferrin_ps,hbond_donor,7,1,primary plausible interface,E:552:,LYS,552,E,7,4,11.45387184794258,0.5714285714285714,0.60089,0.67179,0.9945142100924461,E:540:;E:550:;E:551:;E:552:;E:553:;E:554:;E:555:,E:550:;E:553:;E:554:;E:555:
transferrin_ps,hbond_donor,8,1,primary plausible interface,E:433:,LYS,433,E,8,5,14.14426556834829,0.625,0.50585125,0.63975,0.9937645271418875,E:432:;E:433:;E:434:;E:435:;E:436:;E:554:;E:555:;E:557:,E:434:;E:435:;E:554:;E:555:;E:557:
transferrin_ps,hbond_donor,9,1,primary plausible interface,E:415:,THR,415,E,7,5,12.211357809748042,0.7142857142857143,0.4933528571428572,0.62371,0.9914142994054292,E:413:;E:414:;E:415:;E:416:;E:417:;E:607:;E:633:,E:413:;E:414:;E:415:;E:416:;E:607:
transferrin_ps,hbond_donor,10,1,primary plausible interface,E:359:,SER,359,E,9,5,11.746775020114585,0.5555555555555556,0.6076266666666668,0.6164200000000001,0.9912037695018571,E:356:;E:357:;E:359:;E:360:;E:361:;E:363:;E:364:;E:365:;E:367:,E:356:;E:357:;E:359:;E:361:;E:367:
transferrin_ps,hbond_donor,11,1,primary plausible interface,C:269:,GLN,269,C,6,5,12.484964336710373,0.8333333333333334,0.44182666666666676,0.54142,0.9906683924805626,C:265:;C:268:;C:269:;C:271:;C:272:;C:273:,C:265:;C:268:;C:269:;C:271:;C:272:
transferrin_ps,hbond_donor,12,1,primary plausible interface,C:15:,GLU,15,C,7,4,10.083379035726217,0.5714285714285714,0.31330142857142856,0.51603,0.9958231650439094,C:11:;C:12:;C:13:;C:14:;C:15:;C:16:;C:17:,C:12:;C:13:;C:15:;C:17:
transferrin_ps,hbond_donor,13,1,primary plausible interface,E:437:,ASP,437,E,4,3,9.812889094181529,0.75,0.5418099999999999,0.47658,0.9966729880826998,E:435:;E:436:;E:437:;E:439:,E:435:;E:437:;E:439:
transferrin_ps,hbond_donor,14,1,primary plausible interface,C:104:,ASP,104,C,5,2,8.846882331382588,0.4,0.595502,0.45285,0.9964053729205886,C:102:;C:103:;C:104:;C:105:;C:106:,C:104:;C:105:
transferrin_ps,hbond_donor,15,1,primary plausible interface,E:338:,GLU,338,E,5,3,10.620365591115965,0.6,0.64634,0.40822,0.9922001338696267,E:336:;E:337:;E:338:;E:339:;E:340:,E:336:;E:337:;E:338:
transferrin_ps,hbond_donor,16,1,primary plausible interface,E:640:,GLY,640,E,4,1,7.507261244361089,0.25,0.62491,0.27981,0.9979834175159726,E:639:;E:640:;E:641:;E:642:,E:642:
transferrin_ps,hbond_donor,17,2,alternative interface,C:222:,GLN,222,C,9,5,13.047275901071089,0.5555555555555556,0.4657877777777778,0.7490399999999999,0.9936494221430455,C:102:;C:103:;C:218:;C:219:;C:220:;C:221:;C:222:;C:223:;C:224:,C:219:;C:221:;C:222:;C:223:;C:224:
transferrin_ps,hbond_donor,18,2,alternative interface,C:164:,GLY,164,C,9,4,12.80681962572335,0.4444444444444444,0.5611900000000001,0.71771,0.9920961401318105,C:163:;C:164:;C:165:;C:166:;C:167:;C:168:;C:169:;C:175:;C:176:,C:163:;C:165:;C:166:;C:169:
transferrin_ps,hbond_donor,19,2,alternative interface,C:262:,LEU,262,C,9,5,12.501593827814824,0.5555555555555556,0.4900788888888889,0.65298,0.9910337346555705,C:259:;C:260:;C:261:;C:262:;C:264:;C:265:;C:3:;C:4:;C:5:,C:260:;C:261:;C:265:;C:3:;C:5:
transferrin_ps,hbond_donor,20,2,alternative interface,E:563:,GLY,563,E,9,4,11.355843537651364,0.4444444444444444,0.3292377777777778,0.59956,0.9945077768432405,E:439:;E:440:;E:441:;E:560:;E:561:;E:562:;E:563:;E:564:;E:565:,E:439:;E:441:;E:562:;E:564:
transferrin_ps,hbond_donor,21,2,alternative interface,C:321:,THR,321,C,8,6,12.176100937079084,0.75,0.4107,0.58056,0.9479353133427694,C:317:;C:318:;C:319:;C:321:;C:322:;C:324:;C:325:;E:383:,C:317:;C:318:;C:319:;C:321:;C:325:;E:383:
transferrin_ps,hbond_donor,22,2,alternative interface,E:571:,ALA,571,E,9,4,14.627576620726646,0.4444444444444444,0.4225144444444444,0.57724,0.9950267758592058,E:426:;E:532:;E:567:;E:569:;E:570:;E:571:;E:572:;E:573:;E:575:,E:532:;E:569:;E:570:;E:573:
transferrin_ps,hbond_donor,23,2,alternative interface,E:549:,LYS,549,E,10,3,12.420882446516641,0.3,0.5154380000000001,0.57105,0.9931077887858161,E:540:;E:541:;E:542:;E:544:;E:545:;E:546:;E:547:;E:549:;E:550:;E:551:,E:544:;E:545:;E:550:
transferrin_ps,hbond_donor,24,2,alternative interface,C:217:,LYS,217,C,8,3,11.139415615367954,0.375,0.56676125,0.5199199999999999,0.9950627428533478,C:214:;C:215:;C:216:;C:217:;C:218:;C:219:;C:220:;C:221:,C:216:;C:219:;C:221:
transferrin_ps,hbond_donor,25,2,alternative interface,C:71:,TYR,71,C,9,6,12.869162322566636,0.6666666666666666,0.3750966666666667,0.49056,0.9664765746947136,C:310:;C:68:;C:69:;C:71:;C:72:;C:73:;C:75:;C:76:;C:78:,C:310:;C:68:;C:69:;C:71:;C:75:;C:76:
transferrin_ps,hbond_donor,26,2,alternative interface,E:654:,LYS,654,E,8,3,12.301086676459065,0.375,0.5708975000000001,0.48549,0.9823387730717434,E:650:;E:651:;E:653:;E:654:;E:655:;E:656:;E:657:;E:658:,E:651:;E:657:;E:658:
transferrin_ps,hbond_donor,27,2,alternative interface,E:643:,THR,643,E,8,5,10.179322622468403,0.625,0.41424249999999996,0.46354,0.9844145037770912,E:405:;E:641:;E:642:;E:643:;E:644:;E:645:;E:646:;E:647:,E:642:;E:643:;E:644:;E:645:;E:647:
transferrin_ps,hbond_donor,28,2,alternative interface,E:649:,GLY,649,E,8,4,12.496647027981998,0.5,0.519095,0.44127000000000005,0.9797288073571606,E:644:;E:645:;E:646:;E:647:;E:649:;E:650:;E:651:;E:653:,E:644:;E:645:;E:647:;E:651:
transferrin_ps,hbond_donor,29,2,alternative interface,C:111:,GLN,111,C,6,3,10.3462162162567,0.5,0.34808,0.41641,0.9942616694627792,C:107:;C:108:;C:109:;C:110:;C:111:;C:113:,C:108:;C:110:;C:111:
transferrin_ps,hbond_donor,30,2,alternative interface,E:608:,THR,608,E,6,3,12.563581145055206,0.5,0.5839383333333333,0.4048,0.9937439507011769,E:603:;E:604:;E:605:;E:607:;E:608:;E:610:,E:604:;E:607:;E:608:
transferrin_ps,hbond_donor,31,2,alternative interface,C:182:,LEU,182,C,10,6,13.832758959499941,0.6,0.354063,0.40152,0.9899219401358541,C:12:;C:13:;C:178:;C:179:;C:180:;C:181:;C:182:;C:183:;C:184:;C:186:,C:12:;C:13:;C:180:;C:181:;C:183:;C:184:
transferrin_ps,hbond_donor,32,2,alternative interface,E:422:,GLU,422,E,8,5,14.146487582226708,0.625,0.33555999999999997,0.38222,0.9855349447858137,E:412:;E:413:;E:420:;E:421:;E:422:;E:423:;E:425:;E:580:,E:412:;E:413:;E:422:;E:423:;E:425:
transferrin_ps,hbond_donor,33,2,alternative interface,E:536:,LEU,536,E,6,3,12.97473469676095,0.5,0.4818733333333333,0.37860999999999995,0.9944054008369736,E:533:;E:536:;E:537:;E:540:;E:542:;E:553:,E:533:;E:537:;E:553:
transferrin_ps,hbond_donor,34,2,alternative interface,C:286:,SER,286,C,7,4,12.06819997525254,0.5714285714285714,0.42313142857142855,0.32909,0.9916415984313254,C:283:;C:286:;C:288:;C:290:;C:291:;C:292:;C:297:,C:283:;C:286:;C:292:;C:297:
transferrin_ps,hbond_donor,35,2,alternative interface,C:280:,LYS,280,C,7,4,10.41233084017692,0.5714285714285714,0.5397628571428571,0.3196,0.9947645156143403,C:277:;C:278:;C:279:;C:280:;C:281:;C:282:;C:283:,C:277:;C:279:;C:281:;C:283:
transferrin_ps,hbond_donor,36,2,alternative interface,E:664:,THR,664,E,3,2,8.486708030662767,0.6666666666666666,0.4793266666666667,0.30285,0.9701613254046421,E:663:;E:664:;E:666:,E:663:;E:664:
transferrin_ps,hbond_donor,37,2,alternative interface,E:624:,LYS,624,E,6,4,13.497011905271272,0.6666666666666666,0.41993499999999995,0.28581,0.9871973355827146,E:515:;E:622:;E:623:;E:624:;E:625:;E:630:,E:515:;E:623:;E:625:;E:630:
transferrin_ps,hbond_donor,38,2,alternative interface,C:211:,PHE,211,C,7,3,11.97319173936245,0.42857142857142855,0.2965542857142857,0.24379,0.9960983954306495,C:208:;C:211:;C:212:;C:213:;C:214:;C:215:;C:220:,C:208:;C:212:;C:213:
transferrin_ps,hbond_donor,39,2,alternative interface,C:196:,LYS,196,C,5,1,8.617010683270731,0.2,0.40210799999999997,0.13894,0.99649387639105,C:193:;C:196:;C:197:;C:198:;C:199:,C:197:
transferrin_ps,hbond_donor,40,2,alternative interface,E:513:,GLY,513,E,6,4,12.22439045661328,0.6666666666666666,0.14305500000000002,0.11091,0.9899979693850486,E:506:;E:507:;E:512:;E:513:;E:515:;E:516:,E:506:;E:507:;E:512:;E:515:
transferrin_ps,hbond_donor,41,3,alternative interface,C:329:,GLY,329,C,7,3,12.697883493276073,0.42857142857142855,0.49797142857142856,0.62589,0.9857553545363242,C:324:;C:325:;C:327:;C:328:;C:329:;C:330:;C:331:,C:325:;C:328:;C:330:
transferrin_ps,hbond_donor,42,3,alternative interface,C:91:,PRO,91,C,9,5,12.670115597455261,0.5555555555555556,0.43982666666666664,0.60778,0.9862342051963753,C:84:;C:86:;C:87:;C:88:;C:89:;C:90:;C:91:;C:92:;C:93:,C:87:;C:89:;C:90:;C:92:;C:93:
transferrin_ps,hbond_donor,43,3,alternative interface,E:602:,GLN,602,E,8,4,12.92964307833709,0.5,0.40214125,0.59813,0.9923561793990364,E:599:;E:600:;E:601:;E:602:;E:603:;E:604:;E:605:;E:607:,E:600:;E:602:;E:604:;E:607:
transferrin_ps,hbond_donor,44,3,alternative interface,C:238:,TYR,238,C,10,5,14.733044053065894,0.5,0.432036,0.57186,0.9891745330488901,C:207:;C:233:;C:234:;C:236:;C:237:;C:238:;C:239:;C:240:;C:242:;C:96:,C:236:;C:237:;C:238:;C:240:;C:96:
transferrin_ps,hbond_donor,45,3,alternative interface,C:20:,GLN,20,C,8,4,12.497694409438644,0.5,0.40461749999999996,0.54335,0.9898603890317406,C:16:;C:17:;C:20:;C:21:;C:23:;C:24:;C:38:;C:39:,C:17:;C:20:;C:21:;C:24:
transferrin_ps,hbond_donor,46,3,alternative interface,C:25:,HIS,25,C,9,4,12.896609415069488,0.4444444444444444,0.4393988888888889,0.43001,0.9893063431265766,C:21:;C:23:;C:24:;C:25:;C:27:;C:281:;C:282:;C:28:;C:29:,C:21:;C:24:;C:281:;C:28:
transferrin_ps,hbond_donor,47,3,alternative interface,E:354:,LYS,354,E,8,3,13.010069273826721,0.375,0.48033250000000005,0.42017000000000004,0.9899075715445053,E:350:;E:351:;E:352:;E:353:;E:354:;E:356:;E:357:;E:622:,E:351:;E:356:;E:357:
transferrin_ps,hbond_donor,48,3,alternative interface,E:477:,GLU,477,E,6,3,11.002231879137574,0.5,0.40997666666666666,0.40386000000000005,0.9909416892004772,E:474:;E:475:;E:476:;E:477:;E:480:;E:492:,E:476:;E:477:;E:492:
transferrin_ps,hbond_donor,49,3,alternative interface,C:54:,ALA,54,C,5,2,8.63280382310218,0.4,0.553928,0.38946,0.9935171645618521,C:50:;C:53:;C:54:;C:55:;C:56:,C:55:;C:56:
transferrin_ps,hbond_donor,50,3,alternative interface,C:190:,GLY,190,C,9,5,12.038346504440977,0.5555555555555556,0.22331333333333336,0.31511,0.9944170006137073,C:183:;C:184:;C:185:;C:186:;C:187:;C:188:;C:189:;C:190:;C:193:,C:183:;C:184:;C:185:;C:188:;C:189:
transferrin_ps,hbond_donor,51,3,alternative interface,C:140:,PRO,140,C,7,3,13.167189781471548,0.42857142857142855,0.5045628571428571,0.30757999999999996,0.9891678385313449,C:137:;C:138:;C:140:;C:141:;C:142:;C:143:;C:152:,C:138:;C:141:;C:152:
transferrin_ps,hbond_donor,52,3,alternative interface,C:172:,GLN,172,C,5,2,9.89780670662303,0.4,0.4316,0.30429,0.9938358677872942,C:168:;C:169:;C:172:;C:173:;C:175:,C:169:;C:172:
transferrin_ps,hbond_donor,53,3,alternative interface,E:343:,LYS,343,E,5,3,12.472649897309793,0.6,0.3029339999999999,0.25884,0.9847216937866442,E:341:;E:343:;E:367:;E:369:;E:387:,E:367:;E:369:;E:387:
transferrin_ps,hbond_donor,54,3,alternative interface,E:446:,LYS,446,E,7,3,11.354465059452487,0.42857142857142855,0.41364285714285715,0.25846,0.9910232815581436,E:444:;E:445:;E:446:;E:447:;E:480:;E:481:;E:526:,E:444:;E:481:;E:526:
transferrin_ps,hbond_donor,55,3,alternative interface,E:631:,ASP,631,E,5,3,10.793124751238542,0.6,0.201024,0.17827,0.9898786411249825,E:412:;E:619:;E:630:;E:631:;E:633:,E:412:;E:630:;E:631:
transferrin_ps,hbond_donor,56,3,alternative interface,C:298:,SER,298,C,6,4,15.644276681824183,0.6666666666666666,0.22241333333333335,0.10048,0.9730097501534685,C:208:;C:292:;C:297:;C:298:;C:300:;C:86:,C:208:;C:292:;C:297:;C:298:
transferrin_ps,hbond_donor,57,3,alternative interface,E:566:,LYS,566,E,7,3,12.00095052439686,0.42857142857142855,0.3292657142857142,0.09109,0.9933709206482397,E:557:;E:560:;E:564:;E:565:;E:566:;E:567:;E:570:,E:557:;E:564:;E:570:
transferrin_ps,hbond_donor,58,3,alternative interface,E:349:,HIS,349,E,7,1,10.049493268964062,0.14285714285714285,0.3535785714285714,0.05992,0.9941197202795407,E:347:;E:348:;E:349:;E:350:;E:351:;E:352:;E:353:,E:351:
transferrin_ps,hbond_donor,59,4,alternative interface,E:373:,THR,373,E,10,5,12.660820494203731,0.5,0.263836,0.55482,0.9775422211769127,E:347:;E:348:;E:372:;E:373:;E:374:;E:375:;E:376:;E:504:;E:505:;E:506:,E:372:;E:373:;E:375:;E:376:;E:506:
transferrin_ps,hbond_donor,60,4,alternative interface,C:274:,PHE,274,C,11,5,11.919468847789366,0.45454545454545453,0.3403681818181818,0.55305,0.9921838299630217,C:271:;C:272:;C:273:;C:274:;C:275:;C:276:;C:277:;C:278:;C:279:;C:282:;C:283:,C:271:;C:272:;C:277:;C:279:;C:283:
transferrin_ps,hbond_donor,61,4,alternative interface,E:660:,ARG,660,E,7,3,10.197001955754903,0.42857142857142855,0.38436142857142863,0.44146,0.9738772800182747,E:656:;E:657:;E:658:;E:659:;E:660:;E:661:;E:663:,E:657:;E:658:;E:663:
transferrin_ps,hbond_donor,62,4,alternative interface,E:597:,LYS,597,E,7,2,12.650347614039806,0.2857142857142857,0.39998714285714293,0.35141,0.9881537210965324,E:365:;E:595:;E:596:;E:597:;E:599:;E:600:;E:601:,E:596:;E:600:
transferrin_ps,hbond_donor,63,4,alternative interface,E:380:,LYS,380,E,8,4,12.761407384041592,0.5,0.35638375,0.32435,0.9396936286360607,E:376:;E:379:;E:380:;E:382:;E:383:;E:384:;E:385:;E:387:,E:376:;E:383:;E:385:;E:387:
transferrin_ps,hbond_donor,64,4,alternative interface,E:370:,SER,370,E,6,3,10.72009551353111,0.5,0.32476,0.3096,0.9787500931538143,E:347:;E:348:;E:352:;E:369:;E:370:;E:372:,E:369:;E:370:;E:372:
transferrin_ps,hbond_donor,65,4,alternative interface,C:44:,SER,44,C,10,5,12.066743165087365,0.5,0.311583,0.29175,0.9903674550850989,C:11:;C:12:;C:179:;C:180:;C:42:;C:43:;C:44:;C:45:;C:46:;C:47:,C:12:;C:180:;C:44:;C:45:;C:47:
transferrin_ps,hbond_donor,66,4,alternative interface,C:74:,PRO,74,C,5,2,6.145545394008536,0.4,0.49939599999999995,0.25581,0.9933266915713315,C:72:;C:73:;C:74:;C:75:;C:76:,C:75:;C:76:
transferrin_ps,hbond_donor,67,4,alternative interface,C:147:,GLU,147,C,6,1,12.59945482003128,0.16666666666666666,0.41770333333333337,0.12301999999999999,0.9934657024316323,C:144:;C:145:;C:146:;C:147:;C:148:;C:167:,C:147:
transferrin_ps,hbond_donor,68,4,alternative interface,E:401:,GLN,401,E,5,3,12.314890448299009,0.6,0.28041599999999994,0.09945999999999999,0.8631366365060449,E:397:;E:401:;E:403:;E:671:;E:672:,E:397:;E:401:;E:672:
transferrin_ps,hbond_donor,69,5,alternative interface,E:467:,TYR,467,E,10,3,12.303697606986187,0.3,0.313266,0.51945,0.9863972709239265,E:464:;E:465:;E:467:;E:468:;E:469:;E:470:;E:471:;E:472:;E:473:;E:659:,E:467:;E:468:;E:471:
transferrin_ps,hbond_donor,70,5,alternative interface,C:316:,GLY,316,C,8,3,12.067102433184582,0.375,0.31637875,0.42479,0.7260712514463944,C:312:;C:313:;C:316:;C:317:;C:318:;C:319:;E:673:;E:674:,C:317:;C:318:;C:319:
transferrin_ps,hbond_donor,71,5,alternative interface,E:590:,LYS,590,E,7,2,11.250317784732454,0.2857142857142857,0.4248342857142857,0.23536,0.9810724413701808,E:387:;E:587:;E:588:;E:589:;E:590:;E:591:;E:592:,E:387:;E:589:
transferrin_ps,hbond_donor,72,5,alternative interface,E:419:,LYS,419,E,7,2,10.921764574444412,0.2857142857142857,0.4471428571428571,0.23454,0.9931223294922753,E:414:;E:416:;E:417:;E:418:;E:419:;E:420:;E:421:,E:414:;E:416:
transferrin_ps,hbond_donor,73,5,alternative interface,E:496:,LEU,496,E,6,2,13.463232309115709,0.3333333333333333,0.29986999999999997,0.22805,0.9871933713850456,E:481:;E:493:;E:495:;E:496:;E:498:;E:524:,E:481:;E:495:
transferrin_ps,hbond_donor,74,5,alternative interface,C:254:,ARG,254,C,8,2,14.801044074573996,0.25,0.49873375,0.22172,0.9773406408942902,C:254:;C:255:;C:256:;C:257:;C:259:;C:53:;C:76:;C:78:,C:255:;C:76:
transferrin_ps,hbond_donor,75,5,alternative interface,C:116:,LYS,116,C,6,2,13.724169405807583,0.3333333333333333,0.39834166666666665,0.212,0.9915225700627549,C:114:;C:115:;C:116:;C:155:;C:199:;C:201:,C:155:;C:201:
transferrin_ps,hbond_donor,76,5,alternative interface,C:66:,LEU,66,C,5,2,10.316690830479674,0.4,0.20709399999999997,0.20024,0.9791352089316793,C:123:;C:124:;C:66:;C:68:;C:69:,C:68:;C:69:
transferrin_ps,hbond_donor,77,5,alternative interface,C:94:,PHE,94,C,9,4,14.202582346856152,0.4444444444444444,0.24217888888888892,0.15674,0.9513429323222411,C:245:;C:84:;C:92:;C:93:;C:94:;C:96:;E:674:;E:675:;E:676:,C:245:;C:92:;C:93:;C:96:
transferrin_ps,hbond_donor,78,5,alternative interface,E:508:,ARG,508,E,11,4,13.36433336261186,0.36363636363636365,0.2876581818181818,0.13714,0.9821439328200285,E:348:;E:499:;E:500:;E:501:;E:502:;E:504:;E:506:;E:507:;E:508:;E:510:;E:512:,E:501:;E:506:;E:507:;E:512:
transferrin_ps,hbond_donor,79,5,alternative interface,E:454:,ASP,454,E,6,3,11.174841479542053,0.5,0.14068166666666668,0.13388,0.9782071304327183,E:395:;E:453:;E:454:;E:455:;E:459:;E:460:,E:395:;E:454:;E:460:
transferrin_ps,hbond_donor,80,5,alternative interface,E:637:,ASP,637,E,5,1,10.129824225622107,0.2,0.480162,0.11141,0.9916257235862489,E:418:;E:420:;E:421:;E:637:;E:639:,E:637:
transferrin_ps,hbond_donor,81,5,alternative interface,C:244:,ALA,244,C,5,2,10.458419639386177,0.4,0.185784,0.0711,0.9794476027781609,C:130:;C:242:;C:244:;C:245:;C:96:,C:245:;C:96:
transferrin_ps,hbond_donor,82,6,alternative interface,E:669:,GLU,669,E,7,2,11.01220187677978,0.2857142857142857,0.23449142857142857,0.21660000000000001,0.6659336148821751,E:666:;E:667:;E:669:;E:670:;E:671:;E:672:;E:673:,E:669:;E:672:
transferrin_ps,hbond_donor,83,6,alternative interface,C:136:,TYR,136,C,7,2,13.537983369136061,0.2857142857142857,0.33563,0.18431999999999998,0.9846769401069526,C:133:;C:134:;C:136:;C:137:;C:138:;C:143:;C:331:,C:136:;C:138:
transferrin_ps,hbond_donor,84,6,alternative interface,E:522:,VAL,522,E,6,1,14.558738984059378,0.16666666666666666,0.26791000000000004,0.12223,0.9906487950707611,E:432:;E:519:;E:522:;E:523:;E:524:;E:547:,E:523:
transferrin_ps,hbond_donor,85,6,alternative interface,E:620:,HIS,620,E,7,2,14.73844158577785,0.2857142857142857,0.3611585714285714,0.1043,0.9901669988655732,E:612:;E:617:;E:619:;E:620:;E:622:;E:625:;E:630:,E:625:;E:630:
transferrin_ps,hbond_donor,86,6,alternative interface,E:486:,GLY,486,E,6,2,10.763394163201186,0.3333333333333333,0.2906066666666666,0.053070000000000006,0.9699342102143209,E:453:;E:486:;E:487:;E:488:;E:504:;E:505:,E:487:;E:488:
transferrin_ps,hbond_donor,87,7,alternative interface,E:578:,LYS,578,E,7,2,14.55594892914257,0.2857142857142857,0.32403,0.02437,0.986798819024282,E:423:;E:425:;E:426:;E:575:;E:577:;E:578:;E:580:,E:423:;E:425:
transferrin_ps,hbond_donor,88,8,alternative interface,E:461:,ILE,461,E,7,1,11.954944435832962,0.14285714285714285,0.2606785714285714,0.01733,0.9826166841114911,E:459:;E:460:;E:461:;E:464:;E:465:;E:577:;E:655:,E:460:
transferrin_ps,hbond_donor,89,9,alternative interface,C:128:,TRP,128,C,7,1,12.427583407495211,0.14285714285714285,0.17555714285714288,0.013859999999999999,0.978641597601,C:122:;C:123:;C:124:;C:128:;C:129:;C:130:;C:133:,C:129:
transferrin_ps,hbond_acceptor,1,1,primary plausible interface,C:36:,SER,36,C,8,5,14.276929831208298,0.625,0.48920499999999995,0.7550199999999999,0.985838901495567,C:23:;C:27:;C:34:;C:36:;C:38:;C:3:;C:4:;C:5:,C:23:;C:27:;C:36:;C:4:;C:5:
transferrin_ps,hbond_acceptor,2,1,primary plausible interface,E:416:,ASP,416,E,6,4,9.517755984396109,0.6666666666666666,0.5400566666666667,0.7083400000000001,0.9942892693008177,E:414:;E:415:;E:416:;E:417:;E:418:;E:419:,E:414:;E:415:;E:418:;E:419:
transferrin_ps,hbond_acceptor,3,1,primary plausible interface,E:663:,SER,663,E,5,4,10.505688551783264,0.8,0.42945399999999995,0.67781,0.9682634297392606,E:659:;E:660:;E:661:;E:663:;E:664:,E:660:;E:661:;E:663:;E:664:
transferrin_ps,hbond_acceptor,4,1,primary plausible interface,E:541:,GLY,541,E,7,3,9.946374852822736,0.42857142857142855,0.5317871428571428,0.64798,0.9953107984108578,E:540:;E:541:;E:542:;E:544:;E:549:;E:550:;E:551:,E:542:;E:544:;E:549:
transferrin_ps,hbond_acceptor,5,1,primary plausible interface,E:611:,ASP,611,E,6,3,9.401154405017172,0.5,0.6427483333333334,0.6334000000000001,0.9960632448928425,E:610:;E:611:;E:612:;E:613:;E:614:;E:615:,E:613:;E:614:;E:615:
transferrin_ps,hbond_acceptor,6,1,primary plausible interface,E:622:,LYS,622,E,5,4,11.226593869411436,0.8,0.500896,0.46468000000000004,0.9880537514428984,E:354:;E:620:;E:622:;E:623:;E:624:,E:354:;E:622:;E:623:;E:624:
transferrin_ps,hbond_acceptor,7,1,primary plausible interface,C:196:,LYS,196,C,5,2,8.617010683270731,0.4,0.40210799999999997,0.36294,0.99649387639105,C:193:;C:196:;C:197:;C:198:;C:199:,C:193:;C:196:
transferrin_ps,hbond_acceptor,8,1,primary plausible interface,E:545:,GLU,545,E,5,3,8.097856018225999,0.6,0.558366,0.35655000000000003,0.9969215787031941,E:544:;E:545:;E:546:;E:547:;E:549:,E:544:;E:547:;E:549:
transferrin_ps,hbond_acceptor,9,1,primary plausible interface,C:166:,ASP,166,C,6,1,7.484058725115682,0.16666666666666666,0.51255,0.35202,0.9971008164837616,C:163:;C:164:;C:165:;C:166:;C:167:;C:168:,C:165:
transferrin_ps,hbond_acceptor,10,1,primary plausible interface,E:338:,GLU,338,E,5,1,10.620365591115965,0.2,0.64634,0.26806,0.9922001338696267,E:336:;E:337:;E:338:;E:339:;E:340:,E:340:
transferrin_ps,hbond_acceptor,11,1,primary plausible interface,E:651:,ASP,651,E,6,1,10.20801278836847,0.16666666666666666,0.6684116666666666,0.19565000000000002,0.9870705345047158,E:649:;E:650:;E:651:;E:653:;E:654:;E:655:,E:654:
transferrin_ps,hbond_acceptor,12,1,primary plausible interface,E:562:,ASP,562,E,6,2,7.636157857768268,0.3333333333333333,0.31260666666666664,0.1891,0.9971581018743005,E:440:;E:560:;E:561:;E:562:;E:563:;E:564:,E:440:;E:564:
transferrin_ps,hbond_acceptor,13,1,primary plausible interface,C:229:,ASP,229,C,4,1,7.173245192396055,0.25,0.5121425000000001,0.13513999999999998,0.998352154340438,C:228:;C:229:;C:230:;C:231:,C:231:
transferrin_ps,hbond_acceptor,14,2,alternative interface,E:657:,SER,657,E,8,3,10.428529032773879,0.375,0.4013875,0.62753,0.9801700664615821,E:653:;E:654:;E:655:;E:656:;E:657:;E:658:;E:659:;E:660:,E:654:;E:657:;E:660:
transferrin_ps,hbond_acceptor,15,2,alternative interface,E:641:,LYS,641,E,8,4,12.872122362453268,0.5,0.46045375000000005,0.53143,0.9914593605825587,E:639:;E:640:;E:641:;E:642:;E:643:;E:644:;E:646:;E:647:,E:639:;E:641:;E:643:;E:646:
transferrin_ps,hbond_acceptor,16,2,alternative interface,E:555:,ASP,555,E,9,4,13.148558539461934,0.4444444444444444,0.48985333333333336,0.48183,0.9924264588666787,E:432:;E:433:;E:434:;E:551:;E:552:;E:553:;E:554:;E:555:;E:557:,E:432:;E:433:;E:434:;E:552:
transferrin_ps,hbond_acceptor,17,2,alternative interface,C:145:,PRO,145,C,7,3,10.642882571565364,0.42857142857142855,0.4387928571428571,0.47505000000000003,0.9930894474210542,C:142:;C:143:;C:144:;C:145:;C:146:;C:147:;C:148:,C:143:;C:144:;C:148:
transferrin_ps,hbond_acceptor,18,2,alternative interface,C:279:,SER,279,C,11,4,11.999553768612355,0.36363636363636365,0.4117700000000001,0.44681,0.9939723785691224,C:273:;C:274:;C:275:;C:276:;C:277:;C:278:;C:279:;C:280:;C:281:;C:282:;C:283:,C:276:;C:278:;C:279:;C:280:
transferrin_ps,hbond_acceptor,19,2,alternative interface,E:447:,LYS,447,E,7,4,14.189458563881548,0.5714285714285714,0.37425428571428565,0.43829,0.9893342953702244,E:445:;E:446:;E:447:;E:480:;E:481:;E:524:;E:526:,E:446:;E:447:;E:480:;E:524:
transferrin_ps,hbond_acceptor,20,2,alternative interface,C:102:,LYS,102,C,8,3,13.230619243859113,0.375,0.4642325,0.42545,0.9929279420695541,C:102:;C:103:;C:104:;C:105:;C:201:;C:222:;C:223:;C:224:,C:102:;C:103:;C:105:
transferrin_ps,hbond_acceptor,21,2,alternative interface,C:329:,GLY,329,C,7,3,12.697883493276073,0.42857142857142855,0.49797142857142856,0.41625999999999996,0.9857553545363242,C:324:;C:325:;C:327:;C:328:;C:329:;C:330:;C:331:,C:324:;C:327:;C:330:
transferrin_ps,hbond_acceptor,22,2,alternative interface,C:115:,LYS,115,C,6,4,11.152119894408061,0.6666666666666666,0.4638366666666667,0.41144,0.9931490552752528,C:113:;C:114:;C:115:;C:116:;C:155:;C:201:,C:113:;C:115:;C:116:;C:155:
transferrin_ps,hbond_acceptor,23,2,alternative interface,C:31:,PRO,31,C,7,3,12.315380433798552,0.42857142857142855,0.5328085714285714,0.38274,0.9923595411403857,C:27:;C:28:;C:29:;C:31:;C:32:;C:33:;C:34:,C:27:;C:28:;C:32:
transferrin_ps,hbond_acceptor,24,2,alternative interface,E:435:,ASN,435,E,7,3,10.727007710993838,0.42857142857142855,0.5033214285714286,0.37484,0.996056482733069,E:432:;E:433:;E:434:;E:435:;E:436:;E:437:;E:526:,E:432:;E:433:;E:434:
transferrin_ps,hbond_acceptor,25,2,alternative interface,C:307:,PRO,307,C,3,1,6.469833386377702,0.3333333333333333,0.5894766666666666,0.33264000000000005,0.9762845558300296,C:306:;C:307:;C:308:,C:308:
transferrin_ps,hbond_acceptor,26,2,alternative interface,E:608:,THR,608,E,6,1,12.563581145055206,0.16666666666666666,0.5839383333333333,0.28344,0.9937439507011769,E:603:;E:604:;E:605:;E:607:;E:608:;E:610:,E:608:
transferrin_ps,hbond_acceptor,27,2,alternative interface,C:255:,SER,255,C,6,3,12.600256915524092,0.5,0.585665,0.28343,0.9832086107981176,C:254:;C:255:;C:256:;C:257:;C:76:;C:78:,C:254:;C:255:;C:78:
transferrin_ps,hbond_acceptor,28,2,alternative interface,C:237:,GLU,237,C,7,2,10.687136604893833,0.2857142857142857,0.5469314285714286,0.27488,0.9947982575450278,C:233:;C:234:;C:236:;C:237:;C:238:;C:239:;C:240:,C:233:;C:239:
transferrin_ps,hbond_acceptor,29,2,alternative interface,C:297:,ASP,297,C,5,3,9.477088129025065,0.6,0.283404,0.26795,0.9932374358368002,C:286:;C:291:;C:292:;C:297:;C:298:,C:286:;C:291:;C:298:
transferrin_ps,hbond_acceptor,30,2,alternative interface,C:262:,LEU,262,C,9,4,12.501593827814824,0.4444444444444444,0.4900788888888889,0.23992000000000002,0.9910337346555705,C:259:;C:260:;C:261:;C:262:;C:264:;C:265:;C:3:;C:4:;C:5:,C:259:;C:264:;C:4:;C:5:
transferrin_ps,hbond_acceptor,31,2,alternative interface,C:217:,LYS,217,C,8,2,11.139415615367954,0.25,0.56676125,0.21465,0.9950627428533478,C:214:;C:215:;C:216:;C:217:;C:218:;C:219:;C:220:;C:221:,C:217:;C:220:
transferrin_ps,hbond_acceptor,32,2,alternative interface,E:359:,SER,359,E,9,2,11.746775020114585,0.2222222222222222,0.6076266666666668,0.19618,0.9912037695018571,E:356:;E:357:;E:359:;E:360:;E:361:;E:363:;E:364:;E:365:;E:367:,E:359:;E:361:
transferrin_ps,hbond_acceptor,33,2,alternative interface,E:523:,GLU,523,E,4,2,8.279012306365873,0.5,0.317785,0.16856000000000002,0.9960010746976856,E:519:;E:522:;E:523:;E:524:,E:519:;E:524:
transferrin_ps,hbond_acceptor,34,2,alternative interface,C:211:,PHE,211,C,7,2,11.97319173936245,0.2857142857142857,0.2965542857142857,0.10093999999999999,0.9960983954306495,C:208:;C:211:;C:212:;C:213:;C:214:;C:215:;C:220:,C:208:;C:220:
transferrin_ps,hbond_acceptor,35,2,alternative interface,C:141:,GLU,141,C,5,2,9.811781656729975,0.4,0.551692,0.07248,0.9952765866544293,C:140:;C:141:;C:142:;C:143:;C:144:,C:143:;C:144:
transferrin_ps,hbond_acceptor,36,3,alternative interface,C:25:,HIS,25,C,9,4,12.896609415069488,0.4444444444444444,0.4393988888888889,0.4882,0.9893063431265766,C:21:;C:23:;C:24:;C:25:;C:27:;C:281:;C:282:;C:28:;C:29:,C:21:;C:23:;C:27:;C:28:
transferrin_ps,hbond_acceptor,37,3,alternative interface,C:11:,VAL,11,C,12,5,13.663511165309552,0.4166666666666667,0.3208358333333334,0.37872,0.9895674870931259,C:11:;C:12:;C:13:;C:14:;C:15:;C:16:;C:180:;C:41:;C:42:;C:43:;C:44:;C:45:,C:12:;C:180:;C:41:;C:42:;C:44:
transferrin_ps,hbond_acceptor,38,3,alternative interface,E:341:,ALA,341,E,7,2,11.83249517326564,0.2857142857142857,0.46655142857142856,0.33873,0.9879474533029314,E:339:;E:340:;E:341:;E:343:;E:364:;E:365:;E:367:,E:340:;E:343:
transferrin_ps,hbond_acceptor,39,3,alternative interface,C:310:,ASP,310,C,6,3,12.641387764438718,0.5,0.4301333333333334,0.32027,0.9408987970836384,C:308:;C:310:;C:312:;C:313:;C:71:;C:78:,C:308:;C:312:;C:78:
transferrin_ps,hbond_acceptor,40,3,alternative interface,C:20:,GLN,20,C,8,3,12.497694409438644,0.375,0.40461749999999996,0.31637,0.9898603890317406,C:16:;C:17:;C:20:;C:21:;C:23:;C:24:;C:38:;C:39:,C:17:;C:21:;C:23:
transferrin_ps,hbond_acceptor,41,3,alternative interface,C:47:,ASP,47,C,7,3,11.645559797297988,0.42857142857142855,0.45704285714285714,0.29438,0.9921898192713259,C:42:;C:43:;C:44:;C:45:;C:46:;C:47:;C:50:,C:42:;C:44:;C:50:
transferrin_ps,hbond_acceptor,42,3,alternative interface,E:571:,ALA,571,E,9,2,14.627576620726646,0.2222222222222222,0.4225144444444444,0.24129,0.9950267758592058,E:426:;E:532:;E:567:;E:569:;E:570:;E:571:;E:572:;E:573:;E:575:,E:532:;E:569:
transferrin_ps,hbond_acceptor,43,3,alternative interface,E:616:,PHE,616,E,9,4,13.524185617527742,0.4444444444444444,0.3993088888888889,0.19253,0.9910723835562787,E:357:;E:361:;E:605:;E:612:;E:613:;E:614:;E:615:;E:616:;E:617:,E:361:;E:613:;E:614:;E:615:
transferrin_ps,hbond_acceptor,44,3,alternative interface,C:290:,GLY,290,C,7,2,12.027723243051371,0.2857142857142857,0.46863714285714286,0.18286000000000002,0.9938949316516992,C:14:;C:286:;C:288:;C:289:;C:290:;C:291:;C:292:,C:286:;C:291:
transferrin_ps,hbond_acceptor,45,3,alternative interface,E:369:,GLU,369,E,6,3,15.38530359491011,0.5,0.4343916666666667,0.15571,0.9712653992936046,E:343:;E:352:;E:367:;E:369:;E:370:;E:385:,E:343:;E:352:;E:370:
transferrin_ps,hbond_acceptor,46,3,alternative interface,E:516:,GLY,516,E,6,2,9.884033015688193,0.3333333333333333,0.23525333333333331,0.13953,0.9941840421984467,E:510:;E:512:;E:513:;E:515:;E:516:;E:519:,E:515:;E:519:
transferrin_ps,hbond_acceptor,47,3,alternative interface,E:444:,GLU,444,E,6,2,15.207660026706744,0.3333333333333333,0.5031783333333334,0.13902,0.9895098929161796,E:441:;E:442:;E:444:;E:445:;E:446:;E:480:,E:446:;E:480:
transferrin_ps,hbond_acceptor,48,3,alternative interface,C:106:,GLY,106,C,6,2,11.591122309018827,0.3333333333333333,0.4825683333333333,0.10093999999999999,0.994827655650146,C:103:;C:104:;C:105:;C:106:;C:107:;C:108:,C:103:;C:105:
transferrin_ps,hbond_acceptor,49,4,alternative interface,E:645:,GLU,645,E,8,2,12.087614041987699,0.25,0.43766125,0.39769,0.9779638573057752,E:643:;E:644:;E:645:;E:646:;E:647:;E:649:;E:650:;E:653:,E:643:;E:646:
transferrin_ps,hbond_acceptor,50,4,alternative interface,E:590:,LYS,590,E,7,3,11.250317784732454,0.42857142857142855,0.4248342857142857,0.37082,0.9810724413701808,E:387:;E:587:;E:588:;E:589:;E:590:;E:591:;E:592:,E:587:;E:588:;E:590:
transferrin_ps,hbond_acceptor,51,4,alternative interface,E:633:,LYS,633,E,9,3,13.905495987643487,0.3333333333333333,0.35186555555555554,0.35590000000000005,0.9864027191846251,E:412:;E:413:;E:414:;E:415:;E:417:;E:607:;E:619:;E:631:;E:633:,E:414:;E:415:;E:633:
transferrin_ps,hbond_acceptor,52,4,alternative interface,E:476:,ASP,476,E,9,4,12.010282428649457,0.4444444444444444,0.3336811111111111,0.29164,0.9868706444793058,E:474:;E:475:;E:476:;E:477:;E:480:;E:481:;E:491:;E:492:;E:493:,E:474:;E:480:;E:491:;E:492:
transferrin_ps,hbond_acceptor,53,4,alternative interface,E:488:,GLN,488,E,7,3,11.131068860090432,0.42857142857142855,0.44035857142857143,0.29016,0.9863588382844749,E:486:;E:487:;E:488:;E:489:;E:490:;E:491:;E:493:,E:487:;E:489:;E:491:
transferrin_ps,hbond_acceptor,54,4,alternative interface,E:565:,ARG,565,E,8,3,13.69119772418056,0.375,0.2809325,0.27793,0.9921440944683312,E:439:;E:557:;E:560:;E:563:;E:564:;E:565:;E:566:;E:567:,E:564:;E:565:;E:566:
transferrin_ps,hbond_acceptor,55,4,alternative interface,E:420:,ALA,420,E,7,3,11.678616139598828,0.42857142857142855,0.45383,0.24364,0.9894764094461508,E:418:;E:419:;E:420:;E:421:;E:422:;E:637:;E:639:,E:418:;E:419:;E:639:
transferrin_ps,hbond_acceptor,56,4,alternative interface,C:111:,GLN,111,C,6,1,10.3462162162567,0.16666666666666666,0.34808,0.2288,0.9942616694627792,C:107:;C:108:;C:109:;C:110:;C:111:;C:113:,C:113:
transferrin_ps,hbond_acceptor,57,4,alternative interface,C:190:,GLY,190,C,9,2,12.038346504440977,0.2222222222222222,0.22331333333333336,0.2275,0.9944170006137073,C:183:;C:184:;C:185:;C:186:;C:187:;C:188:;C:189:;C:190:;C:193:,C:189:;C:193:
transferrin_ps,hbond_acceptor,58,4,alternative interface,E:595:,LYS,595,E,6,2,12.188044201317224,0.3333333333333333,0.45535,0.17565999999999998,0.9918696224636535,E:591:;E:592:;E:595:;E:596:;E:597:;E:599:,E:595:;E:597:
transferrin_ps,hbond_acceptor,59,4,alternative interface,E:625:,ASP,625,E,5,2,9.350317530870363,0.4,0.40606800000000004,0.14225,0.9920374650364734,E:620:;E:623:;E:624:;E:625:;E:630:,E:623:;E:624:
transferrin_ps,hbond_acceptor,60,4,alternative interface,E:577:,ALA,577,E,5,1,10.546728486303637,0.2,0.27653999999999995,0.11871000000000001,0.9926255339178857,E:426:;E:461:;E:575:;E:577:;E:578:,E:578:
transferrin_ps,hbond_acceptor,61,4,alternative interface,E:600:,ASP,600,E,8,1,13.371360499288128,0.125,0.44904875,0.06462,0.9932858215644494,E:596:;E:597:;E:599:;E:600:;E:601:;E:602:;E:603:;E:604:,E:597:
transferrin_ps,hbond_acceptor,62,4,alternative interface,C:122:,LEU,122,C,5,2,11.372643640949773,0.4,0.15791000000000005,0.052039999999999996,0.9920384130853203,C:122:;C:123:;C:124:;C:128:;C:161:,C:124:;C:128:
transferrin_ps,hbond_acceptor,63,5,alternative interface,E:669:,GLU,669,E,7,2,11.01220187677978,0.2857142857142857,0.23449142857142857,0.35725999999999997,0.6659336148821751,E:666:;E:667:;E:669:;E:670:;E:671:;E:672:;E:673:,E:666:;E:672:
transferrin_ps,hbond_acceptor,64,5,alternative interface,E:347:,LEU,347,E,12,3,14.092005542745978,0.25,0.2940916666666667,0.26414000000000004,0.9808752774201048,E:347:;E:348:;E:349:;E:350:;E:351:;E:352:;E:370:;E:372:;E:373:;E:374:;E:506:;E:507:,E:352:;E:370:;E:373:
transferrin_ps,hbond_acceptor,65,5,alternative interface,C:91:,PRO,91,C,9,3,12.670115597455261,0.3333333333333333,0.43982666666666664,0.25139,0.9862342051963753,C:84:;C:86:;C:87:;C:88:;C:89:;C:90:;C:91:;C:92:;C:93:,C:87:;C:88:;C:93:
transferrin_ps,hbond_acceptor,66,5,alternative interface,C:232:,ARG,232,C,7,3,13.654272470048268,0.42857142857142855,0.33483285714285715,0.23724,0.9867617596957782,C:108:;C:224:;C:230:;C:231:;C:232:;C:233:;C:234:,C:231:;C:232:;C:233:
transferrin_ps,hbond_acceptor,67,5,alternative interface,C:53:,ALA,53,C,8,2,14.998217883825584,0.25,0.45265,0.23283,0.9885547103840526,C:254:;C:50:;C:53:;C:54:;C:55:;C:56:;C:75:;C:76:,C:254:;C:50:
transferrin_ps,hbond_acceptor,68,5,alternative interface,E:405:,VAL,405,E,8,3,13.095946950077611,0.375,0.4171475,0.21370999999999998,0.960992595111402,E:403:;E:405:;E:587:;E:588:;E:591:;E:642:;E:643:;E:644:,E:587:;E:588:;E:643:
transferrin_ps,hbond_acceptor,69,5,alternative interface,C:40:,VAL,40,C,7,3,13.28904699593262,0.42857142857142855,0.30953285714285717,0.19579000000000002,0.9882711167913418,C:16:;C:38:;C:39:;C:40:;C:41:;C:42:;C:7:,C:41:;C:42:;C:7:
transferrin_ps,hbond_acceptor,70,5,alternative interface,E:499:,GLY,499,E,8,2,10.920991090865867,0.25,0.38752374999999994,0.17097,0.9887512667953906,E:498:;E:499:;E:500:;E:501:;E:502:;E:507:;E:508:;E:510:,E:501:;E:508:
transferrin_ps,hbond_acceptor,71,5,alternative interface,E:353:,LEU,353,E,8,2,12.565226430290789,0.25,0.45169750000000003,0.10392,0.9898297028054472,E:349:;E:350:;E:351:;E:352:;E:353:;E:354:;E:356:;E:357:,E:352:;E:354:
transferrin_ps,hbond_acceptor,72,5,alternative interface,C:207:,HIS,207,C,4,1,9.224749727280326,0.25,0.1977275,0.10093999999999999,0.9912764663395879,C:207:;C:208:;C:238:;C:96:,C:208:
transferrin_ps,hbond_acceptor,73,5,alternative interface,E:468:,ASN,468,E,7,1,10.092676221710951,0.14285714285714285,0.3611657142857143,0.06981,0.9909365441504997,E:464:;E:465:;E:467:;E:468:;E:469:;E:470:;E:471:,E:469:
transferrin_ps,hbond_acceptor,74,5,alternative interface,E:495:,GLU,495,E,7,2,11.090883910222276,0.2857142857142857,0.32484428571428575,0.059219999999999995,0.9896331740691033,E:481:;E:490:;E:491:;E:492:;E:493:;E:495:;E:496:,E:491:;E:492:
transferrin_ps,hbond_acceptor,75,5,alternative interface,E:533:,GLN,533,E,5,1,14.07834171328755,0.2,0.34127799999999997,0.038079999999999996,0.9906821484989973,E:426:;E:532:;E:533:;E:536:;E:537:,E:532:
transferrin_ps,hbond_acceptor,76,6,alternative interface,C:322:,ALA,322,C,8,2,12.44481080841579,0.25,0.3796425,0.24501,0.9711251708128521,C:129:;C:133:;C:318:;C:319:;C:321:;C:322:;C:324:;C:325:,C:321:;C:324:
transferrin_ps,hbond_acceptor,77,6,alternative interface,C:303:,LEU,303,C,4,1,10.373774785414117,0.25,0.3192475,0.23765999999999998,0.9714700538044752,C:303:;C:304:;C:82:;C:84:,C:304:
transferrin_ps,hbond_acceptor,78,6,alternative interface,E:473:,CYS,473,E,7,2,12.622959216531298,0.2857142857142857,0.4325800000000001,0.23241,0.9835842469159806,E:467:;E:471:;E:472:;E:473:;E:474:;E:475:;E:661:,E:474:;E:661:
transferrin_ps,hbond_acceptor,79,6,alternative interface,E:674:,HIS,674,E,9,3,14.33003041078174,0.3333333333333333,0.24129000000000003,0.20388,0.8487058338147963,C:316:;C:93:;C:94:;E:671:;E:672:;E:673:;E:674:;E:675:;E:676:,C:93:;E:672:;E:675:
transferrin_ps,hbond_acceptor,80,6,alternative interface,E:425:,TYR,425,E,7,2,14.889023715545928,0.2857142857142857,0.28257714285714286,0.15679,0.9849413386843878,E:422:;E:423:;E:425:;E:426:;E:532:;E:578:;E:580:,E:532:;E:578:
transferrin_ps,hbond_acceptor,81,6,alternative interface,C:181:,THR,181,C,12,3,14.59818351482023,0.25,0.3041191666666667,0.14104,0.9884073304968923,C:12:;C:14:;C:178:;C:179:;C:180:;C:181:;C:182:;C:183:;C:184:;C:185:;C:186:;C:187:,C:12:;C:180:;C:181:
transferrin_ps,hbond_acceptor,82,6,alternative interface,C:268:,ASN,268,C,6,1,12.152496197154013,0.16666666666666666,0.4252900000000001,0.10626,0.988087162815054,C:264:;C:265:;C:268:;C:269:;C:271:;C:272:,C:264:
transferrin_ps,hbond_acceptor,83,6,alternative interface,E:454:,ASP,454,E,6,2,11.174841479542053,0.3333333333333333,0.14068166666666668,0.1014,0.9782071304327183,E:395:;E:453:;E:454:;E:455:;E:459:;E:460:,E:455:;E:459:
transferrin_ps,hbond_acceptor,84,6,alternative interface,E:504:,ALA,504,E,11,4,14.59888770262694,0.36363636363636365,0.24256909090909093,0.07917,0.9741079862303835,E:373:;E:486:;E:487:;E:501:;E:502:;E:504:;E:505:;E:506:;E:507:;E:508:;E:512:,E:373:;E:487:;E:501:;E:508:
transferrin_ps,hbond_acceptor,85,7,alternative interface,E:375:,GLU,375,E,6,1,11.057414426614018,0.16666666666666666,0.3329116666666666,0.13819,0.9355865358833801,E:373:;E:374:;E:375:;E:376:;E:379:;E:667:,E:373:
transferrin_ps,hbond_acceptor,86,7,alternative interface,C:317:,TYR,317,C,9,2,12.610929968490163,0.2222222222222222,0.3239522222222222,0.12853,0.7929057117593539,C:312:;C:313:;C:316:;C:317:;C:318:;C:319:;C:321:;E:382:;E:383:,C:312:;C:321:
transferrin_ps,hbond_acceptor,87,7,alternative interface,E:380:,LYS,380,E,8,1,12.761407384041592,0.125,0.35638375,0.10451,0.9396936286360607,E:376:;E:379:;E:380:;E:382:;E:383:;E:384:;E:385:;E:387:,E:380:
transferrin_ps,hbond_acceptor,88,7,alternative interface,C:130:,ILE,130,C,6,1,11.84044781841385,0.16666666666666666,0.19982666666666668,0.02045,0.9746796405889618,C:128:;C:129:;C:130:;C:133:;C:134:;C:244:,C:128:
transferrin_ps,oxide,1,1,primary plausible interface,E:552:,LYS,552,E,7,4,11.45387184794258,0.5714285714285714,0.60089,0.91497,0.9945142100924461,E:540:;E:550:;E:551:;E:552:;E:553:;E:554:;E:555:,E:550:;E:553:;E:554:;E:555:
transferrin_ps,oxide,2,1,primary plausible interface,C:237:,GLU,237,C,7,3,10.687136604893833,0.42857142857142855,0.5469314285714286,0.70852,0.9947982575450278,C:233:;C:234:;C:236:;C:237:;C:238:;C:239:;C:240:,C:236:;C:237:;C:240:
transferrin_ps,oxide,3,1,primary plausible interface,E:359:,SER,359,E,9,3,11.746775020114585,0.3333333333333333,0.6076266666666668,0.6685800000000001,0.9912037695018571,E:356:;E:357:;E:359:;E:360:;E:361:;E:363:;E:364:;E:365:;E:367:,E:356:;E:357:;E:367:
transferrin_ps,oxide,4,1,primary plausible interface,C:34:,GLY,34,C,7,2,11.361667161474076,0.2857142857142857,0.6041542857142856,0.6670099999999999,0.9940632889180003,C:31:;C:32:;C:33:;C:34:;C:36:;C:3:;C:4:,C:33:;C:3:
transferrin_ps,oxide,5,1,primary plausible interface,E:335:,LEU,335,E,6,2,12.381421266334854,0.3333333333333333,0.7199683333333332,0.45302,0.9887728436496489,E:332:;E:333:;E:334:;E:335:;E:336:;E:337:,E:333:;E:337:
transferrin_ps,oxide,6,1,primary plausible interface,E:338:,GLU,338,E,5,2,10.620365591115965,0.4,0.64634,0.38262999999999997,0.9922001338696267,E:336:;E:337:;E:338:;E:339:;E:340:,E:337:;E:338:
transferrin_ps,oxide,7,1,primary plausible interface,E:343:,LYS,343,E,5,3,12.472649897309793,0.6,0.3029339999999999,0.34241,0.9847216937866442,E:341:;E:343:;E:367:;E:369:;E:387:,E:367:;E:369:;E:387:
transferrin_ps,oxide,8,1,primary plausible interface,C:15:,GLU,15,C,7,2,10.083379035726217,0.2857142857142857,0.31330142857142856,0.34091,0.9958231650439094,C:11:;C:12:;C:13:;C:14:;C:15:;C:16:;C:17:,C:13:;C:15:
transferrin_ps,oxide,9,1,primary plausible interface,E:437:,ASP,437,E,4,1,9.812889094181529,0.25,0.5418099999999999,0.33896,0.9966729880826998,E:435:;E:436:;E:437:;E:439:,E:437:
transferrin_ps,oxide,10,1,primary plausible interface,E:418:,LYS,418,E,6,2,11.702308267625286,0.3333333333333333,0.517005,0.31032,0.9948324129374286,E:416:;E:417:;E:418:;E:419:;E:420:;E:637:,E:416:;E:637:
transferrin_ps,oxide,11,1,primary plausible interface,C:55:,ASN,55,C,4,1,7.561590688813846,0.25,0.54986,0.2723,0.9968088937247852,C:53:;C:54:;C:55:;C:56:,C:56:
transferrin_ps,oxide,12,1,primary plausible interface,E:610:,ALA,610,E,5,1,9.922917128376525,0.2,0.5824520000000001,0.26417999999999997,0.9947040805193682,E:607:;E:608:;E:610:;E:611:;E:612:,E:611:
transferrin_ps,oxide,13,1,primary plausible interface,E:613:,SER,613,E,6,1,8.575617055730593,0.16666666666666666,0.516545,0.26417999999999997,0.9973399397531707,E:611:;E:612:;E:613:;E:614:;E:615:;E:616:,E:611:
transferrin_ps,oxide,14,1,primary plausible interface,C:212:,GLU,212,C,6,1,11.79852096841829,0.16666666666666666,0.31258500000000006,0.10310000000000001,0.9980803859617222,C:208:;C:211:;C:212:;C:213:;C:214:;C:215:,C:212:
transferrin_ps,oxide,15,2,alternative interface,C:262:,LEU,262,C,9,4,12.501593827814824,0.4444444444444444,0.4900788888888889,0.81343,0.9910337346555705,C:259:;C:260:;C:261:;C:262:;C:264:;C:265:;C:3:;C:4:;C:5:,C:260:;C:261:;C:265:;C:3:
transferrin_ps,oxide,16,2,alternative interface,C:87:,SER,87,C,8,2,10.377561745012825,0.25,0.5030025,0.63771,0.9873525542194986,C:300:;C:86:;C:87:;C:88:;C:89:;C:90:;C:91:;C:92:,C:89:;C:90:
transferrin_ps,oxide,17,2,alternative interface,C:103:,LYS,103,C,9,3,15.338017427779482,0.3333333333333333,0.5141922222222222,0.61373,0.9925614250587637,C:102:;C:103:;C:104:;C:105:;C:106:;C:221:;C:222:;C:223:;C:224:,C:104:;C:221:;C:224:
transferrin_ps,oxide,18,2,alternative interface,C:279:,SER,279,C,11,2,11.999553768612355,0.18181818181818182,0.4117700000000001,0.61328,0.9939723785691224,C:273:;C:274:;C:275:;C:276:;C:277:;C:278:;C:279:;C:280:;C:281:;C:282:;C:283:,C:277:;C:281:
transferrin_ps,oxide,19,2,alternative interface,E:649:,GLY,649,E,8,2,12.496647027981998,0.25,0.519095,0.58316,0.9797288073571606,E:644:;E:645:;E:646:;E:647:;E:649:;E:650:;E:651:;E:653:,E:645:;E:651:
transferrin_ps,oxide,20,2,alternative interface,C:163:,ASP,163,C,7,2,11.992297458040982,0.2857142857142857,0.45306142857142856,0.55578,0.9947574387240943,C:161:;C:163:;C:164:;C:165:;C:166:;C:167:;C:168:,C:163:;C:166:
transferrin_ps,oxide,21,2,alternative interface,E:549:,LYS,549,E,10,2,12.420882446516641,0.2,0.5154380000000001,0.55426,0.9931077887858161,E:540:;E:541:;E:542:;E:544:;E:545:;E:546:;E:547:;E:549:;E:550:;E:551:,E:545:;E:550:
transferrin_ps,oxide,22,2,alternative interface,C:220:,ARG,220,C,11,2,13.063927071402285,0.18181818181818182,0.5174009090909091,0.50383,0.9927277416920026,C:211:;C:214:;C:215:;C:216:;C:217:;C:218:;C:219:;C:220:;C:221:;C:222:;C:223:,C:219:;C:221:
transferrin_ps,oxide,23,2,alternative interface,E:433:,LYS,433,E,8,3,14.14426556834829,0.375,0.50585125,0.43722,0.9937645271418875,E:432:;E:433:;E:434:;E:435:;E:436:;E:554:;E:555:;E:557:,E:554:;E:555:;E:557:
transferrin_ps,oxide,24,2,alternative interface,E:654:,LYS,654,E,8,1,12.301086676459065,0.125,0.5708975000000001,0.35173000000000004,0.9823387730717434,E:650:;E:651:;E:653:;E:654:;E:655:;E:656:;E:657:;E:658:,E:651:
transferrin_ps,oxide,25,2,alternative interface,E:625:,ASP,625,E,5,2,9.350317530870363,0.4,0.40606800000000004,0.27004,0.9920374650364734,E:620:;E:623:;E:624:;E:625:;E:630:,E:625:;E:630:
transferrin_ps,oxide,26,2,alternative interface,C:196:,LYS,196,C,5,1,8.617010683270731,0.2,0.40210799999999997,0.18382,0.99649387639105,C:193:;C:196:;C:197:;C:198:;C:199:,C:197:
transferrin_ps,oxide,27,2,alternative interface,E:639:,ARG,639,E,6,1,12.810960418893915,0.16666666666666666,0.5664233333333334,0.16585,0.990589734114352,E:420:;E:637:;E:639:;E:640:;E:641:;E:642:,E:637:
transferrin_ps,oxide,28,2,alternative interface,E:572:,HIS,572,E,7,1,12.156183899128315,0.14285714285714285,0.44790714285714284,0.15662,0.996539155895248,E:426:;E:569:;E:570:;E:571:;E:572:;E:573:;E:575:,E:570:
transferrin_ps,oxide,29,2,alternative interface,C:297:,ASP,297,C,5,2,9.477088129025065,0.4,0.283404,0.1552,0.9932374358368002,C:286:;C:291:;C:292:;C:297:;C:298:,C:292:;C:297:
transferrin_ps,oxide,30,3,alternative interface,E:373:,THR,373,E,10,3,12.660820494203731,0.3,0.263836,0.55463,0.9775422211769127,E:347:;E:348:;E:372:;E:373:;E:374:;E:375:;E:376:;E:504:;E:505:;E:506:,E:372:;E:375:;E:376:
transferrin_ps,oxide,31,3,alternative interface,E:492:,SER,492,E,9,3,13.252269272028746,0.3333333333333333,0.43244222222222223,0.53497,0.9862526976291538,E:476:;E:477:;E:480:;E:481:;E:490:;E:491:;E:492:;E:493:;E:495:,E:476:;E:477:;E:495:
transferrin_ps,oxide,32,3,alternative interface,E:601:,LEU,601,E,8,2,11.81670272309947,0.25,0.37384875,0.52913,0.9938347672749869,E:597:;E:599:;E:600:;E:601:;E:602:;E:603:;E:604:;E:605:,E:600:;E:604:
transferrin_ps,oxide,33,3,alternative interface,E:414:,SER,414,E,8,2,10.98893403416713,0.25,0.46806749999999997,0.51969,0.9914161182947993,E:412:;E:413:;E:414:;E:415:;E:416:;E:417:;E:419:;E:633:,E:413:;E:416:
transferrin_ps,oxide,34,3,alternative interface,E:354:,LYS,354,E,8,3,13.010069273826721,0.375,0.48033250000000005,0.51537,0.9899075715445053,E:350:;E:351:;E:352:;E:353:;E:354:;E:356:;E:357:;E:622:,E:351:;E:356:;E:357:
transferrin_ps,oxide,35,3,alternative interface,C:140:,PRO,140,C,7,2,13.167189781471548,0.2857142857142857,0.5045628571428571,0.40688,0.9891678385313449,C:137:;C:138:;C:140:;C:141:;C:142:;C:143:;C:152:,C:138:;C:141:
transferrin_ps,oxide,36,3,alternative interface,C:269:,GLN,269,C,6,2,12.484964336710373,0.3333333333333333,0.44182666666666676,0.38165999999999994,0.9906683924805626,C:265:;C:268:;C:269:;C:271:;C:272:;C:273:,C:265:;C:272:
transferrin_ps,oxide,37,3,alternative interface,E:442:,ASN,442,E,6,1,11.946613497946272,0.16666666666666666,0.41239000000000003,0.34191000000000005,0.9915215163938401,E:439:;E:440:;E:441:;E:442:;E:444:;E:445:,E:444:
transferrin_ps,oxide,38,3,alternative interface,E:567:,PRO,567,E,8,3,13.563501492468752,0.375,0.403485,0.34155,0.9927779049704559,E:554:;E:557:;E:565:;E:566:;E:567:;E:569:;E:570:;E:571:,E:554:;E:557:;E:570:
transferrin_ps,oxide,39,3,alternative interface,E:446:,LYS,446,E,7,2,11.354465059452487,0.2857142857142857,0.41364285714285715,0.30757,0.9910232815581436,E:444:;E:445:;E:446:;E:447:;E:480:;E:481:;E:526:,E:444:;E:526:
transferrin_ps,oxide,40,3,alternative interface,C:325:,ASN,325,C,8,1,12.074335630447848,0.125,0.5134337499999999,0.30359,0.9879551886780575,C:321:;C:322:;C:324:;C:325:;C:327:;C:328:;C:329:;C:330:,C:328:
transferrin_ps,oxide,41,3,alternative interface,E:385:,GLU,385,E,7,3,13.257852849387316,0.42857142857142855,0.30195142857142854,0.28782,0.9668981942229741,E:369:;E:380:;E:382:;E:383:;E:384:;E:385:;E:387:,E:369:;E:385:;E:387:
transferrin_ps,oxide,42,3,alternative interface,E:631:,ASP,631,E,5,2,10.793124751238542,0.4,0.201024,0.23587,0.9898786411249825,E:412:;E:619:;E:630:;E:631:;E:633:,E:630:;E:631:
transferrin_ps,oxide,43,3,alternative interface,C:147:,GLU,147,C,6,1,12.59945482003128,0.16666666666666666,0.41770333333333337,0.16274,0.9934657024316323,C:144:;C:145:;C:146:;C:147:;C:148:;C:167:,C:147:
transferrin_ps,oxide,44,3,alternative interface,E:349:,HIS,349,E,7,1,10.049493268964062,0.14285714285714285,0.3535785714285714,0.07927,0.9941197202795407,E:347:;E:348:;E:349:;E:350:;E:351:;E:352:;E:353:,E:351:
transferrin_ps,oxide,45,4,alternative interface,E:422:,GLU,422,E,8,3,14.146487582226708,0.375,0.33555999999999997,0.50562,0.9855349447858137,E:412:;E:413:;E:420:;E:421:;E:422:;E:423:;E:425:;E:580:,E:413:;E:422:;E:423:
transferrin_ps,oxide,46,4,alternative interface,E:474:,ARG,474,E,6,2,10.936085499047097,0.3333333333333333,0.37553333333333333,0.37854999999999994,0.9883002674129948,E:472:;E:473:;E:474:;E:475:;E:476:;E:477:,E:476:;E:477:
transferrin_ps,oxide,47,4,alternative interface,E:590:,LYS,590,E,7,2,11.250317784732454,0.2857142857142857,0.4248342857142857,0.3114,0.9810724413701808,E:387:;E:587:;E:588:;E:589:;E:590:;E:591:;E:592:,E:387:;E:589:
transferrin_ps,oxide,48,4,alternative interface,C:50:,ARG,50,C,6,1,12.367188826011281,0.16666666666666666,0.40184166666666665,0.28868,0.9840184815478858,C:46:;C:47:;C:50:;C:53:;C:54:;C:75:,C:47:
transferrin_ps,oxide,49,4,alternative interface,C:25:,HIS,25,C,9,2,12.896609415069488,0.2222222222222222,0.4393988888888889,0.28486999999999996,0.9893063431265766,C:21:;C:23:;C:24:;C:25:;C:27:;C:281:;C:282:;C:28:;C:29:,C:24:;C:281:
transferrin_ps,oxide,50,4,alternative interface,E:560:,CYS,560,E,10,1,13.093156291637625,0.1,0.2956329999999999,0.25037,0.9928980012305868,E:439:;E:440:;E:560:;E:561:;E:562:;E:563:;E:564:;E:565:;E:566:;E:575:,E:562:
transferrin_ps,oxide,51,4,alternative interface,C:228:,LEU,228,C,6,1,11.466744341989788,0.16666666666666666,0.39396000000000003,0.24876,0.9915813208583516,C:109:;C:228:;C:229:;C:230:;C:231:;C:242:,C:229:
transferrin_ps,oxide,52,4,alternative interface,C:116:,LYS,116,C,6,1,13.724169405807583,0.16666666666666666,0.39834166666666665,0.18188,0.9915225700627549,C:114:;C:115:;C:116:;C:155:;C:199:;C:201:,C:201:
transferrin_ps,oxide,53,5,alternative interface,E:379:,ALA,379,E,7,2,12.886345464064972,0.2857142857142857,0.32175000000000004,0.36557,0.829226036766533,E:375:;E:376:;E:379:;E:380:;E:382:;E:383:;E:667:,E:375:;E:376:
transferrin_ps,oxide,54,5,alternative interface,E:643:,THR,643,E,8,1,10.179322622468403,0.125,0.41424249999999996,0.23143,0.9844145037770912,E:405:;E:641:;E:642:;E:643:;E:644:;E:645:;E:646:;E:647:,E:645:
transferrin_ps,oxide,55,5,alternative interface,C:136:,TYR,136,C,7,1,13.537983369136061,0.14285714285714285,0.33563,0.22874,0.9846769401069526,C:133:;C:134:;C:136:;C:137:;C:138:;C:143:;C:331:,C:138:
transferrin_ps,oxide,56,5,alternative interface,E:370:,SER,370,E,6,2,10.72009551353111,0.3333333333333333,0.32476,0.22027000000000002,0.9787500931538143,E:347:;E:348:;E:352:;E:369:;E:370:;E:372:,E:369:;E:372:
transferrin_ps,oxide,57,5,alternative interface,E:496:,LEU,496,E,6,1,13.463232309115709,0.16666666666666666,0.29986999999999997,0.21373999999999999,0.9871933713850456,E:481:;E:493:;E:495:;E:496:;E:498:;E:524:,E:495:
transferrin_ps,oxide,58,5,alternative interface,C:44:,SER,44,C,10,1,12.066743165087365,0.1,0.311583,0.20453,0.9903674550850989,C:11:;C:12:;C:179:;C:180:;C:42:;C:43:;C:44:;C:45:;C:46:;C:47:,C:47:
transferrin_ps,oxide,59,5,alternative interface,C:71:,TYR,71,C,9,2,12.869162322566636,0.2222222222222222,0.3750966666666667,0.17212,0.9664765746947136,C:310:;C:68:;C:69:;C:71:;C:72:;C:73:;C:75:;C:76:;C:78:,C:310:;C:69:
transferrin_ps,oxide,60,5,alternative interface,E:522:,VAL,522,E,6,1,14.558738984059378,0.16666666666666666,0.26791000000000004,0.16459,0.9906487950707611,E:432:;E:519:;E:522:;E:523:;E:524:;E:547:,E:523:
transferrin_ps,oxide,61,5,alternative interface,C:66:,LEU,66,C,5,1,10.316690830479674,0.2,0.20709399999999997,0.12195,0.9791352089316793,C:123:;C:124:;C:66:;C:68:;C:69:,C:69:
transferrin_ps,oxide,62,6,alternative interface,C:316:,GLY,316,C,8,1,12.067102433184582,0.125,0.31637875,0.28425999999999996,0.7260712514463944,C:312:;C:313:;C:316:;C:317:;C:318:;C:319:;E:673:;E:674:,C:318:
transferrin_ps,oxide,63,6,alternative interface,E:666:,ARG,666,E,5,1,11.305277617563304,0.2,0.34886799999999996,0.16215,0.8758803140502162,E:664:;E:666:;E:667:;E:669:;E:670:,E:669:
transferrin_ps,oxide,64,6,alternative interface,E:453:,VAL,453,E,8,1,15.030300316873467,0.125,0.17182124999999998,0.09970000000000001,0.9559757401351934,E:453:;E:454:;E:455:;E:459:;E:460:;E:486:;E:487:;E:505:,E:454:
transferrin_ps,oxide,65,7,alternative interface,E:671:,CYS,671,E,7,1,11.435724569283321,0.14285714285714285,0.19110571428571427,0.11488,0.7460299929638088,E:401:;E:669:;E:670:;E:671:;E:672:;E:673:;E:674:,E:669:
transferrin_ps,calcium_phosphate,1,1,primary plausible interface,E:555:,ASP,555,E,9,7,13.148558539461934,0.7777777777777778,0.48985333333333336,0.82659,0.9924264588666787,E:432:;E:433:;E:434:;E:551:;E:552:;E:553:;E:554:;E:555:;E:557:,E:432:;E:433:;E:552:;E:553:;E:554:;E:555:;E:557:
transferrin_ps,calcium_phosphate,2,1,primary plausible interface,C:279:,SER,279,C,11,6,11.999553768612355,0.5454545454545454,0.4117700000000001,0.8107899999999999,0.9939723785691224,C:273:;C:274:;C:275:;C:276:;C:277:;C:278:;C:279:;C:280:;C:281:;C:282:;C:283:,C:273:;C:276:;C:277:;C:278:;C:280:;C:281:
transferrin_ps,calcium_phosphate,3,1,primary plausible interface,E:649:,GLY,649,E,8,3,12.496647027981998,0.375,0.519095,0.71756,0.9797288073571606,E:644:;E:645:;E:646:;E:647:;E:649:;E:650:;E:651:;E:653:,E:645:;E:646:;E:651:
transferrin_ps,calcium_phosphate,4,1,primary plausible interface,E:549:,LYS,549,E,10,4,12.420882446516641,0.4,0.5154380000000001,0.66265,0.9931077887858161,E:540:;E:541:;E:542:;E:544:;E:545:;E:546:;E:547:;E:549:;E:550:;E:551:,E:542:;E:545:;E:549:;E:550:
transferrin_ps,calcium_phosphate,5,1,primary plausible interface,C:262:,LEU,262,C,9,6,12.501593827814824,0.6666666666666666,0.4900788888888889,0.65415,0.9910337346555705,C:259:;C:260:;C:261:;C:262:;C:264:;C:265:;C:3:;C:4:;C:5:,C:259:;C:260:;C:261:;C:265:;C:3:;C:4:
transferrin_ps,calcium_phosphate,6,1,primary plausible interface,E:417:,CYS,417,E,7,4,11.405607417685456,0.5714285714285714,0.5184385714285715,0.64457,0.9923678067217563,E:414:;E:415:;E:416:;E:417:;E:418:;E:419:;E:633:,E:416:;E:418:;E:419:;E:633:
transferrin_ps,calcium_phosphate,7,1,primary plausible interface,C:103:,LYS,103,C,9,5,15.338017427779482,0.5555555555555556,0.5141922222222222,0.6179399999999999,0.9925614250587637,C:102:;C:103:;C:104:;C:105:;C:106:;C:221:;C:222:;C:223:;C:224:,C:102:;C:103:;C:104:;C:221:;C:224:
transferrin_ps,calcium_phosphate,8,1,primary plausible interface,E:354:,LYS,354,E,8,7,13.010069273826721,0.875,0.48033250000000005,0.59532,0.9899075715445053,E:350:;E:351:;E:352:;E:353:;E:354:;E:356:;E:357:;E:622:,E:350:;E:351:;E:352:;E:354:;E:356:;E:357:;E:622:
transferrin_ps,calcium_phosphate,9,1,primary plausible interface,C:220:,ARG,220,C,11,4,13.063927071402285,0.36363636363636365,0.5174009090909091,0.53627,0.9927277416920026,C:211:;C:214:;C:215:;C:216:;C:217:;C:218:;C:219:;C:220:;C:221:;C:222:;C:223:,C:217:;C:219:;C:220:;C:221:
transferrin_ps,calcium_phosphate,10,1,primary plausible interface,E:359:,SER,359,E,9,3,11.746775020114585,0.3333333333333333,0.6076266666666668,0.46287999999999996,0.9912037695018571,E:356:;E:357:;E:359:;E:360:;E:361:;E:363:;E:364:;E:365:;E:367:,E:356:;E:357:;E:367:
transferrin_ps,calcium_phosphate,11,1,primary plausible interface,E:435:,ASN,435,E,7,4,10.727007710993838,0.5714285714285714,0.5033214285714286,0.44982,0.996056482733069,E:432:;E:433:;E:434:;E:435:;E:436:;E:437:;E:526:,E:432:;E:433:;E:437:;E:526:
transferrin_ps,calcium_phosphate,12,1,primary plausible interface,C:34:,GLY,34,C,7,3,11.361667161474076,0.42857142857142855,0.6041542857142856,0.44927999999999996,0.9940632889180003,C:31:;C:32:;C:33:;C:34:;C:36:;C:3:;C:4:,C:33:;C:3:;C:4:
transferrin_ps,calcium_phosphate,13,1,primary plausible interface,C:196:,LYS,196,C,5,3,8.617010683270731,0.6,0.40210799999999997,0.44819000000000003,0.99649387639105,C:193:;C:196:;C:197:;C:198:;C:199:,C:193:;C:196:;C:197:
transferrin_ps,calcium_phosphate,14,1,primary plausible interface,C:115:,LYS,115,C,6,4,11.152119894408061,0.6666666666666666,0.4638366666666667,0.40128,0.9931490552752528,C:113:;C:114:;C:115:;C:116:;C:155:;C:201:,C:113:;C:115:;C:116:;C:201:
transferrin_ps,calcium_phosphate,15,1,primary plausible interface,C:166:,ASP,166,C,6,2,7.484058725115682,0.3333333333333333,0.51255,0.39621,0.9971008164837616,C:163:;C:164:;C:165:;C:166:;C:167:;C:168:,C:163:;C:166:
transferrin_ps,calcium_phosphate,16,1,primary plausible interface,E:623:,THR,623,E,5,4,10.003145755035149,0.8,0.503578,0.39255,0.9909697523544587,E:350:;E:622:;E:623:;E:624:;E:625:,E:350:;E:622:;E:624:;E:625:
transferrin_ps,calcium_phosphate,17,1,primary plausible interface,E:612:,CYS,612,E,9,3,12.036564102902883,0.3333333333333333,0.5153455555555556,0.30282,0.9958162589589846,E:610:;E:611:;E:612:;E:613:;E:614:;E:615:;E:616:;E:617:;E:620:,E:611:;E:615:;E:620:
transferrin_ps,calcium_phosphate,18,1,primary plausible interface,E:335:,LEU,335,E,6,2,12.381421266334854,0.3333333333333333,0.7199683333333332,0.28870999999999997,0.9887728436496489,E:332:;E:333:;E:334:;E:335:;E:336:;E:337:,E:333:;E:337:
transferrin_ps,calcium_phosphate,19,1,primary plausible interface,E:630:,ASP,630,E,6,5,10.166207076352324,0.8333333333333334,0.29906166666666667,0.25719000000000003,0.9905523002326984,E:619:;E:620:;E:624:;E:625:;E:630:;E:631:,E:620:;E:624:;E:625:;E:630:;E:631:
transferrin_ps,calcium_phosphate,20,1,primary plausible interface,E:573:,ASN,573,E,5,3,8.420301562333828,0.6,0.472854,0.17156,0.9977678937159898,E:570:;E:571:;E:572:;E:573:;E:575:,E:570:;E:572:;E:575:
transferrin_ps,calcium_phosphate,21,2,alternative interface,C:238:,TYR,238,C,10,7,14.733044053065894,0.7,0.432036,0.7383700000000001,0.9891745330488901,C:207:;C:233:;C:234:;C:236:;C:237:;C:238:;C:239:;C:240:;C:242:;C:96:,C:207:;C:233:;C:236:;C:237:;C:239:;C:240:;C:242:
transferrin_ps,calcium_phosphate,22,2,alternative interface,C:143:,ARG,143,C,9,4,12.042703430040143,0.4444444444444444,0.45297555555555546,0.56443,0.9893261665779968,C:136:;C:140:;C:141:;C:142:;C:143:;C:144:;C:145:;C:146:;C:148:,C:141:;C:143:;C:144:;C:148:
transferrin_ps,calcium_phosphate,23,2,alternative interface,C:87:,SER,87,C,8,4,10.377561745012825,0.5,0.5030025,0.5637,0.9873525542194986,C:300:;C:86:;C:87:;C:88:;C:89:;C:90:;C:91:;C:92:,C:300:;C:88:;C:89:;C:90:
transferrin_ps,calcium_phosphate,24,2,alternative interface,E:641:,LYS,641,E,8,3,12.872122362453268,0.375,0.46045375000000005,0.56341,0.9914593605825587,E:639:;E:640:;E:641:;E:642:;E:643:;E:644:;E:646:;E:647:,E:639:;E:641:;E:646:
transferrin_ps,calcium_phosphate,25,2,alternative interface,E:339:,CYS,339,E,5,3,10.198927911554897,0.6,0.48517,0.54276,0.9914765399347272,E:337:;E:338:;E:339:;E:340:;E:341:,E:337:;E:338:;E:340:
transferrin_ps,calcium_phosphate,26,2,alternative interface,E:590:,LYS,590,E,7,5,11.250317784732454,0.7142857142857143,0.4248342857142857,0.5410900000000001,0.9810724413701808,E:387:;E:587:;E:588:;E:589:;E:590:;E:591:;E:592:,E:387:;E:587:;E:588:;E:589:;E:590:
transferrin_ps,calcium_phosphate,27,2,alternative interface,E:477:,GLU,477,E,6,4,11.002231879137574,0.6666666666666666,0.40997666666666666,0.52063,0.9909416892004772,E:474:;E:475:;E:476:;E:477:;E:480:;E:492:,E:474:;E:476:;E:477:;E:480:
transferrin_ps,calcium_phosphate,28,2,alternative interface,E:654:,LYS,654,E,8,2,12.301086676459065,0.25,0.5708975000000001,0.41729999999999995,0.9823387730717434,E:650:;E:651:;E:653:;E:654:;E:655:;E:656:;E:657:;E:658:,E:651:;E:654:
transferrin_ps,calcium_phosphate,29,2,alternative interface,E:601:,LEU,601,E,8,3,11.81670272309947,0.375,0.37384875,0.38893,0.9938347672749869,E:597:;E:599:;E:600:;E:601:;E:602:;E:603:;E:604:;E:605:,E:597:;E:600:;E:604:
transferrin_ps,calcium_phosphate,30,2,alternative interface,E:567:,PRO,567,E,8,5,13.563501492468752,0.625,0.403485,0.33030000000000004,0.9927779049704559,E:554:;E:557:;E:565:;E:566:;E:567:;E:569:;E:570:;E:571:,E:554:;E:557:;E:565:;E:566:;E:570:
transferrin_ps,calcium_phosphate,31,2,alternative interface,E:637:,ASP,637,E,5,3,10.129824225622107,0.6,0.480162,0.31682,0.9916257235862489,E:418:;E:420:;E:421:;E:637:;E:639:,E:418:;E:637:;E:639:
transferrin_ps,calcium_phosphate,32,2,alternative interface,E:343:,LYS,343,E,5,4,12.472649897309793,0.8,0.3029339999999999,0.30286,0.9847216937866442,E:341:;E:343:;E:367:;E:369:;E:387:,E:343:;E:367:;E:369:;E:387:
transferrin_ps,calcium_phosphate,33,2,alternative interface,C:147:,GLU,147,C,6,3,12.59945482003128,0.5,0.41770333333333337,0.27225,0.9934657024316323,C:144:;C:145:;C:146:;C:147:;C:148:;C:167:,C:144:;C:147:;C:148:
transferrin_ps,calcium_phosphate,34,2,alternative interface,C:307:,PRO,307,C,3,1,6.469833386377702,0.3333333333333333,0.5894766666666666,0.25782,0.9762845558300296,C:306:;C:307:;C:308:,C:308:
transferrin_ps,calcium_phosphate,35,2,alternative interface,C:56:,GLU,56,C,5,2,12.540190661510486,0.4,0.491746,0.24492999999999998,0.9875487064441276,C:53:;C:54:;C:55:;C:56:;C:7:,C:56:;C:7:
transferrin_ps,calcium_phosphate,36,2,alternative interface,E:489:,LYS,489,E,6,1,12.05935895376407,0.16666666666666666,0.5501666666666667,0.22939,0.984625007558135,E:487:;E:488:;E:489:;E:490:;E:491:;E:502:,E:489:
transferrin_ps,calcium_phosphate,37,2,alternative interface,E:349:,HIS,349,E,7,4,10.049493268964062,0.5714285714285714,0.3535785714285714,0.19929,0.9941197202795407,E:347:;E:348:;E:349:;E:350:;E:351:;E:352:;E:353:,E:349:;E:350:;E:351:;E:352:
transferrin_ps,calcium_phosphate,38,2,alternative interface,C:111:,GLN,111,C,6,1,10.3462162162567,0.16666666666666666,0.34808,0.18785,0.9942616694627792,C:107:;C:108:;C:109:;C:110:;C:111:;C:113:,C:113:
transferrin_ps,calcium_phosphate,39,2,alternative interface,E:595:,LYS,595,E,6,2,12.188044201317224,0.3333333333333333,0.45535,0.17754999999999999,0.9918696224636535,E:591:;E:592:;E:595:;E:596:;E:597:;E:599:,E:595:;E:597:
transferrin_ps,calcium_phosphate,40,2,alternative interface,E:519:,ARG,519,E,6,2,12.327881563989497,0.3333333333333333,0.1987933333333333,0.11637,0.9942036282357105,E:515:;E:516:;E:519:;E:522:;E:523:;E:547:,E:519:;E:523:
transferrin_ps,calcium_phosphate,41,2,alternative interface,C:190:,GLY,190,C,9,1,12.038346504440977,0.1111111111111111,0.22331333333333336,0.10787000000000001,0.9944170006137073,C:183:;C:184:;C:185:;C:186:;C:187:;C:188:;C:189:;C:190:;C:193:,C:193:
transferrin_ps,calcium_phosphate,42,2,alternative interface,C:257:,GLY,257,C,5,2,9.294464941659886,0.4,0.598588,0.1036,0.9884296570623577,C:254:;C:255:;C:256:;C:257:;C:259:,C:254:;C:259:
transferrin_ps,calcium_phosphate,43,2,alternative interface,E:470:,ILE,470,E,6,2,8.577743594317065,0.3333333333333333,0.37830500000000006,0.07367,0.9935154003713388,E:467:;E:468:;E:469:;E:470:;E:471:;E:472:,E:469:;E:472:
transferrin_ps,calcium_phosphate,44,2,alternative interface,C:289:,HIS,289,C,6,3,12.47215364657511,0.5,0.5102,0.031709999999999995,0.9922864231153351,C:14:;C:17:;C:288:;C:289:;C:290:;C:291:,C:14:;C:289:;C:291:
transferrin_ps,calcium_phosphate,45,3,alternative interface,E:445:,GLY,445,E,7,4,14.570277176734109,0.5714285714285714,0.4464742857142857,0.51881,0.9905586043250958,E:442:;E:444:;E:445:;E:446:;E:447:;E:480:;E:481:,E:444:;E:446:;E:447:;E:480:
transferrin_ps,calcium_phosphate,46,3,alternative interface,C:327:,ARG,327,C,6,3,12.512455954639018,0.5,0.4123766666666666,0.49193,0.9910779196653909,C:146:;C:324:;C:325:;C:327:;C:328:;C:329:,C:324:;C:327:;C:328:
transferrin_ps,calcium_phosphate,47,3,alternative interface,C:310:,ASP,310,C,6,4,12.641387764438718,0.6666666666666666,0.4301333333333334,0.39372,0.9408987970836384,C:308:;C:310:;C:312:;C:313:;C:71:;C:78:,C:308:;C:310:;C:312:;C:78:
transferrin_ps,calcium_phosphate,48,3,alternative interface,E:412:,TYR,412,E,6,4,13.628064790985567,0.6666666666666666,0.3398366666666666,0.37823999999999997,0.9891463094198072,E:412:;E:413:;E:414:;E:422:;E:631:;E:633:,E:413:;E:422:;E:631:;E:633:
transferrin_ps,calcium_phosphate,49,3,alternative interface,E:560:,CYS,560,E,10,4,13.093156291637625,0.4,0.2956329999999999,0.26594999999999996,0.9928980012305868,E:439:;E:440:;E:560:;E:561:;E:562:;E:563:;E:564:;E:565:;E:566:;E:575:,E:562:;E:565:;E:566:;E:575:
transferrin_ps,calcium_phosphate,50,3,alternative interface,E:524:,LYS,524,E,6,4,11.822277475297131,0.6666666666666666,0.25836333333333333,0.23553999999999997,0.9898313589657614,E:447:;E:496:;E:522:;E:523:;E:524:;E:526:,E:447:;E:523:;E:524:;E:526:
transferrin_ps,calcium_phosphate,51,3,alternative interface,C:292:,ASP,292,C,6,3,13.00686615804859,0.5,0.34528500000000006,0.22563,0.9928523871840386,C:286:;C:290:;C:291:;C:292:;C:297:;C:298:,C:291:;C:292:;C:297:
transferrin_ps,calcium_phosphate,52,3,alternative interface,C:45:,TYR,45,C,8,2,10.782178669961118,0.25,0.36709375,0.18398,0.9917892422079542,C:11:;C:179:;C:42:;C:43:;C:44:;C:45:;C:46:;C:47:,C:42:;C:47:
transferrin_ps,calcium_phosphate,53,3,alternative interface,E:500:,PRO,500,E,7,1,8.97185721089811,0.14285714285714285,0.4099285714285714,0.11489,0.9916059851594011,E:498:;E:499:;E:500:;E:501:;E:502:;E:508:;E:510:,E:508:
transferrin_ps,calcium_phosphate,54,3,alternative interface,C:213:,ASN,213,C,6,1,13.60065165961764,0.16666666666666666,0.30485999999999996,0.06570999999999999,0.9932341466830129,C:189:;C:211:;C:212:;C:213:;C:214:;C:215:,C:212:
transferrin_ps,calcium_phosphate,55,4,alternative interface,C:25:,HIS,25,C,9,5,12.896609415069488,0.5555555555555556,0.4393988888888889,0.49807,0.9893063431265766,C:21:;C:23:;C:24:;C:25:;C:27:;C:281:;C:282:;C:28:;C:29:,C:23:;C:24:;C:25:;C:27:;C:281:
transferrin_ps,calcium_phosphate,56,4,alternative interface,E:385:,GLU,385,E,7,4,13.257852849387316,0.5714285714285714,0.30195142857142854,0.26443,0.9668981942229741,E:369:;E:380:;E:382:;E:383:;E:384:;E:385:;E:387:,E:369:;E:380:;E:385:;E:387:
transferrin_ps,calcium_phosphate,57,4,alternative interface,C:271:,GLN,271,C,8,3,13.054948557496074,0.375,0.32078125,0.25596,0.9897120548504235,C:268:;C:269:;C:271:;C:272:;C:273:;C:274:;C:275:;C:276:,C:272:;C:273:;C:276:
transferrin_ps,calcium_phosphate,58,4,alternative interface,C:231:,THR,231,C,8,3,12.193803017392042,0.375,0.36051750000000005,0.24829,0.9906351912139418,C:108:;C:109:;C:228:;C:229:;C:230:;C:231:;C:232:;C:233:,C:229:;C:232:;C:233:
transferrin_ps,calcium_phosphate,59,4,alternative interface,C:20:,GLN,20,C,8,2,12.497694409438644,0.25,0.40461749999999996,0.11463,0.9898603890317406,C:16:;C:17:;C:20:;C:21:;C:23:;C:24:;C:38:;C:39:,C:23:;C:24:
transferrin_ps,calcium_phosphate,60,4,alternative interface,C:208:,SER,208,C,5,2,10.18039547285931,0.4,0.204738,0.00488,0.9907997144092252,C:207:;C:208:;C:211:;C:212:;C:298:,C:207:;C:212:
transferrin_ps,calcium_phosphate,61,4,alternative interface,E:582:,HIS,582,E,2,1,6.527833149123939,0.5,0.089085,0.00242,0.990629351380457,E:580:;E:582:,E:582:
transferrin_ps,calcium_phosphate,62,5,alternative interface,E:663:,SER,663,E,5,2,10.505688551783264,0.4,0.42945399999999995,0.4042,0.9682634297392606,E:659:;E:660:;E:661:;E:663:;E:664:,E:660:;E:661:
transferrin_ps,calcium_phosphate,63,5,alternative interface,C:12:,SER,12,C,13,5,13.428783537655459,0.38461538461538464,0.3395761538461539,0.38999,0.98805912267313,C:11:;C:12:;C:13:;C:14:;C:15:;C:16:;C:180:;C:181:;C:182:;C:41:;C:42:;C:43:;C:44:,C:13:;C:14:;C:15:;C:41:;C:42:
transferrin_ps,calcium_phosphate,64,5,alternative interface,C:50:,ARG,50,C,6,2,12.367188826011281,0.3333333333333333,0.40184166666666665,0.36443,0.9840184815478858,C:46:;C:47:;C:50:;C:53:;C:54:;C:75:,C:47:;C:50:
transferrin_ps,calcium_phosphate,65,5,alternative interface,E:493:,LEU,493,E,10,2,12.736833507778867,0.2,0.374611,0.34094,0.9880828894361904,E:476:;E:481:;E:487:;E:488:;E:490:;E:491:;E:492:;E:493:;E:495:;E:496:,E:476:;E:495:
transferrin_ps,calcium_phosphate,66,5,alternative interface,E:423:,GLU,423,E,6,3,13.34824941753281,0.5,0.300295,0.32223,0.9865359629002907,E:421:;E:422:;E:423:;E:425:;E:578:;E:580:,E:422:;E:423:;E:578:
transferrin_ps,calcium_phosphate,67,5,alternative interface,E:379:,ALA,379,E,7,3,12.886345464064972,0.42857142857142855,0.32175000000000004,0.31398,0.829226036766533,E:375:;E:376:;E:379:;E:380:;E:382:;E:383:;E:667:,E:375:;E:376:;E:380:
transferrin_ps,calcium_phosphate,68,5,alternative interface,C:137:,CYS,137,C,6,1,13.695864743233917,0.16666666666666666,0.36978833333333333,0.20575,0.9891748875056056,C:134:;C:136:;C:137:;C:138:;C:140:;C:331:,C:138:
transferrin_ps,calcium_phosphate,69,5,alternative interface,E:473:,CYS,473,E,7,3,12.622959216531298,0.42857142857142855,0.4325800000000001,0.19127,0.9835842469159806,E:467:;E:471:;E:472:;E:473:;E:474:;E:475:;E:661:,E:472:;E:474:;E:661:
transferrin_ps,calcium_phosphate,70,5,alternative interface,C:40:,VAL,40,C,7,3,13.28904699593262,0.42857142857142855,0.30953285714285717,0.15175,0.9882711167913418,C:16:;C:38:;C:39:;C:40:;C:41:;C:42:;C:7:,C:41:;C:42:;C:7:
transferrin_ps,calcium_phosphate,71,5,alternative interface,E:426:,LEU,426,E,9,3,13.739088853062848,0.3333333333333333,0.34914222222222224,0.14085,0.9900845002286036,E:425:;E:426:;E:532:;E:533:;E:571:;E:572:;E:575:;E:577:;E:578:,E:572:;E:575:;E:578:
transferrin_ps,calcium_phosphate,72,5,alternative interface,E:370:,SER,370,E,6,3,10.72009551353111,0.5,0.32476,0.14038,0.9787500931538143,E:347:;E:348:;E:352:;E:369:;E:370:;E:372:,E:352:;E:369:;E:372:
transferrin_ps,calcium_phosphate,73,6,alternative interface,E:373:,THR,373,E,10,3,12.660820494203731,0.3,0.263836,0.36884999999999996,0.9775422211769127,E:347:;E:348:;E:372:;E:373:;E:374:;E:375:;E:376:;E:504:;E:505:;E:506:,E:372:;E:375:;E:376:
transferrin_ps,calcium_phosphate,74,6,alternative interface,E:666:,ARG,666,E,5,2,11.305277617563304,0.4,0.34886799999999996,0.29282,0.8758803140502162,E:664:;E:666:;E:667:;E:669:;E:670:,E:666:;E:669:
transferrin_ps,calcium_phosphate,75,6,alternative interface,C:321:,THR,321,C,8,2,12.176100937079084,0.25,0.4107,0.25579,0.9479353133427694,C:317:;C:318:;C:319:;C:321:;C:322:;C:324:;C:325:;E:383:,C:318:;C:324:
transferrin_ps,calcium_phosphate,76,6,alternative interface,C:303:,LEU,303,C,4,1,10.373774785414117,0.25,0.3192475,0.13872,0.9714700538044752,C:303:;C:304:;C:82:;C:84:,C:304:
transferrin_ps,calcium_phosphate,77,6,alternative interface,C:94:,PHE,94,C,9,3,14.202582346856152,0.3333333333333333,0.24217888888888892,0.13192,0.9513429323222411,C:245:;C:84:;C:92:;C:93:;C:94:;C:96:;E:674:;E:675:;E:676:,E:674:;E:675:;E:676:
transferrin_ps,calcium_phosphate,78,6,alternative interface,C:68:,TYR,68,C,6,2,11.973785223155279,0.3333333333333333,0.32452,0.10969,0.9792283341202923,C:312:;C:66:;C:68:;C:69:;C:71:;C:72:,C:312:;C:69:
transferrin_ps,calcium_phosphate,79,6,alternative interface,E:405:,VAL,405,E,8,2,13.095946950077611,0.25,0.4171475,0.05534,0.960992595111402,E:403:;E:405:;E:587:;E:588:;E:591:;E:642:;E:643:;E:644:,E:587:;E:588:
transferrin_ps,calcium_phosphate,80,6,alternative interface,C:123:,GLY,123,C,6,1,10.813066151589165,0.16666666666666666,0.1389316666666667,0.05013,0.9842278124392156,C:122:;C:123:;C:124:;C:128:;C:129:;C:66:,C:124:
transferrin_ps,calcium_phosphate,81,6,alternative interface,C:244:,ALA,244,C,5,1,10.458419639386177,0.2,0.185784,0.008,0.9794476027781609,C:130:;C:242:;C:244:;C:245:;C:96:,C:242:
transferrin_ps,calcium_phosphate,82,6,alternative interface,C:249:,HIS,249,C,2,1,6.238080347504644,0.5,0.085885,0.00221,0.9829561165685154,C:249:;C:82:,C:249:
transferrin_ps,calcium_phosphate,83,7,alternative interface,C:316:,GLY,316,C,8,3,12.067102433184582,0.375,0.31637875,0.25569,0.7260712514463944,C:312:;C:313:;C:316:;C:317:;C:318:;C:319:;E:673:;E:674:,C:312:;C:318:;E:674:
transferrin_ps,calcium_phosphate,84,7,alternative interface,E:507:,ASN,507,E,12,2,14.744476503982701,0.16666666666666666,0.23115916666666667,0.15539,0.975166747887522,E:347:;E:348:;E:350:;E:499:;E:504:;E:505:;E:506:;E:507:;E:508:;E:510:;E:512:;E:513:,E:350:;E:508:
transferrin_ps,calcium_phosphate,85,7,alternative interface,E:672:,THR,672,E,8,3,12.970193745281335,0.375,0.22565875,0.10925000000000001,0.7549478145550292,E:401:;E:669:;E:670:;E:671:;E:672:;E:673:;E:674:;E:675:,E:669:;E:674:;E:675:
transferrin_ps,calcium_phosphate,86,7,alternative interface,E:453:,VAL,453,E,8,2,15.030300316873467,0.25,0.17182124999999998,0.08962999999999999,0.9559757401351934,E:453:;E:454:;E:455:;E:459:;E:460:;E:486:;E:487:;E:505:,E:454:;E:455:
transferrin_ps,metal_coord,1,1,primary plausible interface,E:552:,LYS,552,E,7,4,11.45387184794258,0.5714285714285714,0.60089,0.82257,0.9945142100924461,E:540:;E:550:;E:551:;E:552:;E:553:;E:554:;E:555:,E:550:;E:553:;E:554:;E:555:
transferrin_ps,metal_coord,2,1,primary plausible interface,E:359:,SER,359,E,9,3,11.746775020114585,0.3333333333333333,0.6076266666666668,0.58846,0.9912037695018571,E:356:;E:357:;E:359:;E:360:;E:361:;E:363:;E:364:;E:365:;E:367:,E:356:;E:357:;E:367:
transferrin_ps,metal_coord,3,1,primary plausible interface,C:34:,GLY,34,C,7,2,11.361667161474076,0.2857142857142857,0.6041542857142856,0.5870799999999999,0.9940632889180003,C:31:;C:32:;C:33:;C:34:;C:36:;C:3:;C:4:,C:33:;C:3:
transferrin_ps,metal_coord,4,1,primary plausible interface,C:15:,GLU,15,C,7,3,10.083379035726217,0.42857142857142855,0.31330142857142856,0.55782,0.9958231650439094,C:11:;C:12:;C:13:;C:14:;C:15:;C:16:;C:17:,C:13:;C:14:;C:15:
transferrin_ps,metal_coord,5,1,primary plausible interface,C:163:,ASP,163,C,7,3,11.992297458040982,0.42857142857142855,0.45306142857142856,0.51894,0.9947574387240943,C:161:;C:163:;C:164:;C:165:;C:166:;C:167:;C:168:,C:161:;C:163:;C:166:
transferrin_ps,metal_coord,6,1,primary plausible interface,E:571:,ALA,571,E,9,3,14.627576620726646,0.3333333333333333,0.4225144444444444,0.50752,0.9950267758592058,E:426:;E:532:;E:567:;E:569:;E:570:;E:571:;E:572:;E:573:;E:575:,E:570:;E:572:;E:575:
transferrin_ps,metal_coord,7,1,primary plausible interface,E:474:,ARG,474,E,6,4,10.936085499047097,0.6666666666666666,0.37553333333333333,0.50311,0.9883002674129948,E:472:;E:473:;E:474:;E:475:;E:476:;E:477:,E:472:;E:473:;E:476:;E:477:
transferrin_ps,metal_coord,8,1,primary plausible interface,E:612:,CYS,612,E,9,4,12.036564102902883,0.4444444444444444,0.5153455555555556,0.48676,0.9958162589589846,E:610:;E:611:;E:612:;E:613:;E:614:;E:615:;E:616:;E:617:;E:620:,E:611:;E:612:;E:617:;E:620:
transferrin_ps,metal_coord,9,1,primary plausible interface,E:337:,ASP,337,E,6,3,13.491817033239965,0.5,0.6415683333333333,0.42738,0.9879038003249321,E:335:;E:336:;E:337:;E:338:;E:339:;E:340:,E:337:;E:338:;E:339:
transferrin_ps,metal_coord,10,1,primary plausible interface,E:418:,LYS,418,E,6,3,11.702308267625286,0.5,0.517005,0.3527,0.9948324129374286,E:416:;E:417:;E:418:;E:419:;E:420:;E:637:,E:416:;E:417:;E:637:
transferrin_ps,metal_coord,11,1,primary plausible interface,E:332:,PRO,332,E,5,2,13.122143879405453,0.4,0.62294,0.33872,0.9889647235838346,C:331:;E:332:;E:333:;E:334:;E:335:,C:331:;E:333:
transferrin_ps,metal_coord,12,1,primary plausible interface,E:437:,ASP,437,E,4,1,9.812889094181529,0.25,0.5418099999999999,0.29834,0.9966729880826998,E:435:;E:436:;E:437:;E:439:,E:437:
transferrin_ps,metal_coord,13,1,primary plausible interface,E:625:,ASP,625,E,5,3,9.350317530870363,0.6,0.40606800000000004,0.24276,0.9920374650364734,E:620:;E:623:;E:624:;E:625:;E:630:,E:620:;E:625:;E:630:
transferrin_ps,metal_coord,14,1,primary plausible interface,C:55:,ASN,55,C,4,1,7.561590688813846,0.25,0.54986,0.23967,0.9968088937247852,C:53:;C:54:;C:55:;C:56:,C:56:
transferrin_ps,metal_coord,15,1,primary plausible interface,C:212:,GLU,212,C,6,1,11.79852096841829,0.16666666666666666,0.31258500000000006,0.09269,0.9980803859617222,C:208:;C:211:;C:212:;C:213:;C:214:;C:215:,C:212:
transferrin_ps,metal_coord,16,1,primary plausible interface,E:389:,MET,389,E,2,2,7.301008623094947,1.0,0.07432,0.02418,0.9789269286761145,E:387:;E:389:,E:387:;E:389:
transferrin_ps,metal_coord,17,2,alternative interface,C:238:,TYR,238,C,10,5,14.733044053065894,0.5,0.432036,0.7363299999999999,0.9891745330488901,C:207:;C:233:;C:234:;C:236:;C:237:;C:238:;C:239:;C:240:;C:242:;C:96:,C:207:;C:236:;C:237:;C:240:;C:242:
transferrin_ps,metal_coord,18,2,alternative interface,C:262:,LEU,262,C,9,4,12.501593827814824,0.4444444444444444,0.4900788888888889,0.71595,0.9910337346555705,C:259:;C:260:;C:261:;C:262:;C:264:;C:265:;C:3:;C:4:;C:5:,C:260:;C:261:;C:265:;C:3:
transferrin_ps,metal_coord,19,2,alternative interface,E:354:,LYS,354,E,8,4,13.010069273826721,0.5,0.48033250000000005,0.6539400000000001,0.9899075715445053,E:350:;E:351:;E:352:;E:353:;E:354:;E:356:;E:357:;E:622:,E:350:;E:351:;E:356:;E:357:
transferrin_ps,metal_coord,20,2,alternative interface,C:279:,SER,279,C,11,3,11.999553768612355,0.2727272727272727,0.4117700000000001,0.6511,0.9939723785691224,C:273:;C:274:;C:275:;C:276:;C:277:;C:278:;C:279:;C:280:;C:281:;C:282:;C:283:,C:273:;C:277:;C:281:
transferrin_ps,metal_coord,21,2,alternative interface,C:87:,SER,87,C,8,3,10.377561745012825,0.375,0.5030025,0.6441800000000001,0.9873525542194986,C:300:;C:86:;C:87:;C:88:;C:89:;C:90:;C:91:;C:92:,C:300:;C:89:;C:90:
transferrin_ps,metal_coord,22,2,alternative interface,C:103:,LYS,103,C,9,3,15.338017427779482,0.3333333333333333,0.5141922222222222,0.54776,0.9925614250587637,C:102:;C:103:;C:104:;C:105:;C:106:;C:221:;C:222:;C:223:;C:224:,C:104:;C:221:;C:224:
transferrin_ps,metal_coord,23,2,alternative interface,E:649:,GLY,649,E,8,2,12.496647027981998,0.25,0.519095,0.51327,0.9797288073571606,E:644:;E:645:;E:646:;E:647:;E:649:;E:650:;E:651:;E:653:,E:645:;E:651:
transferrin_ps,metal_coord,24,2,alternative interface,E:414:,SER,414,E,8,3,10.98893403416713,0.375,0.46806749999999997,0.50855,0.9914161182947993,E:412:;E:413:;E:414:;E:415:;E:416:;E:417:;E:419:;E:633:,E:413:;E:416:;E:417:
transferrin_ps,metal_coord,25,2,alternative interface,E:549:,LYS,549,E,10,2,12.420882446516641,0.2,0.5154380000000001,0.48783,0.9931077887858161,E:540:;E:541:;E:542:;E:544:;E:545:;E:546:;E:547:;E:549:;E:550:;E:551:,E:545:;E:550:
transferrin_ps,metal_coord,26,2,alternative interface,E:619:,PHE,619,E,7,4,12.04280318099035,0.5714285714285714,0.2900271428571428,0.44505,0.9891823292955558,E:607:;E:617:;E:619:;E:620:;E:630:;E:631:;E:633:,E:617:;E:620:;E:630:;E:631:
transferrin_ps,metal_coord,27,2,alternative interface,C:220:,ARG,220,C,11,2,13.063927071402285,0.18181818181818182,0.5174009090909091,0.44345,0.9927277416920026,C:211:;C:214:;C:215:;C:216:;C:217:;C:218:;C:219:;C:220:;C:221:;C:222:;C:223:,C:219:;C:221:
transferrin_ps,metal_coord,28,2,alternative interface,E:433:,LYS,433,E,8,3,14.14426556834829,0.375,0.50585125,0.39305999999999996,0.9937645271418875,E:432:;E:433:;E:434:;E:435:;E:436:;E:554:;E:555:;E:557:,E:554:;E:555:;E:557:
transferrin_ps,metal_coord,29,2,alternative interface,C:228:,LEU,228,C,6,3,11.466744341989788,0.5,0.39396000000000003,0.31565,0.9915813208583516,C:109:;C:228:;C:229:;C:230:;C:231:;C:242:,C:109:;C:229:;C:242:
transferrin_ps,metal_coord,30,2,alternative interface,E:654:,LYS,654,E,8,1,12.301086676459065,0.125,0.5708975000000001,0.30957999999999997,0.9823387730717434,E:650:;E:651:;E:653:;E:654:;E:655:;E:656:;E:657:;E:658:,E:651:
transferrin_ps,metal_coord,31,2,alternative interface,E:343:,LYS,343,E,5,3,12.472649897309793,0.6,0.3029339999999999,0.30783,0.9847216937866442,E:341:;E:343:;E:367:;E:369:;E:387:,E:367:;E:369:;E:387:
transferrin_ps,metal_coord,32,2,alternative interface,C:196:,LYS,196,C,5,1,8.617010683270731,0.2,0.40210799999999997,0.16526,0.99649387639105,C:193:;C:196:;C:197:;C:198:;C:199:,C:197:
transferrin_ps,metal_coord,33,2,alternative interface,E:639:,ARG,639,E,6,1,12.810960418893915,0.16666666666666666,0.5664233333333334,0.14598,0.990589734114352,E:420:;E:637:;E:639:;E:640:;E:641:;E:642:,E:637:
transferrin_ps,metal_coord,34,2,alternative interface,C:297:,ASP,297,C,5,2,9.477088129025065,0.4,0.283404,0.13953,0.9932374358368002,C:286:;C:291:;C:292:;C:297:;C:298:,C:292:;C:297:
transferrin_ps,metal_coord,35,3,alternative interface,C:137:,CYS,137,C,6,3,13.695864743233917,0.5,0.36978833333333333,0.60422,0.9891748875056056,C:134:;C:136:;C:137:;C:138:;C:140:;C:331:,C:137:;C:138:;C:331:
transferrin_ps,metal_coord,36,3,alternative interface,E:602:,GLN,602,E,8,2,12.92964307833709,0.25,0.40214125,0.48956000000000005,0.9923561793990364,E:599:;E:600:;E:601:;E:602:;E:603:;E:604:;E:605:;E:607:,E:600:;E:604:
transferrin_ps,metal_coord,37,3,alternative interface,E:492:,SER,492,E,9,3,13.252269272028746,0.3333333333333333,0.43244222222222223,0.48094000000000003,0.9862526976291538,E:476:;E:477:;E:480:;E:481:;E:490:;E:491:;E:492:;E:493:;E:495:,E:476:;E:477:;E:495:
transferrin_ps,metal_coord,38,3,alternative interface,C:254:,ARG,254,C,8,1,14.801044074573996,0.125,0.49873375,0.43359000000000003,0.9773406408942902,C:254:;C:255:;C:256:;C:257:;C:259:;C:53:;C:76:;C:78:,C:256:
transferrin_ps,metal_coord,39,3,alternative interface,C:25:,HIS,25,C,9,3,12.896609415069488,0.3333333333333333,0.4393988888888889,0.41598,0.9893063431265766,C:21:;C:23:;C:24:;C:25:;C:27:;C:281:;C:282:;C:28:;C:29:,C:24:;C:25:;C:281:
transferrin_ps,metal_coord,40,3,alternative interface,C:143:,ARG,143,C,9,1,12.042703430040143,0.1111111111111111,0.45297555555555546,0.36579,0.9893261665779968,C:136:;C:140:;C:141:;C:142:;C:143:;C:144:;C:145:;C:146:;C:148:,C:141:
transferrin_ps,metal_coord,41,3,alternative interface,C:289:,HIS,289,C,6,2,12.47215364657511,0.3333333333333333,0.5102,0.34067000000000003,0.9922864231153351,C:14:;C:17:;C:288:;C:289:;C:290:;C:291:,C:14:;C:289:
transferrin_ps,metal_coord,42,3,alternative interface,C:325:,ASN,325,C,8,1,12.074335630447848,0.125,0.5134337499999999,0.32341000000000003,0.9879551886780575,C:321:;C:322:;C:324:;C:325:;C:327:;C:328:;C:329:;C:330:,C:328:
transferrin_ps,metal_coord,43,3,alternative interface,E:560:,CYS,560,E,10,3,13.093156291637625,0.3,0.2956329999999999,0.32158000000000003,0.9928980012305868,E:439:;E:440:;E:560:;E:561:;E:562:;E:563:;E:564:;E:565:;E:566:;E:575:,E:560:;E:562:;E:575:
transferrin_ps,metal_coord,44,3,alternative interface,E:385:,GLU,385,E,7,4,13.257852849387316,0.5714285714285714,0.30195142857142854,0.25875,0.9668981942229741,E:369:;E:380:;E:382:;E:383:;E:384:;E:385:;E:387:,E:369:;E:382:;E:385:;E:387:
transferrin_ps,metal_coord,45,3,alternative interface,C:147:,GLU,147,C,6,1,12.59945482003128,0.16666666666666666,0.41770333333333337,0.1463,0.9934657024316323,C:144:;C:145:;C:146:;C:147:;C:148:;C:167:,C:147:
transferrin_ps,metal_coord,46,3,alternative interface,E:470:,ILE,470,E,6,1,8.577743594317065,0.16666666666666666,0.37830500000000006,0.14054,0.9935154003713388,E:467:;E:468:;E:469:;E:470:;E:471:;E:472:,E:472:
transferrin_ps,metal_coord,47,3,alternative interface,E:582:,HIS,582,E,2,1,6.527833149123939,0.5,0.089085,0.028610000000000003,0.990629351380457,E:580:;E:582:,E:582:
transferrin_ps,metal_coord,48,4,alternative interface,E:348:,GLY,348,E,12,4,13.904955826827997,0.3333333333333333,0.32954083333333334,0.58148,0.9801754410295382,E:347:;E:348:;E:349:;E:350:;E:351:;E:352:;E:370:;E:372:;E:373:;E:506:;E:507:;E:508:,E:349:;E:350:;E:351:;E:372:
transferrin_ps,metal_coord,49,4,alternative interface,E:422:,GLU,422,E,8,3,14.146487582226708,0.375,0.33555999999999997,0.45456,0.9855349447858137,E:412:;E:413:;E:420:;E:421:;E:422:;E:423:;E:425:;E:580:,E:413:;E:422:;E:423:
transferrin_ps,metal_coord,50,4,alternative interface,C:271:,GLN,271,C,8,2,13.054948557496074,0.25,0.32078125,0.43221,0.9897120548504235,C:268:;C:269:;C:271:;C:272:;C:273:;C:274:;C:275:;C:276:,C:272:;C:273:
transferrin_ps,metal_coord,51,4,alternative interface,E:379:,ALA,379,E,7,3,12.886345464064972,0.42857142857142855,0.32175000000000004,0.38137,0.829226036766533,E:375:;E:376:;E:379:;E:380:;E:382:;E:383:;E:667:,E:375:;E:376:;E:382:
transferrin_ps,metal_coord,52,4,alternative interface,E:597:,LYS,597,E,7,1,12.650347614039806,0.14285714285714285,0.39998714285714293,0.31538,0.9881537210965324,E:365:;E:595:;E:596:;E:597:;E:599:;E:600:;E:601:,E:600:
transferrin_ps,metal_coord,53,4,alternative interface,E:442:,ASN,442,E,6,1,11.946613497946272,0.16666666666666666,0.41239000000000003,0.30738,0.9915215163938401,E:439:;E:440:;E:441:;E:442:;E:444:;E:445:,E:444:
transferrin_ps,metal_coord,54,4,alternative interface,E:590:,LYS,590,E,7,2,11.250317784732454,0.2857142857142857,0.4248342857142857,0.27995000000000003,0.9810724413701808,E:387:;E:587:;E:588:;E:589:;E:590:;E:591:;E:592:,E:387:;E:589:
transferrin_ps,metal_coord,55,4,alternative interface,E:446:,LYS,446,E,7,2,11.354465059452487,0.2857142857142857,0.41364285714285715,0.27071,0.9910232815581436,E:444:;E:445:;E:446:;E:447:;E:480:;E:481:;E:526:,E:444:;E:526:
transferrin_ps,metal_coord,56,4,alternative interface,E:643:,THR,643,E,8,1,10.179322622468403,0.125,0.41424249999999996,0.20369,0.9844145037770912,E:405:;E:641:;E:642:;E:643:;E:644:;E:645:;E:646:;E:647:,E:645:
transferrin_ps,metal_coord,57,4,alternative interface,C:310:,ASP,310,C,6,2,12.641387764438718,0.3333333333333333,0.4301333333333334,0.20026,0.9408987970836384,C:308:;C:310:;C:312:;C:313:;C:71:;C:78:,C:310:;C:313:
transferrin_ps,metal_coord,58,4,alternative interface,C:116:,LYS,116,C,6,1,13.724169405807583,0.16666666666666666,0.39834166666666665,0.16008,0.9915225700627549,C:114:;C:115:;C:116:;C:155:;C:199:;C:201:,C:201:
transferrin_ps,metal_coord,59,4,alternative interface,E:577:,ALA,577,E,5,1,10.546728486303637,0.2,0.27653999999999995,0.08174,0.9926255339178857,E:426:;E:461:;E:575:;E:577:;E:578:,E:575:
transferrin_ps,metal_coord,60,4,alternative interface,C:110:,ASN,110,C,7,1,13.944576219145867,0.14285714285714285,0.35875285714285715,0.03972,0.992357471167045,C:107:;C:108:;C:109:;C:110:;C:111:;C:113:;C:230:,C:109:
transferrin_ps,metal_coord,61,4,alternative interface,C:249:,HIS,249,C,2,1,6.238080347504644,0.5,0.085885,0.02618,0.9829561165685154,C:249:;C:82:,C:249:
transferrin_ps,metal_coord,62,5,alternative interface,E:374:,PRO,374,E,9,3,14.713855501962623,0.3333333333333333,0.2793511111111111,0.46283,0.9573352318441045,E:347:;E:372:;E:373:;E:374:;E:375:;E:376:;E:395:;E:505:;E:506:,E:372:;E:375:;E:376:
transferrin_ps,metal_coord,63,5,alternative interface,C:316:,GLY,316,C,8,3,12.067102433184582,0.375,0.31637875,0.38854999999999995,0.7260712514463944,C:312:;C:313:;C:316:;C:317:;C:318:;C:319:;E:673:;E:674:,C:313:;C:318:;E:674:
transferrin_ps,metal_coord,64,5,alternative interface,C:44:,SER,44,C,10,2,12.066743165087365,0.2,0.311583,0.26083,0.9903674550850989,C:11:;C:12:;C:179:;C:180:;C:42:;C:43:;C:44:;C:45:;C:46:;C:47:,C:179:;C:47:
transferrin_ps,metal_coord,65,5,alternative interface,C:50:,ARG,50,C,6,1,12.367188826011281,0.16666666666666666,0.40184166666666665,0.25952000000000003,0.9840184815478858,C:46:;C:47:;C:50:;C:53:;C:54:;C:75:,C:47:
transferrin_ps,metal_coord,66,5,alternative interface,E:522:,VAL,522,E,6,1,14.558738984059378,0.16666666666666666,0.26791000000000004,0.14797000000000002,0.9906487950707611,E:432:;E:519:;E:522:;E:523:;E:524:;E:547:,E:523:
transferrin_ps,metal_coord,67,5,alternative interface,C:72:,LEU,72,C,8,1,12.536442202341616,0.125,0.4206275,0.10733000000000001,0.9801416875819414,C:68:;C:69:;C:71:;C:72:;C:73:;C:74:;C:75:;C:76:,C:69:
transferrin_ps,metal_coord,68,5,alternative interface,C:178:,GLY,178,C,10,2,13.820876811289548,0.2,0.389798,0.08080999999999999,0.9909894843098725,C:161:;C:175:;C:176:;C:178:;C:179:;C:180:;C:181:;C:182:;C:183:;C:186:,C:161:;C:179:
transferrin_ps,metal_coord,69,5,alternative interface,C:122:,LEU,122,C,5,1,11.372643640949773,0.2,0.15791000000000005,0.04292,0.9920384130853203,C:122:;C:123:;C:124:;C:128:;C:161:,C:161:
transferrin_ps,metal_coord,70,6,alternative interface,E:675:,LYS,675,E,9,2,14.326278224004321,0.2222222222222222,0.2627777777777778,0.24146,0.9339790540976206,C:245:;C:92:;C:93:;C:94:;E:672:;E:673:;E:674:;E:675:;E:676:,E:674:;E:676:
transferrin_ps,metal_coord,71,6,alternative interface,E:670:,ALA,670,E,8,3,11.01220187677978,0.375,0.22855,0.23948,0.5499333781543537,C:313:;E:666:;E:667:;E:669:;E:670:;E:671:;E:672:;E:673:,C:313:;E:669:;E:671:
transferrin_ps,metal_coord,72,6,alternative interface,E:496:,LEU,496,E,6,1,13.463232309115709,0.16666666666666666,0.29986999999999997,0.18813,0.9871933713850456,E:481:;E:493:;E:495:;E:496:;E:498:;E:524:,E:495:
transferrin_ps,metal_coord,73,6,alternative interface,C:66:,LEU,66,C,5,1,10.316690830479674,0.2,0.20709399999999997,0.13352,0.9791352089316793,C:123:;C:124:;C:66:;C:68:;C:69:,C:69:
transferrin_ps,metal_coord,74,6,alternative interface,C:244:,ALA,244,C,5,1,10.458419639386177,0.2,0.185784,0.10099,0.9794476027781609,C:130:;C:242:;C:244:;C:245:;C:96:,C:242:
transferrin_ps,metal_coord,75,6,alternative interface,C:40:,VAL,40,C,7,1,13.28904699593262,0.14285714285714285,0.30953285714285717,0.05576,0.9882711167913418,C:16:;C:38:;C:39:;C:40:;C:41:;C:42:;C:7:,C:39:
transferrin_ps,metal_coord,76,7,alternative interface,C:84:,PHE,84,C,9,1,13.500751040462783,0.1111111111111111,0.24393666666666672,0.10908,0.9640225857864311,C:300:;C:303:;C:82:;C:84:;C:86:;C:91:;C:92:;C:93:;C:94:,C:300:
transferrin_ps,metal_coord,77,7,alternative interface,E:453:,VAL,453,E,8,1,15.030300316873467,0.125,0.17182124999999998,0.08775000000000001,0.9559757401351934,E:453:;E:454:;E:455:;E:459:;E:460:;E:486:;E:487:;E:505:,E:454:
transferrin_ps,soft_metal_sulfur,1,1,primary plausible interface,C:254:,ARG,254,C,8,1,14.801044074573996,0.125,0.49873375,1.0,0.9773406408942902,C:254:;C:255:;C:256:;C:257:;C:259:;C:53:;C:76:;C:78:,C:256:
transferrin_ps,soft_metal_sulfur,2,1,primary plausible interface,C:137:,CYS,137,C,6,2,13.695864743233917,0.3333333333333333,0.36978833333333333,0.7241599999999999,0.9891748875056056,C:134:;C:136:;C:137:;C:138:;C:140:;C:331:,C:137:;C:331:
transferrin_ps,soft_metal_sulfur,3,1,primary plausible interface,E:612:,CYS,612,E,9,2,12.036564102902883,0.2222222222222222,0.5153455555555556,0.34953,0.9958162589589846,E:610:;E:611:;E:612:;E:613:;E:614:;E:615:;E:616:;E:617:;E:620:,E:612:;E:617:
transferrin_ps,soft_metal_sulfur,4,1,primary plausible interface,E:337:,ASP,337,E,6,1,13.491817033239965,0.16666666666666666,0.6415683333333333,0.30125,0.9879038003249321,E:335:;E:336:;E:337:;E:338:;E:339:;E:340:,E:339:
transferrin_ps,soft_metal_sulfur,5,1,primary plausible interface,C:161:,CYS,161,C,5,2,10.762630549483056,0.4,0.379388,0.26869,0.9923633534575809,C:122:;C:161:;C:163:;C:178:;C:179:,C:161:;C:179:
transferrin_ps,soft_metal_sulfur,6,1,primary plausible interface,C:330:,THR,330,C,5,1,10.015122496892108,0.2,0.55885,0.18689,0.990248151970369,C:325:;C:328:;C:329:;C:330:;C:331:,C:331:
transferrin_ps,soft_metal_sulfur,7,1,primary plausible interface,E:418:,LYS,418,E,6,1,11.702308267625286,0.16666666666666666,0.517005,0.17003000000000001,0.9948324129374286,E:416:;E:417:;E:418:;E:419:;E:420:;E:637:,E:417:
transferrin_ps,soft_metal_sulfur,8,1,primary plausible interface,E:389:,MET,389,E,2,1,7.301008623094947,0.5,0.07432,0.05577,0.9789269286761145,E:387:;E:389:,E:389:
transferrin_ps,soft_metal_sulfur,9,2,alternative interface,E:341:,ALA,341,E,7,1,11.83249517326564,0.14285714285714285,0.46655142857142856,0.30125,0.9879474533029314,E:339:;E:340:;E:341:;E:343:;E:364:;E:365:;E:367:,E:339:
transferrin_ps,soft_metal_sulfur,10,2,alternative interface,E:670:,ALA,670,E,8,2,11.01220187677978,0.25,0.22855,0.28800000000000003,0.5499333781543537,C:313:;E:666:;E:667:;E:669:;E:670:;E:671:;E:672:;E:673:,C:313:;E:671:
transferrin_ps,soft_metal_sulfur,11,2,alternative interface,E:475:,PHE,475,E,5,1,8.812536462264635,0.2,0.38767999999999997,0.24086,0.9929277097798095,E:473:;E:474:;E:475:;E:476:;E:477:,E:473:
transferrin_ps,soft_metal_sulfur,12,2,alternative interface,C:310:,ASP,310,C,6,1,12.641387764438718,0.16666666666666666,0.4301333333333334,0.1925,0.9408987970836384,C:308:;C:310:;C:312:;C:313:;C:71:;C:78:,C:313:
transferrin_ps,soft_metal_sulfur,13,2,alternative interface,E:415:,THR,415,E,7,1,12.211357809748042,0.14285714285714285,0.4933528571428572,0.17003000000000001,0.9914142994054292,E:413:;E:414:;E:415:;E:416:;E:417:;E:607:;E:633:,E:417:
transferrin_ps,soft_metal_sulfur,14,3,alternative interface,E:472:,HIS,472,E,6,1,9.502331407299824,0.16666666666666666,0.36446833333333334,0.24086,0.9898245510037138,E:467:;E:470:;E:471:;E:472:;E:473:;E:474:,E:473:
transferrin_ps,soft_metal_sulfur,15,3,alternative interface,C:38:,ALA,38,C,8,1,13.50877619828337,0.125,0.38581624999999997,0.1286,0.9873559532301524,C:20:;C:23:;C:36:;C:38:;C:39:;C:40:;C:5:;C:7:,C:39:
transferrin_ps,soft_metal_sulfur,16,3,alternative interface,C:108:,GLN,108,C,9,1,12.453039251188027,0.1111111111111111,0.3729866666666667,0.09162000000000001,0.9916981977301098,C:106:;C:107:;C:108:;C:109:;C:110:;C:111:;C:230:;C:231:;C:232:,C:109:
transferrin_ps,soft_metal_sulfur,17,3,alternative interface,E:560:,CYS,560,E,10,1,13.093156291637625,0.1,0.2956329999999999,0.06472,0.9928980012305868,E:439:;E:440:;E:560:;E:561:;E:562:;E:563:;E:564:;E:565:;E:566:;E:575:,E:560:
transferrin_ps,soft_metal_sulfur,18,4,alternative interface,C:316:,GLY,316,C,8,1,12.067102433184582,0.125,0.31637875,0.1925,0.7260712514463944,C:312:;C:313:;C:316:;C:317:;C:318:;C:319:;E:673:;E:674:,C:313:
transferrin_ps,soft_metal_sulfur,19,4,alternative interface,C:180:,SER,180,C,12,1,14.654252146132565,0.08333333333333333,0.3000383333333333,0.16971,0.9870893324866997,C:11:;C:12:;C:178:;C:179:;C:180:;C:181:;C:182:;C:183:;C:186:;C:187:;C:43:;C:44:,C:179:
transferrin_ps,soft_metal_sulfur,20,4,alternative interface,E:384:,GLY,384,E,6,1,9.049959820345746,0.16666666666666666,0.2783116666666666,0.12159,0.9738949206422072,E:380:;E:382:;E:383:;E:384:;E:385:;E:387:,E:382:
transferrin_ps,soft_metal_sulfur,21,4,alternative interface,E:379:,ALA,379,E,7,1,12.886345464064972,0.14285714285714285,0.32175000000000004,0.12159,0.829226036766533,E:375:;E:376:;E:379:;E:380:;E:382:;E:383:;E:667:,E:382:
transferrin_ps,soft_metal_sulfur,22,4,alternative interface,E:619:,PHE,619,E,7,1,12.04280318099035,0.14285714285714285,0.2900271428571428,0.07927,0.9891823292955558,E:607:;E:617:;E:619:;E:620:;E:630:;E:631:;E:633:,E:617:
transferrin_ps,soft_metal_sulfur,23,4,alternative interface,E:605:,PHE,605,E,10,1,13.01209438422406,0.1,0.346642,0.07927,0.98985165596638,E:601:;E:602:;E:603:;E:604:;E:605:;E:607:;E:608:;E:615:;E:616:;E:617:,E:617:
transferrin_ps,phosphate,1,1,primary plausible interface,E:541:,GLY,541,E,7,3,9.946374852822736,0.42857142857142855,0.5317871428571428,0.7434000000000001,0.9953107984108578,E:540:;E:541:;E:542:;E:544:;E:549:;E:550:;E:551:,E:542:;E:544:;E:549:
transferrin_ps,phosphate,2,1,primary plausible interface,C:36:,SER,36,C,8,4,14.276929831208298,0.5,0.48920499999999995,0.65995,0.985838901495567,C:23:;C:27:;C:34:;C:36:;C:38:;C:3:;C:4:;C:5:,C:23:;C:27:;C:36:;C:4:
transferrin_ps,phosphate,3,1,primary plausible interface,E:416:,ASP,416,E,6,3,9.517755984396109,0.5,0.5400566666666667,0.61384,0.9942892693008177,E:414:;E:415:;E:416:;E:417:;E:418:;E:419:,E:414:;E:418:;E:419:
transferrin_ps,phosphate,4,1,primary plausible interface,E:663:,SER,663,E,5,3,10.505688551783264,0.6,0.42945399999999995,0.6023299999999999,0.9682634297392606,E:659:;E:660:;E:661:;E:663:;E:664:,E:660:;E:661:;E:663:
transferrin_ps,phosphate,5,1,primary plausible interface,E:612:,CYS,612,E,9,4,12.036564102902883,0.4444444444444444,0.5153455555555556,0.59987,0.9958162589589846,E:610:;E:611:;E:612:;E:613:;E:614:;E:615:;E:616:;E:617:;E:620:,E:613:;E:614:;E:615:;E:620:
transferrin_ps,phosphate,6,1,primary plausible interface,C:25:,HIS,25,C,9,5,12.896609415069488,0.5555555555555556,0.4393988888888889,0.57156,0.9893063431265766,C:21:;C:23:;C:24:;C:25:;C:27:;C:281:;C:282:;C:28:;C:29:,C:21:;C:23:;C:25:;C:27:;C:28:
transferrin_ps,phosphate,7,1,primary plausible interface,E:447:,LYS,447,E,7,4,14.189458563881548,0.5714285714285714,0.37425428571428565,0.50283,0.9893342953702244,E:445:;E:446:;E:447:;E:480:;E:481:;E:524:;E:526:,E:446:;E:447:;E:480:;E:524:
transferrin_ps,phosphate,8,1,primary plausible interface,C:115:,LYS,115,C,6,4,11.152119894408061,0.6666666666666666,0.4638366666666667,0.47202,0.9931490552752528,C:113:;C:114:;C:115:;C:116:;C:155:;C:201:,C:113:;C:115:;C:116:;C:155:
transferrin_ps,phosphate,9,1,primary plausible interface,E:435:,ASN,435,E,7,3,10.727007710993838,0.42857142857142855,0.5033214285714286,0.43004,0.996056482733069,E:432:;E:433:;E:434:;E:435:;E:436:;E:437:;E:526:,E:432:;E:433:;E:434:
transferrin_ps,phosphate,10,1,primary plausible interface,E:622:,LYS,622,E,5,4,11.226593869411436,0.8,0.500896,0.42665,0.9880537514428984,E:354:;E:620:;E:622:;E:623:;E:624:,E:354:;E:620:;E:622:;E:624:
transferrin_ps,phosphate,11,1,primary plausible interface,C:196:,LYS,196,C,5,2,8.617010683270731,0.4,0.40210799999999997,0.41638,0.99649387639105,C:193:;C:196:;C:197:;C:198:;C:199:,C:193:;C:196:
transferrin_ps,phosphate,12,1,primary plausible interface,C:307:,PRO,307,C,3,1,6.469833386377702,0.3333333333333333,0.5894766666666666,0.40274,0.9762845558300296,C:306:;C:307:;C:308:,C:308:
transferrin_ps,phosphate,13,1,primary plausible interface,E:545:,GLU,545,E,5,2,8.097856018225999,0.4,0.558366,0.38938,0.9969215787031941,E:544:;E:545:;E:546:;E:547:;E:549:,E:544:;E:549:
transferrin_ps,phosphate,14,1,primary plausible interface,E:650:,ALA,650,E,7,2,12.32822215006534,0.2857142857142857,0.6753642857142858,0.38746,0.9801620021198124,E:645:;E:646:;E:649:;E:650:;E:651:;E:653:;E:654:,E:646:;E:654:
transferrin_ps,phosphate,15,1,primary plausible interface,C:255:,SER,255,C,6,3,12.600256915524092,0.5,0.585665,0.34316,0.9832086107981176,C:254:;C:255:;C:256:;C:257:;C:76:;C:78:,C:254:;C:255:;C:78:
transferrin_ps,phosphate,16,1,primary plausible interface,C:297:,ASP,297,C,5,3,9.477088129025065,0.6,0.283404,0.32442,0.9932374358368002,C:286:;C:291:;C:292:;C:297:;C:298:,C:286:;C:291:;C:298:
transferrin_ps,phosphate,17,1,primary plausible interface,E:338:,GLU,338,E,5,1,10.620365591115965,0.2,0.64634,0.30754000000000004,0.9922001338696267,E:336:;E:337:;E:338:;E:339:;E:340:,E:340:
transferrin_ps,phosphate,18,1,primary plausible interface,C:290:,GLY,290,C,7,4,12.027723243051371,0.5714285714285714,0.46863714285714286,0.24664999999999998,0.9938949316516992,C:14:;C:286:;C:288:;C:289:;C:290:;C:291:;C:292:,C:14:;C:286:;C:289:;C:291:
transferrin_ps,phosphate,19,1,primary plausible interface,C:217:,LYS,217,C,8,2,11.139415615367954,0.25,0.56676125,0.24626,0.9950627428533478,C:214:;C:215:;C:216:;C:217:;C:218:;C:219:;C:220:;C:221:,C:217:;C:220:
transferrin_ps,phosphate,20,1,primary plausible interface,E:523:,GLU,523,E,4,2,8.279012306365873,0.5,0.317785,0.20408,0.9960010746976856,E:519:;E:522:;E:523:;E:524:,E:519:;E:524:
transferrin_ps,phosphate,21,2,alternative interface,E:657:,SER,657,E,8,3,10.428529032773879,0.375,0.4013875,0.71993,0.9801700664615821,E:653:;E:654:;E:655:;E:656:;E:657:;E:658:;E:659:;E:660:,E:654:;E:657:;E:660:
transferrin_ps,phosphate,22,2,alternative interface,E:555:,ASP,555,E,9,4,13.148558539461934,0.4444444444444444,0.48985333333333336,0.58338,0.9924264588666787,E:432:;E:433:;E:434:;E:551:;E:552:;E:553:;E:554:;E:555:;E:557:,E:432:;E:433:;E:434:;E:552:
transferrin_ps,phosphate,23,2,alternative interface,C:145:,PRO,145,C,7,3,10.642882571565364,0.42857142857142855,0.4387928571428571,0.545,0.9930894474210542,C:142:;C:143:;C:144:;C:145:;C:146:;C:147:;C:148:,C:143:;C:144:;C:148:
transferrin_ps,phosphate,24,2,alternative interface,C:279:,SER,279,C,11,5,11.999553768612355,0.45454545454545453,0.4117700000000001,0.52412,0.9939723785691224,C:273:;C:274:;C:275:;C:276:;C:277:;C:278:;C:279:;C:280:;C:281:;C:282:;C:283:,C:273:;C:276:;C:278:;C:279:;C:280:
transferrin_ps,phosphate,25,2,alternative interface,C:102:,LYS,102,C,8,3,13.230619243859113,0.375,0.4642325,0.48810000000000003,0.9929279420695541,C:102:;C:103:;C:104:;C:105:;C:201:;C:222:;C:223:;C:224:,C:102:;C:103:;C:105:
transferrin_ps,phosphate,26,2,alternative interface,C:31:,PRO,31,C,7,3,12.315380433798552,0.42857142857142855,0.5328085714285714,0.46341,0.9923595411403857,C:27:;C:28:;C:29:;C:31:;C:32:;C:33:;C:34:,C:27:;C:28:;C:32:
transferrin_ps,phosphate,27,2,alternative interface,C:310:,ASP,310,C,6,3,12.641387764438718,0.5,0.4301333333333334,0.38777,0.9408987970836384,C:308:;C:310:;C:312:;C:313:;C:71:;C:78:,C:308:;C:312:;C:78:
transferrin_ps,phosphate,28,2,alternative interface,C:11:,VAL,11,C,12,6,13.663511165309552,0.5,0.3208358333333334,0.37712,0.9895674870931259,C:11:;C:12:;C:13:;C:14:;C:15:;C:16:;C:180:;C:41:;C:42:;C:43:;C:44:;C:45:,C:12:;C:14:;C:180:;C:41:;C:42:;C:44:
transferrin_ps,phosphate,29,2,alternative interface,E:571:,ALA,571,E,9,4,14.627576620726646,0.4444444444444444,0.4225144444444444,0.35106000000000004,0.9950267758592058,E:426:;E:532:;E:567:;E:569:;E:570:;E:571:;E:572:;E:573:;E:575:,E:532:;E:569:;E:572:;E:575:
transferrin_ps,phosphate,30,2,alternative interface,E:351:,GLU,351,E,8,4,10.674216433038708,0.5,0.319135,0.26617999999999997,0.9928122160002415,E:347:;E:348:;E:349:;E:350:;E:351:;E:352:;E:353:;E:354:,E:349:;E:350:;E:352:;E:354:
transferrin_ps,phosphate,31,2,alternative interface,E:369:,GLU,369,E,6,3,15.38530359491011,0.5,0.4343916666666667,0.18853,0.9712653992936046,E:343:;E:352:;E:367:;E:369:;E:370:;E:385:,E:343:;E:352:;E:370:
transferrin_ps,phosphate,32,2,alternative interface,C:106:,GLY,106,C,6,2,11.591122309018827,0.3333333333333333,0.4825683333333333,0.12222,0.994827655650146,C:103:;C:104:;C:105:;C:106:;C:107:;C:108:,C:103:;C:105:
transferrin_ps,phosphate,33,2,alternative interface,C:211:,PHE,211,C,7,2,11.97319173936245,0.2857142857142857,0.2965542857142857,0.12222,0.9960983954306495,C:208:;C:211:;C:212:;C:213:;C:214:;C:215:;C:220:,C:208:;C:220:
transferrin_ps,phosphate,34,2,alternative interface,E:361:,THR,361,E,7,1,14.035259617270857,0.14285714285714285,0.5578357142857143,0.08961999999999999,0.990133230266799,E:357:;E:359:;E:360:;E:361:;E:363:;E:364:;E:616:,E:359:
transferrin_ps,phosphate,35,2,alternative interface,C:141:,GLU,141,C,5,2,9.811781656729975,0.4,0.551692,0.08776,0.9952765866544293,C:140:;C:141:;C:142:;C:143:;C:144:,C:143:;C:144:
transferrin_ps,phosphate,36,3,alternative interface,E:641:,LYS,641,E,8,3,12.872122362453268,0.375,0.46045375000000005,0.50986,0.9914593605825587,E:639:;E:640:;E:641:;E:642:;E:643:;E:644:;E:646:;E:647:,E:639:;E:641:;E:646:
transferrin_ps,phosphate,37,3,alternative interface,E:590:,LYS,590,E,7,3,11.250317784732454,0.42857142857142855,0.4248342857142857,0.42543,0.9810724413701808,E:387:;E:587:;E:588:;E:589:;E:590:;E:591:;E:592:,E:587:;E:588:;E:590:
transferrin_ps,phosphate,38,3,alternative interface,E:341:,ALA,341,E,7,2,11.83249517326564,0.2857142857142857,0.46655142857142856,0.38860999999999996,0.9879474533029314,E:339:;E:340:;E:341:;E:343:;E:364:;E:365:;E:367:,E:340:;E:343:
transferrin_ps,phosphate,39,3,alternative interface,E:476:,ASP,476,E,9,4,12.010282428649457,0.4444444444444444,0.3336811111111111,0.3531,0.9868706444793058,E:474:;E:475:;E:476:;E:477:;E:480:;E:481:;E:491:;E:492:;E:493:,E:474:;E:480:;E:491:;E:492:
transferrin_ps,phosphate,40,3,alternative interface,C:47:,ASP,47,C,7,3,11.645559797297988,0.42857142857142855,0.45704285714285714,0.33773000000000003,0.9921898192713259,C:42:;C:43:;C:44:;C:45:;C:46:;C:47:;C:50:,C:42:;C:44:;C:50:
transferrin_ps,phosphate,41,3,alternative interface,C:87:,SER,87,C,8,3,10.377561745012825,0.375,0.5030025,0.26865,0.9873525542194986,C:300:;C:86:;C:87:;C:88:;C:89:;C:90:;C:91:;C:92:,C:300:;C:87:;C:88:
transferrin_ps,phosphate,42,3,alternative interface,C:111:,GLN,111,C,6,1,10.3462162162567,0.16666666666666666,0.34808,0.26249,0.9942616694627792,C:107:;C:108:;C:109:;C:110:;C:111:;C:113:,C:113:
transferrin_ps,phosphate,43,3,alternative interface,E:566:,LYS,566,E,7,2,12.00095052439686,0.2857142857142857,0.3292657142857142,0.23958,0.9933709206482397,E:557:;E:560:;E:564:;E:565:;E:566:;E:567:;E:570:,E:565:;E:566:
transferrin_ps,phosphate,44,3,alternative interface,E:356:,ASP,356,E,8,3,12.433706193812139,0.375,0.5077325,0.19324000000000002,0.9875750057257878,E:352:;E:353:;E:354:;E:356:;E:357:;E:359:;E:360:;E:367:,E:352:;E:354:;E:359:
transferrin_ps,phosphate,45,3,alternative interface,C:190:,GLY,190,C,9,2,12.038346504440977,0.2222222222222222,0.22331333333333336,0.18956,0.9944170006137073,C:183:;C:184:;C:185:;C:186:;C:187:;C:188:;C:189:;C:190:;C:193:,C:189:;C:193:
transferrin_ps,phosphate,46,3,alternative interface,E:444:,GLU,444,E,6,2,15.207660026706744,0.3333333333333333,0.5031783333333334,0.16831,0.9895098929161796,E:441:;E:442:;E:444:;E:445:;E:446:;E:480:,E:446:;E:480:
transferrin_ps,phosphate,47,3,alternative interface,C:262:,LEU,262,C,9,2,12.501593827814824,0.2222222222222222,0.4900788888888889,0.16184,0.9910337346555705,C:259:;C:260:;C:261:;C:262:;C:264:;C:265:;C:3:;C:4:;C:5:,C:259:;C:4:
transferrin_ps,phosphate,48,3,alternative interface,E:577:,ALA,577,E,5,2,10.546728486303637,0.4,0.27653999999999995,0.14464,0.9926255339178857,E:426:;E:461:;E:575:;E:577:;E:578:,E:575:;E:578:
transferrin_ps,phosphate,49,3,alternative interface,E:470:,ILE,470,E,6,2,8.577743594317065,0.3333333333333333,0.37830500000000006,0.09017,0.9935154003713388,E:467:;E:468:;E:469:;E:470:;E:471:;E:472:,E:469:;E:472:
transferrin_ps,phosphate,50,3,alternative interface,E:600:,ASP,600,E,8,1,13.371360499288128,0.125,0.44904875,0.07823000000000001,0.9932858215644494,E:596:;E:597:;E:599:;E:600:;E:601:;E:602:;E:603:;E:604:,E:597:
transferrin_ps,phosphate,51,3,alternative interface,E:582:,HIS,582,E,2,1,6.527833149123939,0.5,0.089085,0.00296,0.990629351380457,E:580:;E:582:,E:582:
transferrin_ps,phosphate,52,4,alternative interface,C:327:,ARG,327,C,6,2,12.512455954639018,0.3333333333333333,0.4123766666666666,0.34189,0.9910779196653909,C:146:;C:324:;C:325:;C:327:;C:328:;C:329:,C:324:;C:327:
transferrin_ps,phosphate,53,4,alternative interface,E:488:,GLN,488,E,7,3,11.131068860090432,0.42857142857142855,0.44035857142857143,0.33289,0.9863588382844749,E:486:;E:487:;E:488:;E:489:;E:490:;E:491:;E:493:,E:487:;E:489:;E:491:
transferrin_ps,phosphate,54,4,alternative interface,C:238:,TYR,238,C,10,4,14.733044053065894,0.4,0.432036,0.32702,0.9891745330488901,C:207:;C:233:;C:234:;C:236:;C:237:;C:238:;C:239:;C:240:;C:242:;C:96:,C:207:;C:233:;C:239:;C:242:
transferrin_ps,phosphate,55,4,alternative interface,E:420:,ALA,420,E,7,3,11.678616139598828,0.42857142857142855,0.45383,0.29499,0.9894764094461508,E:418:;E:419:;E:420:;E:421:;E:422:;E:637:;E:639:,E:418:;E:419:;E:639:
transferrin_ps,phosphate,56,4,alternative interface,E:595:,LYS,595,E,6,2,12.188044201317224,0.3333333333333333,0.45535,0.20152,0.9918696224636535,E:591:;E:592:;E:595:;E:596:;E:597:;E:599:,E:595:;E:597:
transferrin_ps,phosphate,57,4,alternative interface,E:625:,ASP,625,E,5,2,9.350317530870363,0.4,0.40606800000000004,0.17223,0.9920374650364734,E:620:;E:623:;E:624:;E:625:;E:630:,E:620:;E:624:
transferrin_ps,phosphate,58,4,alternative interface,E:516:,GLY,516,E,6,1,9.884033015688193,0.16666666666666666,0.23525333333333331,0.10531,0.9941840421984467,E:510:;E:512:;E:513:;E:515:;E:516:;E:519:,E:519:
transferrin_ps,phosphate,59,4,alternative interface,C:122:,LEU,122,C,5,1,11.372643640949773,0.2,0.15791000000000005,0.04537,0.9920384130853203,C:122:;C:123:;C:124:;C:128:;C:161:,C:124:
transferrin_ps,phosphate,60,4,alternative interface,C:249:,HIS,249,C,2,1,6.238080347504644,0.5,0.085885,0.00271,0.9829561165685154,C:249:;C:82:,C:249:
transferrin_ps,phosphate,61,5,alternative interface,E:473:,CYS,473,E,7,3,12.622959216531298,0.42857142857142855,0.4325800000000001,0.29879,0.9835842469159806,E:467:;E:471:;E:472:;E:473:;E:474:;E:475:;E:661:,E:472:;E:474:;E:661:
transferrin_ps,phosphate,62,5,alternative interface,C:53:,ALA,53,C,8,2,14.998217883825584,0.25,0.45265,0.28190000000000004,0.9885547103840526,C:254:;C:50:;C:53:;C:54:;C:55:;C:56:;C:75:;C:76:,C:254:;C:50:
transferrin_ps,phosphate,63,5,alternative interface,C:40:,VAL,40,C,7,3,13.28904699593262,0.42857142857142855,0.30953285714285717,0.23704999999999998,0.9882711167913418,C:16:;C:38:;C:39:;C:40:;C:41:;C:42:;C:7:,C:41:;C:42:;C:7:
transferrin_ps,phosphate,64,5,alternative interface,C:20:,GLN,20,C,8,2,12.497694409438644,0.25,0.40461749999999996,0.23643999999999998,0.9898603890317406,C:16:;C:17:;C:20:;C:21:;C:23:;C:24:;C:38:;C:39:,C:21:;C:23:
transferrin_ps,phosphate,65,5,alternative interface,E:500:,PRO,500,E,7,2,8.97185721089811,0.2857142857142857,0.4099285714285714,0.19615,0.9916059851594011,E:498:;E:499:;E:500:;E:501:;E:502:;E:508:;E:510:,E:501:;E:508:
transferrin_ps,phosphate,66,5,alternative interface,E:412:,TYR,412,E,6,2,13.628064790985567,0.3333333333333333,0.3398366666666666,0.19203,0.9891463094198072,E:412:;E:413:;E:414:;E:422:;E:631:;E:633:,E:414:;E:633:
transferrin_ps,phosphate,67,6,alternative interface,E:507:,ASN,507,E,12,2,14.744476503982701,0.16666666666666666,0.23115916666666667,0.24274,0.975166747887522,E:347:;E:348:;E:350:;E:499:;E:504:;E:505:;E:506:;E:507:;E:508:;E:510:;E:512:;E:513:,E:350:;E:508:
transferrin_ps,phosphate,68,6,alternative interface,E:666:,ARG,666,E,5,1,11.305277617563304,0.2,0.34886799999999996,0.23655,0.8758803140502162,E:664:;E:666:;E:667:;E:669:;E:670:,E:666:
transferrin_ps,phosphate,69,6,alternative interface,E:425:,TYR,425,E,7,2,14.889023715545928,0.2857142857142857,0.28257714285714286,0.17987999999999998,0.9849413386843878,E:422:;E:423:;E:425:;E:426:;E:532:;E:578:;E:580:,E:532:;E:578:
transferrin_ps,phosphate,70,6,alternative interface,C:303:,LEU,303,C,4,1,10.373774785414117,0.25,0.3192475,0.16979,0.9714700538044752,C:303:;C:304:;C:82:;C:84:,C:304:
transferrin_ps,phosphate,71,6,alternative interface,C:94:,PHE,94,C,9,3,14.202582346856152,0.3333333333333333,0.24217888888888892,0.16146999999999997,0.9513429323222411,C:245:;C:84:;C:92:;C:93:;C:94:;C:96:;E:674:;E:675:;E:676:,E:674:;E:675:;E:676:
transferrin_ps,phosphate,72,6,alternative interface,C:322:,ALA,322,C,8,1,12.44481080841579,0.125,0.3796425,0.14103,0.9711251708128521,C:129:;C:133:;C:318:;C:319:;C:321:;C:322:;C:324:;C:325:,C:324:
transferrin_ps,phosphate,73,6,alternative interface,C:232:,ARG,232,C,7,2,13.654272470048268,0.2857142857142857,0.33483285714285715,0.13934,0.9867617596957782,C:108:;C:224:;C:230:;C:231:;C:232:;C:233:;C:234:,C:232:;C:233:
transferrin_ps,phosphate,74,6,alternative interface,C:179:,CYS,179,C,11,2,13.742961888011953,0.18181818181818182,0.3218763636363636,0.09504,0.9883331214621008,C:161:;C:178:;C:179:;C:180:;C:181:;C:182:;C:183:;C:186:;C:43:;C:44:;C:45:,C:180:;C:44:
transferrin_ps,phosphate,75,6,alternative interface,E:405:,VAL,405,E,8,2,13.095946950077611,0.25,0.4171475,0.08644,0.960992595111402,E:403:;E:405:;E:587:;E:588:;E:591:;E:642:;E:643:;E:644:,E:587:;E:588:
transferrin_ps,phosphate,76,6,alternative interface,E:495:,GLU,495,E,7,2,11.090883910222276,0.2857142857142857,0.32484428571428575,0.07171,0.9896331740691033,E:481:;E:490:;E:491:;E:492:;E:493:;E:495:;E:496:,E:491:;E:492:
transferrin_ps,phosphate,77,6,alternative interface,E:533:,GLN,533,E,5,1,14.07834171328755,0.2,0.34127799999999997,0.04369,0.9906821484989973,E:426:;E:532:;E:533:;E:536:;E:537:,E:532:
transferrin_ps,phosphate,78,6,alternative interface,C:271:,GLN,271,C,8,2,13.054948557496074,0.25,0.32078125,0.019870000000000002,0.9897120548504235,C:268:;C:269:;C:271:;C:272:;C:273:;C:274:;C:275:;C:276:,C:273:;C:276:
transferrin_ps,phosphate,79,7,alternative interface,E:380:,LYS,380,E,8,1,12.761407384041592,0.125,0.35638375,0.12653999999999999,0.9396936286360607,E:376:;E:379:;E:380:;E:382:;E:383:;E:384:;E:385:;E:387:,E:380:
transferrin_ps,phosphate,80,7,alternative interface,E:454:,ASP,454,E,6,1,11.174841479542053,0.16666666666666666,0.14068166666666668,0.049269999999999994,0.9782071304327183,E:395:;E:453:;E:454:;E:455:;E:459:;E:460:,E:455:
transferrin_ps,phosphate,81,7,alternative interface,E:619:,PHE,619,E,7,2,12.04280318099035,0.2857142857142857,0.2900271428571428,0.03549,0.9891823292955558,E:607:;E:617:;E:619:;E:620:;E:630:;E:631:;E:633:,E:620:;E:633:
transferrin_ps,phosphate,82,8,alternative interface,C:244:,ALA,244,C,5,1,10.458419639386177,0.2,0.185784,0.0125,0.9794476027781609,C:130:;C:242:;C:244:;C:245:;C:96:,C:242:
transferrin_ps,phosphate,83,8,alternative interface,E:672:,THR,672,E,8,2,12.970193745281335,0.25,0.22565875,0.00924,0.7549478145550292,E:401:;E:669:;E:670:;E:671:;E:672:;E:673:;E:674:;E:675:,E:674:;E:675:
