case_id,map_key,display_rank,pareto_front,classification,center_key,center_res_name,center_res_seq,center_chain,n_members,n_chemistry_seeds,diameter_A,chemistry_support,mean_accessibility,patch_coherence,orientation_coherence,members,seed_members
bsa_silica,anionic,1,1,primary plausible interface,A:184:,MET,184,A,9,4,12.408461371586284,0.4444444444444444,0.4370733333333334,0.83985,0.9848922941743692,A:180:;A:181:;A:182:;A:183:;A:184:;A:185:;A:186:;A:187:;A:188:,A:180:;A:183:;A:185:;A:187:
bsa_silica,anionic,2,1,primary plausible interface,A:373:,PHE,373,A,7,5,13.43031296599384,0.7142857142857143,0.5317842857142857,0.76149,0.9904488791671899,A:305:;A:370:;A:371:;A:373:;A:374:;A:375:;A:377:,A:305:;A:370:;A:371:;A:375:;A:377:
bsa_silica,anionic,3,1,primary plausible interface,A:578:,THR,578,A,10,3,13.611023870677291,0.3,0.40772700000000006,0.65086,0.9930593414316738,A:546:;A:574:;A:575:;A:576:;A:577:;A:578:;A:579:;A:580:;A:581:;A:583:,A:577:;A:578:;A:580:
bsa_silica,anionic,4,1,primary plausible interface,A:4:,LYS,4,A,6,3,12.083129545427704,0.5,0.6744749999999998,0.59397,0.9922391905780263,A:2:;A:3:;A:4:;A:57:;A:63:;A:6:,A:2:;A:3:;A:4:
bsa_silica,anionic,5,1,primary plausible interface,A:56:,ASP,56,A,7,3,9.995426167620092,0.42857142857142855,0.5760928571428571,0.55864,0.9948257399644633,A:52:;A:54:;A:55:;A:56:;A:57:;A:58:;A:59:,A:52:;A:58:;A:59:
bsa_silica,anionic,6,1,primary plausible interface,A:515:,LEU,515,A,8,3,13.678887675484436,0.375,0.5936025,0.4395,0.99327789688052,A:511:;A:514:;A:515:;A:516:;A:517:;A:518:;A:519:;A:520:,A:514:;A:518:;A:520:
bsa_silica,anionic,7,1,primary plausible interface,A:313:,ASP,313,A,6,2,9.865155207705905,0.3333333333333333,0.5202883333333334,0.43027,0.9948895257425804,A:311:;A:312:;A:313:;A:315:;A:316:;A:317:,A:312:;A:316:
bsa_silica,anionic,8,1,primary plausible interface,A:471:,LYS,471,A,4,3,6.214296901434142,0.75,0.5179625,0.37801,0.9918899656142559,A:470:;A:471:;A:473:;A:474:,A:471:;A:473:;A:474:
bsa_silica,anionic,9,1,primary plausible interface,A:319:,GLN,319,A,7,2,10.275909788666203,0.2857142857142857,0.5310728571428572,0.33371,0.9955841534327438,A:315:;A:316:;A:317:;A:319:;A:320:;A:321:;A:322:,A:316:;A:322:
bsa_silica,anionic,10,1,primary plausible interface,A:1:,ASP,1,A,3,2,6.745793248799693,0.6666666666666666,0.9568300000000001,0.26048,0.9980668024267084,A:1:;A:2:;A:3:,A:2:;A:3:
bsa_silica,anionic,11,2,alternative interface,A:133:,PHE,133,A,12,3,12.60704389568947,0.25,0.358845,0.7291200000000001,0.9880137639241521,A:125:;A:126:;A:129:;A:130:;A:131:;A:132:;A:133:;A:134:;A:135:;A:136:;A:137:;A:161:,A:131:;A:132:;A:136:
bsa_silica,anionic,12,2,alternative interface,A:79:,SER,79,A,7,3,11.039044364462049,0.42857142857142855,0.5220142857142858,0.6896599999999999,0.9899471067468435,A:77:;A:78:;A:79:;A:81:;A:82:;A:83:;A:84:,A:79:;A:81:;A:83:
bsa_silica,anionic,13,2,alternative interface,A:521:,GLN,521,A,8,4,10.969448638492134,0.5,0.5104925,0.6204,0.9869078725017749,A:517:;A:518:;A:519:;A:520:;A:521:;A:522:;A:523:;A:524:,A:518:;A:520:;A:523:;A:524:
bsa_silica,anionic,14,2,alternative interface,A:476:,CYS,476,A,9,5,12.060967125798301,0.5555555555555556,0.34251888888888893,0.60621,0.9574798367104288,A:460:;A:473:;A:474:;A:476:;A:477:;A:478:;A:479:;A:480:;A:483:,A:473:;A:474:;A:477:;A:479:;A:483:
bsa_silica,anionic,15,2,alternative interface,A:505:,LEU,505,A,8,2,11.797714157643664,0.25,0.43455875,0.55863,0.9926079434696711,A:502:;A:503:;A:504:;A:505:;A:506:;A:507:;A:527:;A:530:,A:504:;A:507:
bsa_silica,anionic,16,2,alternative interface,A:542:,GLN,542,A,9,3,12.058910690247147,0.3333333333333333,0.4827022222222222,0.5526,0.9930811686237205,A:539:;A:540:;A:541:;A:542:;A:543:;A:544:;A:545:;A:546:;A:581:,A:539:;A:544:;A:545:
bsa_silica,anionic,17,2,alternative interface,A:493:,ASP,493,A,8,4,11.769925718673374,0.5,0.48714124999999997,0.54428,0.9898885394217873,A:412:;A:413:;A:491:;A:492:;A:493:;A:494:;A:495:;A:496:,A:412:;A:413:;A:491:;A:495:
bsa_silica,anionic,18,2,alternative interface,A:189:,LEU,189,A,9,5,12.421201310554936,0.5555555555555556,0.3685,0.53159,0.9332968810702392,A:185:;A:186:;A:187:;A:188:;A:189:;A:190:;A:191:;A:192:;A:193:,A:185:;A:187:;A:190:;A:191:;A:192:
bsa_silica,anionic,19,2,alternative interface,A:431:,LYS,431,A,8,5,12.590441260173863,0.625,0.29256875,0.52901,0.9581896218306818,A:399:;A:427:;A:428:;A:429:;A:431:;A:432:;A:434:;A:435:,A:427:;A:428:;A:431:;A:434:;A:435:
bsa_silica,anionic,20,2,alternative interface,A:310:,GLU,310,A,8,4,13.030935444303548,0.5,0.57548,0.48892,0.9918203299909837,A:305:;A:306:;A:307:;A:310:;A:311:;A:312:;A:366:;A:370:,A:305:;A:312:;A:366:;A:370:
bsa_silica,anionic,21,2,alternative interface,A:115:,LEU,115,A,5,2,11.738607165413928,0.4,0.667016,0.4878,0.982148724545176,A:113:;A:114:;A:115:;A:116:;A:117:,A:114:;A:116:
bsa_silica,anionic,22,2,alternative interface,A:536:,PRO,536,A,8,5,10.89553232071641,0.625,0.30421499999999996,0.46682,0.98996771971026,A:412:;A:498:;A:531:;A:533:;A:534:;A:535:;A:536:;A:537:,A:412:;A:533:;A:534:;A:535:;A:537:
bsa_silica,anionic,23,2,alternative interface,A:65:,SER,65,A,8,4,11.47041872240042,0.5,0.41448624999999995,0.46070999999999995,0.9919644284118027,A:63:;A:64:;A:65:;A:66:;A:67:;A:68:;A:69:;A:6:,A:64:;A:65:;A:67:;A:68:
bsa_silica,anionic,24,2,alternative interface,A:124:,ASP,124,A,8,2,12.328689039645754,0.25,0.585255,0.44122,0.9900946563104478,A:120:;A:121:;A:122:;A:124:;A:125:;A:126:;A:127:;A:128:,A:121:;A:127:
bsa_silica,anionic,25,2,alternative interface,A:194:,ARG,194,A,7,5,12.73375205352179,0.7142857142857143,0.20473285714285713,0.37906999999999996,0.43073269590741925,A:190:;A:191:;A:192:;A:194:;A:197:;A:198:;A:454:,A:190:;A:191:;A:192:;A:194:;A:198:
bsa_silica,anionic,26,2,alternative interface,A:378:,HIS,378,A,8,3,13.156880277554489,0.375,0.5905787499999999,0.32764000000000004,0.9900633014014357,A:374:;A:375:;A:377:;A:378:;A:379:;A:380:;A:381:;A:382:,A:375:;A:377:;A:378:
bsa_silica,anionic,27,2,alternative interface,A:49:,PHE,49,A,6,2,10.880444502875127,0.3333333333333333,0.4700866666666666,0.32632,0.9942073783258937,A:45:;A:46:;A:48:;A:49:;A:51:;A:52:,A:51:;A:52:
bsa_silica,anionic,28,2,alternative interface,A:572:,PRO,572,A,9,1,13.511221478560886,0.1111111111111111,0.4849155555555556,0.2927,0.9942043988206314,A:568:;A:569:;A:570:;A:571:;A:572:;A:573:;A:574:;A:575:;A:576:,A:573:
bsa_silica,anionic,29,2,alternative interface,A:418:,SER,418,A,5,3,11.633696317530097,0.6,0.356532,0.22559,0.9845925644224163,A:416:;A:418:;A:419:;A:420:;A:421:,A:418:;A:419:;A:421:
bsa_silica,anionic,30,2,alternative interface,A:61:,GLY,61,A,5,2,10.943002683893203,0.4,0.545184,0.22149999999999997,0.9967429769962908,A:59:;A:60:;A:61:;A:63:;A:64:,A:59:;A:64:
bsa_silica,anionic,31,2,alternative interface,A:552:,ALA,552,A,8,1,11.981652247493965,0.125,0.5615375,0.17227,0.9932283261147933,A:548:;A:549:;A:550:;A:551:;A:552:;A:554:;A:555:;A:556:,A:556:
bsa_silica,anionic,32,2,alternative interface,A:279:,ASP,279,A,6,3,13.35871569886009,0.5,0.60071,0.11723,0.985818489447251,A:275:;A:276:;A:279:;A:280:;A:281:;A:285:,A:275:;A:280:;A:285:
bsa_silica,anionic,33,2,alternative interface,A:358:,GLU,358,A,7,2,13.237851659320919,0.2857142857142857,0.4383957142857143,0.05322,0.9976380385111999,A:354:;A:355:;A:357:;A:358:;A:360:;A:361:;A:362:,A:355:;A:362:
bsa_silica,anionic,34,3,alternative interface,A:444:,ARG,444,A,13,5,12.921666351908133,0.38461538461538464,0.39782923076923077,0.66646,0.9763766284017096,A:387:;A:437:;A:438:;A:439:;A:440:;A:441:;A:442:;A:443:;A:444:;A:445:;A:446:;A:447:;A:448:,A:438:;A:439:;A:442:;A:444:;A:448:
bsa_silica,anionic,35,3,alternative interface,A:273:,LYS,273,A,8,4,13.855445151354068,0.5,0.5031675,0.60884,0.9827104757193906,A:272:;A:273:;A:275:;A:276:;A:292:;A:293:;A:294:;A:295:,A:272:;A:273:;A:275:;A:294:
bsa_silica,anionic,36,3,alternative interface,A:85:,GLY,85,A,7,2,9.724519074366848,0.2857142857142857,0.5584171428571428,0.35344000000000003,0.990733980558529,A:81:;A:82:;A:83:;A:84:;A:85:;A:86:;A:88:,A:81:;A:83:
bsa_silica,anionic,37,3,alternative interface,A:547:,MET,547,A,9,2,12.181711042333164,0.2222222222222222,0.44748999999999994,0.33234,0.9923951355218658,A:543:;A:544:;A:545:;A:546:;A:547:;A:548:;A:549:;A:550:;A:551:,A:544:;A:545:
bsa_silica,anionic,38,3,alternative interface,A:231:,THR,231,A,7,3,12.205804434509842,0.42857142857142855,0.4512928571428571,0.33134,0.9868007534870282,A:215:;A:227:;A:228:;A:229:;A:231:;A:232:;A:235:,A:231:;A:232:;A:235:
bsa_silica,anionic,39,3,alternative interface,A:269:,THR,269,A,6,2,12.629319302364731,0.3333333333333333,0.5726583333333334,0.27835,0.9834981191413043,A:224:;A:226:;A:266:;A:267:;A:268:;A:269:,A:224:;A:269:
bsa_silica,anionic,40,3,alternative interface,A:11:,PHE,11,A,10,4,12.811921992960734,0.4,0.38250100000000004,0.27706,0.9891609219189839,A:10:;A:11:;A:12:;A:13:;A:14:;A:15:;A:16:;A:51:;A:54:;A:9:,A:10:;A:12:;A:51:;A:9:
bsa_silica,anionic,41,3,alternative interface,A:558:,CYS,558,A,8,2,11.50570758926902,0.25,0.43860375,0.24672999999999998,0.9937418036064504,A:510:;A:554:;A:555:;A:556:;A:558:;A:559:;A:560:;A:563:,A:556:;A:563:
bsa_silica,anionic,42,3,alternative interface,A:396:,LYS,396,A,7,1,9.784798183825249,0.14285714285714285,0.56052,0.22358,0.9913519648104197,A:392:;A:393:;A:394:;A:395:;A:396:;A:397:;A:398:,A:396:
bsa_silica,anionic,43,3,alternative interface,A:499:,LYS,499,A,8,4,12.02594268753364,0.5,0.44255875,0.21008,0.9916158744237473,A:497:;A:498:;A:499:;A:500:;A:501:;A:533:;A:534:;A:535:,A:499:;A:533:;A:534:;A:535:
bsa_silica,anionic,44,3,alternative interface,A:179:,PRO,179,A,8,2,13.414212840562623,0.25,0.46765375,0.20735,0.9939841003521188,A:175:;A:176:;A:178:;A:179:;A:180:;A:181:;A:182:;A:183:,A:180:;A:183:
bsa_silica,anionic,45,3,alternative interface,A:168:,CYS,168,A,6,1,11.060365208844704,0.16666666666666666,0.500015,0.15001,0.9917105352506502,A:165:;A:166:;A:168:;A:169:;A:170:;A:173:,A:173:
bsa_silica,anionic,46,3,alternative interface,A:145:,HIS,145,A,7,4,12.419917362861291,0.5714285714285714,0.1791157142857143,0.13483,0.8868811072000683,A:108:;A:141:;A:143:;A:144:;A:145:;A:147:;A:192:,A:143:;A:144:;A:145:;A:192:
bsa_silica,anionic,47,3,alternative interface,A:172:,ASP,172,A,7,1,9.19434618268519,0.14285714285714285,0.5110371428571429,0.10474,0.9956976925912332,A:170:;A:171:;A:172:;A:173:;A:174:;A:175:;A:176:,A:173:
bsa_silica,anionic,48,4,alternative interface,A:211:,LYS,211,A,9,3,12.83170365946715,0.3333333333333333,0.4074511111111111,0.48441,0.9536178512439537,A:207:;A:208:;A:209:;A:211:;A:212:;A:213:;A:215:;A:235:;A:237:,A:208:;A:211:;A:235:
bsa_silica,anionic,49,4,alternative interface,A:236:,ASP,236,A,7,3,13.56829701814887,0.42857142857142855,0.4004914285714286,0.46793999999999997,0.974741633204217,A:232:;A:235:;A:236:;A:237:;A:239:;A:255:;A:259:,A:232:;A:235:;A:239:
bsa_silica,anionic,50,4,alternative interface,A:463:,HIS,463,A,10,5,14.211023245940444,0.5,0.3344600000000001,0.46582999999999997,0.9596546650156375,A:421:;A:460:;A:462:;A:463:;A:464:;A:465:;A:466:;A:467:;A:468:;A:473:,A:421:;A:463:;A:465:;A:466:;A:473:
bsa_silica,anionic,51,4,alternative interface,A:490:,LEU,490,A,7,3,13.564039071480465,0.42857142857142855,0.3864614285714286,0.40513,0.9811248851160648,A:413:;A:486:;A:488:;A:489:;A:490:;A:491:;A:492:,A:413:;A:488:;A:491:
bsa_silica,anionic,52,4,alternative interface,A:526:,THR,526,A,10,4,12.199656632465384,0.4,0.280145,0.3611,0.9818916678877939,A:419:;A:420:;A:423:;A:522:;A:523:;A:524:;A:526:;A:527:;A:528:;A:530:,A:419:;A:523:;A:524:;A:526:
bsa_silica,anionic,53,4,alternative interface,A:386:,LEU,386,A,8,1,11.458439866228606,0.125,0.45580875,0.33903,0.9848356437998159,A:383:;A:384:;A:385:;A:386:;A:387:;A:388:;A:389:;A:390:,A:388:
bsa_silica,anionic,54,4,alternative interface,A:264:,CYS,264,A,8,2,13.184511625374038,0.25,0.4135175,0.32216,0.9871041633513785,A:261:;A:262:;A:263:;A:264:;A:265:;A:266:;A:267:;A:275:,A:261:;A:275:
bsa_silica,anionic,55,4,alternative interface,A:242:,LYS,242,A,6,3,12.151917994827231,0.5,0.35418499999999997,0.29832000000000003,0.9452947961415145,A:202:;A:207:;A:239:;A:242:;A:243:;A:246:,A:239:;A:242:;A:246:
bsa_silica,anionic,56,4,alternative interface,A:101:,CYS,101,A,8,3,13.028769761367085,0.375,0.34474,0.29185,0.9865451277136883,A:100:;A:101:;A:103:;A:104:;A:105:;A:97:;A:98:;A:99:,A:104:;A:105:;A:98:
bsa_silica,anionic,57,4,alternative interface,A:119:,PRO,119,A,9,2,13.607289457495746,0.2222222222222222,0.44697333333333333,0.2781,0.9863688548926183,A:117:;A:118:;A:119:;A:120:;A:121:;A:122:;A:173:;A:174:;A:178:,A:121:;A:173:
bsa_silica,anionic,58,4,alternative interface,A:43:,VAL,43,A,9,2,11.463055160050786,0.2222222222222222,0.3318644444444445,0.25664000000000003,0.990882752217324,A:20:;A:24:;A:40:;A:41:;A:42:;A:43:;A:44:;A:45:;A:46:,A:20:;A:41:
bsa_silica,anionic,59,4,alternative interface,A:353:,GLU,353,A,8,2,12.396623003822876,0.25,0.32669125,0.25109000000000004,0.9886748467097459,A:326:;A:349:;A:350:;A:351:;A:353:;A:354:;A:355:;A:357:,A:350:;A:355:
bsa_silica,anionic,60,4,alternative interface,A:94:,GLN,94,A,8,2,11.844477743298466,0.25,0.5026587499999999,0.24709,0.9903858956873884,A:91:;A:92:;A:93:;A:94:;A:95:;A:96:;A:97:;A:98:,A:93:;A:98:
bsa_silica,anionic,61,4,alternative interface,A:324:,ALA,324,A,8,2,10.336685093268436,0.25,0.39975875000000005,0.23981000000000002,0.9924109088743215,A:321:;A:322:;A:323:;A:324:;A:325:;A:326:;A:327:;A:328:,A:322:;A:328:
bsa_silica,anionic,62,4,alternative interface,A:508:,PHE,508,A,7,2,13.819921204006585,0.2857142857142857,0.36988000000000004,0.23827,0.9883757269546365,A:506:;A:507:;A:508:;A:509:;A:510:;A:511:;A:571:,A:507:;A:509:
bsa_silica,anionic,63,4,alternative interface,A:410:,TYR,410,A,7,3,12.863552378819353,0.42857142857142855,0.17108714285714283,0.20698,0.9811413425468504,A:406:;A:408:;A:409:;A:410:;A:412:;A:413:;A:415:,A:409:;A:412:;A:413:
bsa_silica,anionic,64,4,alternative interface,A:365:,PRO,365,A,10,2,12.273633151942063,0.2,0.4518,0.20207,0.9931781418947878,A:315:;A:360:;A:361:;A:362:;A:363:;A:364:;A:365:;A:366:;A:367:;A:368:,A:362:;A:366:
bsa_silica,anionic,65,4,alternative interface,A:221:,LYS,221,A,9,4,15.046972935310912,0.4444444444444444,0.2681511111111111,0.20088,0.9673356151534759,A:217:;A:218:;A:221:;A:292:;A:293:;A:294:;A:295:;A:335:;A:338:,A:217:;A:221:;A:294:;A:335:
bsa_silica,anionic,66,4,alternative interface,A:284:,GLU,284,A,10,4,12.003839455772232,0.4,0.28652099999999997,0.18372,0.9841958530673969,A:155:;A:280:;A:281:;A:282:;A:283:;A:284:;A:285:;A:286:;A:287:;A:288:,A:280:;A:285:;A:286:;A:287:
bsa_silica,anionic,67,4,alternative interface,A:485:,PRO,485,A,7,3,10.717980038157878,0.42857142857142855,0.32738428571428574,0.17978000000000002,0.9839264150661782,A:482:;A:483:;A:484:;A:485:;A:486:;A:488:;A:489:,A:483:;A:484:;A:488:
bsa_silica,anionic,68,4,alternative interface,A:303:,PRO,303,A,6,1,11.398750109158502,0.16666666666666666,0.4040416666666667,0.16503,0.9931924141114356,A:301:;A:302:;A:303:;A:304:;A:305:;A:306:,A:305:
bsa_silica,anionic,69,4,alternative interface,A:566:,CYS,566,A,10,1,14.180666359676572,0.1,0.466056,0.16254000000000002,0.9923588673423372,A:560:;A:562:;A:563:;A:564:;A:565:;A:566:;A:568:;A:569:;A:570:;A:571:,A:563:
bsa_silica,anionic,70,4,alternative interface,A:17:,GLU,17,A,7,2,10.287712252220832,0.2857142857142857,0.3545628571428571,0.10055,0.9904279038117202,A:14:;A:15:;A:16:;A:17:;A:18:;A:20:;A:21:,A:18:;A:20:
bsa_silica,anionic,71,4,alternative interface,A:336:,ARG,336,A,6,3,11.258703507987494,0.5,0.21588833333333335,0.07248,0.9877997637749073,A:297:;A:332:;A:335:;A:336:;A:337:;A:338:,A:335:;A:336:;A:337:
bsa_silica,anionic,72,5,alternative interface,A:206:,GLY,206,A,9,3,10.758177125850091,0.3333333333333333,0.3788622222222222,0.42892,0.9715728831856466,A:201:;A:202:;A:203:;A:204:;A:205:;A:206:;A:207:;A:208:;A:209:,A:201:;A:204:;A:208:
bsa_silica,anionic,73,5,alternative interface,A:391:,CYS,391,A,10,1,12.201990862136428,0.1,0.40946899999999997,0.33903,0.9828332041311563,A:387:;A:388:;A:389:;A:390:;A:391:;A:392:;A:393:;A:394:;A:395:;A:437:,A:388:
bsa_silica,anionic,74,5,alternative interface,A:196:,ARG,196,A,6,3,12.200820169754202,0.5,0.1648333333333333,0.28789000000000003,0.7005817907222066,A:147:;A:192:;A:196:;A:197:;A:198:;A:200:,A:192:;A:196:;A:198:
bsa_silica,anionic,75,5,alternative interface,A:257:,ALA,257,A,10,3,12.319420636211449,0.3,0.308559,0.28431,0.9757377719215583,A:253:;A:254:;A:255:;A:256:;A:257:;A:258:;A:259:;A:261:;A:282:;A:286:,A:256:;A:261:;A:286:
bsa_silica,anionic,76,5,alternative interface,A:139:,TYR,139,A,9,2,12.050643514273531,0.2222222222222222,0.19000222222222224,0.2495,0.9764530959129065,A:135:;A:136:;A:137:;A:139:;A:140:;A:141:;A:143:;A:24:;A:36:,A:136:;A:143:
bsa_silica,anionic,77,5,alternative interface,A:76:,LYS,76,A,6,1,12.658487308418323,0.16666666666666666,0.40887,0.24414000000000002,0.9898699764171321,A:72:;A:73:;A:75:;A:76:;A:77:;A:78:,A:76:
bsa_silica,anionic,78,5,alternative interface,A:347:,ARG,347,A,9,3,12.38512211938532,0.3333333333333333,0.24595333333333336,0.22723,0.9774894546635793,A:343:;A:344:;A:346:;A:347:;A:349:;A:350:;A:351:;A:481:;A:482:,A:343:;A:347:;A:350:
bsa_silica,anionic,79,5,alternative interface,A:38:,GLU,38,A,8,1,11.805122775620807,0.125,0.45287374999999996,0.17918,0.9855621498972467,A:34:;A:35:;A:36:;A:37:;A:38:;A:40:;A:41:;A:42:,A:41:
bsa_silica,anionic,80,5,alternative interface,A:70:,PHE,70,A,8,2,11.024705084755453,0.25,0.22676375,0.12828,0.9908490827876285,A:66:;A:67:;A:68:;A:69:;A:70:;A:71:;A:72:;A:73:,A:67:;A:68:
bsa_silica,anionic,81,5,alternative interface,A:289:,ILE,289,A,8,3,10.104747696277702,0.375,0.25665375,0.10186999999999999,0.9811405950986015,A:285:;A:286:;A:287:;A:288:;A:289:;A:290:;A:291:;A:292:,A:285:;A:286:;A:287:
bsa_silica,anionic,82,5,alternative interface,A:424:,GLU,424,A,7,3,12.567901877226639,0.42857142857142855,0.2901985714285714,0.10095000000000001,0.9584889040033601,A:420:;A:421:;A:423:;A:424:;A:425:;A:427:;A:428:,A:421:;A:427:;A:428:
bsa_silica,anionic,83,5,alternative interface,A:248:,ASP,248,A,4,1,10.45523129590602,0.25,0.2337475,0.00477,0.9814539193469435,A:243:;A:246:;A:248:;A:251:,A:246:
bsa_silica,anionic,84,6,alternative interface,A:455:,ILE,455,A,9,3,11.830409303122511,0.3333333333333333,0.20961666666666667,0.26992,0.8683264024462393,A:425:;A:428:;A:429:;A:451:;A:452:;A:453:;A:454:;A:455:;A:458:,A:428:;A:453:;A:458:
bsa_silica,anionic,85,6,alternative interface,A:450:,ASP,450,A,10,3,13.22087048095032,0.3,0.20717800000000003,0.20946,0.9363767898040328,A:342:;A:343:;A:446:;A:447:;A:448:;A:450:;A:451:;A:452:;A:453:;A:454:,A:343:;A:448:;A:453:
bsa_silica,anionic,86,6,alternative interface,A:160:,TYR,160,A,8,1,12.376112958893163,0.125,0.29202374999999997,0.20287,0.9817751679053986,A:156:;A:158:;A:159:;A:160:;A:161:;A:162:;A:163:;A:181:,A:159:
bsa_silica,anionic,87,6,alternative interface,A:107:,ASP,107,A,6,2,11.27713680239768,0.3333333333333333,0.26194,0.19418,0.9598175927337883,A:105:;A:107:;A:108:;A:109:;A:110:;A:32:,A:105:;A:109:
bsa_silica,anionic,88,6,alternative interface,A:339:,GLU,339,A,6,1,12.615405546561593,0.16666666666666666,0.331655,0.003,0.9767711070562014,A:337:;A:338:;A:339:;A:340:;A:443:;A:446:,A:337:
bsa_silica,anionic,89,7,alternative interface,A:330:,LEU,330,A,9,1,12.839409809625504,0.1111111111111111,0.2129166666666667,0.12619999999999998,0.9812061527704283,A:212:;A:215:;A:326:;A:327:;A:328:;A:330:;A:332:;A:346:;A:349:,A:328:
hsa_paa_fe3o4,anionic,1,1,primary plausible interface,A:478:,THR,478,A,7,4,11.741957014520763,0.5714285714285714,0.46067285714285716,0.99516,0.9741967711029255,A:474:;A:475:;A:477:;A:478:;A:479:;A:480:;A:481:,A:474:;A:475:;A:478:;A:480:
hsa_paa_fe3o4,anionic,2,1,primary plausible interface,A:239:,THR,239,A,10,6,11.737980217854762,0.6,0.385445,0.87949,0.9602742840694843,A:208:;A:212:;A:235:;A:236:;A:237:;A:238:;A:239:;A:240:;A:242:;A:243:,A:212:;A:236:;A:239:;A:240:;A:242:;A:243:
hsa_paa_fe3o4,anionic,3,1,primary plausible interface,A:524:,LYS,524,A,8,4,12.548615107123917,0.5,0.36014625,0.67952,0.9860658116769128,A:520:;A:521:;A:522:;A:523:;A:524:;A:525:;A:527:;A:528:,A:521:;A:524:;A:525:;A:527:
hsa_paa_fe3o4,anionic,4,1,primary plausible interface,A:354:,GLU,354,A,8,4,12.512543515360194,0.5,0.3798775,0.6665800000000001,0.9895449024724599,A:327:;A:350:;A:351:;A:352:;A:354:;A:355:;A:356:;A:358:,A:351:;A:352:;A:355:;A:356:
hsa_paa_fe3o4,anionic,5,1,primary plausible interface,A:519:,LYS,519,A,8,3,10.310251614203262,0.375,0.44766999999999996,0.64724,0.989747283826347,A:516:;A:517:;A:518:;A:519:;A:520:;A:521:;A:522:;A:523:,A:517:;A:519:;A:521:
hsa_paa_fe3o4,anionic,6,1,primary plausible interface,A:567:,CYS,567,A,9,2,13.226307866623126,0.2222222222222222,0.3966144444444445,0.60072,0.9943354313459103,A:558:;A:561:;A:564:;A:565:;A:566:;A:567:;A:568:;A:569:;A:570:,A:564:;A:566:
hsa_paa_fe3o4,anionic,7,1,primary plausible interface,A:124:,CYS,124,A,9,2,12.214114044287335,0.2222222222222222,0.46328666666666657,0.54377,0.9893018982361921,A:120:;A:121:;A:122:;A:123:;A:124:;A:125:;A:126:;A:128:;A:165:,A:125:;A:128:
hsa_paa_fe3o4,anionic,8,1,primary plausible interface,A:472:,ARG,472,A,4,3,6.111791055382365,0.75,0.6100875,0.52588,0.9927112338430758,A:471:;A:472:;A:474:;A:475:,A:472:;A:474:;A:475:
hsa_paa_fe3o4,anionic,9,1,primary plausible interface,A:54:,VAL,54,A,8,2,13.523973740608957,0.25,0.47254375,0.47226999999999997,0.9957115221323113,A:11:;A:51:;A:52:;A:54:;A:55:;A:56:;A:57:;A:8:,A:51:;A:52:
hsa_paa_fe3o4,anionic,10,1,primary plausible interface,A:49:,PHE,49,A,7,3,11.322670543819218,0.42857142857142855,0.4328328571428572,0.42539,0.9945800491903919,A:45:;A:46:;A:47:;A:48:;A:49:;A:51:;A:52:,A:47:;A:51:;A:52:
hsa_paa_fe3o4,anionic,11,1,primary plausible interface,A:129:,ASP,129,A,6,2,9.659359376402087,0.3333333333333333,0.66106,0.42125,0.9940181935504332,A:125:;A:126:;A:128:;A:129:;A:130:;A:131:,A:125:;A:128:
hsa_paa_fe3o4,anionic,12,1,primary plausible interface,A:542:,GLU,542,A,7,3,10.15444220040673,0.42857142857142855,0.43608,0.38927999999999996,0.9947639332187781,A:540:;A:541:;A:542:;A:543:;A:544:;A:545:;A:546:,A:540:;A:541:;A:545:
hsa_paa_fe3o4,anionic,13,1,primary plausible interface,A:314:,ASP,314,A,6,3,10.391114462285556,0.5,0.44492833333333337,0.38719000000000003,0.9942750210950183,A:312:;A:313:;A:314:;A:316:;A:317:;A:318:,A:312:;A:313:;A:317:
hsa_paa_fe3o4,anionic,14,1,primary plausible interface,A:560:,LYS,560,A,7,2,11.717879587821418,0.2857142857142857,0.46358571428571427,0.32414000000000004,0.9973182996056946,A:556:;A:557:;A:558:;A:559:;A:560:;A:561:;A:562:,A:557:;A:560:
hsa_paa_fe3o4,anionic,15,1,primary plausible interface,A:359:,LYS,359,A,7,3,13.226337475282843,0.42857142857142855,0.4419042857142857,0.20582999999999999,0.9977584715049336,A:355:;A:356:;A:358:;A:359:;A:361:;A:362:;A:363:,A:355:;A:356:;A:359:
hsa_paa_fe3o4,anionic,16,1,primary plausible interface,A:563:,ASP,563,A,5,1,9.373104522706225,0.2,0.514218,0.18705,0.9966385209883967,A:561:;A:562:;A:563:;A:564:;A:565:,A:564:
hsa_paa_fe3o4,anionic,17,1,primary plausible interface,A:63:,ASP,63,A,8,3,13.180368915295439,0.375,0.54041875,0.07941,0.9934764733274074,A:57:;A:58:;A:60:;A:61:;A:63:;A:64:;A:65:;A:6:,A:58:;A:64:;A:65:
hsa_paa_fe3o4,anionic,18,2,alternative interface,A:193:,SER,193,A,10,5,12.47227658787827,0.5,0.25548,0.57457,0.6919638864940928,A:146:;A:148:;A:150:;A:189:;A:190:;A:191:;A:192:;A:193:;A:194:;A:197:,A:146:;A:190:;A:192:;A:193:;A:197:
hsa_paa_fe3o4,anionic,19,2,alternative interface,A:68:,THR,68,A,11,4,13.92490078957848,0.36363636363636365,0.3077763636363636,0.54433,0.9859241310542198,A:64:;A:65:;A:66:;A:67:;A:68:;A:69:;A:70:;A:71:;A:72:;A:95:;A:99:,A:64:;A:65:;A:67:;A:68:
hsa_paa_fe3o4,anionic,20,2,alternative interface,A:162:,LYS,162,A,10,4,12.009728166244376,0.4,0.290404,0.5279699999999999,0.9852048944769377,A:135:;A:158:;A:159:;A:160:;A:161:;A:162:;A:163:;A:164:;A:165:;A:166:,A:159:;A:160:;A:162:;A:166:
hsa_paa_fe3o4,anionic,21,2,alternative interface,A:244:,GLU,244,A,8,4,12.383407474712032,0.5,0.28802,0.52701,0.9615258596661563,A:240:;A:242:;A:243:;A:244:;A:247:;A:248:;A:249:;A:252:,A:240:;A:242:;A:243:;A:247:
hsa_paa_fe3o4,anionic,22,2,alternative interface,A:438:,CYS,438,A,9,5,14.26858742385755,0.5555555555555556,0.31467666666666666,0.51376,0.9707830026298943,A:392:;A:433:;A:435:;A:436:;A:438:;A:439:;A:440:;A:441:;A:445:,A:435:;A:436:;A:439:;A:440:;A:445:
hsa_paa_fe3o4,anionic,23,2,alternative interface,A:195:,LYS,195,A,4,3,12.564684336782879,0.75,0.41411,0.49865000000000004,0.5819615758402978,A:191:;A:192:;A:195:;A:199:,A:192:;A:195:;A:199:
hsa_paa_fe3o4,anionic,24,2,alternative interface,A:465:,GLU,465,A,7,3,11.213765273682775,0.42857142857142855,0.42838714285714286,0.49079,0.977690774970328,A:462:;A:463:;A:465:;A:466:;A:467:;A:468:;A:474:,A:466:;A:467:;A:474:
hsa_paa_fe3o4,anionic,25,2,alternative interface,A:233:,LYS,233,A,7,3,12.696973046333326,0.42857142857142855,0.44264428571428566,0.48235,0.9875700624401913,A:229:;A:230:;A:232:;A:233:;A:235:;A:236:;A:237:,A:232:;A:233:;A:236:
hsa_paa_fe3o4,anionic,26,2,alternative interface,A:539:,ALA,539,A,8,4,11.404563959523355,0.5,0.32464125,0.47842,0.9903679670065902,A:536:;A:537:;A:538:;A:539:;A:540:;A:541:;A:543:;A:544:,A:536:;A:538:;A:540:;A:541:
hsa_paa_fe3o4,anionic,27,2,alternative interface,A:535:,HIS,535,A,10,4,13.41720480093254,0.4,0.38180899999999995,0.46345,0.9900727292081445,A:499:;A:500:;A:501:;A:502:;A:531:;A:532:;A:534:;A:535:;A:536:;A:537:,A:500:;A:534:;A:535:;A:536:
hsa_paa_fe3o4,anionic,28,2,alternative interface,A:134:,PHE,134,A,10,3,12.82747140800106,0.3,0.400122,0.45748,0.9926778576856242,A:126:;A:130:;A:131:;A:132:;A:133:;A:134:;A:135:;A:136:;A:137:;A:138:,A:133:;A:136:;A:137:
hsa_paa_fe3o4,anionic,29,2,alternative interface,A:273:,SER,273,A,6,3,11.609515699972995,0.5,0.3837716666666666,0.43926000000000004,0.9836887735482598,A:268:;A:269:;A:273:;A:274:;A:276:;A:296:,A:273:;A:274:;A:276:
hsa_paa_fe3o4,anionic,30,2,alternative interface,A:494:,ASP,494,A,9,3,13.326563020596264,0.3333333333333333,0.4265311111111111,0.43349,0.9876160099638832,A:413:;A:414:;A:491:;A:492:;A:493:;A:494:;A:495:;A:496:;A:497:,A:413:;A:414:;A:496:
hsa_paa_fe3o4,anionic,31,2,alternative interface,A:510:,HIS,510,A,8,2,11.509182053309297,0.25,0.4329225,0.42439,0.9935049883788086,A:508:;A:509:;A:510:;A:511:;A:512:;A:513:;A:565:;A:568:,A:508:;A:510:
hsa_paa_fe3o4,anionic,32,2,alternative interface,A:188:,GLU,188,A,9,3,12.16595076157293,0.3333333333333333,0.4460788888888889,0.40259,0.9678993933099678,A:184:;A:185:;A:186:;A:187:;A:188:;A:189:;A:190:;A:191:;A:192:,A:186:;A:190:;A:192:
hsa_paa_fe3o4,anionic,33,2,alternative interface,A:59:,ALA,59,A,7,2,10.734225140585403,0.2857142857142857,0.5332971428571428,0.3987,0.9934239257882824,A:52:;A:56:;A:57:;A:58:;A:59:;A:60:;A:61:,A:52:;A:58:
hsa_paa_fe3o4,anionic,34,2,alternative interface,A:420:,THR,420,A,7,4,12.202006459943961,0.5714285714285714,0.3406757142857143,0.38006999999999996,0.987234275303827,A:419:;A:420:;A:421:;A:422:;A:424:;A:527:;A:531:,A:419:;A:420:;A:422:;A:527:
hsa_paa_fe3o4,anionic,35,2,alternative interface,A:514:,CYS,514,A,7,1,11.87414113889003,0.14285714285714285,0.4386228571428572,0.33988999999999997,0.9950504553183902,A:511:;A:512:;A:513:;A:514:;A:515:;A:516:;A:559:,A:515:
hsa_paa_fe3o4,anionic,36,2,alternative interface,A:442:,GLU,442,A,6,3,7.7573867024104075,0.5,0.5139866666666667,0.32467,0.9917344658321144,A:440:;A:441:;A:442:;A:443:;A:444:;A:445:,A:440:;A:444:;A:445:
hsa_paa_fe3o4,anionic,37,2,alternative interface,A:306:,ALA,306,A,8,1,10.147025562748038,0.125,0.4501925,0.31575,0.9947546579776738,A:304:;A:305:;A:306:;A:307:;A:308:;A:309:;A:310:;A:311:,A:304:
hsa_paa_fe3o4,anionic,38,2,alternative interface,A:371:,ALA,371,A,7,2,11.407849445374941,0.2857142857142857,0.4813757142857143,0.27225,0.9936689297090645,A:310:;A:311:;A:367:;A:368:;A:369:;A:371:;A:372:,A:367:;A:372:
hsa_paa_fe3o4,anionic,39,2,alternative interface,A:375:,ASP,375,A,6,2,13.096674802277809,0.3333333333333333,0.43968999999999997,0.25111,0.9927798199440597,A:372:;A:374:;A:375:;A:376:;A:378:;A:379:,A:372:;A:378:
hsa_paa_fe3o4,anionic,40,2,alternative interface,A:116:,VAL,116,A,5,2,12.759751629648004,0.4,0.5360739999999999,0.22562000000000001,0.9872659215203056,A:114:;A:115:;A:116:;A:117:;A:118:,A:114:;A:117:
hsa_paa_fe3o4,anionic,41,2,alternative interface,A:319:,TYR,319,A,10,2,12.822011002954628,0.2,0.328964,0.18959,0.9957040851457677,A:316:;A:317:;A:318:;A:319:;A:320:;A:321:;A:322:;A:323:;A:326:;A:327:,A:317:;A:323:
hsa_paa_fe3o4,anionic,42,2,alternative interface,A:324:,ASP,324,A,7,1,9.77040886510757,0.14285714285714285,0.4074785714285714,0.1017,0.9950755245325575,A:322:;A:323:;A:324:;A:325:;A:326:;A:327:;A:328:,A:323:
hsa_paa_fe3o4,anionic,43,2,alternative interface,A:172:,ALA,172,A,5,1,8.930233946704933,0.2,0.45765,0.03139,0.9953692798275842,A:170:;A:171:;A:172:;A:173:;A:174:,A:174:
hsa_paa_fe3o4,anionic,44,3,alternative interface,A:432:,LYS,432,A,8,4,12.976542383020362,0.5,0.31180125,0.50383,0.9577094811137081,A:400:;A:404:;A:428:;A:429:;A:432:;A:433:;A:435:;A:436:,A:428:;A:432:;A:435:;A:436:
hsa_paa_fe3o4,anionic,45,3,alternative interface,A:210:,ALA,210,A,10,3,11.436640549153623,0.3,0.319014,0.37566000000000005,0.9561260454055105,A:202:;A:203:;A:206:;A:207:;A:208:;A:209:;A:210:;A:212:;A:213:;A:214:,A:202:;A:209:;A:212:
hsa_paa_fe3o4,anionic,46,3,alternative interface,A:507:,PHE,507,A,7,2,12.109747367498768,0.2857142857142857,0.4984857142857143,0.37343000000000004,0.992897470903639,A:503:;A:504:;A:505:;A:506:;A:507:;A:508:;A:509:,A:506:;A:508:
hsa_paa_fe3o4,anionic,47,3,alternative interface,A:340:,ASP,340,A,8,3,12.405978558258804,0.375,0.36151875,0.29433,0.9796841852577158,A:338:;A:339:;A:340:;A:341:;A:443:;A:444:;A:445:;A:447:,A:338:;A:444:;A:445:
hsa_paa_fe3o4,anionic,48,3,alternative interface,A:43:,VAL,43,A,10,3,11.731940953184653,0.3,0.27843399999999996,0.26322,0.9906841424528706,A:20:;A:24:;A:40:;A:41:;A:42:;A:43:;A:44:;A:45:;A:46:;A:47:,A:20:;A:41:;A:47:
hsa_paa_fe3o4,anionic,49,3,alternative interface,A:167:,GLU,167,A,7,1,12.552282201654517,0.14285714285714285,0.37650428571428574,0.24289000000000002,0.9950130990578657,A:163:;A:164:;A:165:;A:166:;A:167:;A:170:;A:171:,A:166:
hsa_paa_fe3o4,anionic,50,3,alternative interface,A:411:,TYR,411,A,6,3,10.40678682397129,0.5,0.21410666666666667,0.23828,0.9867310610520275,A:407:;A:409:;A:410:;A:411:;A:413:;A:414:,A:410:;A:413:;A:414:
hsa_paa_fe3o4,anionic,51,3,alternative interface,A:279:,CYS,279,A,7,3,10.778866688302585,0.42857142857142855,0.22887999999999997,0.22204000000000002,0.9852462369568611,A:265:;A:276:;A:277:;A:279:;A:280:;A:281:;A:286:,A:276:;A:281:;A:286:
hsa_paa_fe3o4,anionic,52,3,alternative interface,A:555:,VAL,555,A,9,1,12.058622451921106,0.1111111111111111,0.41710111111111114,0.19611,0.9946009472588533,A:551:;A:552:;A:553:;A:554:;A:555:;A:556:;A:557:;A:558:;A:559:,A:557:
hsa_paa_fe3o4,anionic,53,3,alternative interface,A:366:,PRO,366,A,10,1,12.064785028414,0.1,0.444365,0.14723,0.9937819843658995,A:316:;A:361:;A:362:;A:363:;A:364:;A:365:;A:366:;A:367:;A:368:;A:369:,A:367:
hsa_paa_fe3o4,anionic,54,3,alternative interface,A:547:,VAL,547,A,9,1,13.09239458176554,0.1111111111111111,0.5305977777777778,0.10421,0.9925314852219862,A:543:;A:544:;A:545:;A:546:;A:547:;A:548:;A:549:;A:550:;A:551:,A:545:
hsa_paa_fe3o4,anionic,55,4,alternative interface,A:198:,LEU,198,A,6,3,11.023863212992062,0.5,0.17737,0.42548,0.7861587339683921,A:197:;A:198:;A:199:;A:201:;A:202:;A:455:,A:197:;A:199:;A:202:
hsa_paa_fe3o4,anionic,56,4,alternative interface,A:73:,LYS,73,A,11,2,14.182614023053937,0.18181818181818182,0.2796454545454545,0.34192999999999996,0.9837389902249964,A:42:;A:46:;A:69:;A:70:;A:71:;A:72:;A:73:;A:74:;A:75:;A:76:;A:77:,A:73:;A:76:
hsa_paa_fe3o4,anionic,57,4,alternative interface,A:204:,GLN,204,A,7,2,8.837004278666292,0.2857142857142857,0.2885057142857143,0.31674,0.9809900756907365,A:201:;A:202:;A:203:;A:204:;A:205:;A:206:;A:207:,A:202:;A:205:
hsa_paa_fe3o4,anionic,58,4,alternative interface,A:10:,ARG,10,A,12,3,13.017416865730091,0.25,0.22290916666666669,0.30822,0.988768928471872,A:10:;A:11:;A:12:;A:13:;A:14:;A:251:;A:252:;A:255:;A:6:;A:7:;A:8:;A:9:,A:10:;A:12:;A:9:
hsa_paa_fe3o4,anionic,59,4,alternative interface,A:183:,ASP,183,A,9,2,12.591479549084616,0.2222222222222222,0.45698,0.29556,0.9913864914196755,A:179:;A:180:;A:181:;A:182:;A:183:;A:184:;A:185:;A:186:;A:187:,A:181:;A:186:
hsa_paa_fe3o4,anionic,60,4,alternative interface,A:270:,SER,270,A,7,2,12.577365956535198,0.2857142857142857,0.4724528571428572,0.28185,0.9794717490898023,A:225:;A:227:;A:230:;A:267:;A:268:;A:269:;A:270:,A:225:;A:270:
hsa_paa_fe3o4,anionic,61,4,alternative interface,A:142:,ILE,142,A,8,3,12.244517114511357,0.375,0.21490749999999997,0.26268,0.9747602537150389,A:138:;A:139:;A:140:;A:141:;A:142:;A:144:;A:145:;A:146:,A:144:;A:145:;A:146:
hsa_paa_fe3o4,anionic,62,4,alternative interface,A:482:,VAL,482,A,8,3,12.53725348263222,0.375,0.23875249999999998,0.21364,0.9582052627672287,A:344:;A:347:;A:348:;A:480:;A:481:;A:482:;A:483:;A:484:,A:348:;A:480:;A:484:
hsa_paa_fe3o4,anionic,63,4,alternative interface,A:529:,LEU,529,A,8,2,12.82812300125477,0.25,0.24776,0.20800000000000002,0.984380845745666,A:409:;A:525:;A:527:;A:528:;A:529:;A:531:;A:532:;A:548:,A:525:;A:527:
hsa_paa_fe3o4,anionic,64,4,alternative interface,A:336:,ARG,336,A,9,3,13.037746770552147,0.3333333333333333,0.21889333333333333,0.19623000000000002,0.9758013414790466,A:223:;A:298:;A:332:;A:333:;A:334:;A:336:;A:337:;A:338:;A:339:,A:336:;A:337:;A:338:
hsa_paa_fe3o4,anionic,65,4,alternative interface,A:487:,CYS,487,A,7,2,12.852957452703516,0.2857142857142857,0.3114157142857143,0.18098,0.9804646234930955,A:483:;A:484:;A:486:;A:487:;A:489:;A:490:;A:491:,A:484:;A:489:
hsa_paa_fe3o4,anionic,66,4,alternative interface,A:380:,LEU,380,A,8,2,12.638684111227436,0.25,0.4111725,0.11900000000000001,0.9857456656033461,A:348:;A:376:;A:378:;A:379:;A:380:;A:381:;A:382:;A:383:,A:348:;A:378:
hsa_paa_fe3o4,anionic,67,4,alternative interface,A:448:,CYS,448,A,8,3,12.391593487481655,0.375,0.24741875000000002,0.11721,0.9625603442961203,A:436:;A:444:;A:445:;A:447:;A:448:;A:449:;A:451:;A:452:,A:436:;A:444:;A:445:
hsa_paa_fe3o4,anionic,68,4,alternative interface,A:282:,PRO,282,A,7,2,11.511622771192958,0.2857142857142857,0.36903,0.10210000000000001,0.9913723504486317,A:280:;A:281:;A:282:;A:283:;A:284:;A:285:;A:286:,A:281:;A:286:
hsa_paa_fe3o4,anionic,69,4,alternative interface,A:299:,PRO,299,A,7,1,12.764920924171474,0.14285714285714285,0.49411,0.08265,0.9914046856237289,A:225:;A:297:;A:298:;A:299:;A:300:;A:301:;A:302:,A:225:
hsa_paa_fe3o4,anionic,70,4,alternative interface,A:156:,PHE,156,A,9,3,12.621334410997902,0.3333333333333333,0.23046222222222223,0.08103999999999999,0.9641437827895531,A:153:;A:155:;A:156:;A:158:;A:159:;A:160:;A:284:;A:285:;A:288:,A:159:;A:160:;A:288:
hsa_paa_fe3o4,anionic,71,5,alternative interface,A:388:,ILE,388,A,10,2,12.197193181405192,0.2,0.40356000000000003,0.26256,0.9799616083390129,A:385:;A:386:;A:387:;A:388:;A:389:;A:390:;A:391:;A:392:;A:445:;A:449:,A:389:;A:445:
hsa_paa_fe3o4,anionic,72,5,alternative interface,A:303:,PRO,303,A,6,1,13.9224106385476,0.16666666666666666,0.42450833333333343,0.24461,0.9903274415527441,A:301:;A:302:;A:303:;A:304:;A:305:;A:307:,A:304:
hsa_paa_fe3o4,anionic,73,5,alternative interface,A:425:,GLU,425,A,7,2,12.41088747667095,0.2857142857142857,0.33366428571428564,0.19736,0.9652636954509441,A:421:;A:422:;A:424:;A:425:;A:426:;A:428:;A:429:,A:422:;A:428:
hsa_paa_fe3o4,anionic,74,5,alternative interface,A:228:,PHE,228,A,7,1,11.829641934555957,0.14285714285714285,0.45357857142857144,0.18671,0.9839757735212923,A:227:;A:228:;A:229:;A:230:;A:232:;A:329:;A:332:,A:232:
hsa_paa_fe3o4,anionic,75,5,alternative interface,A:216:,VAL,216,A,11,3,13.076332809568997,0.2727272727272727,0.27444545454545455,0.18529,0.9684487632888759,A:212:;A:213:;A:214:;A:216:;A:218:;A:219:;A:232:;A:235:;A:328:;A:331:;A:332:,A:212:;A:218:;A:232:
hsa_paa_fe3o4,anionic,76,5,alternative interface,A:287:,SER,287,A,11,3,12.611281043148624,0.2727272727272727,0.28523818181818184,0.15042,0.9703084352130392,A:258:;A:261:;A:283:;A:284:;A:285:;A:286:;A:287:;A:288:;A:289:;A:290:;A:291:,A:286:;A:287:;A:288:
hsa_paa_fe3o4,anionic,77,5,alternative interface,A:38:,ASP,38,A,8,1,11.838148970859462,0.125,0.4278075,0.14439,0.9864604916298871,A:34:;A:35:;A:36:;A:37:;A:38:;A:40:;A:41:;A:42:,A:41:
hsa_paa_fe3o4,anionic,78,5,alternative interface,A:113:,PRO,113,A,5,1,11.707779543991938,0.2,0.43302399999999996,0.10082,0.9783345302166505,A:111:;A:112:;A:113:;A:114:;A:115:,A:114:
hsa_paa_fe3o4,anionic,79,5,alternative interface,A:454:,SER,454,A,6,2,12.423395288691522,0.3333333333333333,0.20694833333333337,0.10066000000000001,0.9399873733992743,A:451:;A:452:;A:453:;A:454:;A:455:;A:484:,A:454:;A:484:
hsa_paa_fe3o4,anionic,80,5,alternative interface,A:21:,ALA,21,A,8,2,12.990697401434131,0.25,0.2478475,0.06807,0.9750340413245575,A:136:;A:139:;A:155:;A:17:;A:18:;A:20:;A:21:;A:24:,A:136:;A:20:
hsa_paa_fe3o4,anionic,81,6,alternative interface,A:103:,LEU,103,A,10,2,12.394132059557487,0.2,0.34470999999999996,0.21255,0.9663015477537448,A:100:;A:101:;A:102:;A:103:;A:104:;A:105:;A:247:;A:248:;A:30:;A:99:,A:105:;A:247:
hsa_paa_fe3o4,anionic,82,6,alternative interface,A:178:,LEU,178,A,12,2,12.7674652341487,0.16666666666666666,0.2685591666666667,0.1356,0.9868031320966218,A:120:;A:164:;A:165:;A:174:;A:175:;A:176:;A:177:;A:178:;A:179:;A:180:;A:181:;A:182:,A:174:;A:181:
hsa_paa_fe3o4,anionic,83,6,alternative interface,A:260:,LEU,260,A,11,2,12.8182426676281,0.18181818181818182,0.2865081818181818,0.13537000000000002,0.9753318170619657,A:237:;A:238:;A:256:;A:257:;A:258:;A:259:;A:260:;A:261:;A:262:;A:263:;A:264:,A:257:;A:262:
hsa_paa_fe3o4,anionic,84,6,alternative interface,A:15:,GLY,15,A,8,1,11.244732084478915,0.125,0.40721625,0.12317,0.9890849644903926,A:11:;A:12:;A:13:;A:14:;A:15:;A:16:;A:17:;A:18:,A:12:
hsa_paa_fe3o4,anionic,85,6,alternative interface,A:94:,GLN,94,A,8,1,12.008004553765106,0.125,0.346825,0.05835,0.9901014589799966,A:91:;A:92:;A:93:;A:94:;A:95:;A:96:;A:97:;A:99:,A:93:
hsa_paa_fe3o4,anionic,86,6,alternative interface,A:32:,GLN,32,A,9,2,13.079727747930821,0.2222222222222222,0.24884777777777772,0.0525,0.9692395225356266,A:107:;A:110:;A:144:;A:145:;A:30:;A:31:;A:32:;A:33:;A:34:,A:144:;A:145:
hsa_paa_fe3o4,anionic,87,7,alternative interface,A:405:,ASN,405,A,7,1,12.817647853024756,0.14285714285714285,0.2408614285714286,0.07941,0.9829701833705203,A:401:;A:402:;A:404:;A:405:;A:406:;A:407:;A:409:,A:402:
hsa_paa_fe3o4,anionic,88,7,alternative interface,A:399:,GLY,399,A,8,1,11.252721292843585,0.125,0.39805625,0.07941,0.9870208995511187,A:395:;A:396:;A:397:;A:398:;A:399:;A:400:;A:401:;A:402:,A:402:
hsa_paa_fe3o4,anionic,89,8,alternative interface,A:254:,ALA,254,A,7,1,10.84961856103867,0.14285714285714285,0.17279285714285714,0.03639,0.9808987932931696,A:251:;A:252:;A:254:;A:255:;A:256:;A:257:;A:258:,A:257:
hcaii_silica_ph63,anionic,1,1,primary plausible interface,A:219:,SER,219,A,9,5,11.81110879470507,0.5555555555555556,0.47898444444444443,0.7786,0.9715134024792584,A:150:;A:151:;A:152:;A:153:;A:154:;A:217:;A:219:;A:220:;A:221:,A:152:;A:154:;A:217:;A:219:;A:220:
hcaii_silica_ph63,anionic,2,1,primary plausible interface,A:11:,ASN,11,A,11,5,13.438216693870062,0.45454545454545453,0.5591436363636364,0.76492,0.9688168505495954,A:10:;A:11:;A:13:;A:14:;A:15:;A:3:;A:4:;A:5:;A:6:;A:8:;A:9:,A:10:;A:15:;A:3:;A:4:;A:9:
hcaii_silica_ph63,anionic,3,1,primary plausible interface,A:37:,THR,37,A,5,4,10.057637722892133,0.8,0.612682,0.7452,0.986029287002811,A:34:;A:35:;A:36:;A:37:;A:39:,A:35:;A:36:;A:37:;A:39:
hcaii_silica_ph63,anionic,4,1,primary plausible interface,A:180:,ASP,180,A,6,2,14.016343110723467,0.3333333333333333,0.6293833333333333,0.27484000000000003,0.9493459342216557,A:178:;A:180:;A:182:;A:183:;A:52:;A:55:,A:182:;A:55:
hcaii_silica_ph63,anionic,5,2,alternative interface,A:110:,ASP,110,A,8,4,11.123761636427064,0.5,0.393335,0.71324,0.9758284893381932,A:108:;A:109:;A:110:;A:111:;A:112:;A:32:;A:34:;A:35:,A:108:;A:111:;A:112:;A:35:
hcaii_silica_ph63,anionic,6,2,alternative interface,A:172:,LYS,172,A,10,6,13.294450240746974,0.6,0.372824,0.69109,0.9655416440480616,A:166:;A:168:;A:169:;A:170:;A:171:;A:172:;A:173:;A:174:;A:60:;A:62:,A:166:;A:168:;A:169:;A:170:;A:172:;A:173:
hcaii_silica_ph63,anionic,7,2,alternative interface,A:258:,ALA,258,A,11,5,13.614861287656602,0.45454545454545453,0.3174945454545454,0.57923,0.9787689219206603,A:190:;A:192:;A:193:;A:257:;A:258:;A:259:;A:260:;A:261:;A:39:;A:40:;A:41:,A:193:;A:257:;A:259:;A:261:;A:39:
hcaii_silica_ph63,anionic,8,2,alternative interface,A:81:,GLY,81,A,8,3,14.0679508487457,0.375,0.5911537499999999,0.57489,0.9598193365735852,A:45:;A:46:;A:48:;A:80:;A:81:;A:83:;A:85:;A:86:,A:45:;A:48:;A:80:
hcaii_silica_ph63,anionic,9,2,alternative interface,A:113:,LYS,113,A,8,4,13.128821496767483,0.5,0.44514000000000004,0.57095,0.9532398782709661,A:102:;A:103:;A:108:;A:109:;A:111:;A:112:;A:113:;A:114:,A:108:;A:111:;A:112:;A:113:
hcaii_silica_ph63,anionic,10,2,alternative interface,A:44:,LEU,44,A,8,3,11.433528019194064,0.375,0.4113675,0.55938,0.980651729727183,A:259:;A:41:;A:42:;A:43:;A:44:;A:45:;A:46:;A:83:,A:259:;A:43:;A:45:
hcaii_silica_ph63,anionic,11,2,alternative interface,A:225:,LYS,225,A,5,3,11.13452294137822,0.6,0.556608,0.55503,0.9772654812525489,A:221:;A:224:;A:225:;A:227:;A:228:,A:225:;A:227:;A:228:
hcaii_silica_ph63,anionic,12,2,alternative interface,A:87:,THR,87,A,8,5,13.085845969058449,0.625,0.446375,0.49129,0.9591825190015789,A:125:;A:127:;A:78:;A:80:;A:85:;A:86:;A:87:;A:89:,A:125:;A:127:;A:80:;A:87:;A:89:
hcaii_silica_ph63,anionic,13,2,alternative interface,A:165:,ASP,165,A,5,2,11.517599090241347,0.4,0.557516,0.47073,0.9767268284015665,A:162:;A:163:;A:165:;A:166:;A:168:,A:166:;A:168:
hcaii_silica_ph63,anionic,14,2,alternative interface,A:128:,TYR,128,A,7,3,10.378355690025046,0.42857142857142855,0.48187714285714284,0.41389000000000004,0.9798156876749103,A:125:;A:127:;A:128:;A:129:;A:130:;A:131:;A:133:,A:125:;A:127:;A:133:
hcaii_silica_ph63,anionic,15,2,alternative interface,A:233:,GLY,233,A,9,2,12.37906635983168,0.2222222222222222,0.47380777777777777,0.33061,0.9849793502254297,A:169:;A:170:;A:171:;A:230:;A:231:;A:233:;A:234:;A:235:;A:236:,A:169:;A:170:
hcaii_silica_ph63,anionic,16,2,alternative interface,A:74:,GLN,74,A,6,2,9.293219230538739,0.3333333333333333,0.47066333333333327,0.3209,0.9817095656588212,A:71:;A:72:;A:73:;A:74:;A:75:;A:76:,A:73:;A:76:
hcaii_silica_ph63,anionic,17,2,alternative interface,A:185:,LEU,185,A,4,1,10.386151682772436,0.25,0.58914,0.24321,0.9666308170203057,A:182:;A:183:;A:185:;A:187:,A:182:
hcaii_silica_ph63,anionic,18,2,alternative interface,A:253:,ASN,253,A,5,1,12.435743864091732,0.2,0.604138,0.16355,0.9750704444284792,A:251:;A:252:;A:253:;A:255:;A:26:,A:252:
hcaii_silica_ph63,anionic,19,2,alternative interface,A:100:,LEU,100,A,5,1,8.636601381863686,0.2,0.5818,0.10710000000000001,0.9799137997124686,A:100:;A:101:;A:102:;A:103:;A:99:,A:99:
hcaii_silica_ph63,anionic,20,3,alternative interface,A:17:,HIS,17,A,10,4,12.632863134778002,0.4,0.47538,0.50485,0.9702097376630858,A:14:;A:15:;A:17:;A:18:;A:19:;A:20:;A:21:;A:22:;A:23:;A:24:,A:15:;A:17:;A:18:;A:24:
hcaii_silica_ph63,anionic,21,3,alternative interface,A:49:,VAL,49,A,5,3,8.392556651376909,0.6,0.29919599999999996,0.48662,0.9745681038428873,A:48:;A:49:;A:50:;A:78:;A:80:,A:48:;A:50:;A:80:
hcaii_silica_ph63,anionic,22,3,alternative interface,A:57:,LEU,57,A,9,3,12.605764826529912,0.3333333333333333,0.5184377777777778,0.43021,0.9656855294778882,A:175:;A:176:;A:177:;A:178:;A:55:;A:57:;A:58:;A:69:;A:71:,A:177:;A:55:;A:58:
hcaii_silica_ph63,anionic,23,3,alternative interface,A:25:,GLY,25,A,7,2,12.576394291359644,0.2857142857142857,0.4620428571428571,0.27163,0.9740869922193928,A:21:;A:22:;A:23:;A:24:;A:25:;A:26:;A:27:,A:24:;A:27:
hcaii_silica_ph63,anionic,24,3,alternative interface,A:158:,GLN,158,A,6,2,12.83557259947193,0.3333333333333333,0.5450833333333334,0.26564,0.9650698719850389,A:154:;A:155:;A:156:;A:158:;A:159:;A:162:,A:154:;A:159:
hcaii_silica_ph63,anionic,25,3,alternative interface,A:242:,VAL,242,A,5,2,9.295411695845065,0.4,0.32179800000000003,0.25649,0.9721201426944296,A:227:;A:240:;A:242:;A:243:;A:99:,A:227:;A:99:
hcaii_silica_ph63,anionic,26,3,alternative interface,A:132:,GLY,132,A,6,1,10.6984249759615,0.16666666666666666,0.5328266666666667,0.17928,0.9768980688125353,A:130:;A:131:;A:132:;A:133:;A:135:;A:136:,A:133:
hcaii_silica_ph63,anionic,27,3,alternative interface,A:250:,PRO,250,A,5,1,11.985248923573224,0.2,0.32614,0.16355,0.9793413616527689,A:248:;A:249:;A:250:;A:251:;A:252:,A:252:
hcaii_silica_ph63,anionic,28,3,alternative interface,A:188:,SER,188,A,5,1,9.435920388342426,0.2,0.500406,0.15114,0.9720913654601276,A:187:;A:188:;A:189:;A:190:;A:214:,A:188:
hcaii_silica_ph63,anionic,29,3,alternative interface,A:53:,GLN,53,A,5,3,12.11248012696525,0.6,0.519458,0.14160999999999999,0.9695855566026821,A:50:;A:52:;A:53:;A:55:;A:76:,A:50:;A:55:;A:76:
hcaii_silica_ph63,anionic,30,4,alternative interface,A:149:,LYS,149,A,6,2,11.700652634703333,0.3333333333333333,0.32648666666666665,0.40329,0.9601303006032927,A:114:;A:149:;A:150:;A:151:;A:215:;A:217:,A:149:;A:217:
hcaii_silica_ph63,anionic,31,4,alternative interface,A:195:,PRO,195,A,5,3,14.39154293951881,0.6,0.246762,0.13941,0.9226635961832321,A:193:;A:195:;A:205:;A:208:;A:27:,A:193:;A:208:;A:27:
hcaii_silica_ph63,anionic,32,4,alternative interface,A:200:,THR,200,A,3,1,7.233455544792194,0.3333333333333333,0.3241233333333333,0.13126,0.9672207279341408,A:198:;A:200:;A:202:,A:200:
hcaii_silica_ph63,anionic,33,5,alternative interface,A:213:,LYS,213,A,6,1,12.869223338785316,0.16666666666666666,0.31109,0.18467,0.9390389005475319,A:189:;A:190:;A:192:;A:213:;A:214:;A:215:,A:213:
hcaii_silica_ph63,anionic,34,5,alternative interface,A:64:,HIS,64,A,4,1,11.481630527903212,0.25,0.26572999999999997,0.10176,0.955851446363534,A:231:;A:62:;A:64:;A:6:,A:64:
hcaii_silica_ph63,anionic,35,6,alternative interface,A:67:,ASN,67,A,6,1,12.476918792198635,0.16666666666666666,0.23050666666666664,0.05284,0.9234902896658578,A:60:;A:62:;A:67:;A:69:;A:92:;A:94:,A:94:
hcaii_silica_ph83,anionic,1,1,primary plausible interface,A:219:,SER,219,A,9,5,11.81110879470507,0.5555555555555556,0.47898444444444443,0.78078,0.9715134024792584,A:150:;A:151:;A:152:;A:153:;A:154:;A:217:;A:219:;A:220:;A:221:,A:152:;A:154:;A:217:;A:219:;A:220:
hcaii_silica_ph83,anionic,2,1,primary plausible interface,A:172:,LYS,172,A,10,6,13.294450240746974,0.6,0.372824,0.69178,0.9655416440480616,A:166:;A:168:;A:169:;A:170:;A:171:;A:172:;A:173:;A:174:;A:60:;A:62:,A:166:;A:168:;A:169:;A:170:;A:172:;A:173:
hcaii_silica_ph83,anionic,3,1,primary plausible interface,A:110:,ASP,110,A,8,4,11.123761636427064,0.5,0.393335,0.65069,0.9758284893381932,A:108:;A:109:;A:110:;A:111:;A:112:;A:32:;A:34:;A:35:,A:108:;A:111:;A:112:;A:35:
hcaii_silica_ph83,anionic,4,1,primary plausible interface,A:258:,ALA,258,A,11,5,13.614861287656602,0.45454545454545453,0.3174945454545454,0.57928,0.9787689219206603,A:190:;A:192:;A:193:;A:257:;A:258:;A:259:;A:260:;A:261:;A:39:;A:40:;A:41:,A:193:;A:257:;A:259:;A:261:;A:39:
hcaii_silica_ph83,anionic,5,1,primary plausible interface,A:81:,GLY,81,A,8,3,14.0679508487457,0.375,0.5911537499999999,0.57546,0.9598193365735852,A:45:;A:46:;A:48:;A:80:;A:81:;A:83:;A:85:;A:86:,A:45:;A:48:;A:80:
hcaii_silica_ph83,anionic,6,1,primary plausible interface,A:44:,LEU,44,A,8,3,11.433528019194064,0.375,0.4113675,0.5599799999999999,0.980651729727183,A:259:;A:41:;A:42:;A:43:;A:44:;A:45:;A:46:;A:83:,A:259:;A:43:;A:45:
hcaii_silica_ph83,anionic,7,1,primary plausible interface,A:225:,LYS,225,A,5,3,11.13452294137822,0.6,0.556608,0.5553,0.9772654812525489,A:221:;A:224:;A:225:;A:227:;A:228:,A:225:;A:227:;A:228:
hcaii_silica_ph83,anionic,8,1,primary plausible interface,A:37:,THR,37,A,5,4,10.057637722892133,0.8,0.612682,0.5103300000000001,0.986029287002811,A:34:;A:35:;A:36:;A:37:;A:39:,A:35:;A:36:;A:37:;A:39:
hcaii_silica_ph83,anionic,9,1,primary plausible interface,A:180:,ASP,180,A,6,2,14.016343110723467,0.3333333333333333,0.6293833333333333,0.27643,0.9493459342216557,A:178:;A:180:;A:182:;A:183:;A:52:;A:55:,A:182:;A:55:
hcaii_silica_ph83,anionic,10,2,alternative interface,A:113:,LYS,113,A,8,4,13.128821496767483,0.5,0.44514000000000004,0.57023,0.9532398782709661,A:102:;A:103:;A:108:;A:109:;A:111:;A:112:;A:113:;A:114:,A:108:;A:111:;A:112:;A:113:
hcaii_silica_ph83,anionic,11,2,alternative interface,A:87:,THR,87,A,8,5,13.085845969058449,0.625,0.446375,0.49282,0.9591825190015789,A:125:;A:127:;A:78:;A:80:;A:85:;A:86:;A:87:;A:89:,A:125:;A:127:;A:80:;A:87:;A:89:
hcaii_silica_ph83,anionic,12,2,alternative interface,A:49:,VAL,49,A,5,3,8.392556651376909,0.6,0.29919599999999996,0.48946,0.9745681038428873,A:48:;A:49:;A:50:;A:78:;A:80:,A:48:;A:50:;A:80:
hcaii_silica_ph83,anionic,13,2,alternative interface,A:165:,ASP,165,A,5,2,11.517599090241347,0.4,0.557516,0.47213,0.9767268284015665,A:162:;A:163:;A:165:;A:166:;A:168:,A:166:;A:168:
hcaii_silica_ph83,anionic,14,2,alternative interface,A:128:,TYR,128,A,7,3,10.378355690025046,0.42857142857142855,0.48187714285714284,0.41362000000000004,0.9798156876749103,A:125:;A:127:;A:128:;A:129:;A:130:;A:131:;A:133:,A:125:;A:127:;A:133:
hcaii_silica_ph83,anionic,15,2,alternative interface,A:23:,ALA,23,A,7,2,9.86238656502899,0.2857142857142857,0.4145285714285714,0.36109,0.9822938350235628,A:17:;A:20:;A:21:;A:22:;A:23:;A:24:;A:25:,A:17:;A:24:
hcaii_silica_ph83,anionic,16,2,alternative interface,A:233:,GLY,233,A,9,2,12.37906635983168,0.2222222222222222,0.47380777777777777,0.33094,0.9849793502254297,A:169:;A:170:;A:171:;A:230:;A:231:;A:233:;A:234:;A:235:;A:236:,A:169:;A:170:
hcaii_silica_ph83,anionic,17,2,alternative interface,A:74:,GLN,74,A,6,2,9.293219230538739,0.3333333333333333,0.47066333333333327,0.32187,0.9817095656588212,A:71:;A:72:;A:73:;A:74:;A:75:;A:76:,A:73:;A:76:
hcaii_silica_ph83,anionic,18,2,alternative interface,A:185:,LEU,185,A,4,1,10.386151682772436,0.25,0.58914,0.24431,0.9666308170203057,A:182:;A:183:;A:185:;A:187:,A:182:
hcaii_silica_ph83,anionic,19,2,alternative interface,A:11:,ASN,11,A,11,5,13.438216693870062,0.45454545454545453,0.5591436363636364,0.24155000000000001,0.9688168505495954,A:10:;A:11:;A:13:;A:14:;A:15:;A:3:;A:4:;A:5:;A:6:;A:8:;A:9:,A:10:;A:15:;A:3:;A:4:;A:9:
hcaii_silica_ph83,anionic,20,2,alternative interface,A:132:,GLY,132,A,6,1,10.6984249759615,0.16666666666666666,0.5328266666666667,0.17898,0.9768980688125353,A:130:;A:131:;A:132:;A:133:;A:135:;A:136:,A:133:
hcaii_silica_ph83,anionic,21,2,alternative interface,A:18:,LYS,18,A,6,3,10.031637256711026,0.5,0.5143833333333333,0.17589,0.9846200010080781,A:15:;A:17:;A:18:;A:19:;A:20:;A:21:,A:15:;A:17:;A:18:
hcaii_silica_ph83,anionic,22,2,alternative interface,A:253:,ASN,253,A,5,1,12.435743864091732,0.2,0.604138,0.16369,0.9750704444284792,A:251:;A:252:;A:253:;A:255:;A:26:,A:252:
hcaii_silica_ph83,anionic,23,2,alternative interface,A:53:,GLN,53,A,5,3,12.11248012696525,0.6,0.519458,0.14156000000000002,0.9695855566026821,A:50:;A:52:;A:53:;A:55:;A:76:,A:50:;A:55:;A:76:
hcaii_silica_ph83,anionic,24,2,alternative interface,A:100:,LEU,100,A,5,1,8.636601381863686,0.2,0.5818,0.10759,0.9799137997124686,A:100:;A:101:;A:102:;A:103:;A:99:,A:99:
hcaii_silica_ph83,anionic,25,3,alternative interface,A:57:,LEU,57,A,9,3,12.605764826529912,0.3333333333333333,0.5184377777777778,0.43218,0.9656855294778882,A:175:;A:176:;A:177:;A:178:;A:55:;A:57:;A:58:;A:69:;A:71:,A:177:;A:55:;A:58:
hcaii_silica_ph83,anionic,26,3,alternative interface,A:158:,GLN,158,A,6,2,12.83557259947193,0.3333333333333333,0.5450833333333334,0.2652,0.9650698719850389,A:154:;A:155:;A:156:;A:158:;A:159:;A:162:,A:154:;A:159:
hcaii_silica_ph83,anionic,27,3,alternative interface,A:242:,VAL,242,A,5,2,9.295411695845065,0.4,0.32179800000000003,0.25798,0.9721201426944296,A:227:;A:240:;A:242:;A:243:;A:99:,A:227:;A:99:
hcaii_silica_ph83,anionic,28,3,alternative interface,A:250:,PRO,250,A,5,1,11.985248923573224,0.2,0.32614,0.16369,0.9793413616527689,A:248:;A:249:;A:250:;A:251:;A:252:,A:252:
hcaii_silica_ph83,anionic,29,3,alternative interface,A:188:,SER,188,A,5,1,9.435920388342426,0.2,0.500406,0.15202,0.9720913654601276,A:187:;A:188:;A:189:;A:190:;A:214:,A:188:
hcaii_silica_ph83,anionic,30,3,alternative interface,A:195:,PRO,195,A,5,3,14.39154293951881,0.6,0.246762,0.14022,0.9226635961832321,A:193:;A:195:;A:205:;A:208:;A:27:,A:193:;A:208:;A:27:
hcaii_silica_ph83,anionic,31,3,alternative interface,A:200:,THR,200,A,3,1,7.233455544792194,0.3333333333333333,0.3241233333333333,0.07676999999999999,0.9672207279341408,A:198:;A:200:;A:202:,A:200:
hcaii_silica_ph83,anionic,32,4,alternative interface,A:149:,LYS,149,A,6,2,11.700652634703333,0.3333333333333333,0.32648666666666665,0.40402,0.9601303006032927,A:114:;A:149:;A:150:;A:151:;A:215:;A:217:,A:149:;A:217:
hcaii_silica_ph83,anionic,33,5,alternative interface,A:213:,LYS,213,A,6,1,12.869223338785316,0.16666666666666666,0.31109,0.18459,0.9390389005475319,A:189:;A:190:;A:192:;A:213:;A:214:;A:215:,A:213:
hcaii_silica_ph83,anionic,34,5,alternative interface,A:64:,HIS,64,A,4,1,11.481630527903212,0.25,0.26572999999999997,0.0026,0.955851446363534,A:231:;A:62:;A:64:;A:6:,A:64:
hcaii_silica_ph83,anionic,35,6,alternative interface,A:67:,ASN,67,A,6,1,12.476918792198635,0.16666666666666666,0.23050666666666664,0.00135,0.9234902896658578,A:60:;A:62:;A:67:;A:69:;A:92:;A:94:,A:94:
ubiquitin_citrate_au,anionic,1,1,primary plausible interface,A:55:,THR,55,A,11,5,13.659352407112962,0.45454545454545453,0.4954363636363637,0.75995,0.8901933646872635,A:19:;A:20:;A:21:;A:22:;A:52:;A:53:;A:54:;A:55:;A:57:;A:58:;A:59:,A:20:;A:22:;A:54:;A:55:;A:57:
ubiquitin_citrate_au,anionic,2,1,primary plausible interface,A:7:,THR,7,A,9,6,12.312174234643441,0.6666666666666666,0.55388,0.7336400000000001,0.9155674811557055,A:10:;A:11:;A:12:;A:68:;A:6:;A:70:;A:7:;A:8:;A:9:,A:11:;A:12:;A:68:;A:6:;A:7:;A:9:
ubiquitin_citrate_au,anionic,3,1,primary plausible interface,A:73:,LEU,73,A,7,2,13.359792407473307,0.2857142857142857,0.6211471428571428,0.37305,0.9872908666627592,A:40:;A:71:;A:72:;A:73:;A:74:;A:75:;A:76:,A:72:;A:74:
ubiquitin_citrate_au,anionic,4,1,primary plausible interface,A:65:,SER,65,A,7,3,11.007812980618457,0.42857142857142855,0.50408,0.35205,0.9282147875465802,A:2:;A:4:;A:62:;A:63:;A:64:;A:65:;A:66:,A:63:;A:65:;A:66:
ubiquitin_citrate_au,anionic,5,1,primary plausible interface,A:51:,GLU,51,A,6,1,12.785970277933112,0.16666666666666666,0.7093716666666666,0.21375,0.8804461556445288,A:24:;A:49:;A:51:;A:52:;A:53:;A:54:,A:54:
ubiquitin_citrate_au,anionic,6,2,alternative interface,A:18:,GLU,18,A,6,1,12.031368067587069,0.16666666666666666,0.5584133333333333,0.29621,0.9190915172491785,A:16:;A:18:;A:19:;A:1:;A:20:;A:21:,A:20:
ubiquitin_citrate_au,anionic,7,2,alternative interface,A:31:,GLN,31,A,11,3,11.80140164934523,0.2727272727272727,0.44514363636363646,0.26804,0.8932725173054658,A:27:;A:28:;A:29:;A:31:;A:32:;A:33:;A:34:;A:35:;A:36:;A:37:;A:38:,A:27:;A:29:;A:33:
ubiquitin_citrate_au,anionic,8,2,alternative interface,A:44:,ILE,44,A,9,3,13.944856988299806,0.3333333333333333,0.45225000000000004,0.21454,0.8421453125473521,A:42:;A:44:;A:45:;A:46:;A:47:;A:48:;A:49:;A:68:;A:70:,A:42:;A:48:;A:68:
ubiquitin_citrate_au,anionic,9,2,alternative interface,A:25:,ASN,25,A,7,3,10.933721470668235,0.42857142857142855,0.44371857142857135,0.20437999999999998,0.8626942239712804,A:21:;A:22:;A:24:;A:25:;A:27:;A:28:;A:29:,A:22:;A:27:;A:29:
ubiquitin_citrate_au,anionic,10,2,alternative interface,A:14:,THR,14,A,5,2,13.412442898134303,0.4,0.547398,0.19109,0.8844202509543376,A:12:;A:14:;A:16:;A:2:;A:4:,A:12:;A:14:
ubiquitin_citrate_au,anionic,11,2,alternative interface,A:60:,ASN,60,A,5,1,10.725921612116151,0.2,0.59887,0.15686999999999998,0.9526167560799931,A:57:;A:58:;A:59:;A:60:;A:62:,A:57:
b2m_mpa_au,anionic,1,1,primary plausible interface,A:17:,ASN,17,A,10,4,12.42507264399959,0.4,0.584497,0.81951,0.972165506193017,A:15:;A:16:;A:17:;A:18:;A:19:;A:20:;A:71:;A:72:;A:73:;A:74:,A:19:;A:20:;A:71:;A:73:
b2m_mpa_au,anionic,2,1,primary plausible interface,A:3:,ARG,3,A,8,4,12.491567769216088,0.5,0.5419475,0.6989799999999999,0.9607392397442989,A:1:;A:29:;A:2:;A:31:;A:32:;A:3:;A:4:;A:86:,A:31:;A:3:;A:4:;A:86:
b2m_mpa_au,anionic,3,1,primary plausible interface,A:56:,PHE,56,A,11,4,14.072136624809248,0.36363636363636365,0.4807390909090909,0.6672899999999999,0.9744117630582962,A:54:;A:55:;A:56:;A:57:;A:58:;A:59:;A:60:;A:61:;A:62:;A:63:;A:64:,A:55:;A:57:;A:58:;A:61:
b2m_mpa_au,anionic,4,1,primary plausible interface,A:43:,GLY,43,A,6,2,8.801001994235827,0.3333333333333333,0.515185,0.056740000000000006,0.976892368054336,A:40:;A:41:;A:42:;A:43:;A:44:;A:45:,A:41:;A:45:
b2m_mpa_au,anionic,5,2,alternative interface,A:76:,ASP,76,A,9,3,12.472484006761913,0.3333333333333333,0.5163277777777777,0.57534,0.9699856092241625,A:41:;A:42:;A:72:;A:73:;A:74:;A:75:;A:76:;A:77:;A:78:,A:41:;A:73:;A:75:
b2m_mpa_au,anionic,6,2,alternative interface,A:87:,LEU,87,A,9,4,12.614281047564699,0.4444444444444444,0.5262688888888889,0.5047999999999999,0.9405288652176459,A:4:;A:83:;A:85:;A:86:;A:87:;A:88:;A:89:;A:90:;A:91:,A:4:;A:86:;A:88:;A:91:
b2m_mpa_au,anionic,7,2,alternative interface,A:6:,LYS,6,A,6,3,12.98215461841806,0.5,0.4983033333333334,0.48079,0.9173581701402929,A:28:;A:29:;A:4:;A:6:;A:7:;A:8:,A:28:;A:4:;A:6:
b2m_mpa_au,anionic,8,2,alternative interface,A:99:,MET,99,A,5,1,9.2523190991398,0.2,0.56438,0.25156,0.9705043531274338,A:14:;A:15:;A:97:;A:98:;A:99:,A:97:
b2m_mpa_au,anionic,9,2,alternative interface,A:33:,SER,33,A,5,2,10.02796321702053,0.4,0.550768,0.24075,0.9676765363360784,A:31:;A:32:;A:33:;A:34:;A:62:,A:31:;A:33:
b2m_mpa_au,anionic,10,3,alternative interface,A:93:,VAL,93,A,7,3,11.841818044960943,0.42857142857142855,0.38107857142857143,0.48097999999999996,0.859245561891602,A:79:;A:81:;A:91:;A:92:;A:93:;A:94:;A:95:,A:81:;A:91:;A:94:
b2m_mpa_au,anionic,11,3,alternative interface,A:11:,SER,11,A,11,4,12.713461041066198,0.36363636363636365,0.4782481818181818,0.46674,0.9169823747058605,A:10:;A:11:;A:12:;A:13:;A:14:;A:15:;A:22:;A:24:;A:96:;A:97:;A:98:,A:11:;A:12:;A:13:;A:97:
b2m_mpa_au,anionic,12,3,alternative interface,A:50:,GLU,50,A,7,3,13.866649668893997,0.42857142857142855,0.4941885714285714,0.07164,0.9120497526158852,A:48:;A:49:;A:50:;A:51:;A:52:;A:66:;A:67:,A:48:;A:51:;A:52:
b2m_mpa_au,anionic,13,4,alternative interface,A:46:,ILE,46,A,9,3,13.232951067592243,0.3333333333333333,0.4511344444444445,0.42383000000000004,0.8908261841547332,A:38:;A:40:;A:41:;A:44:;A:45:;A:46:;A:47:;A:48:;A:49:,A:41:;A:45:;A:48:
b2m_mpa_au,anionic,14,5,alternative interface,A:65:,LEU,65,A,11,2,14.927605429903236,0.18181818181818182,0.342,0.35345999999999994,0.828608630151992,A:24:;A:26:;A:51:;A:52:;A:53:;A:54:;A:63:;A:64:;A:65:;A:66:;A:67:,A:51:;A:52:
asparaginase_alumoh,cationic,1,1,primary plausible interface,A:320:,GLN,320,A,7,5,12.330156980402002,0.7142857142857143,0.50026,0.81242,0.9943641900217032,A:316:;A:317:;A:318:;A:320:;A:321:;A:322:;A:324:,A:317:;A:318:;A:320:;A:321:;A:324:
asparaginase_alumoh,cationic,2,1,primary plausible interface,B:320:,GLN,320,B,7,5,12.166044355122077,0.7142857142857143,0.5119357142857143,0.78509,0.9944479258089971,B:316:;B:317:;B:318:;B:320:;B:321:;B:322:;B:324:,B:317:;B:318:;B:320:;B:321:;B:324:
asparaginase_alumoh,cationic,3,1,primary plausible interface,C:208:,LEU,208,C,6,4,12.083718672135833,0.6666666666666666,0.731995,0.72339,0.993132368298002,C:204:;C:206:;C:207:;C:208:;C:209:;C:210:,C:204:;C:206:;C:209:;C:210:
asparaginase_alumoh,cationic,4,1,primary plausible interface,C:22:,LYS,22,C,10,8,11.96857747503669,0.8,0.338482,0.7156199999999999,0.9866172513692806,C:120:;C:18:;C:19:;C:20:;C:21:;C:22:;C:23:;C:24:;C:25:;D:184:,C:120:;C:18:;C:19:;C:21:;C:23:;C:24:;C:25:;D:184:
asparaginase_alumoh,cationic,5,1,primary plausible interface,D:208:,LEU,208,D,5,3,10.737330248244362,0.6,0.741822,0.70647,0.9950145408296931,D:206:;D:207:;D:208:;D:209:;D:210:,D:206:;D:209:;D:210:
asparaginase_alumoh,cationic,6,1,primary plausible interface,A:315:,ASP,315,A,6,4,9.626719777054378,0.6666666666666666,0.5797333333333333,0.58287,0.9948617333044645,A:313:;A:314:;A:315:;A:316:;A:317:;A:318:,A:313:;A:315:;A:317:;A:318:
asparaginase_alumoh,cationic,7,1,primary plausible interface,A:282:,ALA,282,A,10,9,13.202751482341393,0.9,0.304755,0.56745,0.9849557277800168,A:246:;A:279:;A:280:;A:281:;A:282:;A:283:;A:285:;C:23:;C:24:;C:25:,A:246:;A:279:;A:280:;A:281:;A:283:;A:285:;C:23:;C:24:;C:25:
asparaginase_alumoh,cationic,8,1,primary plausible interface,D:62:,ASN,62,D,6,5,10.898063045175927,0.8333333333333334,0.39156166666666664,0.56086,0.9910100454239485,B:222:;D:60:;D:62:;D:63:;D:64:;D:65:,B:222:;D:60:;D:62:;D:63:;D:64:
asparaginase_alumoh,cationic,9,1,primary plausible interface,C:252:,THR,252,C,8,6,11.36759851948754,0.75,0.351325,0.55254,0.991404445216408,C:224:;C:225:;C:250:;C:251:;C:252:;C:254:;C:255:;C:256:,C:224:;C:225:;C:250:;C:252:;C:255:;C:256:
asparaginase_alumoh,cationic,10,1,primary plausible interface,C:282:,ALA,282,C,10,9,12.883353978744356,0.9,0.277502,0.48702,0.985005413678912,A:23:;A:24:;A:25:;C:246:;C:279:;C:280:;C:281:;C:282:;C:283:;C:285:,A:23:;A:24:;A:25:;C:246:;C:279:;C:280:;C:281:;C:283:;C:285:
asparaginase_alumoh,cationic,11,1,primary plausible interface,B:282:,ALA,282,B,10,9,13.068624300258625,0.9,0.26350799999999996,0.47844000000000003,0.9850499967315967,B:246:;B:279:;B:280:;B:281:;B:282:;B:283:;B:285:;D:23:;D:24:;D:25:,B:246:;B:279:;B:280:;B:281:;B:283:;B:285:;D:23:;D:24:;D:25:
asparaginase_alumoh,cationic,12,1,primary plausible interface,C:287:,ALA,287,C,6,3,8.79353668238624,0.5,0.50257,0.3496,0.9962437435472565,C:285:;C:286:;C:287:;C:288:;C:289:;C:290:,C:285:;C:286:;C:289:
asparaginase_alumoh,cationic,13,1,primary plausible interface,D:287:,ALA,287,D,6,3,8.690807874699825,0.5,0.5049750000000001,0.34649,0.9962997309001154,D:285:;D:286:;D:287:;D:288:;D:289:;D:290:,D:285:;D:286:;D:289:
asparaginase_alumoh,cationic,14,1,primary plausible interface,B:287:,ALA,287,B,6,3,8.606999005812076,0.5,0.49718333333333337,0.33673000000000003,0.9963349742260701,B:285:;B:286:;B:287:;B:288:;B:289:;B:290:,B:285:;B:286:;B:289:
asparaginase_alumoh,cationic,15,1,primary plausible interface,A:311:,THR,311,A,4,3,11.306847183926452,0.75,0.20813750000000003,0.17920000000000003,0.9920685312738982,A:212:;A:311:;A:312:;A:313:,A:311:;A:312:;A:313:
asparaginase_alumoh,cationic,16,1,primary plausible interface,D:312:,GLN,312,D,4,3,8.215422910060587,0.75,0.32748,0.15936999999999998,0.9955949615383815,D:311:;D:312:;D:313:;D:314:,D:311:;D:312:;D:313:
asparaginase_alumoh,cationic,17,1,primary plausible interface,B:312:,GLN,312,B,4,3,8.178289489928849,0.75,0.3513625,0.15834,0.9956105228547002,B:311:;B:312:;B:313:;B:314:,B:311:;B:312:;B:313:
asparaginase_alumoh,cationic,18,1,primary plausible interface,C:312:,GLN,312,C,4,3,8.118867935366174,0.75,0.28161,0.14808,0.9956547213863755,C:311:;C:312:;C:313:;C:314:,C:311:;C:312:;C:313:
asparaginase_alumoh,cationic,19,1,primary plausible interface,A:158:,ARG,158,A,3,2,10.927046049370889,0.6666666666666666,0.07150333333333332,0.026150000000000003,0.997348946373526,A:100:;A:158:;A:159:,A:100:;A:159:
asparaginase_alumoh,cationic,20,1,primary plausible interface,B:158:,ARG,158,B,3,2,10.949006398148441,0.6666666666666666,0.08252,0.024489999999999998,0.9976002978989755,B:100:;B:158:;B:159:,B:100:;B:159:
asparaginase_alumoh,cationic,21,1,primary plausible interface,B:218:,TYR,218,B,1,1,0.0,1.0,0.05576,0.01288,0.9999999999999999,B:218:,B:218:
asparaginase_alumoh,cationic,22,2,alternative interface,C:320:,GLN,320,C,7,5,12.259856956089417,0.7142857142857143,0.4924214285714286,0.77377,0.9943372589309417,C:316:;C:317:;C:318:;C:320:;C:321:;C:322:;C:324:,C:317:;C:318:;C:320:;C:321:;C:324:
asparaginase_alumoh,cationic,23,2,alternative interface,D:320:,GLN,320,D,7,5,12.218711451863099,0.7142857142857143,0.5109928571428571,0.7682800000000001,0.9943909180105021,D:316:;D:317:;D:318:;D:320:;D:321:;D:322:;D:324:,D:317:;D:318:;D:320:;D:321:;D:324:
asparaginase_alumoh,cationic,24,2,alternative interface,A:208:,LEU,208,A,5,3,10.68600837692765,0.6,0.7320059999999999,0.6982200000000001,0.9949268304489715,A:206:;A:207:;A:208:;A:209:;A:210:,A:206:;A:209:;A:210:
asparaginase_alumoh,cationic,25,2,alternative interface,B:208:,LEU,208,B,6,4,12.332945217881452,0.6666666666666666,0.6860516666666666,0.6754000000000001,0.9929175787701617,B:204:;B:206:;B:207:;B:208:;B:209:;B:210:,B:204:;B:206:;B:209:;B:210:
asparaginase_alumoh,cationic,26,2,alternative interface,B:315:,ASP,315,B,6,4,9.61005818182171,0.6666666666666666,0.5696016666666667,0.56662,0.9948554428593088,B:313:;B:314:;B:315:;B:316:;B:317:;B:318:,B:313:;B:315:;B:317:;B:318:
asparaginase_alumoh,cationic,27,2,alternative interface,C:62:,ASN,62,C,6,5,10.89400199144099,0.8333333333333334,0.3845066666666667,0.55841,0.9908462202902901,A:222:;C:60:;C:62:;C:63:;C:64:;C:65:,A:222:;C:60:;C:62:;C:63:;C:64:
asparaginase_alumoh,cationic,28,2,alternative interface,B:62:,ASN,62,B,6,5,10.898829759119002,0.8333333333333334,0.3868666666666667,0.5568,0.9909590664806125,B:60:;B:62:;B:63:;B:64:;B:65:;D:222:,B:60:;B:62:;B:63:;B:64:;D:222:
asparaginase_alumoh,cationic,29,2,alternative interface,A:62:,ASN,62,A,6,5,10.973401562802964,0.8333333333333334,0.37043166666666666,0.53883,0.9909679912564606,A:60:;A:62:;A:63:;A:64:;A:65:;C:222:,A:60:;A:62:;A:63:;A:64:;C:222:
asparaginase_alumoh,cationic,30,2,alternative interface,A:286:,ASP,286,A,7,4,12.29115945165222,0.5714285714285714,0.5208371428571429,0.37459000000000003,0.9949940861271818,A:280:;A:285:;A:286:;A:287:;A:288:;A:289:;A:290:,A:280:;A:285:;A:286:;A:289:
asparaginase_alumoh,cationic,31,2,alternative interface,D:281:,ASP,281,D,9,8,14.459610574344758,0.8888888888888888,0.26971333333333336,0.37145000000000006,0.9837503243216085,A:184:;B:23:;B:24:;D:279:;D:280:;D:281:;D:282:;D:283:;D:285:,A:184:;B:23:;B:24:;D:279:;D:280:;D:281:;D:283:;D:285:
asparaginase_alumoh,cationic,32,2,alternative interface,A:200:,ASP,200,A,5,2,9.838096263184578,0.4,0.40442,0.25517,0.9954783422808086,A:196:;A:197:;A:199:;A:200:;A:202:,A:199:;A:200:
asparaginase_alumoh,cationic,33,2,alternative interface,A:213:,LYS,213,A,4,2,7.756093596650499,0.5,0.37180250000000004,0.21664999999999998,0.9960267455969926,A:212:;A:213:;A:236:;A:237:,A:236:;A:237:
asparaginase_alumoh,cationic,34,3,alternative interface,B:25:,TYR,25,B,10,7,12.582108356781266,0.7,0.27556600000000003,0.68128,0.9844280726893136,B:117:;B:12:;B:16:;B:18:;B:23:;B:24:;B:25:;B:26:;D:282:;D:283:,B:12:;B:18:;B:23:;B:24:;B:25:;B:26:;D:283:
asparaginase_alumoh,cationic,35,3,alternative interface,A:33:,GLU,33,A,7,3,10.65798682633252,0.42857142857142855,0.42458999999999997,0.67917,0.9926181322296754,A:31:;A:33:;A:34:;A:35:;A:36:;A:37:;A:50:,A:33:;A:34:;A:37:
asparaginase_alumoh,cationic,36,3,alternative interface,C:258:,ALA,258,C,8,4,12.888543622666848,0.5,0.4626825,0.65551,0.9905176890382824,C:254:;C:255:;C:256:;C:258:;C:259:;C:262:;C:289:;C:290:,C:255:;C:256:;C:259:;C:289:
asparaginase_alumoh,cationic,37,3,alternative interface,A:258:,ALA,258,A,8,4,13.080859923802612,0.5,0.48871999999999993,0.6470199999999999,0.9905128167905752,A:254:;A:255:;A:256:;A:258:;A:259:;A:262:;A:289:;A:290:,A:255:;A:256:;A:259:;A:289:
asparaginase_alumoh,cationic,38,3,alternative interface,A:77:,CYS,77,A,8,5,13.14027032607035,0.625,0.475535,0.63525,0.9925740005184234,A:107:;A:74:;A:75:;A:76:;A:77:;A:78:;A:79:;A:81:,A:74:;A:75:;A:76:;A:78:;A:81:
asparaginase_alumoh,cationic,39,3,alternative interface,B:77:,CYS,77,B,8,5,13.15346319245731,0.625,0.47606125,0.63149,0.9925050804022229,B:107:;B:74:;B:75:;B:76:;B:77:;B:78:;B:79:;B:81:,B:74:;B:75:;B:76:;B:78:;B:81:
asparaginase_alumoh,cationic,40,3,alternative interface,C:77:,CYS,77,C,8,5,13.229948373307618,0.625,0.47650624999999996,0.63013,0.9923667416965806,C:107:;C:74:;C:75:;C:76:;C:77:;C:78:;C:79:;C:81:,C:74:;C:75:;C:76:;C:78:;C:81:
asparaginase_alumoh,cationic,41,3,alternative interface,D:77:,CYS,77,D,8,5,13.088591163101963,0.625,0.462665,0.58979,0.9926219128158,D:107:;D:74:;D:75:;D:76:;D:77:;D:78:;D:79:;D:81:,D:74:;D:75:;D:76:;D:78:;D:81:
asparaginase_alumoh,cationic,42,3,alternative interface,A:252:,THR,252,A,7,5,10.14855115934407,0.7142857142857143,0.41156428571428577,0.55711,0.9937031226282252,A:225:;A:250:;A:251:;A:252:;A:254:;A:255:;A:256:,A:225:;A:250:;A:252:;A:255:;A:256:
asparaginase_alumoh,cationic,43,3,alternative interface,D:315:,ASP,315,D,6,4,9.658455693436672,0.6666666666666666,0.5478266666666666,0.55237,0.9947418630128994,D:313:;D:314:;D:315:;D:316:;D:317:;D:318:,D:313:;D:315:;D:317:;D:318:
asparaginase_alumoh,cationic,44,3,alternative interface,C:315:,ASP,315,C,6,4,9.569437537220765,0.6666666666666666,0.5108283333333333,0.53679,0.9948054902723956,C:313:;C:314:;C:315:;C:316:;C:317:;C:318:,C:313:;C:315:;C:317:;C:318:
asparaginase_alumoh,cationic,45,3,alternative interface,D:252:,THR,252,D,7,5,10.224577730550513,0.7142857142857143,0.4043128571428571,0.53476,0.9937276894007462,D:225:;D:250:;D:251:;D:252:;D:254:;D:255:;D:256:,D:225:;D:250:;D:252:;D:255:;D:256:
asparaginase_alumoh,cationic,46,3,alternative interface,B:252:,THR,252,B,7,5,9.955068813259064,0.7142857142857143,0.3616442857142857,0.48263,0.993950727849438,B:225:;B:250:;B:251:;B:252:;B:254:;B:255:;B:256:,B:225:;B:250:;B:252:;B:255:;B:256:
asparaginase_alumoh,cationic,47,3,alternative interface,D:43:,LYS,43,D,6,3,11.669840186373104,0.5,0.5702950000000001,0.41192999999999996,0.992216834311522,D:40:;D:41:;D:43:;D:44:;D:45:;D:47:,D:41:;D:44:;D:47:
asparaginase_alumoh,cationic,48,3,alternative interface,B:19:,SER,19,B,9,7,10.57855769991618,0.7777777777777778,0.36018555555555554,0.39327,0.9893970630460124,B:119:;B:120:;B:18:;B:19:;B:20:;B:21:;B:22:;B:23:;B:24:,B:119:;B:120:;B:18:;B:19:;B:21:;B:23:;B:24:
asparaginase_alumoh,cationic,49,3,alternative interface,A:43:,LYS,43,A,6,3,11.46574498957631,0.5,0.5896883333333333,0.38744,0.9921483180019122,A:40:;A:41:;A:43:;A:44:;A:45:;A:47:,A:41:;A:44:;A:47:
asparaginase_alumoh,cationic,50,3,alternative interface,B:152:,ASP,152,B,7,6,12.983312703810373,0.8571428571428571,0.23157857142857144,0.30047999999999997,0.9604076782595987,A:167:;B:128:;B:151:;B:152:;B:153:;B:181:;B:183:,A:167:;B:128:;B:151:;B:152:;B:153:;B:181:
asparaginase_alumoh,cationic,51,3,alternative interface,C:152:,ASP,152,C,8,7,14.130661096472052,0.875,0.203835,0.29168,0.9637898923606724,C:128:;C:131:;C:151:;C:152:;C:153:;C:181:;C:183:;D:167:,C:128:;C:131:;C:151:;C:152:;C:153:;C:181:;D:167:
asparaginase_alumoh,cationic,52,3,alternative interface,A:204:,ASP,204,A,4,2,13.3526371182133,0.5,0.5944075,0.29148,0.9924347698732989,A:202:;A:204:;A:206:;A:207:,A:204:;A:206:
asparaginase_alumoh,cationic,53,3,alternative interface,B:264:,GLY,264,B,6,2,11.630586546863315,0.3333333333333333,0.5523300000000001,0.28719,0.9945996129867423,B:262:;B:263:;B:264:;B:265:;B:266:;B:314:,B:263:;B:265:
asparaginase_alumoh,cationic,54,3,alternative interface,B:213:,LYS,213,B,4,2,7.787385642607084,0.5,0.3550325,0.20571,0.9959554165368347,B:212:;B:213:;B:236:;B:237:,B:236:;B:237:
asparaginase_alumoh,cationic,55,3,alternative interface,D:213:,LYS,213,D,4,2,7.709285012956698,0.5,0.34638749999999996,0.1875,0.9960008989274808,D:212:;D:213:;D:236:;D:237:,D:236:;D:237:
asparaginase_alumoh,cationic,56,3,alternative interface,C:89:,THR,89,C,4,3,9.657184038946419,0.75,0.08901,0.054450000000000005,0.9898875800023191,C:12:;C:88:;C:89:;C:90:,C:12:;C:89:;C:90:
asparaginase_alumoh,cationic,57,3,alternative interface,A:89:,THR,89,A,4,3,9.397008874701458,0.75,0.080045,0.04903,0.9902225671287028,A:12:;A:88:;A:89:;A:90:,A:12:;A:89:;A:90:
asparaginase_alumoh,cationic,58,4,alternative interface,D:32:,VAL,32,D,10,4,12.784725601363213,0.4,0.39404500000000003,0.6558499999999999,0.9898142292766337,D:30:;D:31:;D:32:;D:33:;D:34:;D:35:;D:36:;D:50:;D:51:;D:52:,D:33:;D:34:;D:51:;D:52:
asparaginase_alumoh,cationic,59,4,alternative interface,A:17:,GLY,17,A,12,7,13.453314428877595,0.5833333333333334,0.3798108333333334,0.61385,0.986503169120423,A:117:;A:119:;A:16:;A:17:;A:18:;A:19:;A:20:;A:22:;A:23:;A:24:;A:25:;A:26:,A:119:;A:18:;A:19:;A:23:;A:24:;A:25:;A:26:
asparaginase_alumoh,cationic,60,4,alternative interface,B:258:,ALA,258,B,8,4,13.210608321233718,0.5,0.42953125000000003,0.56194,0.9901391764219377,B:254:;B:255:;B:256:;B:258:;B:259:;B:262:;B:289:;B:290:,B:255:;B:256:;B:259:;B:289:
asparaginase_alumoh,cationic,61,4,alternative interface,B:34:,ASN,34,B,9,3,11.749321643433248,0.3333333333333333,0.46836666666666665,0.5475800000000001,0.9918563125520653,B:30:;B:31:;B:32:;B:33:;B:34:;B:35:;B:36:;B:37:;B:38:,B:33:;B:34:;B:37:
asparaginase_alumoh,cationic,62,4,alternative interface,A:71:,LYS,71,A,6,4,10.419553145398913,0.6666666666666666,0.4394416666666667,0.53061,0.9931541775333267,A:206:;A:68:;A:71:;A:72:;A:74:;A:75:,A:206:;A:68:;A:74:;A:75:
asparaginase_alumoh,cationic,63,4,alternative interface,C:34:,ASN,34,C,8,3,11.527316057316352,0.375,0.50907875,0.5232800000000001,0.9917596818772554,C:30:;C:31:;C:33:;C:34:;C:35:;C:36:;C:37:;C:38:,C:33:;C:34:;C:37:
asparaginase_alumoh,cationic,64,4,alternative interface,D:71:,LYS,71,D,6,4,10.400849461974502,0.6666666666666666,0.43558,0.5164500000000001,0.9931938134354323,D:206:;D:68:;D:71:;D:72:;D:74:;D:75:,D:206:;D:68:;D:74:;D:75:
asparaginase_alumoh,cationic,65,4,alternative interface,A:38:,ALA,38,A,7,2,10.923981434325329,0.2857142857142857,0.45385000000000003,0.48914,0.9946640680461818,A:126:;A:34:;A:35:;A:36:;A:37:;A:38:;A:40:,A:34:;A:37:
asparaginase_alumoh,cationic,66,4,alternative interface,D:262:,LYS,262,D,8,4,11.320389885175162,0.5,0.51914375,0.48397,0.9923475379210991,D:258:;D:259:;D:262:;D:263:;D:264:;D:265:;D:289:;D:290:,D:259:;D:263:;D:265:;D:289:
asparaginase_alumoh,cationic,67,4,alternative interface,D:37:,ASN,37,D,7,3,11.171126526852042,0.42857142857142855,0.5221928571428571,0.43424999999999997,0.9938792532645992,D:33:;D:34:;D:35:;D:36:;D:37:;D:38:;D:40:,D:33:;D:34:;D:37:
asparaginase_alumoh,cationic,68,4,alternative interface,D:22:,LYS,22,D,10,7,14.818482663282078,0.7,0.312236,0.42843000000000003,0.9851173932837164,C:184:;C:185:;D:120:;D:18:;D:19:;D:20:;D:21:;D:22:;D:23:;D:24:,C:184:;D:120:;D:18:;D:19:;D:21:;D:23:;D:24:
asparaginase_alumoh,cationic,69,4,alternative interface,A:164:,ASN,164,A,7,5,12.195373817095742,0.7142857142857143,0.2740157142857143,0.37431,0.936833226527349,A:163:;A:164:;A:166:;A:167:;C:274:;C:275:;C:276:,A:163:;A:164:;A:166:;A:167:;C:275:
asparaginase_alumoh,cationic,70,4,alternative interface,C:164:,ASN,164,C,7,5,12.225363752664071,0.7142857142857143,0.2622071428571429,0.36709,0.9370178333042534,A:274:;A:275:;A:276:;C:163:;C:164:;C:166:;C:167:,A:275:;C:163:;C:164:;C:166:;C:167:
asparaginase_alumoh,cationic,71,4,alternative interface,B:40:,PRO,40,B,7,3,13.851602433862706,0.42857142857142855,0.5330557142857144,0.34946,0.9892156595849568,B:36:;B:37:;B:38:;B:40:;B:41:;B:43:;B:44:,B:37:;B:41:;B:44:
asparaginase_alumoh,cationic,72,4,alternative interface,C:264:,GLY,264,C,6,3,12.51801612193226,0.5,0.549535,0.27027,0.9921458107400202,C:237:;C:262:;C:263:;C:264:;C:265:;C:314:,C:237:;C:263:;C:265:
asparaginase_alumoh,cationic,73,4,alternative interface,A:264:,GLY,264,A,6,2,12.075463174569197,0.3333333333333333,0.5402866666666667,0.26529,0.9944500750280233,A:262:;A:263:;A:264:;A:265:;A:266:;A:314:,A:263:;A:265:
asparaginase_alumoh,cationic,74,4,alternative interface,D:204:,ASP,204,D,4,2,13.49035744604292,0.5,0.57989,0.25598,0.9924049515736102,D:202:;D:204:;D:206:;D:207:,D:204:;D:206:
asparaginase_alumoh,cationic,75,4,alternative interface,C:188:,ASP,188,C,3,2,8.284513465785567,0.6666666666666666,0.44864,0.24850999999999998,0.9944919946705972,C:181:;C:186:;C:188:,C:181:;C:188:
asparaginase_alumoh,cationic,76,4,alternative interface,B:188:,ASP,188,B,3,2,8.087405904190415,0.6666666666666666,0.4703,0.24739,0.9945484652359895,B:181:;B:186:;B:188:,B:181:;B:188:
asparaginase_alumoh,cationic,77,4,alternative interface,A:151:,ASN,151,A,8,6,13.045402248795888,0.75,0.137455,0.16396,0.9470038236593257,A:124:;A:128:;A:151:;A:152:;A:153:;A:168:;B:167:;B:168:,A:124:;A:128:;A:151:;A:152:;A:153:;B:167:
asparaginase_alumoh,cationic,78,4,alternative interface,D:151:,ASN,151,D,7,6,13.075782066967495,0.8571428571428571,0.14638142857142858,0.14773999999999998,0.953295341396822,C:167:;D:124:;D:128:;D:151:;D:152:;D:153:;D:168:,C:167:;D:124:;D:128:;D:151:;D:152:;D:153:
asparaginase_alumoh,cationic,79,4,alternative interface,C:213:,LYS,213,C,4,2,7.7721012656438,0.5,0.3446975,0.14057,0.9959571694667552,C:212:;C:213:;C:236:;C:237:,C:236:;C:237:
asparaginase_alumoh,cationic,80,4,alternative interface,B:140:,ALA,140,B,5,2,11.364395574352322,0.4,0.586576,0.13172,0.9892891635948116,B:138:;B:139:;B:140:;B:142:;B:143:,B:138:;B:143:
asparaginase_alumoh,cationic,81,4,alternative interface,B:298:,ASN,298,B,4,3,13.340374977071374,0.75,0.1888825,0.08202999999999999,0.979008752092577,B:274:;B:275:;B:298:;B:300:,B:275:;B:298:;B:300:
asparaginase_alumoh,cationic,82,5,alternative interface,D:2:,PRO,2,D,7,3,12.51447684110569,0.42857142857142855,0.40737285714285715,0.48591999999999996,0.9929855635857197,D:137:;D:1:;D:2:;D:3:;D:45:;D:47:;D:81:,D:3:;D:47:;D:81:
asparaginase_alumoh,cationic,83,5,alternative interface,C:71:,LYS,71,C,6,4,10.371543365644316,0.6666666666666666,0.4373033333333334,0.47741999999999996,0.9931189849840056,C:206:;C:68:;C:71:;C:72:;C:74:;C:75:,C:206:;C:68:;C:74:;C:75:
asparaginase_alumoh,cationic,84,5,alternative interface,C:3:,ASN,3,C,8,4,12.998678816836954,0.5,0.44330875,0.47414,0.9904372999094058,C:137:;C:1:;C:2:;C:3:;C:47:;C:49:;C:5:;C:81:,C:3:;C:47:;C:5:;C:81:
asparaginase_alumoh,cationic,85,5,alternative interface,C:43:,LYS,43,C,7,3,11.50874057203589,0.42857142857142855,0.5183242857142857,0.38671,0.9902330856929141,C:36:;C:40:;C:41:;C:43:;C:44:;C:45:;C:47:,C:41:;C:44:;C:47:
asparaginase_alumoh,cationic,86,5,alternative interface,D:164:,ASN,164,D,7,5,12.214369272474421,0.7142857142857143,0.2739471428571429,0.36005000000000004,0.9361439924063186,B:274:;B:275:;B:276:;D:163:;D:164:;D:166:;D:167:,B:275:;D:163:;D:164:;D:166:;D:167:
asparaginase_alumoh,cationic,87,5,alternative interface,C:39:,VAL,39,C,9,3,12.109928592415411,0.3333333333333333,0.35529888888888883,0.35627000000000003,0.9933628794999488,C:126:;C:130:;C:35:;C:36:;C:37:;C:38:;C:39:;C:40:;C:41:,C:130:;C:37:;C:41:
asparaginase_alumoh,cationic,88,5,alternative interface,A:140:,ALA,140,A,4,1,7.703522537113241,0.25,0.531575,0.12883,0.9939820285684272,A:138:;A:139:;A:140:;A:142:,A:138:
asparaginase_alumoh,cationic,89,5,alternative interface,C:140:,ALA,140,C,4,1,7.754491410461284,0.25,0.52719,0.12426999999999999,0.9940310640462997,C:138:;C:139:;C:140:;C:142:,C:138:
asparaginase_alumoh,cationic,90,5,alternative interface,D:140:,ALA,140,D,4,1,7.46452706545789,0.25,0.5063124999999999,0.12053000000000001,0.9943214960223298,D:138:;D:139:;D:140:;D:142:,D:138:
asparaginase_alumoh,cationic,91,5,alternative interface,D:226:,LEU,226,D,7,1,9.644659155596518,0.14285714285714285,0.2514142857142857,0.10667,0.994349139512599,B:227:;B:230:;D:225:;D:226:;D:227:;D:229:;D:230:,D:225:
asparaginase_alumoh,cationic,92,5,alternative interface,D:100:,ASP,100,D,3,1,8.975225201315967,0.3333333333333333,0.10499666666666667,0.029089999999999998,0.9954466885429294,D:100:;D:158:;D:197:,D:100:
asparaginase_alumoh,cationic,93,6,alternative interface,A:3:,ASN,3,A,8,4,13.000986621480033,0.5,0.4306225,0.45732999999999996,0.9904280980662845,A:137:;A:1:;A:2:;A:3:;A:47:;A:49:;A:5:;A:81:,A:3:;A:47:;A:5:;A:81:
asparaginase_alumoh,cationic,94,6,alternative interface,C:119:,THR,119,C,9,5,13.034039446959182,0.5555555555555556,0.3084088888888889,0.42893000000000003,0.9883603339381771,C:118:;C:119:;C:120:;C:121:;C:123:;C:16:;C:18:;C:19:;C:20:,C:118:;C:119:;C:120:;C:18:;C:19:
asparaginase_alumoh,cationic,95,6,alternative interface,D:16:,GLY,16,D,11,6,13.51946781017636,0.5454545454545454,0.3311872727272727,0.42530999999999997,0.9865222219717462,D:117:;D:118:;D:119:;D:12:;D:16:;D:18:;D:25:;D:26:;D:27:;D:29:;D:30:,D:118:;D:119:;D:12:;D:18:;D:25:;D:26:
asparaginase_alumoh,cationic,96,6,alternative interface,B:71:,LYS,71,B,6,4,10.434274898813147,0.6666666666666666,0.42942166666666665,0.41104,0.9931170575722459,B:206:;B:68:;B:71:;B:72:;B:74:;B:75:,B:206:;B:68:;B:74:;B:75:
asparaginase_alumoh,cationic,97,6,alternative interface,A:226:,LEU,226,A,7,1,9.673900599591951,0.14285714285714285,0.2383542857142857,0.09606999999999999,0.9943023167677211,A:225:;A:226:;A:227:;A:229:;A:230:;C:227:;C:230:,A:225:
asparaginase_alumoh,cationic,98,6,alternative interface,B:226:,LEU,226,B,7,1,9.666132901979509,0.14285714285714285,0.2323014285714286,0.09125,0.9943148772585161,B:225:;B:226:;B:227:;B:229:;B:230:;D:227:;D:230:,B:225:
asparaginase_alumoh,cationic,99,6,alternative interface,C:100:,ASP,100,C,3,1,8.939318453601217,0.3333333333333333,0.09980333333333334,0.024239999999999998,0.9950838541325172,C:100:;C:158:;C:197:,C:100:
asparaginase_alumoh,cationic,100,7,alternative interface,B:3:,ASN,3,B,8,4,13.170997319803158,0.5,0.42156375,0.44055999999999995,0.9903994864220014,B:137:;B:1:;B:2:;B:3:;B:47:;B:49:;B:5:;B:81:,B:3:;B:47:;B:5:;B:81:
asparaginase_alumoh,cationic,101,7,alternative interface,D:325:,GLN,325,D,7,4,12.343023927153837,0.5714285714285714,0.3901228571428571,0.38114,0.9876117308162835,D:195:;D:196:;D:321:;D:322:;D:324:;D:325:;D:326:,D:321:;D:324:;D:325:;D:326:
asparaginase_alumoh,cationic,102,7,alternative interface,C:50:,GLY,50,C,7,4,11.350009374782266,0.5714285714285714,0.3273542857142857,0.37450000000000006,0.9918486602277937,C:33:;C:49:;C:50:;C:51:;C:52:;C:5:;C:8:,C:33:;C:51:;C:52:;C:5:
asparaginase_alumoh,cationic,103,7,alternative interface,D:199:,SER,199,D,5,3,9.79672405278503,0.6,0.375042,0.33665999999999996,0.9925804775335562,D:104:;D:106:;D:197:;D:199:;D:200:,D:106:;D:199:;D:200:
asparaginase_alumoh,cationic,104,7,alternative interface,B:232:,VAL,232,B,8,3,12.757756629457296,0.375,0.39726125,0.33561,0.9925075340577295,B:229:;B:230:;B:232:;B:233:;B:234:;B:235:;B:236:;B:265:,B:233:;B:236:;B:265:
asparaginase_alumoh,cationic,105,7,alternative interface,B:164:,ASN,164,B,8,5,13.750049487020354,0.625,0.22719250000000002,0.32972,0.9125845055451584,B:163:;B:164:;B:166:;B:167:;B:169:;D:274:;D:275:;D:276:,B:163:;B:164:;B:166:;B:167:;D:275:
asparaginase_alumoh,cationic,106,7,alternative interface,D:181:,TYR,181,D,6,4,14.203275050688235,0.6666666666666666,0.25723999999999997,0.29555,0.9628708653212101,D:152:;D:153:;D:178:;D:181:;D:183:;D:188:,D:152:;D:153:;D:181:;D:188:
asparaginase_alumoh,cationic,107,7,alternative interface,A:181:,TYR,181,A,6,4,14.315133166926827,0.6666666666666666,0.2747466666666667,0.28795000000000004,0.9624933447767474,A:152:;A:153:;A:178:;A:181:;A:183:;A:188:,A:152:;A:153:;A:181:;A:188:
asparaginase_alumoh,cationic,108,7,alternative interface,C:26:,THR,26,C,8,5,13.95768065946311,0.625,0.273815,0.23704999999999998,0.9863053913964024,A:283:;C:12:;C:16:;C:24:;C:25:;C:26:;C:27:;C:29:,A:283:;C:12:;C:24:;C:25:;C:26:
asparaginase_alumoh,cationic,109,7,alternative interface,C:226:,LEU,226,C,8,2,11.095584936682187,0.25,0.2044975,0.09849000000000001,0.9928527289915652,A:227:;A:230:;C:224:;C:225:;C:226:;C:227:;C:229:;C:230:,C:224:;C:225:
asparaginase_alumoh,cationic,110,7,alternative interface,A:298:,ASN,298,A,3,2,11.289732017178927,0.6666666666666666,0.13653,0.07524,0.9874058789508852,A:274:;A:298:;A:300:,A:298:;A:300:
asparaginase_alumoh,cationic,111,7,alternative interface,C:298:,ASN,298,C,3,2,11.350737604490766,0.6666666666666666,0.14319333333333334,0.07199,0.9869369220666048,C:274:;C:298:;C:300:,C:298:;C:300:
asparaginase_alumoh,cationic,112,7,alternative interface,D:49:,LYS,49,D,6,4,13.61260663168752,0.6666666666666666,0.41190499999999997,0.05334,0.9901539421678363,D:3:;D:47:;D:49:;D:50:;D:51:;D:5:,D:3:;D:47:;D:51:;D:5:
asparaginase_alumoh,cationic,113,7,alternative interface,D:266:,ALA,266,D,6,2,12.302337972667011,0.3333333333333333,0.41666000000000003,0.04352,0.9925741336114369,D:237:;D:264:;D:265:;D:266:;D:314:;D:316:,D:237:;D:265:
asparaginase_alumoh,cationic,114,8,alternative interface,B:144:,ARG,144,B,6,2,13.872616455108883,0.3333333333333333,0.32953166666666667,0.37477,0.9853053125469867,B:108:;B:142:;B:143:;B:144:;B:192:;B:193:,B:143:;B:192:
asparaginase_alumoh,cationic,115,8,alternative interface,A:144:,ARG,144,A,6,2,13.922876989820614,0.3333333333333333,0.31321166666666667,0.36889000000000005,0.9853838463943086,A:108:;A:142:;A:143:;A:144:;A:192:;A:193:,A:143:;A:192:
asparaginase_alumoh,cationic,116,8,alternative interface,D:144:,ARG,144,D,7,3,13.973401170386868,0.42857142857142855,0.3137471428571429,0.36406,0.9860602655749171,D:106:;D:108:;D:142:;D:143:;D:144:;D:192:;D:193:,D:106:;D:143:;D:192:
asparaginase_alumoh,cationic,117,8,alternative interface,C:144:,ARG,144,C,7,3,13.968614224841101,0.42857142857142855,0.30494999999999994,0.35658,0.9862976733765174,C:106:;C:108:;C:142:;C:143:;C:144:;C:192:;C:193:,C:106:;C:143:;C:192:
asparaginase_alumoh,cationic,118,8,alternative interface,C:199:,SER,199,C,6,3,14.559895155366355,0.5,0.3661733333333334,0.34526,0.9896711520804589,C:104:;C:106:;C:197:;C:199:;C:200:;C:202:,C:106:;C:199:;C:200:
asparaginase_alumoh,cationic,119,8,alternative interface,C:325:,GLN,325,C,7,4,12.38342888046465,0.5714285714285714,0.37199,0.33960999999999997,0.9875361548753857,C:195:;C:196:;C:321:;C:322:;C:324:;C:325:;C:326:,C:321:;C:324:;C:325:;C:326:
asparaginase_alumoh,cationic,120,8,alternative interface,C:232:,VAL,232,C,8,3,12.644959671708175,0.375,0.3866125,0.33374000000000004,0.9924946134369116,C:229:;C:230:;C:232:;C:233:;C:234:;C:235:;C:236:;C:265:,C:233:;C:236:;C:265:
asparaginase_alumoh,cationic,121,8,alternative interface,B:325:,GLN,325,B,7,4,12.401391426526176,0.5714285714285714,0.3608771428571429,0.32728999999999997,0.9875391882098672,B:195:;B:196:;B:321:;B:322:;B:324:;B:325:;B:326:,B:321:;B:324:;B:325:;B:326:
asparaginase_alumoh,cationic,122,8,alternative interface,B:197:,HIS,197,B,7,4,11.834224928840287,0.5714285714285714,0.29341000000000006,0.26529,0.9888178215187603,B:100:;B:195:;B:196:;B:197:;B:199:;B:200:;B:326:,B:100:;B:199:;B:200:;B:326:
asparaginase_alumoh,cationic,123,8,alternative interface,B:45:,ILE,45,B,9,3,14.221478131191791,0.3333333333333333,0.38676777777777777,0.23675000000000002,0.9899723273265524,B:134:;B:137:;B:1:;B:2:;B:41:;B:43:;B:44:;B:45:;B:47:,B:41:;B:44:;B:47:
asparaginase_alumoh,cationic,124,8,alternative interface,B:52:,GLN,52,B,7,3,10.967016126295455,0.42857142857142855,0.27364714285714287,0.19136,0.9916358520682818,B:31:;B:32:;B:51:;B:52:;B:54:;B:55:;B:8:,B:51:;B:52:;B:55:
asparaginase_alumoh,cationic,125,8,alternative interface,C:168:,VAL,168,C,6,4,13.043809276984534,0.6666666666666666,0.18517333333333333,0.11097,0.9626601084184925,C:116:;C:124:;C:151:;C:166:;C:167:;C:168:,C:124:;C:151:;C:166:;C:167:
asparaginase_alumoh,cationic,126,8,alternative interface,D:298:,ASN,298,D,3,2,11.332309936529214,0.6666666666666666,0.13516666666666668,0.07075999999999999,0.9873102128853175,D:274:;D:298:;D:300:,D:298:;D:300:
asparaginase_alumoh,cationic,127,8,alternative interface,D:246:,ASN,246,D,6,4,14.575403120981466,0.6666666666666666,0.18772666666666668,0.044509999999999994,0.9636776583283111,B:166:;B:90:;D:246:;D:277:;D:279:;D:282:,B:166:;B:90:;D:246:;D:279:
asparaginase_alumoh,cationic,128,8,alternative interface,D:295:,GLY,295,D,5,2,14.394313540378546,0.4,0.372128,0.03755,0.9890430253685665,D:276:;D:277:;D:279:;D:295:;D:324:,D:279:;D:324:
asparaginase_alumoh,cationic,129,9,alternative interface,B:106:,ASP,106,B,7,3,12.439578893480542,0.42857142857142855,0.3490028571428571,0.33576999999999996,0.9880590395613427,B:104:;B:106:;B:107:;B:108:;B:142:;B:143:;B:199:,B:106:;B:143:;B:199:
asparaginase_alumoh,cationic,130,9,alternative interface,A:325:,GLN,325,A,7,4,12.52096007562425,0.5714285714285714,0.3628657142857143,0.33435000000000004,0.9874864165992677,A:195:;A:196:;A:321:;A:322:;A:324:;A:325:;A:326:,A:321:;A:324:;A:325:;A:326:
asparaginase_alumoh,cationic,131,9,alternative interface,A:106:,ASP,106,A,7,3,12.577690682437552,0.42857142857142855,0.3459371428571429,0.33424,0.9880914715037643,A:104:;A:106:;A:107:;A:108:;A:142:;A:143:;A:199:,A:106:;A:143:;A:199:
asparaginase_alumoh,cationic,132,9,alternative interface,A:232:,VAL,232,A,8,3,12.859383556384985,0.375,0.38502749999999997,0.31129,0.9924401738929141,A:229:;A:230:;A:232:;A:233:;A:234:;A:235:;A:236:;A:265:,A:233:;A:236:;A:265:
asparaginase_alumoh,cationic,133,9,alternative interface,D:59:,GLN,59,D,8,4,14.552743889810413,0.5,0.24869249999999998,0.26914,0.9887951390675602,B:250:;B:251:;D:56:;D:57:;D:59:;D:60:;D:88:;D:90:,B:250:;D:59:;D:60:;D:90:
asparaginase_alumoh,cationic,134,9,alternative interface,B:59:,GLN,59,B,8,4,14.706474923662377,0.5,0.25213875,0.26593,0.9884576182023913,B:56:;B:57:;B:59:;B:60:;B:88:;B:90:;D:250:;D:251:,B:59:;B:60:;B:90:;D:250:
asparaginase_alumoh,cationic,135,9,alternative interface,C:59:,GLN,59,C,7,4,14.772314666274612,0.5714285714285714,0.23805,0.24739,0.9887060036217882,A:250:;A:251:;C:57:;C:59:;C:60:;C:88:;C:90:,A:250:;C:59:;C:60:;C:90:
asparaginase_alumoh,cationic,136,9,alternative interface,A:59:,GLN,59,A,7,4,14.711110333293,0.5714285714285714,0.21837142857142858,0.24159,0.9888123954754515,A:57:;A:59:;A:60:;A:88:;A:90:;C:250:;C:251:,A:59:;A:60:;A:90:;C:250:
asparaginase_alumoh,cationic,137,9,alternative interface,A:52:,GLN,52,A,7,3,12.923720586393824,0.42857142857142855,0.2357385714285714,0.21353999999999998,0.9893137424803775,A:31:;A:50:;A:51:;A:52:;A:53:;A:54:;A:55:,A:51:;A:52:;A:55:
asparaginase_alumoh,cationic,138,10,alternative interface,A:27:,ALA,27,A,11,4,13.669268896015,0.36363636363636365,0.21953818181818183,0.29469999999999996,0.982703684810835,A:117:;A:12:;A:16:;A:25:;A:26:;A:27:;A:29:;A:56:;A:57:;A:88:;C:283:,A:12:;A:25:;A:26:;C:283:
asparaginase_alumoh,cationic,139,10,alternative interface,D:232:,VAL,232,D,8,3,12.824093896805346,0.375,0.37446375,0.26375,0.9924251309395312,D:229:;D:230:;D:232:;D:233:;D:234:;D:235:;D:236:;D:265:,D:233:;D:236:;D:265:
asparaginase_alumoh,cationic,140,10,alternative interface,A:120:,SER,120,A,13,6,12.535946961654169,0.46153846153846156,0.21937923076923077,0.26300999999999997,0.9842846212890334,A:116:;A:117:;A:118:;A:119:;A:120:;A:121:;A:123:;A:16:;A:19:;A:20:;A:21:;A:22:;A:23:,A:118:;A:119:;A:120:;A:19:;A:21:;A:23:
asparaginase_alumoh,cationic,141,10,alternative interface,D:174:,VAL,174,D,8,4,13.868941241922979,0.5,0.19656875,0.11119,0.8943882205372384,D:159:;D:161:;D:172:;D:174:;D:175:;D:177:;D:274:;D:275:,D:159:;D:161:;D:175:;D:275:
asparaginase_alumoh,cationic,142,10,alternative interface,B:184:,ASN,184,B,8,4,11.819916069250596,0.5,0.33186125,0.09654,0.9843172705459932,A:21:;A:22:;A:23:;B:183:;B:184:;B:185:;B:186:;C:281:,A:21:;A:23:;B:184:;C:281:
asparaginase_alumoh,cationic,143,10,alternative interface,B:127:,PHE,127,B,7,3,10.375835171810639,0.42857142857142855,0.1442942857142857,0.09004,0.9877136405604658,A:121:;B:124:;B:125:;B:126:;B:127:;B:128:;B:130:,B:124:;B:128:;B:130:
asparaginase_alumoh,cationic,144,10,alternative interface,D:127:,PHE,127,D,7,3,10.26317015614012,0.42857142857142855,0.13844571428571426,0.07461000000000001,0.9880223637779714,C:121:;D:124:;D:125:;D:126:;D:127:;D:128:;D:130:,D:124:;D:128:;D:130:
asparaginase_alumoh,cationic,145,10,alternative interface,C:127:,PHE,127,C,9,5,13.319409951031004,0.5555555555555556,0.1476111111111111,0.06609,0.9813533538140804,C:124:;C:125:;C:126:;C:127:;C:128:;C:130:;C:131:;D:121:;D:21:,C:124:;C:128:;C:130:;C:131:;D:21:
asparaginase_alumoh,cationic,146,10,alternative interface,A:277:,ALA,277,A,7,4,12.152260914503175,0.5714285714285714,0.28604999999999997,0.03943,0.9766418190131939,A:246:;A:275:;A:276:;A:277:;A:279:;A:295:;C:166:,A:246:;A:275:;A:279:;C:166:
asparaginase_alumoh,cationic,147,10,alternative interface,D:186:,LYS,186,D,5,2,10.80044373387584,0.4,0.343316,0.034159999999999996,0.9863944401295008,D:183:;D:184:;D:185:;D:186:;D:188:,D:184:;D:188:
asparaginase_alumoh,cationic,148,10,alternative interface,C:277:,ALA,277,C,7,4,12.242078652862215,0.5714285714285714,0.3015757142857143,0.03379,0.9763130657679192,A:166:;C:246:;C:275:;C:276:;C:277:;C:279:;C:295:,A:166:;C:246:;C:275:;C:279:
asparaginase_alumoh,cationic,149,10,alternative interface,B:277:,ALA,277,B,7,4,12.080936515667428,0.5714285714285714,0.2972542857142857,0.028159999999999998,0.9763383723080824,B:246:;B:275:;B:276:;B:277:;B:279:;B:295:;D:166:,B:246:;B:275:;B:279:;D:166:
asparaginase_alumoh,cationic,150,10,alternative interface,A:186:,LYS,186,A,5,2,10.742486691863725,0.4,0.358412,0.02291,0.9864798911993434,A:183:;A:184:;A:185:;A:186:;A:188:,A:184:;A:188:
asparaginase_alumoh,cationic,151,11,alternative interface,B:118:,SER,118,B,11,5,13.836473195481032,0.45454545454545453,0.18004545454545454,0.24795,0.9841651960012697,B:116:;B:117:;B:118:;B:119:;B:120:;B:123:;B:124:;B:125:;B:126:;B:12:;B:16:,B:118:;B:119:;B:120:;B:124:;B:12:
asparaginase_alumoh,cationic,152,11,alternative interface,D:123:,ALA,123,D,11,4,14.199556332208436,0.36363636363636365,0.18006090909090908,0.19137,0.9800364709637481,C:123:;D:116:;D:117:;D:118:;D:119:;D:120:;D:121:;D:123:;D:124:;D:125:;D:126:,D:118:;D:119:;D:120:;D:124:
asparaginase_alumoh,cationic,153,11,alternative interface,C:54:,VAL,54,C,7,2,11.756753965028247,0.2857142857142857,0.19719714285714288,0.14068,0.9897891630495876,C:52:;C:53:;C:54:;C:55:;C:56:;C:65:;C:8:,C:52:;C:55:
asparaginase_alumoh,cationic,154,11,alternative interface,D:54:,VAL,54,D,6,2,11.633353620674878,0.3333333333333333,0.21993666666666667,0.12602,0.9902447214943395,D:52:;D:53:;D:54:;D:55:;D:56:;D:65:,D:52:;D:55:
asparaginase_alumoh,cationic,155,11,alternative interface,A:127:,PHE,127,A,7,3,10.417736604673308,0.42857142857142855,0.1343042857142857,0.06159,0.9876913096400395,A:124:;A:125:;A:126:;A:127:;A:128:;A:130:;B:121:,A:124:;A:128:;A:130:
asparaginase_alumoh,cationic,156,11,alternative interface,C:172:,LYS,172,C,7,3,13.869297580873287,0.42857142857142855,0.20617714285714286,0.04606,0.9007952434739861,C:159:;C:161:;C:163:;C:172:;C:174:;C:177:;C:178:,C:159:;C:161:;C:163:
asparaginase_alumoh,cationic,157,11,alternative interface,C:14:,ALA,14,C,8,2,12.386159205245052,0.25,0.28455874999999997,0.028530000000000003,0.9912927022671347,C:118:;C:12:;C:14:;C:16:;C:27:;C:29:;C:30:;C:31:,C:118:;C:12:
asparaginase_alumoh,cationic,158,11,alternative interface,C:134:,VAL,134,C,8,3,12.466612204051975,0.375,0.22431125000000002,0.01814,0.9840413467619172,C:130:;C:131:;C:134:;C:137:;C:138:;C:185:;C:186:;C:45:,C:130:;C:131:;C:138:
asparaginase_alumoh,cationic,159,12,alternative interface,B:172:,LYS,172,B,8,3,15.385436833849456,0.375,0.1798875,0.04418999999999999,0.862497491313685,B:159:;B:161:;B:163:;B:169:;B:172:;B:174:;B:177:;B:178:,B:159:;B:161:;B:163:
asparaginase_alumoh,cationic,160,12,alternative interface,A:172:,LYS,172,A,6,2,13.885033589336292,0.3333333333333333,0.21845000000000003,0.04376,0.8895628350560089,A:161:;A:163:;A:172:;A:174:;A:177:;A:178:,A:161:;A:163:
asparaginase_alumoh,cationic,161,12,alternative interface,C:175:,ASN,175,C,8,3,12.97465347395281,0.375,0.1658125,0.01942,0.8869696894489976,B:177:;B:178:;C:159:;C:174:;C:175:;C:177:;C:275:;C:276:,C:159:;C:175:;C:275:
asparaginase_alumoh,cationic,162,12,alternative interface,A:175:,ASN,175,A,8,3,13.014439639821521,0.375,0.14777875,0.01607,0.8896981096954162,A:159:;A:174:;A:175:;A:177:;A:275:;A:276:;D:177:;D:178:,A:159:;A:175:;A:275:
transferrin_ps,hydrophobic,1,1,primary plausible interface,C:75:,ASN,75,C,8,4,11.454580654084968,0.5,0.44372625,0.93876,0.9876565030207589,C:50:;C:53:;C:71:;C:72:;C:73:;C:74:;C:75:;C:76:,C:53:;C:72:;C:73:;C:74:
transferrin_ps,hydrophobic,2,1,primary plausible interface,C:216:,ASN,216,C,7,3,9.05878078412851,0.42857142857142855,0.57157,0.8268000000000001,0.9961074408132647,C:214:;C:215:;C:216:;C:217:;C:218:;C:219:;C:220:,C:214:;C:215:;C:218:
transferrin_ps,hydrophobic,3,1,primary plausible interface,E:333:,ASP,333,E,4,3,6.288707444782206,0.75,0.7332974999999999,0.8063899999999999,0.9969483635262439,E:332:;E:333:;E:334:;E:335:,E:332:;E:334:;E:335:
transferrin_ps,hydrophobic,4,1,primary plausible interface,C:236:,ASP,236,C,5,1,10.687136604893833,0.2,0.5104460000000001,0.1732,0.9974743955095545,C:234:;C:236:;C:237:;C:238:;C:239:,C:234:
transferrin_ps,hydrophobic,5,1,primary plausible interface,E:573:,ASN,573,E,5,1,8.420301562333828,0.2,0.472854,0.06265,0.9977678937159898,E:570:;E:571:;E:572:;E:573:;E:575:,E:571:
transferrin_ps,hydrophobic,6,1,primary plausible interface,C:60:,VAL,60,C,1,1,0.0,1.0,0.0529,0.021110000000000004,0.9999999999999999,C:60:,C:60:
transferrin_ps,hydrophobic,7,2,alternative interface,E:653:,ILE,653,E,10,4,12.642039893877175,0.4,0.528605,0.68963,0.9715965034412989,E:397:;E:645:;E:649:;E:650:;E:651:;E:653:;E:654:;E:655:;E:656:;E:657:,E:650:;E:653:;E:655:;E:656:
transferrin_ps,hydrophobic,8,2,alternative interface,E:502:,VAL,502,E,8,4,14.112273969457833,0.5,0.40508,0.6707299999999999,0.9855179352434194,E:489:;E:498:;E:499:;E:500:;E:501:;E:502:;E:504:;E:508:,E:498:;E:500:;E:502:;E:504:
transferrin_ps,hydrophobic,9,2,alternative interface,C:143:,ARG,143,C,9,4,12.042703430040143,0.4444444444444444,0.45297555555555546,0.61663,0.9893261665779968,C:136:;C:140:;C:141:;C:142:;C:143:;C:144:;C:145:;C:146:;C:148:,C:140:;C:142:;C:145:;C:146:
transferrin_ps,hydrophobic,10,2,alternative interface,E:601:,LEU,601,E,8,4,11.81670272309947,0.5,0.37384875,0.57818,0.9938347672749869,E:597:;E:599:;E:600:;E:601:;E:602:;E:603:;E:604:;E:605:,E:599:;E:601:;E:603:;E:605:
transferrin_ps,hydrophobic,11,2,alternative interface,E:363:,GLY,363,E,6,2,8.804154670987623,0.3333333333333333,0.5945950000000001,0.52164,0.9949607107667815,E:359:;E:360:;E:361:;E:363:;E:364:;E:365:,E:360:;E:365:
transferrin_ps,hydrophobic,12,2,alternative interface,E:357:,GLU,357,E,8,3,12.60678189048084,0.375,0.4482225,0.43459000000000003,0.9894780280022113,E:353:;E:354:;E:356:;E:357:;E:359:;E:360:;E:361:;E:616:,E:353:;E:360:;E:616:
transferrin_ps,hydrophobic,13,2,alternative interface,E:547:,TRP,547,E,8,4,12.643573671823637,0.5,0.45288125,0.42361,0.9935676173922872,E:519:;E:522:;E:545:;E:546:;E:547:;E:549:;E:550:;E:551:,E:522:;E:546:;E:547:;E:551:
transferrin_ps,hydrophobic,14,2,alternative interface,C:306:,PRO,306,C,5,3,11.180346897633367,0.6,0.489276,0.41441,0.9513209955126196,C:304:;C:306:;C:307:;C:308:;C:80:,C:306:;C:307:;C:80:
transferrin_ps,hydrophobic,15,2,alternative interface,E:608:,THR,608,E,6,3,12.563581145055206,0.5,0.5839383333333333,0.40574,0.9937439507011769,E:603:;E:604:;E:605:;E:607:;E:608:;E:610:,E:603:;E:605:;E:610:
transferrin_ps,hydrophobic,16,2,alternative interface,C:172:,GLN,172,C,5,3,9.89780670662303,0.6,0.4316,0.3715,0.9938358677872942,C:168:;C:169:;C:172:;C:173:;C:175:,C:168:;C:173:;C:175:
transferrin_ps,hydrophobic,17,2,alternative interface,E:611:,ASP,611,E,6,1,9.401154405017172,0.16666666666666666,0.6427483333333334,0.35218000000000005,0.9960632448928425,E:610:;E:611:;E:612:;E:613:;E:614:;E:615:,E:610:
transferrin_ps,hydrophobic,18,2,alternative interface,E:569:,SER,569,E,5,2,10.618345685028933,0.4,0.514984,0.33243,0.9965466487269892,E:567:;E:569:;E:570:;E:571:;E:572:,E:567:;E:571:
transferrin_ps,hydrophobic,19,2,alternative interface,E:336:,GLN,336,E,5,2,12.556205764283082,0.4,0.683442,0.3057,0.9904096466912075,E:334:;E:335:;E:336:;E:337:;E:338:,E:334:;E:335:
transferrin_ps,hydrophobic,20,2,alternative interface,C:303:,LEU,303,C,4,3,10.373774785414117,0.75,0.3192475,0.2873,0.9714700538044752,C:303:;C:304:;C:82:;C:84:,C:303:;C:82:;C:84:
transferrin_ps,hydrophobic,21,2,alternative interface,C:288:,PRO,288,C,4,1,8.489489379656012,0.25,0.55845,0.2316,0.9963056038948058,C:286:;C:288:;C:289:;C:290:,C:288:
transferrin_ps,hydrophobic,22,2,alternative interface,C:211:,PHE,211,C,7,3,11.97319173936245,0.42857142857142855,0.2965542857142857,0.2311,0.9960983954306495,C:208:;C:211:;C:212:;C:213:;C:214:;C:215:;C:220:,C:211:;C:214:;C:215:
transferrin_ps,hydrophobic,23,3,alternative interface,C:44:,SER,44,C,10,3,12.066743165087365,0.3,0.311583,0.53586,0.9903674550850989,C:11:;C:12:;C:179:;C:180:;C:42:;C:43:;C:44:;C:45:;C:46:;C:47:,C:11:;C:43:;C:46:
transferrin_ps,hydrophobic,24,3,alternative interface,E:591:,ALA,591,E,8,3,11.83620377717708,0.375,0.42287125000000003,0.50652,0.9822209523395374,E:405:;E:587:;E:588:;E:589:;E:590:;E:591:;E:592:;E:595:,E:405:;E:591:;E:592:
transferrin_ps,hydrophobic,25,3,alternative interface,C:254:,ARG,254,C,8,2,14.801044074573996,0.25,0.49873375,0.44676000000000005,0.9773406408942902,C:254:;C:255:;C:256:;C:257:;C:259:;C:53:;C:76:;C:78:,C:256:;C:53:
transferrin_ps,hydrophobic,26,3,alternative interface,C:221:,ASP,221,C,10,2,13.535471724002894,0.2,0.48779199999999995,0.41869,0.9928519734857875,C:103:;C:217:;C:218:;C:219:;C:220:;C:221:;C:222:;C:223:;C:224:;C:234:,C:218:;C:234:
transferrin_ps,hydrophobic,27,3,alternative interface,E:658:,ASN,658,E,9,3,12.94428323261458,0.3333333333333333,0.4474699999999999,0.35790999999999995,0.9759953612516461,E:464:;E:654:;E:655:;E:656:;E:657:;E:658:;E:659:;E:660:;E:661:,E:655:;E:656:;E:659:
transferrin_ps,hydrophobic,28,3,alternative interface,C:164:,GLY,164,C,9,3,12.80681962572335,0.3333333333333333,0.5611900000000001,0.34752000000000005,0.9920961401318105,C:163:;C:164:;C:165:;C:166:;C:167:;C:168:;C:169:;C:175:;C:176:,C:167:;C:168:;C:175:
transferrin_ps,hydrophobic,29,3,alternative interface,C:39:,CYS,39,C,8,3,13.455833422986402,0.375,0.34652875000000005,0.34332999999999997,0.9884339509556874,C:16:;C:20:;C:23:;C:38:;C:39:;C:40:;C:41:;C:7:,C:16:;C:38:;C:40:
transferrin_ps,hydrophobic,30,3,alternative interface,C:147:,GLU,147,C,6,3,12.59945482003128,0.5,0.41770333333333337,0.32443,0.9934657024316323,C:144:;C:145:;C:146:;C:147:;C:148:;C:167:,C:145:;C:146:;C:167:
transferrin_ps,hydrophobic,31,3,alternative interface,C:54:,ALA,54,C,5,2,8.63280382310218,0.4,0.553928,0.26453,0.9935171645618521,C:50:;C:53:;C:54:;C:55:;C:56:,C:53:;C:54:
transferrin_ps,hydrophobic,32,3,alternative interface,C:133:,GLY,133,C,7,4,11.594037169078437,0.5714285714285714,0.22222000000000003,0.24342,0.9817184138155737,C:128:;C:129:;C:130:;C:133:;C:134:;C:136:;C:322:,C:128:;C:130:;C:134:;C:322:
transferrin_ps,hydrophobic,33,3,alternative interface,E:435:,ASN,435,E,7,1,10.727007710993838,0.14285714285714285,0.5033214285714286,0.22556,0.996056482733069,E:432:;E:433:;E:434:;E:435:;E:436:;E:437:;E:526:,E:436:
transferrin_ps,hydrophobic,34,3,alternative interface,E:563:,GLY,563,E,9,2,11.355843537651364,0.2222222222222222,0.3292377777777778,0.19577999999999998,0.9945077768432405,E:439:;E:440:;E:441:;E:560:;E:561:;E:562:;E:563:;E:564:;E:565:,E:440:;E:561:
transferrin_ps,hydrophobic,35,3,alternative interface,C:15:,GLU,15,C,7,2,10.083379035726217,0.2857142857142857,0.31330142857142856,0.15098,0.9958231650439094,C:11:;C:12:;C:13:;C:14:;C:15:;C:16:;C:17:,C:11:;C:16:
transferrin_ps,hydrophobic,36,3,alternative interface,E:523:,GLU,523,E,4,1,8.279012306365873,0.25,0.317785,0.07854,0.9960010746976856,E:519:;E:522:;E:523:;E:524:,E:522:
transferrin_ps,hydrophobic,37,3,alternative interface,E:552:,LYS,552,E,7,1,11.45387184794258,0.14285714285714285,0.60089,0.07218,0.9945142100924461,E:540:;E:550:;E:551:;E:552:;E:553:;E:554:;E:555:,E:551:
transferrin_ps,hydrophobic,38,3,alternative interface,C:111:,GLN,111,C,6,2,10.3462162162567,0.3333333333333333,0.34808,0.06197,0.9942616694627792,C:107:;C:108:;C:109:;C:110:;C:111:;C:113:,C:107:;C:109:
transferrin_ps,hydrophobic,39,3,alternative interface,C:279:,SER,279,C,11,2,11.999553768612355,0.18181818181818182,0.4117700000000001,0.054400000000000004,0.9939723785691224,C:273:;C:274:;C:275:;C:276:;C:277:;C:278:;C:279:;C:280:;C:281:;C:282:;C:283:,C:274:;C:282:
transferrin_ps,hydrophobic,40,3,alternative interface,C:106:,GLY,106,C,6,1,11.591122309018827,0.16666666666666666,0.4825683333333333,0.026459999999999997,0.994827655650146,C:103:;C:104:;C:105:;C:106:;C:107:;C:108:,C:107:
transferrin_ps,hydrophobic,41,4,alternative interface,C:183:,ASN,183,C,10,2,11.295919847643065,0.2,0.30332899999999996,0.38325000000000004,0.9921367360442559,C:178:;C:179:;C:180:;C:181:;C:182:;C:183:;C:184:;C:185:;C:186:;C:190:,C:182:;C:186:
transferrin_ps,hydrophobic,42,4,alternative interface,E:379:,ALA,379,E,7,3,12.886345464064972,0.42857142857142855,0.32175000000000004,0.27858,0.829226036766533,E:375:;E:376:;E:379:;E:380:;E:382:;E:383:;E:667:,E:379:;E:382:;E:667:
transferrin_ps,hydrophobic,43,4,alternative interface,E:351:,GLU,351,E,8,2,10.674216433038708,0.25,0.319135,0.27391,0.9928122160002415,E:347:;E:348:;E:349:;E:350:;E:351:;E:352:;E:353:;E:354:,E:347:;E:353:
transferrin_ps,hydrophobic,44,4,alternative interface,E:421:,PRO,421,E,6,2,13.803174405952888,0.3333333333333333,0.44519666666666663,0.26722,0.9878012095578942,E:419:;E:420:;E:421:;E:422:;E:423:;E:637:,E:420:;E:421:
transferrin_ps,hydrophobic,45,4,alternative interface,E:578:,LYS,578,E,7,3,14.55594892914257,0.42857142857142855,0.32403,0.26614,0.986798819024282,E:423:;E:425:;E:426:;E:575:;E:577:;E:578:;E:580:,E:426:;E:577:;E:580:
transferrin_ps,hydrophobic,46,4,alternative interface,E:566:,LYS,566,E,7,1,12.00095052439686,0.14285714285714285,0.3292657142857142,0.25474,0.9933709206482397,E:557:;E:560:;E:564:;E:565:;E:566:;E:567:;E:570:,E:567:
transferrin_ps,hydrophobic,47,4,alternative interface,C:230:,ASN,230,C,8,2,11.739497612723046,0.25,0.37551750000000006,0.24344000000000002,0.9920997722580118,C:108:;C:109:;C:110:;C:228:;C:229:;C:230:;C:231:;C:232:,C:109:;C:228:
transferrin_ps,hydrophobic,48,4,alternative interface,E:341:,ALA,341,E,7,2,11.83249517326564,0.2857142857142857,0.46655142857142856,0.21644,0.9879474533029314,E:339:;E:340:;E:341:;E:343:;E:364:;E:365:;E:367:,E:341:;E:365:
transferrin_ps,hydrophobic,49,4,alternative interface,C:264:,TRP,264,C,8,3,12.337969773129233,0.375,0.4203950000000001,0.21582,0.9829551873555269,C:260:;C:261:;C:262:;C:264:;C:265:;C:268:;C:304:;C:80:,C:262:;C:264:;C:80:
transferrin_ps,hydrophobic,50,4,alternative interface,E:670:,ALA,670,E,8,4,11.01220187677978,0.5,0.22855,0.21312,0.5499333781543537,C:313:;E:666:;E:667:;E:669:;E:670:;E:671:;E:672:;E:673:,C:313:;E:667:;E:670:;E:673:
transferrin_ps,hydrophobic,51,4,alternative interface,C:31:,PRO,31,C,7,2,12.315380433798552,0.2857142857142857,0.5328085714285714,0.20979,0.9923595411403857,C:27:;C:28:;C:29:;C:31:;C:32:;C:33:;C:34:,C:29:;C:31:
transferrin_ps,hydrophobic,52,4,alternative interface,E:486:,GLY,486,E,6,3,10.763394163201186,0.5,0.2906066666666666,0.19882000000000002,0.9699342102143209,E:453:;E:486:;E:487:;E:488:;E:504:;E:505:,E:453:;E:504:;E:505:
transferrin_ps,hydrophobic,53,4,alternative interface,E:533:,GLN,533,E,5,2,14.07834171328755,0.4,0.34127799999999997,0.18045000000000003,0.9906821484989973,E:426:;E:532:;E:533:;E:536:;E:537:,E:426:;E:536:
transferrin_ps,hydrophobic,54,4,alternative interface,E:596:,GLN,596,E,6,2,12.21489977016606,0.3333333333333333,0.52403,0.16346,0.9925571419918894,E:592:;E:595:;E:596:;E:597:;E:599:;E:600:,E:592:;E:599:
transferrin_ps,hydrophobic,55,4,alternative interface,C:124:,ARG,124,C,6,3,10.813066151589165,0.5,0.1389316666666667,0.13516999999999998,0.9842278124392156,C:122:;C:123:;C:124:;C:128:;C:129:;C:66:,C:122:;C:128:;C:66:
transferrin_ps,hydrophobic,56,4,alternative interface,E:617:,CYS,617,E,8,3,12.107090798748352,0.375,0.25416625,0.07792,0.9923003862539405,E:605:;E:607:;E:612:;E:615:;E:616:;E:617:;E:619:;E:620:,E:605:;E:616:;E:619:
transferrin_ps,hydrophobic,57,5,alternative interface,C:69:,ASP,69,C,5,2,10.225402394805274,0.4,0.274844,0.2505,0.977860072242063,C:66:;C:68:;C:69:;C:71:;C:72:,C:66:;C:72:
transferrin_ps,hydrophobic,58,5,alternative interface,E:467:,TYR,467,E,10,3,12.303697606986187,0.3,0.313266,0.23007000000000002,0.9863972709239265,E:464:;E:465:;E:467:;E:468:;E:469:;E:470:;E:471:;E:472:;E:473:;E:659:,E:465:;E:470:;E:659:
transferrin_ps,hydrophobic,59,5,alternative interface,C:92:,GLN,92,C,9,3,14.739369174407917,0.3333333333333333,0.34665333333333337,0.21416000000000002,0.9761949617546689,C:84:;C:86:;C:87:;C:90:;C:91:;C:92:;C:93:;C:94:;E:675:,C:84:;C:91:;C:94:
transferrin_ps,hydrophobic,60,5,alternative interface,C:319:,TYR,319,C,6,1,10.302908039556803,0.16666666666666666,0.37357999999999997,0.19492,0.9717388448328638,C:316:;C:317:;C:318:;C:319:;C:321:;C:322:,C:322:
transferrin_ps,hydrophobic,61,5,alternative interface,C:324:,ARG,324,C,7,1,10.755330522087515,0.14285714285714285,0.44737,0.19492,0.989707800263524,C:321:;C:322:;C:324:;C:325:;C:327:;C:328:;C:329:,C:322:
transferrin_ps,hydrophobic,62,5,alternative interface,C:233:,LYS,233,C,7,1,12.505733415848718,0.14285714285714285,0.35121857142857144,0.1732,0.9904203786418069,C:224:;C:231:;C:232:;C:233:;C:234:;C:237:;C:238:,C:234:
transferrin_ps,hydrophobic,63,5,alternative interface,C:88:,LYS,88,C,7,1,10.377561745012825,0.14285714285714285,0.5293171428571429,0.15984,0.987191048410822,C:300:;C:86:;C:87:;C:88:;C:89:;C:90:;C:91:,C:91:
transferrin_ps,hydrophobic,64,5,alternative interface,E:510:,GLY,510,E,8,2,13.069046708391554,0.25,0.32154625,0.15708,0.9853940743200658,E:498:;E:499:;E:500:;E:507:;E:508:;E:510:;E:512:;E:516:,E:498:;E:500:
transferrin_ps,hydrophobic,65,5,alternative interface,E:459:,TRP,459,E,7,3,11.855882882182973,0.42857142857142855,0.14783142857142859,0.15615,0.9801497239668154,E:453:;E:454:;E:455:;E:459:;E:460:;E:461:;E:464:,E:453:;E:459:;E:461:
transferrin_ps,hydrophobic,66,5,alternative interface,C:242:,HIS,242,C,8,2,13.294544869995564,0.25,0.38514875000000004,0.12949,0.9822357234014412,C:228:;C:238:;C:239:;C:240:;C:242:;C:244:;C:245:;C:96:,C:228:;C:244:
transferrin_ps,hydrophobic,67,5,alternative interface,C:161:,CYS,161,C,5,1,10.762630549483056,0.2,0.379388,0.11039,0.9923633534575809,C:122:;C:161:;C:163:;C:178:;C:179:,C:122:
transferrin_ps,hydrophobic,68,5,alternative interface,C:199:,ALA,199,C,7,2,12.590803503560723,0.2857142857142857,0.35461714285714285,0.09928000000000001,0.9906273578075175,C:116:;C:173:;C:196:;C:197:;C:198:;C:199:;C:201:,C:173:;C:199:
transferrin_ps,hydrophobic,69,5,alternative interface,E:442:,ASN,442,E,6,1,11.946613497946272,0.16666666666666666,0.41239000000000003,0.02973,0.9915215163938401,E:439:;E:440:;E:441:;E:442:;E:444:;E:445:,E:440:
transferrin_ps,hydrophobic,70,5,alternative interface,E:389:,MET,389,E,2,1,7.301008623094947,0.5,0.07432,0.02161,0.9789269286761145,E:387:;E:389:,E:389:
transferrin_ps,hydrophobic,71,6,alternative interface,E:506:,ASN,506,E,12,4,14.600362824607108,0.3333333333333333,0.21942416666666667,0.17849,0.9757533910526586,E:347:;E:348:;E:372:;E:373:;E:374:;E:504:;E:505:;E:506:;E:507:;E:508:;E:512:;E:513:,E:347:;E:374:;E:504:;E:505:
transferrin_ps,hydrophobic,72,6,alternative interface,C:312:,LYS,312,C,6,1,12.152428677044044,0.16666666666666666,0.32862166666666665,0.09253,0.8487485795825874,C:310:;C:312:;C:313:;C:316:;C:317:;C:68:,C:313:
transferrin_ps,hydrophobic,73,6,alternative interface,C:187:,GLY,187,C,8,1,12.049889219945255,0.125,0.14614125,0.08821,0.9910029762530691,C:180:;C:181:;C:185:;C:186:;C:187:;C:188:;C:189:;C:190:,C:186:
transferrin_ps,hydrophobic,74,6,alternative interface,E:674:,HIS,674,E,9,2,14.33003041078174,0.2222222222222222,0.24129000000000003,0.08204,0.8487058338147963,C:316:;C:93:;C:94:;E:671:;E:672:;E:673:;E:674:;E:675:;E:676:,C:94:;E:673:
transferrin_ps,hydrophobic,75,6,alternative interface,E:495:,GLU,495,E,7,2,11.090883910222276,0.2857142857142857,0.32484428571428575,0.05944,0.9896331740691033,E:481:;E:490:;E:491:;E:492:;E:493:;E:495:;E:496:,E:493:;E:496:
transferrin_ps,hydrophobic,76,6,alternative interface,E:476:,ASP,476,E,9,2,12.010282428649457,0.2222222222222222,0.3336811111111111,0.04407,0.9868706444793058,E:474:;E:475:;E:476:;E:477:;E:480:;E:481:;E:491:;E:492:;E:493:,E:475:;E:493:
transferrin_ps,hydrophobic,77,6,alternative interface,E:643:,THR,643,E,8,1,10.179322622468403,0.125,0.41424249999999996,0.04011,0.9844145037770912,E:405:;E:641:;E:642:;E:643:;E:644:;E:645:;E:646:;E:647:,E:405:
transferrin_ps,hydrophobic,78,6,alternative interface,E:630:,ASP,630,E,6,1,10.166207076352324,0.16666666666666666,0.29906166666666667,0.024990000000000002,0.9905523002326984,E:619:;E:620:;E:624:;E:625:;E:630:;E:631:,E:619:
transferrin_ps,hydrophobic,79,6,alternative interface,C:271:,GLN,271,C,8,1,13.054948557496074,0.125,0.32078125,0.020579999999999998,0.9897120548504235,C:268:;C:269:;C:271:;C:272:;C:273:;C:274:;C:275:;C:276:,C:274:
transferrin_ps,hydrophobic,80,7,alternative interface,E:384:,GLY,384,E,6,1,9.049959820345746,0.16666666666666666,0.2783116666666666,0.058440000000000006,0.9738949206422072,E:380:;E:382:;E:383:;E:384:;E:385:;E:387:,E:382:
transferrin_ps,hydrophobic,81,7,alternative interface,E:370:,SER,370,E,6,1,10.72009551353111,0.16666666666666666,0.32476,0.053070000000000006,0.9787500931538143,E:347:;E:348:;E:352:;E:369:;E:370:;E:372:,E:347:
catalase_ps,hydrophobic,1,1,primary plausible interface,D:291:,PHE,291,D,8,5,11.275092238824193,0.625,0.4266275,0.79256,0.9963953559637937,D:287:;D:288:;D:289:;D:290:;D:291:;D:292:;D:293:;D:294:,D:288:;D:290:;D:291:;D:292:;D:293:
catalase_ps,hydrophobic,2,1,primary plausible interface,A:21:,GLN,21,A,6,3,10.112824714821913,0.5,0.5769000000000001,0.7775799999999999,0.9958996780225625,A:18:;A:19:;A:20:;A:21:;A:22:;A:23:,A:19:;A:20:;A:23:
catalase_ps,hydrophobic,3,1,primary plausible interface,D:19:,ALA,19,D,7,2,9.204135890257826,0.2857142857142857,0.5812757142857142,0.6769499999999999,0.9958208613652002,D:15:;D:16:;D:17:;D:18:;D:19:;D:20:;D:21:,D:19:;D:20:
catalase_ps,hydrophobic,4,1,primary plausible interface,C:445:,PHE,445,C,8,4,12.116525414605446,0.5,0.42446125,0.65846,0.996518278814099,C:441:;C:443:;C:444:;C:445:;C:447:;C:448:;C:449:;C:450:,C:445:;C:447:;C:449:;C:450:
catalase_ps,hydrophobic,5,1,primary plausible interface,C:288:,ALA,288,C,8,3,13.398122341404362,0.375,0.5148999999999999,0.63448,0.9969777290318357,C:230:;C:284:;C:285:;C:286:;C:287:;C:288:;C:289:;C:290:,C:285:;C:288:;C:290:
catalase_ps,hydrophobic,6,1,primary plausible interface,B:20:,ALA,20,B,5,2,8.692194543898005,0.4,0.597884,0.62372,0.9962702272844389,B:18:;B:19:;B:20:;B:21:;B:22:,B:19:;B:20:
catalase_ps,hydrophobic,7,1,primary plausible interface,C:416:,SER,416,C,4,2,7.263022869630734,0.5,0.5072875,0.57879,0.9967005691110307,C:414:;C:415:;C:416:;C:418:,C:415:;C:418:
catalase_ps,hydrophobic,8,1,primary plausible interface,B:305:,GLY,305,B,6,2,7.814401357740174,0.3333333333333333,0.5986966666666667,0.46299999999999997,0.9981002473659392,B:303:;B:304:;B:305:;B:306:;B:307:;B:308:,B:303:;B:308:
catalase_ps,hydrophobic,9,1,primary plausible interface,D:305:,GLY,305,D,6,2,7.927052054506111,0.3333333333333333,0.587355,0.43886000000000003,0.99811814170348,D:303:;D:304:;D:305:;D:306:;D:307:;D:308:,D:303:;D:308:
catalase_ps,hydrophobic,10,1,primary plausible interface,C:305:,GLY,305,C,6,2,7.109929084440638,0.3333333333333333,0.6034166666666666,0.41472000000000003,0.9982531872377739,C:303:;C:304:;C:305:;C:306:;C:307:;C:308:,C:303:;C:308:
catalase_ps,hydrophobic,11,1,primary plausible interface,B:293:,PHE,293,B,4,2,10.766511900576702,0.5,0.3453425,0.40037999999999996,0.9967132383809548,B:292:;B:293:;B:294:;B:436:,B:292:;B:293:
catalase_ps,hydrophobic,12,1,primary plausible interface,C:292:,PRO,292,C,4,3,9.76979560998682,0.75,0.4001925,0.36469,0.9981035333542552,C:290:;C:292:;C:293:;C:294:,C:290:;C:292:;C:293:
catalase_ps,hydrophobic,13,1,primary plausible interface,C:52:,GLN,52,C,5,4,13.461509193728416,0.8,0.162398,0.24379,0.9867598007674653,A:344:;C:41:;C:51:;C:52:;C:54:,A:344:;C:41:;C:51:;C:54:
catalase_ps,hydrophobic,14,1,primary plausible interface,D:52:,GLN,52,D,5,4,14.59029682991733,0.8,0.151112,0.22057,0.9889527984017357,B:355:;D:41:;D:51:;D:52:;D:54:,B:355:;D:41:;D:51:;D:54:
catalase_ps,hydrophobic,15,1,primary plausible interface,D:498:,LYS,498,D,7,2,11.377035146375226,0.2857142857142857,0.6128385714285715,0.19297999999999998,0.9969080921759802,D:494:;D:495:;D:497:;D:498:;D:499:;D:500:;D:501:,D:494:;D:495:
catalase_ps,hydrophobic,16,1,primary plausible interface,C:8:,SER,8,C,4,1,6.648828567300131,0.25,0.2730475,0.1412,0.9982665076451074,C:4:;C:5:;C:6:;C:8:,C:6:
catalase_ps,hydrophobic,17,1,primary plausible interface,C:160:,PHE,160,C,1,1,0.0,1.0,0.24683,0.13541999999999998,1.0,C:160:,C:160:
catalase_ps,hydrophobic,18,2,alternative interface,C:250:,ALA,250,C,11,5,15.140795243423257,0.45454545454545453,0.42713636363636365,0.75399,0.9928160307274442,B:254:;C:125:;C:245:;C:246:;C:247:;C:248:;C:250:;C:251:;C:252:;C:253:;C:254:,C:125:;C:246:;C:250:;C:252:;C:253:
catalase_ps,hydrophobic,19,2,alternative interface,C:19:,ALA,19,C,8,2,10.36377251901137,0.25,0.5134112500000001,0.6883199999999999,0.9942394759803924,A:409:;C:15:;C:16:;C:17:;C:18:;C:19:;C:20:;C:21:,C:19:;C:20:
catalase_ps,hydrophobic,20,2,alternative interface,B:288:,ALA,288,B,8,3,13.739771741672067,0.375,0.5318875,0.6750700000000001,0.9954491173574718,B:284:;B:285:;B:286:;B:287:;B:288:;B:289:;B:290:;B:294:,B:285:;B:288:;B:290:
catalase_ps,hydrophobic,21,2,alternative interface,A:253:,ALA,253,A,13,6,13.994781368536502,0.46153846153846156,0.29018615384615387,0.6670999999999999,0.9913479026065574,A:122:;A:123:;A:125:;A:250:;A:251:;A:252:;A:253:;A:254:;A:255:;A:256:;A:257:;A:259:;D:254:,A:122:;A:125:;A:250:;A:252:;A:253:;A:257:
catalase_ps,hydrophobic,22,2,alternative interface,D:250:,ALA,250,D,10,5,13.047474210707248,0.5,0.40746399999999994,0.65711,0.9936434342121101,A:254:;D:125:;D:246:;D:247:;D:248:;D:250:;D:251:;D:252:;D:253:;D:254:,D:125:;D:246:;D:250:;D:252:;D:253:
catalase_ps,hydrophobic,23,2,alternative interface,A:288:,ALA,288,A,8,3,13.666489139175972,0.375,0.48060250000000004,0.62439,0.9965547885305401,A:230:;A:284:;A:285:;A:286:;A:287:;A:288:;A:289:;A:290:,A:285:;A:288:;A:290:
catalase_ps,hydrophobic,24,2,alternative interface,C:470:,GLN,470,C,5,2,11.620860049227417,0.4,0.426346,0.60936,0.995419079396779,C:468:;C:470:;C:471:;C:472:;C:474:,C:471:;C:472:
catalase_ps,hydrophobic,25,2,alternative interface,D:309:,LEU,309,D,8,5,13.31322819738263,0.625,0.32819375,0.60314,0.9939332118381559,D:279:;D:282:;D:304:;D:307:;D:308:;D:309:;D:310:;D:311:,D:282:;D:308:;D:309:;D:310:;D:311:
catalase_ps,hydrophobic,26,2,alternative interface,A:445:,PHE,445,A,9,4,13.472016201689263,0.4444444444444444,0.37583222222222223,0.60139,0.9962628645957272,A:193:;A:441:;A:443:;A:444:;A:445:;A:447:;A:448:;A:449:;A:450:,A:445:;A:447:;A:449:;A:450:
catalase_ps,hydrophobic,27,2,alternative interface,D:445:,PHE,445,D,8,4,12.557598416288485,0.5,0.4054025,0.6009,0.9963357120733214,D:441:;D:443:;D:444:;D:445:;D:447:;D:448:;D:449:;D:450:,D:445:;D:447:;D:449:;D:450:
catalase_ps,hydrophobic,28,2,alternative interface,A:470:,GLN,470,A,4,2,11.18807687839869,0.5,0.47129000000000004,0.5835199999999999,0.995770460354402,A:468:;A:470:;A:471:;A:472:,A:471:;A:472:
catalase_ps,hydrophobic,29,2,alternative interface,A:309:,LEU,309,A,9,5,13.338919595318389,0.5555555555555556,0.2891722222222222,0.56628,0.9939423523731524,A:234:;A:279:;A:282:;A:304:;A:307:;A:308:;A:309:;A:310:;A:311:,A:282:;A:308:;A:309:;A:310:;A:311:
catalase_ps,hydrophobic,30,2,alternative interface,B:247:,GLU,247,B,7,3,10.316428318510432,0.42857142857142855,0.5113800000000001,0.54896,0.9954071827402198,B:244:;B:245:;B:246:;B:247:;B:248:;B:250:;B:251:,B:244:;B:246:;B:250:
catalase_ps,hydrophobic,31,2,alternative interface,A:247:,GLU,247,A,7,3,10.333624258684724,0.42857142857142855,0.5254085714285714,0.53074,0.9952172277266378,A:244:;A:245:;A:246:;A:247:;A:248:;A:250:;A:251:,A:244:;A:246:;A:250:
catalase_ps,hydrophobic,32,2,alternative interface,B:448:,LYS,448,B,8,4,12.745146558422135,0.5,0.43716374999999996,0.49113,0.9963966074435493,B:443:;B:444:;B:445:;B:447:;B:448:;B:449:;B:450:;B:451:,B:445:;B:447:;B:449:;B:450:
catalase_ps,hydrophobic,33,2,alternative interface,B:416:,SER,416,B,4,2,7.804339507343133,0.5,0.4638375,0.46417,0.996294101303968,B:414:;B:415:;B:416:;B:418:,B:415:;B:418:
catalase_ps,hydrophobic,34,2,alternative interface,A:416:,SER,416,A,4,2,7.638519434564662,0.5,0.50049,0.42119999999999996,0.9964333133032773,A:414:;A:415:;A:416:;A:418:,A:415:;A:418:
catalase_ps,hydrophobic,35,2,alternative interface,A:24:,ASP,24,A,7,4,12.663599672610827,0.5714285714285714,0.38782285714285714,0.41505000000000003,0.9960720537791886,A:22:;A:23:;A:24:;A:25:;C:383:;C:411:;C:412:,A:23:;A:25:;C:383:;C:411:
catalase_ps,hydrophobic,36,2,alternative interface,A:485:,HIS,485,A,6,1,10.63110087760816,0.16666666666666666,0.47509333333333337,0.38484,0.9967285322525302,A:443:;A:482:;A:483:;A:485:;A:486:;A:487:,A:486:
catalase_ps,hydrophobic,37,2,alternative interface,B:485:,HIS,485,B,6,1,10.842963943048735,0.16666666666666666,0.5252233333333333,0.37377000000000005,0.9966183418397352,B:443:;B:482:;B:483:;B:485:;B:486:;B:487:,B:486:
catalase_ps,hydrophobic,38,2,alternative interface,B:393:,MET,393,B,6,4,12.70552009440128,0.6666666666666666,0.35044666666666663,0.34439,0.9746137818816156,B:371:;B:391:;B:393:;B:394:;B:395:;D:373:,B:391:;B:393:;B:394:;D:373:
catalase_ps,hydrophobic,39,2,alternative interface,A:475:,LYS,475,A,6,3,12.285318167379975,0.5,0.5184633333333334,0.30006,0.9946992719547619,A:471:;A:472:;A:475:;A:476:;A:478:;A:479:,A:471:;A:472:;A:478:
catalase_ps,hydrophobic,40,2,alternative interface,D:188:,ARG,188,D,4,3,10.02644186805552,0.75,0.21887500000000001,0.29403,0.994019452999488,D:187:;D:188:;D:189:;D:434:,D:187:;D:189:;D:434:
catalase_ps,hydrophobic,41,2,alternative interface,C:188:,ARG,188,C,4,3,10.051308793359347,0.75,0.21515749999999997,0.26524000000000003,0.9940391611299937,C:187:;C:188:;C:189:;C:434:,C:187:;C:189:;C:434:
catalase_ps,hydrophobic,42,2,alternative interface,A:301:,VAL,301,A,4,3,12.486950105195277,0.75,0.27582749999999995,0.22347999999999998,0.9957115540989554,A:150:;A:301:;A:303:;A:441:,A:150:;A:301:;A:303:
catalase_ps,hydrophobic,43,2,alternative interface,A:52:,GLN,52,A,5,4,13.505299202014397,0.8,0.161474,0.20897,0.9862215206874189,A:41:;A:51:;A:52:;A:54:;C:344:,A:41:;A:51:;A:54:;C:344:
catalase_ps,hydrophobic,44,2,alternative interface,A:305:,GLY,305,A,6,2,7.6368197177850625,0.3333333333333333,0.5684933333333333,0.20765,0.9981230731518241,A:303:;A:304:;A:305:;A:306:;A:307:;A:308:,A:303:;A:308:
catalase_ps,hydrophobic,45,2,alternative interface,D:220:,LYS,220,D,7,4,10.874461836156707,0.5714285714285714,0.10497000000000001,0.2,0.9965226671373828,D:219:;D:220:;D:222:;D:229:;D:230:;D:343:;D:344:,D:219:;D:222:;D:229:;D:344:
catalase_ps,hydrophobic,46,2,alternative interface,C:255:,GLU,255,C,7,3,9.217451874265162,0.42857142857142855,0.3322928571428571,0.18749,0.9973503737163708,C:251:;C:252:;C:253:;C:254:;C:255:;C:256:;C:257:,C:252:;C:253:;C:257:
catalase_ps,hydrophobic,47,2,alternative interface,B:301:,VAL,301,B,4,3,12.641618089810398,0.75,0.2637425,0.17123999999999998,0.9960437532792998,B:150:;B:301:;B:303:;B:441:,B:150:;B:301:;B:303:
catalase_ps,hydrophobic,48,2,alternative interface,B:220:,LYS,220,B,7,4,10.933061707615726,0.5714285714285714,0.09852000000000001,0.15924,0.9965825728678763,B:219:;B:220:;B:222:;B:229:;B:230:;B:343:;B:344:,B:219:;B:222:;B:229:;B:344:
catalase_ps,hydrophobic,49,2,alternative interface,B:153:,PHE,153,B,5,3,9.337128901130965,0.6,0.083436,0.13138,0.9966021663161377,B:152:;B:153:;B:190:;B:192:;B:193:,B:152:;B:153:;B:192:
catalase_ps,hydrophobic,50,2,alternative interface,C:498:,LYS,498,C,7,2,11.977822413658803,0.2857142857142857,0.61118,0.12944,0.9965598851111659,C:494:;C:495:;C:497:;C:498:;C:499:;C:500:;C:501:,C:494:;C:495:
catalase_ps,hydrophobic,51,3,alternative interface,B:253:,ALA,253,B,15,6,13.728905254509328,0.4,0.32685333333333333,0.7531399999999999,0.9915933707567067,B:122:;B:123:;B:125:;B:248:;B:250:;B:251:;B:252:;B:253:;B:254:;B:255:;B:256:;B:257:;B:258:;B:259:;C:254:,B:122:;B:125:;B:250:;B:252:;B:253:;B:257:
catalase_ps,hydrophobic,52,3,alternative interface,D:470:,GLN,470,D,6,2,11.265605595638005,0.3333333333333333,0.4075066666666667,0.6381,0.9947046832211927,D:467:;D:468:;D:470:;D:471:;D:472:;D:474:,D:471:;D:472:
catalase_ps,hydrophobic,53,3,alternative interface,B:309:,LEU,309,B,8,4,13.199390979624743,0.5,0.30904875000000004,0.59343,0.9949900490625294,B:234:;B:279:;B:304:;B:307:;B:308:;B:309:;B:310:;B:311:,B:308:;B:309:;B:310:;B:311:
catalase_ps,hydrophobic,54,3,alternative interface,C:309:,LEU,309,C,8,4,12.916896941798477,0.5,0.32617875,0.52469,0.995012882643433,C:234:;C:279:;C:304:;C:307:;C:308:;C:309:;C:310:;C:311:,C:308:;C:309:;C:310:;C:311:
catalase_ps,hydrophobic,55,3,alternative interface,D:417:,ALA,417,D,8,5,10.97060168674558,0.625,0.32258374999999995,0.51505,0.9923584973993733,B:33:;D:340:;D:414:;D:415:;D:416:;D:417:;D:418:;D:419:,B:33:;D:340:;D:415:;D:417:;D:418:
catalase_ps,hydrophobic,56,3,alternative interface,A:16:,GLU,16,A,8,2,10.777117567143403,0.25,0.44227000000000005,0.48746,0.9952251980463461,A:12:;A:13:;A:14:;A:15:;A:16:;A:17:;A:18:;A:19:,A:14:;A:19:
catalase_ps,hydrophobic,57,3,alternative interface,D:493:,GLN,493,D,7,3,11.80165652916562,0.42857142857142855,0.44225714285714285,0.46075000000000005,0.9961038040364467,D:478:;D:490:;D:491:;D:493:;D:494:;D:495:;D:497:,D:478:;D:494:;D:495:
catalase_ps,hydrophobic,58,3,alternative interface,D:223:,ASN,223,D,10,2,11.937163560808564,0.2,0.5303479999999999,0.4493,0.9947757325710721,D:222:;D:223:;D:224:;D:225:;D:226:;D:227:;D:91:;D:92:;D:93:;D:95:,D:222:;D:224:
catalase_ps,hydrophobic,59,3,alternative interface,B:223:,ASN,223,B,10,2,11.721136077537428,0.2,0.470583,0.42989,0.9948162103441368,B:222:;B:223:;B:224:;B:225:;B:226:;B:227:;B:91:;B:92:;B:93:;B:95:,B:222:;B:224:
catalase_ps,hydrophobic,60,3,alternative interface,C:493:,GLN,493,C,7,3,11.894673471846394,0.42857142857142855,0.45958428571428567,0.41188,0.9959812586498653,C:478:;C:490:;C:491:;C:493:;C:494:;C:495:;C:497:,C:478:;C:494:;C:495:
catalase_ps,hydrophobic,61,3,alternative interface,B:45:,PRO,45,B,4,2,10.367773356421893,0.5,0.4577825,0.39846,0.9936068503183205,B:45:;B:46:;C:426:;C:431:,B:45:;C:431:
catalase_ps,hydrophobic,62,3,alternative interface,A:493:,GLN,493,A,7,3,11.385754320038709,0.42857142857142855,0.43088999999999994,0.39323,0.9963652346031787,A:478:;A:490:;A:491:;A:493:;A:494:;A:495:;A:497:,A:478:;A:494:;A:495:
catalase_ps,hydrophobic,63,3,alternative interface,C:485:,HIS,485,C,6,1,10.851048848032555,0.16666666666666666,0.472025,0.371,0.9965460753638916,C:443:;C:482:;C:483:;C:485:;C:486:;C:487:,C:486:
catalase_ps,hydrophobic,64,3,alternative interface,D:485:,HIS,485,D,6,1,10.647511242155375,0.16666666666666666,0.46660166666666664,0.35162,0.996666750313327,D:443:;D:482:;D:483:;D:485:;D:486:;D:487:,D:486:
catalase_ps,hydrophobic,65,3,alternative interface,B:126:,ARG,126,B,7,4,10.763481630069565,0.5714285714285714,0.19043428571428572,0.32505,0.9946923975678705,B:125:;B:126:;B:127:;B:128:;B:198:;B:199:;B:203:,B:125:;B:128:;B:198:;B:199:
catalase_ps,hydrophobic,66,3,alternative interface,D:393:,MET,393,D,6,4,12.684319762250183,0.6666666666666666,0.33264333333333335,0.31805,0.9743488396662425,B:373:;D:371:;D:391:;D:393:;D:394:;D:395:,B:373:;D:391:;D:393:;D:394:
catalase_ps,hydrophobic,67,3,alternative interface,D:475:,LYS,475,D,7,3,12.309786804027276,0.42857142857142855,0.4616700000000001,0.31105,0.9952982330999651,D:471:;D:472:;D:474:;D:475:;D:476:;D:478:;D:479:,D:471:;D:472:;D:478:
catalase_ps,hydrophobic,68,3,alternative interface,D:126:,ARG,126,D,7,5,11.17495621971619,0.7142857142857143,0.14579142857142857,0.28313,0.9934527600279586,D:125:;D:126:;D:127:;D:128:;D:198:;D:199:;D:204:,D:125:;D:128:;D:198:;D:199:;D:204:
catalase_ps,hydrophobic,69,3,alternative interface,B:188:,ARG,188,B,5,3,10.162856195052829,0.6,0.17564200000000002,0.27673,0.9937128255097676,B:187:;B:188:;B:189:;B:190:;B:434:,B:187:;B:189:;B:434:
catalase_ps,hydrophobic,70,3,alternative interface,C:88:,HIS,88,C,6,2,13.81031201119233,0.3333333333333333,0.5195533333333334,0.26663,0.9940098897787741,C:101:;C:102:;C:311:;C:87:;C:88:;C:89:,C:102:;C:311:
catalase_ps,hydrophobic,71,3,alternative interface,D:284:,THR,284,D,8,4,11.831378475147874,0.5,0.31127249999999995,0.25332,0.9958396484860118,D:229:;D:230:;D:282:;D:284:;D:285:;D:286:;D:287:;D:288:,D:229:;D:282:;D:285:;D:288:
catalase_ps,hydrophobic,72,3,alternative interface,A:188:,ARG,188,A,4,3,10.138057631728953,0.75,0.197475,0.24752,0.9940360909771566,A:187:;A:188:;A:189:;A:434:,A:187:;A:189:;A:434:
catalase_ps,hydrophobic,73,3,alternative interface,B:52:,GLN,52,B,3,2,6.84330991848886,0.6666666666666666,0.20724,0.22638000000000003,0.9936250802651067,B:51:;B:52:;B:54:,B:51:;B:54:
catalase_ps,hydrophobic,74,3,alternative interface,C:220:,LYS,220,C,7,4,11.028200504084394,0.5714285714285714,0.10474714285714284,0.19699999999999998,0.9965105565993556,C:219:;C:220:;C:222:;C:229:;C:230:;C:343:;C:344:,C:219:;C:222:;C:229:;C:344:
catalase_ps,hydrophobic,75,3,alternative interface,C:301:,VAL,301,C,4,3,12.46173838142604,0.75,0.2743875,0.19445,0.9956757914504547,C:150:;C:301:;C:303:;C:441:,C:150:;C:301:;C:303:
catalase_ps,hydrophobic,76,3,alternative interface,B:498:,LYS,498,B,7,2,11.30163004472049,0.2857142857142857,0.54821,0.15768000000000001,0.9969600620123559,B:494:;B:495:;B:497:;B:498:;B:499:;B:500:;B:501:,B:494:;B:495:
catalase_ps,hydrophobic,77,3,alternative interface,A:498:,LYS,498,A,7,2,11.831284588762458,0.2857142857142857,0.5634457142857142,0.10590999999999999,0.9967120089796835,A:494:;A:495:;A:497:;A:498:;A:499:;A:500:;A:501:,A:494:;A:495:
catalase_ps,hydrophobic,78,3,alternative interface,A:451:,ASN,451,A,9,3,12.50092342481978,0.3333333333333333,0.49274555555555555,0.05177,0.9957222326612526,A:447:;A:448:;A:449:;A:450:;A:451:;A:452:;A:453:;A:454:;A:455:,A:447:;A:449:;A:450:
catalase_ps,hydrophobic,79,3,alternative interface,D:451:,ASN,451,D,9,3,12.706219204438984,0.3333333333333333,0.49382,0.04471,0.9958007209816108,D:447:;D:448:;D:449:;D:450:;D:451:;D:452:;D:453:;D:454:;D:455:,D:447:;D:449:;D:450:
catalase_ps,hydrophobic,80,3,alternative interface,C:451:,ASN,451,C,9,3,12.556484465778663,0.3333333333333333,0.5145155555555556,0.0353,0.9957728168065884,C:447:;C:448:;C:449:;C:450:;C:451:;C:452:;C:453:;C:454:;C:455:,C:447:;C:449:;C:450:
catalase_ps,hydrophobic,81,4,alternative interface,B:470:,GLN,470,B,6,2,11.414888936023601,0.3333333333333333,0.36646333333333336,0.56248,0.9946074274153957,B:467:;B:468:;B:470:;B:471:;B:472:;B:474:,B:471:;B:472:
catalase_ps,hydrophobic,82,4,alternative interface,D:123:,ASP,123,D,11,5,14.819952985687504,0.45454545454545453,0.18575545454545453,0.5177900000000001,0.9854179286749727,D:113:;D:121:;D:122:;D:123:;D:125:;D:253:;D:257:;D:258:;D:259:;D:260:;D:261:,D:122:;D:125:;D:253:;D:257:;D:261:
catalase_ps,hydrophobic,83,4,alternative interface,C:393:,MET,393,C,7,4,12.874216269076355,0.5714285714285714,0.2980642857142857,0.44823999999999997,0.9717008002417511,A:373:;C:371:;C:391:;C:393:;C:394:;C:395:;C:396:,A:373:;C:391:;C:393:;C:394:
catalase_ps,hydrophobic,84,4,alternative interface,C:223:,ASN,223,C,10,2,12.087333585017836,0.2,0.48595,0.44634,0.9946880256793286,C:222:;C:223:;C:224:;C:225:;C:226:;C:227:;C:91:;C:92:;C:93:;C:95:,C:222:;C:224:
catalase_ps,hydrophobic,85,4,alternative interface,B:431:,PHE,431,B,8,3,12.122132248772182,0.375,0.26184375,0.41723999999999994,0.9916866923635582,B:429:;B:431:;B:432:;B:433:;C:39:;C:41:;C:44:;C:45:,B:431:;C:41:;C:45:
catalase_ps,hydrophobic,86,4,alternative interface,B:493:,GLN,493,B,7,3,11.859742259763863,0.42857142857142855,0.44092000000000003,0.41125999999999996,0.9960596246243806,B:478:;B:490:;B:491:;B:493:;B:494:;B:495:;B:497:,B:478:;B:494:;B:495:
catalase_ps,hydrophobic,87,4,alternative interface,A:223:,ASN,223,A,10,2,12.056788093506272,0.2,0.46340899999999996,0.40814,0.9947806927848596,A:222:;A:223:;A:224:;A:225:;A:226:;A:227:;A:91:;A:92:;A:93:;A:95:,A:222:;A:224:
catalase_ps,hydrophobic,88,4,alternative interface,C:24:,ASP,24,C,8,4,13.417920319649687,0.5,0.39825375,0.37182000000000004,0.9927346836454348,A:381:;A:383:;A:411:;A:412:;C:22:;C:23:;C:24:;C:25:,A:383:;A:411:;C:23:;C:25:
catalase_ps,hydrophobic,89,4,alternative interface,B:24:,ASP,24,B,8,4,13.898071664911706,0.5,0.43266625,0.3569,0.9926365598320721,B:22:;B:23:;B:24:;B:25:;D:381:;D:383:;D:411:;D:412:,B:23:;B:25:;D:383:;D:411:
catalase_ps,hydrophobic,90,4,alternative interface,D:256:,ASP,256,D,9,4,9.901041468220775,0.4444444444444444,0.2575055555555556,0.34647,0.9947850649326011,D:122:;D:252:;D:253:;D:254:;D:255:;D:256:;D:257:;D:258:;D:259:,D:122:;D:252:;D:253:;D:257:
catalase_ps,hydrophobic,91,4,alternative interface,C:475:,LYS,475,C,7,3,12.158008564682618,0.42857142857142855,0.4513114285714286,0.32836,0.9953030691852988,C:471:;C:472:;C:474:;C:475:;C:476:;C:478:;C:479:,C:471:;C:472:;C:478:
catalase_ps,hydrophobic,92,4,alternative interface,B:411:,PRO,411,B,9,4,12.054832818232196,0.4444444444444444,0.25934,0.32104999999999995,0.9931429369530117,B:383:;B:384:;B:409:;B:411:;B:412:;B:413:;D:23:;D:24:;D:25:,B:383:;B:411:;D:23:;D:25:
catalase_ps,hydrophobic,93,4,alternative interface,B:57:,THR,57,B,8,5,12.938333308120736,0.625,0.15950124999999998,0.28263,0.975408784612987,B:51:;B:54:;B:55:;B:57:;B:58:;B:59:;B:60:;D:355:,B:51:;B:54:;B:55:;B:60:;D:355:
catalase_ps,hydrophobic,94,4,alternative interface,A:88:,HIS,88,A,5,2,11.442489015727537,0.4,0.456212,0.27864,0.9954762011787164,A:102:;A:311:;A:87:;A:88:;A:89:,A:102:;A:311:
catalase_ps,hydrophobic,95,4,alternative interface,A:57:,THR,57,A,7,4,13.013873416346597,0.5714285714285714,0.1611785714285714,0.27817000000000003,0.9825602143853834,A:51:;A:54:;A:55:;A:57:;A:58:;A:59:;A:60:,A:51:;A:54:;A:55:;A:60:
catalase_ps,hydrophobic,96,4,alternative interface,D:88:,HIS,88,D,7,2,13.79540456626509,0.2857142857142857,0.4793242857142857,0.25942,0.9935847384896979,D:101:;D:102:;D:103:;D:311:;D:87:;D:88:;D:89:,D:102:;D:311:
catalase_ps,hydrophobic,97,4,alternative interface,C:83:,TYR,83,C,6,3,13.401615835871624,0.5,0.2920933333333333,0.23204999999999998,0.9928002293190649,C:105:;C:107:;C:316:;C:81:;C:83:;C:85:,C:107:;C:316:;C:81:
catalase_ps,hydrophobic,98,4,alternative interface,A:83:,TYR,83,A,6,3,13.447641841361564,0.5,0.27595333333333333,0.21475999999999998,0.9928112976898547,A:105:;A:107:;A:316:;A:81:;A:83:;A:85:,A:107:;A:316:;A:81:
catalase_ps,hydrophobic,99,4,alternative interface,C:103:,GLY,103,C,7,1,9.918248764303327,0.14285714285714285,0.44534857142857137,0.21132,0.9966088937531177,C:101:;C:102:;C:103:;C:104:;C:105:;C:85:;C:87:,C:102:
catalase_ps,hydrophobic,100,4,alternative interface,D:73:,VAL,73,D,7,4,10.266649662703715,0.5714285714285714,0.1469342857142857,0.20606000000000002,0.9914198756516559,D:115:;D:116:;D:117:;D:71:;D:72:;D:73:;D:74:,D:115:;D:116:;D:72:;D:73:
catalase_ps,hydrophobic,101,4,alternative interface,D:104:,LYS,104,D,7,1,10.682787098343725,0.14285714285714285,0.4481942857142857,0.20561,0.995710458224389,D:100:;D:101:;D:102:;D:103:;D:104:;D:105:;D:85:,D:102:
catalase_ps,hydrophobic,102,4,alternative interface,C:73:,VAL,73,C,7,4,10.393360510189476,0.5714285714285714,0.14774285714285715,0.20135999999999998,0.9913296492331509,C:115:;C:116:;C:117:;C:71:;C:72:;C:73:;C:74:,C:115:;C:116:;C:72:;C:73:
catalase_ps,hydrophobic,103,4,alternative interface,D:157:,ALA,157,D,5,3,11.333474747192977,0.6,0.12737199999999999,0.19749,0.9879136378497552,D:157:;D:160:;D:348:;D:349:;D:353:,D:157:;D:160:;D:349:
catalase_ps,hydrophobic,104,4,alternative interface,C:192:,LEU,192,C,6,3,11.053741084815776,0.5,0.16293833333333332,0.18993,0.9952374463951111,C:189:;C:192:;C:193:;C:438:;C:439:;C:480:,C:189:;C:192:;C:439:
catalase_ps,hydrophobic,105,4,alternative interface,B:157:,ALA,157,B,5,3,11.273370584264091,0.6,0.1269,0.18257,0.9880828478188798,B:157:;B:160:;B:348:;B:349:;B:353:,B:157:;B:160:;B:349:
catalase_ps,hydrophobic,106,4,alternative interface,D:181:,VAL,181,D,4,2,8.541630766824868,0.5,0.1492975,0.16957999999999998,0.9956978800099483,D:167:;D:177:;D:178:;D:181:,D:178:;D:181:
catalase_ps,hydrophobic,107,4,alternative interface,A:145:,VAL,145,A,6,4,13.196718284569934,0.6666666666666666,0.11858833333333334,0.16527,0.9825219786299724,A:130:;A:132:;A:145:;A:147:;A:333:;A:335:,A:132:;A:145:;A:333:;A:335:
catalase_ps,hydrophobic,108,4,alternative interface,C:132:,ALA,132,C,5,3,12.842854475357536,0.6,0.14564000000000002,0.15304,0.9879344669111603,C:130:;C:132:;C:145:;C:147:;C:333:,C:132:;C:145:;C:333:
catalase_ps,hydrophobic,109,4,alternative interface,D:132:,ALA,132,D,5,3,12.687690381939763,0.6,0.14854399999999998,0.14932,0.9880612981690652,D:130:;D:132:;D:145:;D:147:;D:333:,D:132:;D:145:;D:333:
catalase_ps,hydrophobic,110,4,alternative interface,D:405:,PRO,405,D,4,2,9.49888155460439,0.5,0.181585,0.11628,0.9956399648870492,C:187:;D:404:;D:405:;D:407:,C:187:;D:405:
catalase_ps,hydrophobic,111,4,alternative interface,A:405:,PRO,405,A,4,2,9.351313219501192,0.5,0.18140499999999998,0.10521000000000001,0.9956974368565072,A:404:;A:405:;A:407:;B:187:,A:405:;B:187:
catalase_ps,hydrophobic,112,4,alternative interface,C:405:,PRO,405,C,4,2,9.383036251364208,0.5,0.19366750000000002,0.10244,0.9954721756094987,C:404:;C:405:;C:407:;D:187:,C:405:;D:187:
catalase_ps,hydrophobic,113,4,alternative interface,C:348:,LYS,348,C,5,3,11.134999613908409,0.6,0.083538,0.06441,0.9931394186726747,C:155:;C:296:;C:346:;C:348:;C:349:,C:296:;C:346:;C:349:
catalase_ps,hydrophobic,114,4,alternative interface,A:336:,SER,336,A,8,5,13.029173167484315,0.625,0.1318975,0.05994,0.9806244007892475,A:335:;A:336:;A:337:;A:338:;A:353:;A:355:;A:358:;C:54:,A:335:;A:338:;A:355:;A:358:;C:54:
catalase_ps,hydrophobic,115,4,alternative interface,A:271:,GLY,271,A,6,1,9.558490862978209,0.16666666666666666,0.45076333333333324,0.053099999999999994,0.995585831507225,A:269:;A:270:;A:271:;A:272:;A:273:;A:318:,A:269:
catalase_ps,hydrophobic,116,4,alternative interface,B:271:,GLY,271,B,6,1,10.012210488028346,0.16666666666666666,0.47014,0.053099999999999994,0.9955575383660945,B:269:;B:270:;B:271:;B:272:;B:273:;B:318:,B:269:
catalase_ps,hydrophobic,117,4,alternative interface,B:455:,ARG,455,B,10,2,13.511157439871727,0.2,0.40895099999999995,0.04707,0.9966132285047665,B:200:;B:447:;B:450:;B:451:;B:452:;B:453:;B:454:;B:455:;B:456:;B:457:,B:447:;B:450:
catalase_ps,hydrophobic,118,4,alternative interface,C:271:,GLY,271,C,6,1,9.724865225208436,0.16666666666666666,0.480635,0.04172,0.9956217534041621,C:269:;C:270:;C:271:;C:272:;C:273:;C:318:,C:269:
catalase_ps,hydrophobic,119,4,alternative interface,D:22:,LYS,22,D,6,2,12.083545171749487,0.3333333333333333,0.4823950000000001,0.04153,0.9954915609050027,B:409:;D:20:;D:21:;D:22:;D:23:;D:24:,D:20:;D:23:
catalase_ps,hydrophobic,120,4,alternative interface,D:336:,SER,336,D,8,5,15.244491749790713,0.625,0.13958375,0.03267,0.9821245388719403,B:54:;D:336:;D:337:;D:338:;D:344:;D:353:;D:355:;D:358:,B:54:;D:338:;D:344:;D:355:;D:358:
catalase_ps,hydrophobic,121,5,alternative interface,A:293:,PHE,293,A,5,2,10.587009807836612,0.4,0.331332,0.4104,0.9954489384594684,A:292:;A:293:;A:294:;A:436:;A:437:,A:292:;A:293:
catalase_ps,hydrophobic,122,5,alternative interface,D:398:,GLY,398,D,6,2,10.796868553038728,0.3333333333333333,0.33433666666666667,0.39275,0.9849143609169265,B:322:;C:172:;D:395:;D:397:;D:398:;D:400:,B:322:;D:400:
catalase_ps,hydrophobic,123,5,alternative interface,D:431:,PHE,431,D,7,3,11.919560072013294,0.42857142857142855,0.28025,0.37924,0.9927653198155795,A:39:;A:41:;A:45:;D:429:;D:431:;D:432:;D:433:,A:41:;A:45:;D:431:
catalase_ps,hydrophobic,124,5,alternative interface,B:398:,GLY,398,B,6,2,10.995982442612945,0.3333333333333333,0.37876,0.37071,0.9845884461265793,A:172:;B:395:;B:397:;B:398:;B:400:;D:322:,B:400:;D:322:
catalase_ps,hydrophobic,125,5,alternative interface,C:376:,CYS,376,C,7,3,12.389736030572312,0.42857142857142855,0.2872942857142858,0.36496,0.9793997457225715,A:30:;C:370:;C:371:;C:373:;C:374:;C:376:;C:378:,C:370:;C:373:;C:374:
catalase_ps,hydrophobic,126,5,alternative interface,A:393:,MET,393,A,6,3,12.709445660257238,0.5,0.27465333333333336,0.36137,0.968940823908715,A:371:;A:393:;A:394:;A:395:;A:396:;C:373:,A:393:;A:394:;C:373:
catalase_ps,hydrophobic,127,5,alternative interface,B:16:,GLU,16,B,8,2,11.875167014449506,0.25,0.43167750000000005,0.36082000000000003,0.9949012797612963,B:12:;B:13:;B:14:;B:15:;B:16:;B:17:;B:18:;B:19:,B:14:;B:19:
catalase_ps,hydrophobic,128,5,alternative interface,D:376:,CYS,376,D,5,2,10.263352616882745,0.4,0.35418400000000005,0.34428,0.9902066370319017,D:370:;D:371:;D:373:;D:376:;D:378:,D:370:;D:373:
catalase_ps,hydrophobic,129,5,alternative interface,D:245:,SER,245,D,8,3,12.40630649575949,0.375,0.42420874999999997,0.33675,0.9933753744819168,D:201:;D:204:;D:243:;D:244:;D:245:;D:246:;D:247:;D:248:,D:204:;D:244:;D:246:
catalase_ps,hydrophobic,130,5,alternative interface,C:46:,ARG,46,C,6,3,13.184353452370516,0.5,0.25354166666666667,0.32116,0.9909334941534834,B:294:;B:296:;B:346:;C:44:;C:45:;C:46:,B:296:;B:346:;C:45:
catalase_ps,hydrophobic,131,5,alternative interface,C:432:,ASN,432,C,7,3,12.19106880487358,0.42857142857142855,0.36556,0.27418,0.995220585843429,B:38:;B:39:;C:431:;C:432:;C:433:;C:434:;C:435:,B:38:;C:431:;C:434:
catalase_ps,hydrophobic,132,5,alternative interface,A:376:,CYS,376,A,6,3,10.166508792147852,0.5,0.28189666666666663,0.2737,0.9863983204170653,A:370:;A:371:;A:373:;A:374:;A:376:;A:378:,A:370:;A:373:;A:374:
catalase_ps,hydrophobic,133,5,alternative interface,C:57:,THR,57,C,8,5,13.20457708918575,0.625,0.154085,0.27024000000000004,0.9746559584186983,A:355:;C:51:;C:54:;C:55:;C:57:;C:58:;C:59:;C:60:,A:355:;C:51:;C:54:;C:55:;C:60:
catalase_ps,hydrophobic,134,5,alternative interface,B:475:,LYS,475,B,7,3,12.409513110022681,0.42857142857142855,0.4413128571428571,0.25487,0.994957554746847,B:471:;B:472:;B:474:;B:475:;B:476:;B:478:;B:479:,B:471:;B:472:;B:478:
catalase_ps,hydrophobic,135,5,alternative interface,C:413:,HIS,413,C,8,4,13.020714546549286,0.5,0.35230625000000004,0.23509,0.9891820891174002,A:25:;A:33:;A:36:;C:411:;C:412:;C:413:;C:414:;C:415:,A:25:;A:33:;C:411:;C:415:
catalase_ps,hydrophobic,136,5,alternative interface,A:229:,VAL,229,A,9,4,12.950011917958706,0.4444444444444444,0.2318411111111111,0.23248999999999997,0.9934813150925372,A:220:;A:222:;A:227:;A:229:;A:230:;A:282:;A:284:;A:285:;A:93:,A:222:;A:229:;A:282:;A:285:
catalase_ps,hydrophobic,137,5,alternative interface,A:101:,HIS,101,A,7,1,13.034338374275324,0.14285714285714285,0.4596642857142857,0.22084,0.9941082081821624,A:100:;A:101:;A:102:;A:103:;A:104:;A:89:;A:91:,A:102:
catalase_ps,hydrophobic,138,5,alternative interface,B:87:,THR,87,B,8,2,13.7589833629182,0.25,0.44641375,0.21138,0.9932511244313181,B:102:;B:103:;B:311:;B:314:;B:85:;B:87:;B:88:;B:89:,B:102:;B:311:
catalase_ps,hydrophobic,139,5,alternative interface,D:356:,ALA,356,D,7,4,11.894714166241787,0.5714285714285714,0.15336714285714284,0.17168,0.9780059770752736,A:60:;D:353:;D:355:;D:356:;D:357:;D:358:;D:360:,A:60:;D:355:;D:356:;D:358:
catalase_ps,hydrophobic,140,5,alternative interface,B:101:,HIS,101,B,7,1,13.340395435993925,0.14285714285714285,0.46340571428571437,0.16753,0.9940827821901588,B:100:;B:101:;B:102:;B:103:;B:104:;B:89:;B:91:,B:102:
catalase_ps,hydrophobic,141,5,alternative interface,A:357:,TYR,357,A,9,5,12.458662986554582,0.5555555555555556,0.13248666666666667,0.16479,0.9804796936021017,A:333:;A:335:;A:353:;A:355:;A:356:;A:357:;A:358:;A:360:;A:361:,A:333:;A:335:;A:355:;A:356:;A:358:
catalase_ps,hydrophobic,142,5,alternative interface,C:327:,GLU,327,C,7,4,12.802567875084934,0.5714285714285714,0.26037714285714286,0.13713,0.9645771449770808,A:395:;C:322:;C:325:;C:327:;C:329:;C:373:;C:374:,C:322:;C:325:;C:373:;C:374:
catalase_ps,hydrophobic,143,5,alternative interface,D:14:,TRP,14,D,8,2,11.862461970006608,0.25,0.40365,0.11724,0.9959010883416383,B:400:;D:12:;D:13:;D:14:;D:15:;D:16:;D:17:;D:18:,B:400:;D:14:
catalase_ps,hydrophobic,144,5,alternative interface,C:14:,TRP,14,C,8,2,11.836838738891302,0.25,0.38923375000000004,0.10468,0.9959896453539985,A:400:;C:12:;C:13:;C:14:;C:15:;C:16:;C:17:;C:18:,A:400:;C:14:
catalase_ps,hydrophobic,145,5,alternative interface,B:405:,PRO,405,B,4,2,9.407173004300414,0.5,0.1429475,0.09967000000000001,0.9954865009343565,A:187:;B:404:;B:405:;B:407:,A:187:;B:405:
catalase_ps,hydrophobic,146,5,alternative interface,D:480:,ASN,480,D,8,3,12.665537682393675,0.375,0.31272375,0.07256,0.9954532923769713,D:189:;D:192:;D:476:;D:478:;D:479:;D:480:;D:482:;D:483:,D:189:;D:192:;D:478:
catalase_ps,hydrophobic,147,5,alternative interface,A:480:,ASN,480,A,8,3,12.428790070403917,0.375,0.3253225,0.06965,0.995543826290394,A:189:;A:192:;A:476:;A:478:;A:479:;A:480:;A:482:;A:483:,A:189:;A:192:;A:478:
catalase_ps,hydrophobic,148,5,alternative interface,D:271:,GLY,271,D,6,1,9.99195215161298,0.16666666666666666,0.416735,0.06068,0.9954826574205331,D:269:;D:270:;D:271:;D:272:;D:273:;D:318:,D:269:
catalase_ps,hydrophobic,149,5,alternative interface,B:480:,ASN,480,B,8,3,12.36810014307442,0.375,0.3183925,0.04063,0.9958146113606486,B:189:;B:192:;B:476:;B:478:;B:479:;B:480:;B:482:;B:483:,B:189:;B:192:;B:478:
catalase_ps,hydrophobic,150,5,alternative interface,B:336:,SER,336,B,7,4,13.185333546223266,0.5714285714285714,0.14370857142857144,0.03055,0.9794412958500361,B:336:;B:337:;B:338:;B:353:;B:355:;B:358:;D:54:,B:338:;B:355:;B:358:;D:54:
catalase_ps,hydrophobic,151,6,alternative interface,A:398:,GLY,398,A,7,2,11.02415772780486,0.2857142857142857,0.26263285714285717,0.4064,0.9856837096637662,A:395:;A:396:;A:397:;A:398:;A:400:;B:172:;C:322:,A:400:;C:322:
catalase_ps,hydrophobic,152,6,alternative interface,A:431:,PHE,431,A,8,3,12.268553668777322,0.375,0.2851275,0.38921999999999995,0.9914431221592797,A:429:;A:431:;A:432:;A:433:;D:39:;D:41:;D:44:;D:45:,A:431:;D:41:;D:45:
catalase_ps,hydrophobic,153,6,alternative interface,C:204:,ILE,204,C,13,5,15.272981580369853,0.38461538461538464,0.26416153846153845,0.34301000000000004,0.9926602504867125,C:125:;C:126:;C:127:;C:128:;C:201:;C:202:;C:203:;C:204:;C:206:;C:243:;C:244:;C:245:;C:246:,C:125:;C:128:;C:204:;C:244:;C:246:
catalase_ps,hydrophobic,154,6,alternative interface,B:438:,ASN,438,B,11,3,13.697043832585685,0.2727272727272727,0.29381727272727276,0.32575000000000004,0.992947549972519,B:189:;B:190:;B:192:;B:193:;B:435:;B:436:;B:437:;B:438:;B:439:;B:440:;B:441:,B:189:;B:192:;B:439:
catalase_ps,hydrophobic,155,6,alternative interface,D:438:,ASN,438,D,10,3,13.447969183088283,0.3,0.30029399999999995,0.31677,0.9926607685343767,D:189:;D:192:;D:193:;D:435:;D:436:;D:437:;D:438:;D:439:;D:440:;D:441:,D:189:;D:192:;D:439:
catalase_ps,hydrophobic,156,6,alternative interface,A:204:,ILE,204,A,11,4,13.324232392507117,0.36363636363636365,0.2851600000000001,0.30927,0.9931886971676078,A:125:;A:126:;A:127:;A:201:;A:202:;A:204:;A:206:;A:243:;A:244:;A:245:;A:246:,A:125:;A:204:;A:244:;A:246:
catalase_ps,hydrophobic,157,6,alternative interface,A:46:,ARG,46,A,5,2,10.65467950951593,0.4,0.280932,0.29071,0.994676035325282,A:45:;A:46:;D:294:;D:296:;D:348:,A:45:;D:296:
catalase_ps,hydrophobic,158,6,alternative interface,D:57:,THR,57,D,6,3,9.29532184009919,0.5,0.17698666666666665,0.27582,0.98897951497881,D:54:;D:55:;D:57:;D:58:;D:59:;D:60:,D:54:;D:55:;D:60:
catalase_ps,hydrophobic,159,6,alternative interface,B:82:,GLY,82,B,7,3,11.139808348291643,0.42857142857142855,0.27083714285714283,0.25663,0.992207668091196,B:107:;B:316:;B:318:;B:319:;B:81:;B:82:;B:83:,B:107:;B:316:;B:81:
catalase_ps,hydrophobic,160,6,alternative interface,A:157:,ALA,157,A,6,3,11.982521636558998,0.5,0.125965,0.21406,0.989481946169874,A:155:;A:157:;A:160:;A:348:;A:349:;A:353:,A:157:;A:160:;A:349:
catalase_ps,hydrophobic,161,6,alternative interface,B:419:,GLU,419,B,7,2,14.964813487363134,0.2857142857142857,0.3033571428571428,0.20945,0.9885870375417221,A:429:;B:340:;B:343:;B:418:;B:419:;B:420:;B:421:,B:340:;B:418:
catalase_ps,hydrophobic,162,6,alternative interface,B:242:,LYS,242,B,8,2,13.599938688874158,0.25,0.36268500000000004,0.20177,0.9927685255757348,B:202:;B:206:;B:210:;B:240:;B:241:;B:242:;B:243:;B:244:,B:241:;B:244:
catalase_ps,hydrophobic,163,6,alternative interface,A:438:,ASN,438,A,10,3,13.666685957853675,0.3,0.315232,0.17704,0.992308128154456,A:189:;A:192:;A:193:;A:435:;A:436:;A:437:;A:438:;A:439:;A:440:;A:441:,A:189:;A:192:;A:439:
catalase_ps,hydrophobic,164,6,alternative interface,C:242:,LYS,242,C,7,2,13.202068921894838,0.2857142857142857,0.3157757142857142,0.17535,0.9944412368711588,C:206:;C:210:;C:240:;C:241:;C:242:;C:243:;C:244:,C:241:;C:244:
catalase_ps,hydrophobic,165,6,alternative interface,A:197:,PHE,197,A,7,3,14.126804158314611,0.42857142857142855,0.18257714285714285,0.16499,0.9931159620577317,A:193:;A:197:;A:198:;A:199:;A:200:;A:201:;A:202:,A:197:;A:198:;A:199:
catalase_ps,hydrophobic,166,6,alternative interface,D:197:,PHE,197,D,7,3,14.284729880637833,0.42857142857142855,0.18288428571428575,0.16465,0.9929640601297463,D:193:;D:197:;D:198:;D:199:;D:200:;D:201:;D:202:,D:197:;D:198:;D:199:
catalase_ps,hydrophobic,167,6,alternative interface,C:437:,ASP,437,C,7,2,11.83362078028975,0.2857142857142857,0.37403428571428565,0.15673,0.9941322258682506,C:293:;C:435:;C:436:;C:437:;C:438:;C:439:;C:440:,C:293:;C:439:
catalase_ps,hydrophobic,168,6,alternative interface,A:242:,LYS,242,A,7,2,13.351624189740528,0.2857142857142857,0.34020142857142854,0.15549,0.9943454303982515,A:206:;A:210:;A:240:;A:241:;A:242:;A:243:;A:244:,A:241:;A:244:
catalase_ps,hydrophobic,169,6,alternative interface,B:36:,ASP,36,B,8,3,13.511405617974534,0.375,0.317285,0.14356,0.9880585110157346,B:36:;B:37:;B:38:;B:39:;D:413:;D:414:;D:415:;D:418:,B:38:;D:415:;D:418:
catalase_ps,hydrophobic,170,6,alternative interface,C:178:,PRO,178,C,6,2,11.340121472505107,0.3333333333333333,0.33237666666666665,0.14255,0.9950101499647803,C:176:;C:177:;C:178:;C:181:;C:465:;C:468:,C:178:;C:181:
catalase_ps,hydrophobic,171,6,alternative interface,A:178:,PRO,178,A,6,2,11.094809051532229,0.3333333333333333,0.30117666666666665,0.14245,0.995265000335274,A:176:;A:177:;A:178:;A:181:;A:465:;A:468:,A:178:;A:181:
catalase_ps,hydrophobic,172,6,alternative interface,B:178:,PRO,178,B,5,2,11.363808255420766,0.4,0.35270799999999997,0.12489,0.9951364443342413,B:176:;B:178:;B:181:;B:465:;B:468:,B:178:;B:181:
catalase_ps,hydrophobic,173,6,alternative interface,C:409:,SER,409,C,7,2,13.37737767324515,0.2857142857142857,0.40134,0.12458999999999999,0.9889827203798115,A:15:;A:22:;A:23:;C:407:;C:409:;C:411:;C:412:,A:23:;C:411:
catalase_ps,hydrophobic,174,6,alternative interface,A:38:,LEU,38,A,4,1,9.362276817964895,0.25,0.27937500000000004,0.11767,0.9954365881313595,A:36:;A:38:;A:39:;D:432:,A:38:
catalase_ps,hydrophobic,175,6,alternative interface,C:423:,HIS,423,C,9,2,13.15807269731385,0.2222222222222222,0.3784288888888889,0.11019999999999999,0.9939010085055743,C:421:;C:422:;C:423:;C:424:;C:425:;D:425:;D:426:;D:427:;D:428:,C:424:;D:428:
catalase_ps,hydrophobic,176,6,alternative interface,C:36:,ASP,36,C,7,3,13.56661285755433,0.42857142857142855,0.2937242857142857,0.10355,0.987239984223456,A:413:;A:414:;A:415:;A:418:;C:36:;C:38:;C:39:,A:415:;A:418:;C:38:
catalase_ps,hydrophobic,177,6,alternative interface,A:327:,GLU,327,A,8,4,12.841505728651907,0.5,0.23981124999999998,0.09774,0.966905015329023,A:322:;A:324:;A:325:;A:327:;A:329:;A:373:;A:374:;C:395:,A:322:;A:325:;A:373:;A:374:
catalase_ps,hydrophobic,178,6,alternative interface,C:152:,PHE,152,C,4,2,12.735522995267658,0.5,0.1332575,0.09499,0.9890720629475652,C:150:;C:152:;C:155:;C:193:,C:150:;C:152:
catalase_ps,hydrophobic,179,6,alternative interface,D:327:,GLU,327,D,7,3,12.89691032045802,0.42857142857142855,0.3457842857142857,0.08287000000000001,0.9678390125847033,B:395:;D:322:;D:324:;D:325:;D:327:;D:329:;D:373:,D:322:;D:325:;D:373:
catalase_ps,hydrophobic,180,6,alternative interface,B:282:,VAL,282,B,7,3,14.48700394788771,0.42857142857142855,0.23090999999999998,0.05804,0.9934912198532758,B:229:;B:230:;B:232:;B:282:;B:284:;B:307:;B:308:,B:229:;B:282:;B:308:
catalase_ps,hydrophobic,181,6,alternative interface,C:282:,VAL,282,C,7,3,14.495368576397707,0.42857142857142855,0.22168857142857143,0.05514,0.9936457467747969,C:229:;C:230:;C:232:;C:282:;C:284:;C:307:;C:308:,C:229:;C:282:;C:308:
catalase_ps,hydrophobic,182,7,alternative interface,C:122:,ALA,122,C,12,4,15.037021694095914,0.3333333333333333,0.2184425,0.3701,0.9871948611629509,B:121:;C:117:;C:121:;C:122:;C:123:;C:125:;C:253:;C:254:;C:256:;C:257:;C:258:;C:259:,C:122:;C:125:;C:253:;C:257:
catalase_ps,hydrophobic,183,7,alternative interface,C:398:,GLY,398,C,7,2,10.65662119328507,0.2857142857142857,0.2621014285714286,0.34459,0.9861281508324824,A:322:;C:395:;C:396:;C:397:;C:398:;C:400:;D:172:,A:322:;C:400:
catalase_ps,hydrophobic,184,7,alternative interface,B:376:,CYS,376,B,6,2,12.316075187274189,0.3333333333333333,0.27792999999999995,0.31978,0.9825712156904253,B:370:;B:371:;B:373:;B:376:;B:378:;D:30:,B:370:;B:373:
catalase_ps,hydrophobic,185,7,alternative interface,D:46:,ARG,46,D,6,2,12.734314000798259,0.3333333333333333,0.24814,0.29625,0.9923010645781711,A:294:;A:296:;A:348:;D:44:;D:45:;D:46:,A:296:;D:45:
catalase_ps,hydrophobic,186,7,alternative interface,A:266:,ASN,266,A,8,3,12.08327498202243,0.375,0.27097875,0.25982,0.9928381337972538,A:262:;A:263:;A:265:;A:266:;A:269:;A:270:;A:5:;A:6:,A:265:;A:269:;A:6:
catalase_ps,hydrophobic,187,7,alternative interface,D:300:,LYS,300,D,5,2,12.50164563151078,0.4,0.18557,0.24089,0.9940911053055582,D:150:;D:193:;D:300:;D:301:;D:441:,D:150:;D:301:
catalase_ps,hydrophobic,188,7,alternative interface,B:266:,ASN,266,B,8,3,11.48614786363074,0.375,0.26553375,0.22765000000000002,0.9930617033246849,B:262:;B:263:;B:265:;B:266:;B:269:;B:270:;B:5:;B:6:,B:265:;B:269:;B:6:
catalase_ps,hydrophobic,189,7,alternative interface,C:419:,GLU,419,C,6,2,12.933753038487655,0.3333333333333333,0.278835,0.21887,0.990914088506656,C:340:;C:343:;C:418:;C:419:;C:420:;C:421:,C:340:;C:418:
catalase_ps,hydrophobic,190,7,alternative interface,A:73:,VAL,73,A,8,4,10.472609419322538,0.5,0.162575,0.21475999999999998,0.9876910783565916,A:115:;A:116:;A:117:;A:118:;A:71:;A:72:;A:73:;A:74:,A:115:;A:116:;A:72:;A:73:
catalase_ps,hydrophobic,191,7,alternative interface,B:197:,PHE,197,B,8,3,14.198560708082464,0.375,0.18627,0.20137,0.9933306982320742,B:193:;B:197:;B:198:;B:199:;B:200:;B:201:;B:202:;B:203:,B:197:;B:198:;B:199:
catalase_ps,hydrophobic,192,7,alternative interface,A:8:,SER,8,A,6,1,12.224102170698263,0.16666666666666666,0.21107666666666666,0.15781,0.99452744317751,A:4:;A:5:;A:6:;A:8:;A:9:;D:177:,A:6:
catalase_ps,hydrophobic,193,7,alternative interface,A:427:,ASP,427,A,10,2,13.433055397401889,0.2,0.30664100000000005,0.15381999999999998,0.9934861345332692,A:425:;A:426:;A:427:;A:428:;A:429:;B:421:;B:422:;B:423:;B:424:;D:44:,A:428:;B:424:
catalase_ps,hydrophobic,194,7,alternative interface,B:8:,SER,8,B,6,1,12.47044948366611,0.16666666666666666,0.20737166666666665,0.14951,0.9946332218318639,B:4:;B:5:;B:6:;B:8:;B:9:;C:177:,B:6:
catalase_ps,hydrophobic,195,7,alternative interface,B:390:,PRO,390,B,7,3,13.808175088684857,0.42857142857142855,0.18568571428571426,0.14599,0.8306532441070184,B:366:;B:367:;B:388:;B:390:;B:391:;D:366:;D:67:,B:367:;B:390:;B:391:
catalase_ps,hydrophobic,196,7,alternative interface,D:242:,LYS,242,D,8,2,13.098120187906824,0.25,0.29899624999999996,0.14172,0.9945699413413334,D:206:;D:207:;D:210:;D:240:;D:241:;D:242:;D:243:;D:244:,D:241:;D:244:
catalase_ps,hydrophobic,197,7,alternative interface,D:265:,PHE,265,D,7,3,12.221181824841862,0.42857142857142855,0.17124857142857142,0.13719,0.9912995823238787,D:261:;D:262:;D:263:;D:265:;D:266:;D:269:;D:320:,D:261:;D:265:;D:269:
catalase_ps,hydrophobic,198,7,alternative interface,A:219:,PHE,219,A,6,2,11.704274525158734,0.3333333333333333,0.09759666666666666,0.11346,0.994876929970593,A:219:;A:220:;A:230:;A:232:;A:343:;A:344:,A:219:;A:344:
catalase_ps,hydrophobic,199,7,alternative interface,D:423:,HIS,423,D,8,2,13.556733100517347,0.25,0.3721775,0.1107,0.9939190328799009,C:426:;C:427:;C:428:;D:421:;D:422:;D:423:;D:424:;D:425:,C:428:;D:424:
catalase_ps,hydrophobic,200,7,alternative interface,D:36:,ASP,36,D,7,3,13.626334156261201,0.42857142857142855,0.28136285714285714,0.10355,0.9871557359577845,B:413:;B:414:;B:415:;B:418:;D:36:;D:38:;D:39:,B:415:;B:418:;D:38:
catalase_ps,hydrophobic,201,7,alternative interface,D:409:,SER,409,D,8,2,13.743575278718797,0.25,0.38867874999999996,0.06921000000000001,0.9874639448878466,B:15:;B:18:;B:22:;B:23:;D:407:;D:409:;D:411:;D:412:,B:23:;D:411:
catalase_ps,hydrophobic,202,7,alternative interface,B:327:,GLU,327,B,7,3,13.03788402721378,0.42857142857142855,0.3212285714285715,0.06266,0.9671659309598981,B:322:;B:324:;B:325:;B:327:;B:329:;B:373:;D:395:,B:322:;B:325:;B:373:
catalase_ps,hydrophobic,203,7,alternative interface,A:319:,ARG,319,A,5,2,12.07819110559337,0.4,0.24720000000000003,0.04244,0.9945388884118581,A:269:;A:318:;A:319:;A:320:;A:81:,A:269:;A:81:
catalase_ps,hydrophobic,204,7,alternative interface,C:429:,GLN,429,C,7,2,12.990420246332212,0.2857142857142857,0.32257285714285716,0.04063,0.9916907089835575,C:427:;C:428:;C:429:;C:431:;D:419:;D:421:;D:422:,C:428:;C:431:
catalase_ps,hydrophobic,205,7,alternative interface,C:319:,ARG,319,C,5,2,12.061752645937082,0.4,0.270332,0.0384,0.994403443880112,C:269:;C:318:;C:319:;C:320:;C:81:,C:269:;C:81:
catalase_ps,hydrophobic,206,8,alternative interface,B:115:,VAL,115,B,11,4,12.198246412070025,0.36363636363636365,0.13805818181818183,0.25564,0.9862315226611933,B:113:;B:115:;B:116:;B:117:;B:127:;B:128:;B:129:;B:130:;B:73:;B:74:;B:76:,B:115:;B:116:;B:128:;B:73:
catalase_ps,hydrophobic,207,8,alternative interface,C:266:,ASN,266,C,8,3,12.212259129144082,0.375,0.26564125,0.23553999999999997,0.992567539405926,C:262:;C:263:;C:265:;C:266:;C:269:;C:270:;C:5:;C:6:,C:265:;C:269:;C:6:
catalase_ps,hydrophobic,208,8,alternative interface,C:357:,TYR,357,C,9,4,12.689205144453345,0.4444444444444444,0.14325333333333334,0.20143999999999998,0.978675851512451,C:333:;C:336:;C:353:;C:355:;C:356:;C:357:;C:358:;C:360:;C:361:,C:333:;C:355:;C:356:;C:358:
catalase_ps,hydrophobic,209,8,alternative interface,B:357:,TYR,357,B,8,4,12.18982078599175,0.5,0.15786250000000002,0.17692,0.9786796426717067,B:333:;B:353:;B:355:;B:356:;B:357:;B:358:;B:360:;B:361:,B:333:;B:355:;B:356:;B:358:
catalase_ps,hydrophobic,210,8,alternative interface,C:197:,PHE,197,C,7,2,14.254579034677976,0.2857142857142857,0.21890285714285712,0.15051,0.9929570403368005,C:193:;C:197:;C:198:;C:200:;C:201:;C:202:;C:203:,C:197:;C:198:
catalase_ps,hydrophobic,211,8,alternative interface,B:427:,ASP,427,B,10,2,13.600850236533809,0.2,0.29618,0.14609,0.9933026864392673,A:421:;A:422:;A:423:;A:424:;B:425:;B:426:;B:427:;B:428:;B:429:;C:44:,A:424:;B:428:
catalase_ps,hydrophobic,212,8,alternative interface,D:163:,PHE,163,D,5,2,12.359698096888735,0.4,0.128666,0.13946,0.9834133488688479,C:404:;D:160:;D:163:;D:165:;D:167:,D:160:;D:163:
catalase_ps,hydrophobic,213,8,alternative interface,C:216:,SER,216,C,5,1,12.591104331688681,0.2,0.15629999999999997,0.10797000000000001,0.993633452480043,C:147:;C:150:;C:214:;C:216:;C:232:,C:150:
catalase_ps,hydrophobic,214,8,alternative interface,C:339:,PRO,339,C,7,3,13.280216299660331,0.42857142857142855,0.11626428571428571,0.0886,0.9881318671906897,A:32:;A:33:;C:139:;C:337:;C:339:;C:340:;C:343:,A:33:;C:339:;C:340:
catalase_ps,hydrophobic,215,8,alternative interface,D:136:,TYR,136,D,5,1,10.528800607088108,0.2,0.30060200000000004,0.08776999999999999,0.9901954429608475,D:107:;D:136:;D:138:;D:378:;D:379:,D:107:
catalase_ps,hydrophobic,216,8,alternative interface,D:319:,ARG,319,D,6,2,12.737663759218119,0.3333333333333333,0.207095,0.05457,0.9927587139102656,D:269:;D:318:;D:319:;D:320:;D:81:;D:82:,D:269:;D:81:
catalase_ps,hydrophobic,217,8,alternative interface,B:461:,ASN,461,B,7,1,13.136506456005078,0.14285714285714285,0.2533228571428571,0.04447,0.9936800101575375,B:199:;B:200:;B:457:;B:460:;B:461:;B:464:;B:465:,B:199:
catalase_ps,hydrophobic,218,8,alternative interface,A:461:,ASN,461,A,7,1,13.141442552954157,0.14285714285714285,0.28848285714285715,0.03436,0.9937632774509992,A:199:;A:200:;A:457:;A:460:;A:461:;A:464:;A:465:,A:199:
catalase_ps,hydrophobic,219,8,alternative interface,D:461:,ASN,461,D,7,1,12.886252586966782,0.14285714285714285,0.24613000000000002,0.03234,0.9937785627932126,D:199:;D:200:;D:457:;D:460:;D:461:;D:464:;D:465:,D:199:
catalase_ps,hydrophobic,220,9,alternative interface,A:258:,ASP,258,A,9,3,12.198974130822918,0.3333333333333333,0.1898844444444444,0.22759000000000001,0.9903242814565902,A:122:;A:123:;A:256:;A:257:;A:258:;A:259:;A:260:;A:261:;A:262:,A:122:;A:257:;A:261:
catalase_ps,hydrophobic,221,9,alternative interface,D:83:,TYR,83,D,8,3,13.486811827901914,0.375,0.26398750000000004,0.20652,0.9914124595704307,D:105:;D:107:;D:316:;D:318:;D:81:;D:82:;D:83:;D:85:,D:107:;D:316:;D:81:
catalase_ps,hydrophobic,222,9,alternative interface,C:275:,SER,275,C,8,1,14.227662317831216,0.125,0.2849475,0.08971,0.9894632640696606,C:209:;C:238:;C:239:;C:273:;C:275:;C:277:;C:314:;C:316:,C:316:
catalase_ps,hydrophobic,223,9,alternative interface,B:275:,SER,275,B,8,1,14.043972660465695,0.125,0.26923874999999997,0.08741,0.9897330435475536,B:209:;B:238:;B:239:;B:273:;B:275:;B:277:;B:314:;B:316:,B:316:
catalase_ps,hydrophobic,224,9,alternative interface,A:275:,SER,275,A,8,1,14.011835609975675,0.125,0.27076625,0.07361,0.9899164779209139,A:209:;A:238:;A:239:;A:273:;A:275:;A:277:;A:314:;A:316:,A:316:
catalase_ps,hydrophobic,225,9,alternative interface,B:78:,ALA,78,B,4,1,10.396118115692078,0.25,0.07049749999999999,0.02871,0.9920323240865133,B:113:;B:260:;B:76:;B:78:,B:78:
catalase_ps,hydrophobic,226,10,alternative interface,C:382:,VAL,382,C,7,2,10.760105684701962,0.2857142857142857,0.21347142857142862,0.20457999999999998,0.9846585962238033,A:28:;A:29:;A:30:;C:381:;C:382:;C:383:;C:384:,C:382:;C:383:
catalase_ps,hydrophobic,227,10,alternative interface,D:382:,VAL,382,D,6,2,9.737383659693412,0.3333333333333333,0.2563516666666667,0.19602,0.9873243665627621,B:28:;B:29:;D:381:;D:382:;D:383:;D:384:,D:382:;D:383:
catalase_ps,hydrophobic,228,10,alternative interface,B:369:,TYR,369,B,8,3,11.526253284831725,0.375,0.12862125000000002,0.18964999999999999,0.9346303578700546,B:361:;B:362:;B:366:;B:367:;B:369:;B:370:;B:371:;D:391:,B:367:;B:370:;D:391:
catalase_ps,hydrophobic,229,10,alternative interface,C:27:,THR,27,C,10,3,14.04034933671693,0.3,0.248423,0.17759,0.9874109720650993,A:381:;A:382:;A:383:;A:384:;A:413:;C:25:;C:27:;C:28:;C:29:;C:32:,A:382:;A:383:;C:25:
catalase_ps,hydrophobic,230,10,alternative interface,B:146:,GLY,146,B,9,3,12.457810858995241,0.3333333333333333,0.12479666666666667,0.16489,0.990092946182328,B:130:;B:132:;B:144:;B:145:;B:146:;B:147:;B:148:;B:214:;B:216:,B:132:;B:144:;B:145:
catalase_ps,hydrophobic,231,10,alternative interface,D:6:,PRO,6,D,8,2,12.845459860919878,0.25,0.26363000000000003,0.1412,0.9911753590233007,D:266:;D:269:;D:270:;D:4:;D:5:;D:6:;D:8:;D:9:,D:269:;D:6:
catalase_ps,hydrophobic,232,10,alternative interface,C:390:,PRO,390,C,8,3,14.329784539348651,0.375,0.16466625000000001,0.12662,0.8352160072073944,A:366:;A:66:;A:67:;C:366:;C:367:;C:388:;C:390:;C:391:,C:367:;C:390:;C:391:
catalase_ps,hydrophobic,233,10,alternative interface,A:216:,SER,216,A,6,2,14.11496484823601,0.3333333333333333,0.1594283333333333,0.11904999999999999,0.9896474404298052,A:147:;A:150:;A:152:;A:214:;A:216:;A:232:,A:150:;A:152:
catalase_ps,hydrophobic,234,10,alternative interface,D:216:,SER,216,D,6,2,13.98660559195512,0.3333333333333333,0.16108666666666668,0.11628,0.9898381203043193,D:147:;D:150:;D:152:;D:214:;D:216:;D:232:,D:150:;D:152:
catalase_ps,hydrophobic,235,10,alternative interface,A:419:,GLU,419,A,7,2,15.362957465904351,0.2857142857142857,0.22608571428571428,0.11061,0.9880761880790787,A:340:;A:343:;A:418:;A:419:;A:420:;A:421:;B:429:,A:340:;A:418:
catalase_ps,hydrophobic,236,10,alternative interface,B:72:,VAL,72,B,8,3,13.748531714378489,0.375,0.13112000000000001,0.11028,0.964189836245807,B:69:;B:70:;B:71:;B:72:;B:73:;B:74:;C:66:;C:67:,B:69:;B:72:;B:73:
catalase_ps,hydrophobic,237,10,alternative interface,B:32:,ASN,32,B,8,3,14.354857629807372,0.375,0.133345,0.0526,0.9881784753906862,B:28:;B:29:;B:32:;B:33:;D:139:;D:337:;D:338:;D:340:,B:33:;D:338:;D:340:
catalase_ps,hydrophobic,238,11,alternative interface,D:27:,THR,27,D,11,3,14.747194453936231,0.2727272727272727,0.21194090909090904,0.19485,0.9860921873815656,B:381:;B:382:;B:383:;B:384:;B:413:;D:25:;D:27:;D:28:;D:29:;D:30:;D:32:,B:382:;B:383:;D:25:
catalase_ps,hydrophobic,239,11,alternative interface,D:390:,PRO,390,D,9,3,14.143009135906553,0.3333333333333333,0.16730333333333333,0.1406,0.8331026536515148,B:366:;B:65:;B:66:;B:67:;D:366:;D:367:;D:388:;D:390:;D:391:,D:367:;D:390:;D:391:
catalase_ps,hydrophobic,240,11,alternative interface,C:69:,PRO,69,C,7,2,12.054545858912693,0.2857142857142857,0.14642857142857144,0.13013,0.9351299314590319,B:67:;B:69:;B:70:;C:67:;C:69:;C:70:;C:71:,B:69:;C:69:
catalase_ps,hydrophobic,241,11,alternative interface,D:69:,PRO,69,D,9,3,14.066641980383393,0.3333333333333333,0.12699555555555556,0.12458999999999999,0.9210776954196866,A:67:;A:69:;A:70:;D:364:;D:67:;D:69:;D:70:;D:71:;D:72:,A:69:;D:69:;D:72:
catalase_ps,hydrophobic,242,11,alternative interface,A:390:,PRO,390,A,7,2,14.292378019740797,0.2857142857142857,0.18273571428571428,0.10797000000000001,0.8226486438735464,A:366:;A:367:;A:388:;A:390:;C:366:;C:66:;C:67:,A:367:;A:390:
catalase_ps,hydrophobic,243,11,alternative interface,A:121:,SER,121,A,10,3,14.244575884364867,0.3,0.208846,0.08613,0.9862347775844321,A:117:;A:118:;A:119:;A:121:;A:122:;A:123:;A:257:;D:119:;D:121:;D:122:,A:122:;A:257:;D:122:
catalase_ps,hydrophobic,244,11,alternative interface,D:275:,SER,275,D,8,1,14.19696429973198,0.125,0.25633,0.07591,0.9896284926291191,D:209:;D:238:;D:239:;D:273:;D:275:;D:277:;D:314:;D:316:,D:316:
catalase_ps,hydrophobic,245,11,alternative interface,C:167:,GLN,167,C,8,2,11.995451917691907,0.25,0.1557025,0.05804,0.9887294840592766,C:116:;C:165:;C:167:;C:168:;C:169:;C:176:;C:177:;C:181:,C:116:;C:181:
catalase_ps,hydrophobic,246,11,alternative interface,C:260:,GLY,260,C,10,1,12.092410709353022,0.1,0.13208,0.030600000000000002,0.9910459477327074,C:123:;C:206:;C:207:;C:208:;C:258:;C:259:;C:260:;C:261:;C:262:;C:263:,C:261:
catalase_ps,hydrophobic,247,11,alternative interface,D:62:,HIS,62,D,6,2,11.598100800627765,0.3333333333333333,0.12367000000000002,0.02912,0.9781934275557748,B:367:;B:386:;D:58:;D:59:;D:60:;D:62:,B:367:;D:60:
catalase_ps,hydrophobic,248,12,alternative interface,D:362:,ARG,362,D,8,2,10.079184852566184,0.25,0.1361675,0.0886,0.9423658195269126,D:358:;D:360:;D:361:;D:362:;D:363:;D:364:;D:366:;D:367:,D:358:;D:367:
catalase_ps,hydrophobic,249,12,alternative interface,A:168:,LYS,168,A,8,1,13.34552609657254,0.125,0.16501875,0.08134000000000001,0.9833931894719584,A:116:;A:117:;A:165:;A:167:;A:168:;A:169:;A:176:;A:177:,A:116:
catalase_ps,hydrophobic,250,12,alternative interface,C:362:,ARG,362,C,7,2,10.281395642400083,0.2857142857142857,0.13751285714285716,0.07476,0.9508081041681335,C:358:;C:360:;C:361:;C:362:;C:363:;C:366:;C:367:,C:358:;C:367:
catalase_ps,hydrophobic,251,12,alternative interface,A:362:,ARG,362,A,7,2,10.132074786276624,0.2857142857142857,0.1303642857142857,0.07199,0.9519396750059165,A:358:;A:360:;A:361:;A:362:;A:363:;A:366:;A:367:,A:358:;A:367:
catalase_ps,hydrophobic,252,12,alternative interface,B:168:,LYS,168,B,7,1,11.829269832403005,0.14285714285714285,0.19778142857142858,0.06699,0.9830657187154298,B:116:;B:117:;B:165:;B:167:;B:168:;B:169:;B:176:,B:116:
catalase_ps,hydrophobic,253,12,alternative interface,D:168:,LYS,168,D,8,1,13.114300706808546,0.125,0.17050625000000003,0.0622,0.9838382448638129,D:116:;D:117:;D:165:;D:167:;D:168:;D:169:;D:176:;D:177:,D:116:
catalase_ps,hydrophobic,254,12,alternative interface,A:62:,HIS,62,A,7,2,12.824446295554798,0.2857142857142857,0.11849,0.03438,0.9659322419299723,A:58:;A:59:;A:60:;A:62:;A:66:;C:367:;C:386:,A:60:;C:367:
catalase_ps,hydrophobic,255,12,alternative interface,C:62:,HIS,62,C,7,2,12.698641859674039,0.2857142857142857,0.11658857142857142,0.03225,0.9664718500794864,A:367:;A:386:;C:58:;C:59:;C:60:;C:62:;C:66:,A:367:;C:60:
catalase_ps,hydrophobic,256,13,alternative interface,B:62:,HIS,62,B,9,2,13.195660728947633,0.2222222222222222,0.10407666666666666,0.03013,0.9602613334934058,B:58:;B:59:;B:60:;B:62:;B:65:;B:66:;D:367:;D:386:;D:387:,B:60:;D:367:
